family,seed,audit_id,official_test_index,true_class_id,true_class_name,endpoint_predicted_class,endpoint_correct,endpoint_true_class_centered_logit,output_scale_s,resolved,certification_pass,quadrature_order,numerical_tolerance,nested_quadrature_error,endpoint_change,R,D,H,chi,R_over_s,D_over_s,H_over_s,interaction_pot_mass_M,R_over_M,H_over_M,signed_cosine,spearman_abs,top3_jaccard,false_consensus_primary,max_abs_transfer_entry,pot_conservation_error,bshap_reconstruction_error,ig_reconstruction_error,bshap_completeness_error,ig_completeness_error,margin_gap_error,interior_mobius_reconstruction_error,pot_order1_L1_over_s,pot_order1_max_abs_over_s,pot_order2_L1_over_s,pot_order2_max_abs_over_s,pot_order3_L1_over_s,pot_order3_max_abs_over_s,pot_order4_L1_over_s,pot_order4_max_abs_over_s,pot_order5_L1_over_s,pot_order5_max_abs_over_s,pot_order6_L1_over_s,pot_order6_max_abs_over_s,pot_order7_L1_over_s,pot_order7_max_abs_over_s,pot_order8_L1_over_s,pot_order8_max_abs_over_s,max_abs_pot_order_ge2_over_s,max_abs_pot_order_ge3_over_s,R_order2,R_order2_over_s,R_order3,R_order3_over_s,R_order4,R_order4_over_s,R_order5,R_order5_over_s,R_order6,R_order6_over_s,R_order7,R_order7_over_s,R_order8,R_order8_over_s,bshap_region0,ig_region0,margin_region0,bshap_region1,ig_region1,margin_region1,bshap_region2,ig_region2,margin_region2,bshap_region3,ig_region3,margin_region3,bshap_region4,ig_region4,margin_region4,bshap_region5,ig_region5,margin_region5,bshap_region6,ig_region6,margin_region6,bshap_region7,ig_region7,margin_region7
softplus_cnn,20260920,0,280,0,T-shirt/top,0,True,12.697161943513226,15.829693606115129,True,True,128,1.582969360611513e-07,1.349048650567397e-10,11.189030352511725,58.805560911844566,0.9805992029379893,57.82496170890658,0.9833247198439616,3.7148893955299007,0.06194682141915726,3.6529425741107437,82.4003943159052,0.713656304682194,0.7017558858664953,0.9887531130490278,0.9285714285714287,0.5,False,1.3847962363029873,6.18152695697205e-10,4.440892098500626e-16,4.440892098500626e-16,1.7763568394002505e-15,7.453273553892359e-10,6.661338147750939e-16,8.881784197001252e-16,0.619391983849479,0.16988384184957822,1.1446080964344965,0.19523892725919337,1.0905645888589528,0.06819726629438672,1.2213292566261265,0.061292787419369894,1.1088690311020504,0.06044266525992409,0.5266495555903808,0.06445583487203986,0.11265009375350511,0.037341167480085466,0.0007614198613378305,0.0007614198613378305,0.19523892725919337,0.06819726629438672,4.014638318959177,0.25361440460277085,11.193537519586062,0.7071228160260736,17.01701527900597,1.0750059794228848,14.513248460333207,0.9168369787477523,8.538590578401221,0.5394034016617163,3.071368870126245,0.19402579396355166,0.45716188531834423,0.028880021097928213,2.306475469962148,2.163784309253258,-0.1426911607088905,-1.7614381596781727,-1.863492120681962,-0.10205396100378938,1.3918783465073454,1.3890964019165934,-0.002781944590752261,2.547590429594003,2.201949904856815,-0.3456405247371882,0.7529926879008029,1.0479858898757002,0.294993201974897,1.8712507490828152,2.5308077315593476,0.6595569824765322,0.11028476860113949,0.13633378746036298,0.02604901885922345,3.969996060541643,3.582564449016938,-0.3874316115247056
softplus_cnn,20260920,1,1403,0,T-shirt/top,0,True,14.441396034828344,15.829693606115129,True,True,128,1.582969360611513e-07,4.625499983035297e-11,12.93326468892902,69.64330110722508,1.3545076732716033,68.28879343395349,0.9805507830367467,4.399535634746674,0.08556752309775262,4.313968111648921,87.43630740294057,0.7965032281873664,0.7810118640904187,0.9938663451643066,0.9761904761904763,1.0,False,1.56105698897411,6.916178740823398e-10,1.3322676295501878e-15,8.881784197001252e-16,3.552713678800501e-15,1.3486456396094582e-10,1.4432899320127035e-15,4.440892098500626e-16,0.7038651651236085,0.19158965266803188,1.2599328960989606,0.17033806895290815,1.0999438089037228,0.10102001265209747,1.4175092323453322,0.10843150661356508,1.0480050873871722,0.13922183426720408,0.4606020590064943,0.05106413020313939,0.19612976155527573,0.04120929905956339,0.041439996700393424,0.041439996700393424,0.17033806895290815,0.13922183426720408,5.563168926172333,0.35143882532402515,13.478699210606536,0.8514820024943258,18.411835938291887,1.1631201712697243,17.2846224330089,1.0919113700553067,10.504239602449104,0.6635782008055569,3.8526860298150796,0.24338348711479535,0.5480489668060508,0.034621577678189255,4.037628522431298,3.723952074874741,-0.31367644755655766,-2.938657759988241,-3.497292690669092,-0.5586349306808505,0.37890890681451306,0.5228400905539199,0.1439311837394069,3.8976171086403912,3.986643900522312,0.08902679188192242,0.5814515006554334,0.8514989252556779,0.27004742460024456,1.928523866037581,2.097792244874146,0.16926837883656454,0.2410270373785628,-0.24116925758820015,-0.482196294966763,4.806765506959485,5.48899940124038,0.682233894280897
softplus_cnn,20260920,2,1512,0,T-shirt/top,0,True,11.833505570280934,15.829693606115129,True,True,64,1.582969360611513e-07,4.577744583400545e-08,10.325374086947903,36.53177851394582,1.194904954331691,35.336873559614126,0.9672913555556694,2.3078007334161743,0.0754850336376751,2.232315699778499,71.2177355390363,0.5129590015386237,0.496180807942778,0.9848631527171839,0.9285714285714287,1.0,False,0.58463404027428,5.726008556194984e-10,8.881784197001252e-16,4.440892098500626e-16,0.0,6.8904881800335716e-12,8.326672684688674e-16,4.440892098500626e-16,0.4665114642509978,0.12004970169871568,0.9434272880345651,0.12659471493298805,0.9359026303856813,0.04945307090691158,1.2006766849243686,0.05363534065154344,0.9534809630613971,0.0768301405946803,0.36422731924481,0.04905562710352068,0.08113016326419309,0.02283091637229456,0.020151413753369495,0.020151413753369495,0.12659471493298805,0.0768301405946803,2.615194848983335,0.16520817863291212,7.042659389982694,0.4449018133403455,9.655338266149261,0.6099510518901852,8.880386973408365,0.5609955059381443,6.110845998305013,0.38603690951695663,2.031667446475375,0.12834534243230877,0.195685590597625,0.012361931662532634,2.4557759304635445,2.408489522681061,-0.04728640778248319,0.6733694703100133,0.17260230167801713,-0.5007671686319961,0.31739138319031657,0.28824224541416366,-0.0291491377761528,2.2230371901987196,2.5535212414659485,0.3304840512672292,0.7395195078713805,0.8978059803070835,0.15828647243570299,-0.7894694629703355,-1.4071717031148399,-0.6177022401445043,0.7133835108575628,1.2971624645518902,0.5837789536943273,3.9923665570267017,4.114722033957689,0.12235547693098608
softplus_cnn,20260920,3,3341,0,T-shirt/top,0,True,14.535741857759415,15.829693606115129,True,True,128,1.582969360611513e-07,7.969651605321815e-10,13.02761066695828,120.91652469364101,4.239165430264315,116.6773592633767,0.9649413887720902,7.6385890783716786,0.26779832482839044,7.370790753543289,149.57092436042336,0.8084226610933192,0.7800804853102162,0.9475614264410198,0.7380952380952381,0.5,False,1.5873715467475389,1.7711472288794994e-09,1.7763568394002505e-15,8.881784197001252e-16,1.7763568394002505e-15,9.377902898677348e-10,1.5543122344752192e-15,1.7763568394002505e-15,0.8403110951101163,0.22568663441242715,1.5253573045721558,0.17191200331145307,2.37401661932142,0.10358800906437496,2.230139607668697,0.10649033644354625,1.7969805142286333,0.14441837471023375,1.0870137984842712,0.1441399011755504,0.4049679353409038,0.18130547790621765,0.030280973492709678,0.030280973492709678,0.18130547790621765,0.18130547790621765,8.160890622435284,0.5155431826730159,21.268169079136563,1.3435616385474771,34.09767452124635,2.154032501808763,33.30888503437791,2.10420276369155,18.193028902770436,1.1492976020548076,5.385352806611015,0.34020575133119524,0.5025237268139624,0.03174563824910886,3.391706598572365,4.317198645494723,0.9254920469223575,-1.4969781891974856,-3.610361835394695,-2.1133836461972098,1.8733106260837182,0.4903262282426907,-1.3829843978410272,2.8832756258505854,3.775349144303294,0.892073518452708,0.22298414086413768,0.7740059292581135,0.5510217883939754,2.7989129137706366,3.9056457897131174,1.1067328759424793,0.532150022976031,-0.21064736278115262,-0.7427973857571839,2.82224892803829,3.5860941290599797,0.7638452010216895
softplus_cnn,20260920,4,4116,0,T-shirt/top,0,True,13.28579862129046,15.829693606115129,True,True,64,1.582969360611513e-07,2.2628265927693292e-08,11.77766716474325,26.39462495285874,1.5768216191174216,24.81780333374132,0.9402597452347343,1.6674122449636233,0.09961163231285056,1.5678006126507729,47.526000065139016,0.555372320765104,0.5221942368330199,0.9859091620563165,0.6904761904761906,0.5,False,0.48434798318209227,5.000388991760474e-10,8.881784197001252e-16,8.881784197001252e-16,1.7763568394002505e-15,2.263220721943071e-10,6.661338147750939e-16,4.440892098500626e-16,0.48303976591181796,0.17464338422394063,0.9873887703559205,0.10173676287100492,0.7933057631367213,0.03725585660395297,0.5847744351582593,0.0338678529860221,0.4108256209794905,0.024775438113784545,0.17331526301999703,0.014310741706334403,0.03832724736612913,0.00867891470971367,0.014395178024502901,0.014395178024502901,0.10173676287100492,0.03725585660395297,2.436192926235816,0.15390019458713317,5.5481534220046544,0.35049025963846586,7.4949489749957205,0.47347403945331995,6.222199696321888,0.39307139172410804,3.4156338451755217,0.2157738444069465,1.1487645839583205,0.07257023493585145,0.12873150410191145,0.008132280213697978,2.077651021663943,2.1271771079061343,0.04952608624219168,1.4729511269505442,0.9202952842951834,-0.5526558426553602,0.7099018730468765,0.4418804956163023,-0.26802137743057447,1.0397370934650296,1.2640400478200315,0.22430295435500175,1.092344052711904,1.4076063620322605,0.3152623093203568,-1.0794987455414573,-1.8356431444597825,-0.7561443989183256,1.0683325371018224,1.6746177115860867,0.6062851744842641,5.396248205344588,5.777693300173357,0.3814450948287687
softplus_cnn,20260920,5,5544,0,T-shirt/top,0,True,15.219335553548374,15.829693606115129,True,True,128,1.582969360611513e-07,1.747681999120232e-10,13.711204206267185,95.15226284010217,2.4028265564473323,92.74943628365483,0.9747475626461438,6.01099839376197,0.15179236037260396,5.859206033389366,122.27221161509003,0.7782002270445487,0.7585487745623496,0.9862090666780128,0.8333333333333335,0.5,False,1.5983114943964303,8.481047530928265e-10,1.7763568394002505e-15,1.1102230246251565e-16,1.7763568394002505e-15,8.460201428306391e-10,1.609823385706477e-15,4.440892098500626e-16,0.7272643076534219,0.19142088843136948,1.5142286329932548,0.20502096649153434,1.7345057423676573,0.10462946716788735,1.8679403964156227,0.1250767541520348,1.5194391830686145,0.1535800355938093,0.8591243335056769,0.12013310088369618,0.21295244254735574,0.06522613905983343,0.01604036652845245,0.01604036652845245,0.20502096649153434,0.1535800355938093,5.990303881741314,0.3784219727049685,14.214960019655722,0.8979933770900264,24.83326632553083,1.5687774472108262,26.859099077431594,1.6967541978864153,16.041928175644387,1.0134073706548097,6.03615677401652,0.38131861072059586,1.1765485859555258,0.07432541748635087,3.884646025473103,3.9341111436751586,0.04946511820205558,-3.102425015369077,-4.2964102076589095,-1.193985192289832,0.521765691731833,0.8634675723307781,0.3417018805989448,3.8251534876136724,4.449641026085185,0.6244875384715127,0.5666455145755207,0.768155209957202,0.20150969538168123,2.0601669004577907,2.317052359315381,0.25688545885758857,0.7767152416155203,-0.4321261221189702,-1.2088413637344908,5.17853636016882,6.10731322552738,0.9287768653585593
softplus_cnn,20260920,6,6708,0,T-shirt/top,0,True,10.455583514513123,15.829693606115129,True,True,64,1.582969360611513e-07,5.414415799043226e-08,8.947452049347957,15.401427444989471,0.9231693230774779,14.478258121911994,0.9400594960191296,0.9729453916303084,0.058318837120186,0.9146265545101223,32.69055606705395,0.4711277291643035,0.4428880956388322,0.9872262491076144,0.8333333333333335,0.5,False,0.20608940405832926,4.155487065560237e-11,4.440892098500626e-16,2.220446049250313e-16,0.0,1.1070433458826301e-10,2.7755575615628914e-16,4.440892098500626e-16,0.3340338902149706,0.1693761380531135,0.5697692870347139,0.07164670963667906,0.4624916254746987,0.031077946473403745,0.4616456146508701,0.02754877379312712,0.35816837608259955,0.021041005708242043,0.168120767930452,0.014664345180868588,0.033650844331026886,0.009249301138793478,0.011294913033797862,0.011294913033797862,0.07164670963667906,0.031077946473403745,1.3097481227822438,0.08273995412496667,2.6617409012936437,0.16814860524308528,3.9458866225856455,0.24927119379375226,3.703985426430716,0.23398971064100943,2.5688553279514643,0.16228079910271268,1.0061704290425775,0.06356221756900503,0.20504061485889474,0.012952911152979361,1.3250287059720187,1.2179695832479782,-0.10705912272404078,1.4671231862618919,1.2602134534097569,-0.2069097328521352,0.2588024422590105,-0.06787295512089704,-0.32667539737990753,0.013088748059552124,0.21443703807409897,0.2013482900145469,0.9257549224600968,1.5246658701740174,0.5989109477139204,0.27128729871798885,0.3941973841223515,0.12291008540436267,0.2192887899304986,0.19043521855945872,-0.028853571371040054,4.467077955686899,4.213406456991897,-0.2536714986950023
softplus_cnn,20260920,7,7346,0,T-shirt/top,3,False,7.359031527333899,15.829693606115129,True,True,64,1.582969360611513e-07,2.9727523553901847e-08,5.850900081890414,15.391934329553564,0.8259334567049854,14.566000872848578,0.9463398531320955,0.972345688586641,0.05217621245593289,0.9201694761307081,33.466212737921175,0.4599245946976451,0.435244973398008,0.9927401679726535,0.9523809523809524,1.0,False,0.5812724382916041,5.370515143710008e-10,8.881784197001252e-16,8.881784197001252e-16,8.881784197001252e-16,1.3317880132035498e-10,6.938893903907228e-16,8.881784197001252e-16,0.24265375885099183,0.17524312899302788,0.5492720720245544,0.16055108483035901,0.5003762010006604,0.0577205260875847,0.4734287061581698,0.0389089143696475,0.35698353688359674,0.044535665408830236,0.16608435283306433,0.024664058055348898,0.061142654864499185,0.02427399029054119,0.006854011166549762,0.006854011166549762,0.16055108483035901,0.0577205260875847,1.5980586355447264,0.10095322596309662,3.155597265943002,0.19934670527823553,4.45914365319582,0.28169488078235577,3.429177892257341,0.21662945459238858,2.1472143056477657,0.13564471676307624,0.5128000926538695,0.03239482111364247,0.08994248428361573,0.005681884092113462,0.15767003493807347,0.27239248119446996,0.11472244625639653,-1.2530004498869434,-0.9457376684930421,0.307262781393901,0.2231490783343533,0.17207039437437552,-0.0510786839599778,0.307465641721582,0.7114138708428595,0.4039482291212775,0.04576738429394209,-0.06473279787465483,-0.11050018216859692,0.14089226054846074,0.0413206186784276,-0.09957164187003312,1.3775021166558625,1.0230444583726916,-0.35445765828317133,4.851454015285082,4.641128724928466,-0.21032529035661687
softplus_cnn,20260920,8,7393,0,T-shirt/top,6,False,6.1168099222731716,15.829693606115129,True,True,128,1.582969360611513e-07,1.994642229163901e-09,4.608678685485195,54.15051403343608,2.298796782068642,51.85171725136744,0.9575480155063862,3.420818834580433,0.14522054812107038,3.2755982864593625,94.09003835407303,0.5755180354976652,0.5510861527789233,0.9614717417444015,0.9523809523809524,1.0,False,1.4858891661861846,8.193654366106529e-10,1.1102230246251565e-15,6.938893903907228e-17,8.881784197001252e-16,1.9977264287263097e-10,1.3322676295501878e-15,1.3322676295501878e-15,0.6039556446114619,0.21748881631834588,0.9318485150281985,0.10947538635614157,1.3230428411625905,0.06319634393418723,1.411807477174205,0.07672545477136765,1.2886449529240014,0.08740243994180782,0.7133484600061488,0.07520535814209796,0.254326284449253,0.0853062771707832,0.020876575205432357,0.020876575205432357,0.10947538635614157,0.08740243994180782,4.035543581515397,0.254935040559246,7.541056399604686,0.4763867568915876,12.363592784883787,0.7810380347543581,14.714739509720577,0.9295656552718218,10.42422927977491,0.6585237553649145,4.255013584435334,0.26879949102688827,0.8163388932820046,0.051570100697757464,0.08820279070102903,0.13652266053149592,0.048319869830466794,-2.7578949251079043,-3.7961462290572436,-1.0382513039493406,1.5400691183681574,1.1696542054903858,-0.370414912877771,-0.2431514008706992,-0.09019314487506995,0.1529582559956293,0.8857777562591465,1.0721402617111753,0.1863625054520292,2.702888376396961,4.520576911646904,1.8176885352499432,0.5424822171257674,-0.34764834801587685,-0.8901305651416445,1.8503047526127383,1.9437723682531969,0.09346761564045913
softplus_cnn,20260920,9,8134,0,T-shirt/top,0,True,15.671225863220933,15.829693606115129,True,True,128,1.582969360611513e-07,2.798521414604238e-10,14.163094222013077,52.88764107794931,1.3309047954382454,51.55673628251107,0.9748352399859039,3.3410400980546093,0.08407647226501636,3.256963625789593,88.61918809971282,0.5967967232834612,0.5817784769648341,0.9917306117245116,0.9285714285714287,1.0,False,0.8479810504957698,1.2560796291971599e-09,3.552713678800501e-15,1.7763568394002505e-15,1.7763568394002505e-15,6.88178403152051e-10,9.992007221626409e-16,4.440892098500626e-16,0.5706358525636787,0.1710561247481527,1.362344100708591,0.1860775114930474,1.1731259931088962,0.08519643373370485,1.1976231227942953,0.0527384964257885,1.0648227211330068,0.07265385287638351,0.611237033571321,0.07600168343856686,0.18338152430769833,0.04715919867117013,0.005753778602709856,0.005753778602709856,0.1860775114930474,0.08519643373370485,4.334722133162612,0.27383487267802054,9.562081926941827,0.6040598235740914,14.2401323480466,0.8995835739073011,13.474184295697656,0.8511967844085421,8.167876573634787,0.5159845020929196,2.65129392666132,0.1674886446088322,0.4573498736905321,0.02889189677770228,3.2516674017482265,2.9906858755497843,-0.2609815261984423,-2.1116774163629515,-2.3853326774648718,-0.2736552611019212,0.2141645944973293,0.18212377879968372,-0.03204081569764561,3.19113039434379,3.0534156579637934,-0.13771473637999654,1.029025576861239,1.422643060216043,0.39361748335480434,1.8824882716505769,2.4398806393150605,0.5573923676644832,1.230874667002739,0.604362211286588,-0.6265124557161511,5.475420732272127,5.855315677035175,0.3798949447630465
softplus_cnn,20260920,10,555,1,Trouser,1,True,17.539977963494906,15.829693606115129,True,True,128,1.582969360611513e-07,1.316981368404413e-08,26.325296421189982,105.60283259930564,1.397330754621233,104.2055018446844,0.9867680561190701,6.671186140868228,0.08827276063520482,6.582913380233022,206.45938912947526,0.511494454403717,0.5047263884876402,0.9971210239610666,0.9761904761904763,1.0,False,1.417695195918185,1.0485692314432526e-09,2.220446049250313e-15,2.220446049250313e-16,0.0,1.2313243757944292e-09,3.219646771412954e-15,7.105427357601002e-15,2.5011375379487353,0.9969565317332074,2.240208790136323,0.37471261437181264,2.3470964656185256,0.15863814614324756,2.611698028517819,0.12092042039984464,2.8340518547309164,0.1432475348407957,2.104613689043564,0.16713997807019362,0.7965250690197492,0.17994566176837518,0.10834465527238794,0.10834465527238794,0.37471261437181264,0.17994566176837518,5.885714248883418,0.37181479284031893,16.805743204645253,1.06165941191389,26.528808260329107,1.6758889287712322,28.669611797406482,1.8111286617911035,19.7322465261233,1.246533699079342,7.3695010114240525,0.46554918843010074,0.6112075500295042,0.03861145801289484,-0.12682479069692687,-0.3192475567887924,-0.19242276609186584,2.4799508249516844,2.402224383250869,-0.07772644170081366,4.040626121338926,4.20374087917213,0.1631147578332049,1.7315934959872112,1.158107574467081,-0.5734859215201309,-1.1317509220702728,-1.6854465467630315,-0.5536956246927586,5.35036294285307,6.159602602828236,0.8092396599751691,11.026381098526379,11.228224077829168,0.20184297930279183,2.954957650299912,3.1780910084256444,0.22313335812573132
softplus_cnn,20260920,11,1680,1,Trouser,1,True,12.814629680879786,15.829693606115129,True,True,256,1.582969360611513e-07,1.2117684633494719e-10,21.599948317657187,87.88838109835967,1.0203798880110715,86.8680012103486,0.98839004797609,5.552121429842947,0.06445986343139902,5.487661566411547,193.52555767077234,0.45414353616216563,0.44887095149535405,0.9963955016039154,0.9761904761904763,1.0,False,1.0162581323631665,1.7609800284645871e-09,1.7763568394002505e-15,1.3322676295501878e-15,7.105427357601002e-15,6.671037056094065e-10,2.0539125955565396e-15,7.105427357601002e-15,1.5985285359081447,0.5090193787192533,2.026018886592896,0.24668391043344334,2.711073347717263,0.15390230933157253,3.416469628315625,0.1638404046169479,2.591466374391168,0.14071416992262792,1.1396763543979045,0.0982350963733159,0.28169607408831004,0.05974338513136766,0.05907649698669988,0.05907649698669988,0.24668391043344334,0.1638404046169479,4.989549821909093,0.3152019202684752,15.618281978892352,0.9866446165994579,23.719934541289305,1.498445587861923,23.253280617686613,1.4689659317665944,14.41050419742022,0.9103463753621444,4.925192530769573,0.31113631465784874,0.971637410033393,0.06138068330381595,0.32031873079088646,0.40731807659797725,0.0869993458070905,2.6151801746782093,2.6389958839865346,0.023815709308325272,4.521449242992989,4.300715191851626,-0.2207340511413639,1.7091636890593787,1.1243958996945302,-0.5847677893648492,-0.20950439316701958,-0.4243824403383225,-0.2148780471713031,2.693984363186432,3.0162648478439458,0.32228048465751424,6.094295792790519,6.4268392757990815,0.33254348300856146,3.8550607173257845,4.109801582888918,0.2547408655631352
softplus_cnn,20260920,12,2586,1,Trouser,1,True,17.434312023836043,15.829693606115129,True,True,128,1.582969360611513e-07,8.916362226329966e-08,26.21963054068787,94.37137300654683,1.4844778568814907,92.88689514966534,0.9842698287670508,5.9616676958352794,0.09377805368942996,5.867889642145849,132.37490077036745,0.7129098677872034,0.7016956734932516,0.9968849561440373,0.9523809523809524,1.0,False,0.8815586244346247,2.149131761441936e-09,1.7763568394002505e-15,1.5265566588595902e-16,1.0658141036401503e-14,5.842402117650636e-10,1.7763568394002505e-15,7.105427357601002e-15,2.1229844403985205,0.7007259688328267,1.504553675699914,0.1349345829317501,1.6635203707912676,0.14653492685365369,1.8664974439965807,0.07135842546532746,1.8217808507203108,0.06586581451919493,1.1196769565897162,0.07299639873560064,0.34941950069909433,0.05827213181583999,0.03699358757874133,0.03699358757874133,0.14653492685365369,0.14653492685365369,5.872432558096037,0.3709757563360211,13.162853585203981,0.8315292710478662,22.885054726657536,1.4457042123554982,26.449538821675716,1.6708812867646448,18.195698594988087,1.1494662529639206,6.829552961533316,0.43143936525056986,0.9762417579997558,0.061671551091969735,0.09442398331801202,-0.07973544256350633,-0.1741594258815184,3.0977820541579786,3.631998157557349,0.534216103399369,5.395203367082379,5.587792628739906,0.19258926165752643,1.7619369243963212,1.212000713697036,-0.5499362106992851,-0.7646315034384006,-1.4350238891296265,-0.6703923856912262,3.9859070529345697,3.895917218617233,-0.08998983431733609,9.385687862510743,9.959603753384132,0.573915890873387,3.263320799726257,3.44707740096959,0.18375660124333326
softplus_cnn,20260920,13,3766,1,Trouser,1,True,17.12908012959975,15.829693606115129,True,True,128,1.582969360611513e-07,1.5655425067429007e-08,25.91439869098984,98.5899385772166,2.5805235593725646,96.00941501784403,0.9738256905662693,6.228164677750337,0.1630179094796686,6.065146768270669,151.44271796148485,0.6510048149181406,0.6339652134496245,0.9862846249954933,0.9285714285714287,1.0,False,2.848028801581398,1.2670841043060932e-09,1.7763568394002505e-15,1.7763568394002505e-15,7.105427357601002e-15,1.0163034858123865e-09,2.9976021664879227e-15,7.105427357601002e-15,2.3759030382433233,0.8861217962596781,2.1941767187530874,0.30294614143006954,1.8800633174753196,0.12271501002378309,2.2125122174132574,0.07599599522150777,1.9998127798785592,0.09007578220253257,1.039505344525469,0.11543206229662858,0.24059730466347515,0.07112605170679383,0.00033479565727299193,0.00033479565727299193,0.30294614143006954,0.12271501002378309,10.092733779508794,0.6375823835029818,19.61349765564465,1.2390320459562028,25.306168117307077,1.5986517962376174,23.957479358325994,1.5134518680179028,14.286036650440822,0.9024834596243871,4.640161561038706,0.29313021947854867,0.6938614546015469,0.043832904910648625,0.1389626809656038,0.20772945034107818,0.06876676937547434,3.5295234292322397,3.841603915861793,0.3120804866295548,6.794767295488784,7.468967706966532,0.6742004114777508,1.7548511385246968,1.3888418198798038,-0.3660093186448932,-0.7114498036445329,-0.86601791461271,-0.15456811096817646,1.7635319125155433,-0.29641421673579504,-2.0599461292513404,9.616126954287456,11.072299059589868,1.4561721053024108,3.0280850836200446,3.097388870715574,0.06930378709552831
softplus_cnn,20260920,14,4718,1,Trouser,1,True,10.381287000495645,15.829693606115129,True,True,128,1.582969360611513e-07,1.7418866349316886e-10,19.166605418378673,90.69039253986823,1.7904120059540802,88.89998053391415,0.9802579748988626,5.729131264096853,0.11310465322351096,5.616026610873341,142.73480658764345,0.6353768552184335,0.6228332293940294,0.9889710775074317,0.9523809523809524,1.0,False,1.0436589942767938,4.686799837116951e-10,1.7763568394002505e-15,4.440892098500626e-16,0.0,5.589129159488948e-11,2.942091015256665e-15,7.105427357601002e-15,1.7127660987513087,0.5864781543873545,1.5464243783730043,0.1936689272399858,1.711878831942321,0.11302617892836109,2.2252442608817997,0.08416539330483523,1.976630685699287,0.08934900425955258,1.1597070756930499,0.10185723690145179,0.3671926981109895,0.08466566679343786,0.02982474216643939,0.02982474216643939,0.1936689272399858,0.11302617892836109,3.9394559801641487,0.2488649545713448,12.816377378037325,0.8096415317278323,22.24783234131963,1.4054493343273002,25.386745405995224,1.6037420582915223,17.802272469815318,1.1246125738617054,7.0687499319951685,0.44655001593110166,1.428959032406715,0.09027079537753639,0.1852709013852944,-0.15240463721295763,-0.33767553859825217,2.021358525900797,2.809514863716581,0.7881563378157834,4.071796691557642,4.180914774078872,0.10911808252122956,1.7985426363500294,1.4789434233710235,-0.3195992129790051,-0.7199255485131076,-1.4469539146194677,-0.7270283661063601,1.5110922210288023,1.1714817919017504,-0.33961042912705186,6.967179867081237,6.900681407965771,-0.06649845911546287,3.3312901235879737,4.22442770923299,0.8931375856450154
softplus_cnn,20260920,15,4831,1,Trouser,1,True,20.29922431883343,15.829693606115129,True,True,128,1.582969360611513e-07,2.7723225937137386e-08,29.084543022384988,125.3978799083428,1.9603729255442244,123.43750698279858,0.9843667777559149,7.921687117172039,0.12384149525085676,7.797845621921182,192.57531159298082,0.6511628041572564,0.6409830313227843,0.9953345184751476,0.9523809523809524,0.5,False,1.9674235896296512,9.485017216093183e-10,4.440892098500626e-15,8.881784197001252e-16,1.4210854715202004e-14,1.9292620834221452e-09,5.773159728050814e-15,1.4210854715202004e-14,2.540314582309448,1.104620053562088,2.6142890133691874,0.4306920377103737,2.5272013463377196,0.1490803336416115,3.0160860283924182,0.11608186549447955,2.4894626818795835,0.15122074546341208,1.1619640503000421,0.10064568445068826,0.30730625202250506,0.07345619340994121,0.04913844903777379,0.04913844903777379,0.4306920377103737,0.15122074546341208,7.993111551304708,0.5049441732856351,22.049815150938592,1.3929401098717782,33.9538091023865,2.1449441756263616,35.40746094008273,2.2367748751880177,19.691688115983474,1.2439715262951412,5.4653768258037445,0.34526106201401324,0.8366182213304868,0.05285119485871129,-0.37805785971194505,-0.5999401965733606,-0.2218823368614155,4.112023163288811,3.4093659260668594,-0.7026572372219485,5.9752212481579505,6.702210362986676,0.7269891148287246,1.679708349383313,1.0800452155136187,-0.5996631338696945,-0.9084558601507504,-1.1601416387066594,-0.25168577855590923,2.342723821786213,3.033813475560156,0.6910896537739424,12.903136182922227,12.718651744851613,-0.18448443807061965,3.358243976709155,3.9005381346153496,0.5422941579061943
softplus_cnn,20260920,16,6080,1,Trouser,1,True,19.802510761366868,15.829693606115129,True,True,256,1.582969360611513e-07,1.223230405855702e-10,28.58782916143374,107.3148899259705,1.5716266209200231,105.74326330505048,0.9853549994599613,6.779340939644843,0.09928345172220467,6.680057487922638,198.98681730349452,0.539306529850638,0.531408385429729,0.9967870043309484,0.9761904761904763,1.0,False,1.5871767237418557,1.1267936583791993e-09,1.7763568394002505e-15,3.552713678800501e-15,7.105427357601002e-15,1.920305692237889e-09,2.192690473634684e-15,7.105427357601002e-15,2.251207624283931,0.963428119722447,2.2920383058750904,0.32194259753682714,2.776092795739099,0.27209882380149986,3.119843490611774,0.1840296452073769,2.7360555872019936,0.17991089881409916,1.3226278437065089,0.0970636552148634,0.29720143095344437,0.07284579718816193,0.026618677379170678,0.026618677379170678,0.32194259753682714,0.27209882380149986,7.176226725339976,0.45333958470097907,18.255438046180707,1.1532401384653772,29.01506440812569,1.8329517380498732,30.155401831557377,1.9049896088897211,17.188683926197122,1.085850702729774,4.8322477725324,0.3052647696646299,0.691827215603298,0.04370439711707622,-0.30882388426928076,-0.6336483552844708,-0.32482447101518996,4.0876577295006244,4.280783723557074,0.1931259940564486,6.184040753774536,6.493374463826853,0.3093337100523181,1.6885239757285768,1.1056520165693615,-0.582871959159216,-0.9616809525169626,-1.6256111423024244,-0.6639301897854621,2.801311584897464,3.4699886340716426,0.6686770491741781,11.740158857755025,11.747503815970823,0.007344958215800251,3.3566410965637505,3.749786006945183,0.39314491038143273
softplus_cnn,20260920,17,6208,1,Trouser,1,True,17.733572117736408,15.829693606115129,True,True,128,1.582969360611513e-07,3.8961183612684636e-08,26.518890733599715,162.4473410983241,2.065993509518779,160.3813475888053,0.9872820724823786,10.26219111629359,0.1305138027889984,10.13167731350459,181.0702734014245,0.8971508025405462,0.8857409036614597,0.9931018733248459,0.880952380952381,1.0,False,2.545582539513272,1.091393420082909e-09,1.7763568394002505e-15,8.881784197001252e-16,7.105427357601002e-15,1.137230754011398e-09,3.9968028886505635e-15,1.0658141036401503e-14,2.3919403581091787,1.0734266362003175,2.2415350741738487,0.3170885844103973,2.5077315288752957,0.21916103335896878,2.4577834620246004,0.09463519179485222,2.2682470475509127,0.13494954803603562,1.37046126555,0.13327013819101252,0.5022240279809663,0.14603068879978534,0.09066434891964219,0.09066434891964219,0.3170885844103973,0.21916103335896878,6.614000916022803,0.4178224216208307,25.912857762959217,1.6369778473127798,46.898209629898204,2.962673239094222,46.19299154420722,2.918122908352599,26.68929755846316,1.6860274255815593,9.013059749088573,0.5693767658021354,1.1269239369966773,0.07119050848598472,-0.2202029095776051,-0.5211101010431246,-0.3009071914655197,1.7954063824356599,2.8919698666230804,1.096563484187421,2.0693096636405137,2.11459904929189,0.045289385651377134,1.4636944258282043,0.7653638608562187,-0.6983305649719853,-1.3426045769122317,-2.409360329424888,-1.066755752512656,7.688011245504883,8.583895546895171,0.8958843013902891,11.584662182922612,11.595309143644181,0.010646960721565346,3.480614319757671,3.498223697894417,0.017609378136744347
softplus_cnn,20260920,18,7156,1,Trouser,1,True,12.223265407343256,15.829693606115129,True,True,128,1.582969360611513e-07,7.059312245871752e-09,21.0085837931218,98.90062217806545,1.7621667232862666,97.13845545477918,0.9821824505804061,6.247791311630909,0.11132033045829316,6.136470981172615,130.0227661603914,0.7606408100567957,0.7470880548330489,0.9917188278775825,0.9761904761904763,1.0,False,1.000346903565729,1.1083609585682552e-09,2.220446049250313e-15,8.881784197001252e-16,1.0658141036401503e-14,4.6557602217944805e-10,2.3314683517128287e-15,7.105427357601002e-15,1.6977648784587354,0.5081106741288552,1.5383664217048667,0.24677188594172753,1.7482874080690871,0.11984514943997372,1.8767221721980545,0.08373241039692883,1.8447606853877778,0.13178275733181286,0.844890536668695,0.11722947291414583,0.24763237837214494,0.07512000944158957,0.11319275606591024,0.11319275606591024,0.24677188594172753,0.13178275733181286,4.252918451393796,0.26866713640944145,14.35954881252485,0.907127400556739,24.58909601212271,1.5533526184375268,27.43329913209496,1.7330278029826978,18.457540748551857,1.166007454586586,8.002230365348817,0.5055202308058253,1.8059886557656486,0.11408866783548999,0.1800035389420621,-0.11581661383094966,-0.2958201527730118,1.8712095485955138,2.276237663021761,0.4050281144262471,3.167751427996996,2.996589365225396,-0.1711620627716004,1.820819526772116,1.2070271369282233,-0.6137923898438931,-0.7554352165827651,-1.313830274788578,-0.5583950582058133,4.468063654251082,5.087064270581002,0.6190006163299199,6.299390884983073,6.1763938255239195,-0.12299705945915618,3.9567804281637122,4.694918420926603,0.7381379927628913
softplus_cnn,20260920,19,8365,1,Trouser,1,True,9.636717253388326,15.829693606115129,True,True,128,1.582969360611513e-07,1.929117088295129e-09,18.422036003777066,98.31979020812459,4.009817131103244,94.30997307702134,0.9592165817012505,6.211098752419499,0.2533098385147658,5.957788913904732,184.73067872707782,0.5322331454938398,0.5105268584887053,0.9277704815748461,0.9285714285714287,1.0,False,3.06167075149079,1.539304905762151e-09,2.6645352591003757e-15,1.1102230246251565e-15,7.105427357601002e-15,8.36788416336276e-10,2.4980018054066022e-15,7.105427357601002e-15,1.6253513113023885,0.5406631708897655,2.095457890982094,0.3009770296151801,2.673548359356138,0.15198084943709445,3.0656037539696097,0.12039321256147782,2.540720989004262,0.11831973779914726,1.1293772326591605,0.12338723870577764,0.15840540760188843,0.07551921499997506,0.006769771858964882,0.006769771858964882,0.3009770296151801,0.15198084943709445,8.839880204856502,0.5584365954778551,14.64148895685095,0.9249382408257626,25.639641579566305,1.619718120738706,27.32886480460057,1.7264304341331804,15.898436656635319,1.004342664629569,5.082286628201105,0.3210603284347702,0.8891913768652532,0.056172368145000096,0.552504845858613,0.6845552596456412,0.13205041378702803,3.70083501669204,4.5298805201081915,0.8290455034161522,2.0255111551918117,1.1558781068672415,-0.8696330483245707,1.8193861984718134,1.4894554358545036,-0.32993076261730964,-0.3342909208025038,-0.17512099132345332,0.1591699294790503,1.5698788153374776,-1.2403745044054897,-2.8102533197429667,5.519021266659251,8.310215728109371,2.7911944614501194,3.5691896263685585,3.6675464497578463,0.09835682338929025
softplus_cnn,20260920,20,368,2,Pullover,2,True,12.224629596661586,15.829693606115129,True,True,128,1.582969360611513e-07,1.3364469531040868e-09,7.527116647030287,112.05979546694105,2.648220156579769,109.41157531036129,0.9763677941268327,7.0790880894657064,0.16729446712454005,6.9117936223411665,156.5870604455422,0.7156389241109304,0.6987267977254891,0.8927401668083541,0.8095238095238096,0.5,False,1.167460728495106,1.2977047214590698e-09,8.881784197001252e-16,8.881784197001252e-16,0.0,6.448965805816442e-10,7.771561172376096e-16,8.881784197001252e-16,0.6388795843223923,0.227977792827701,1.3881997111449982,0.27017300815004974,1.8000395160018665,0.10998515454120514,2.4487116330728704,0.12242219753750125,2.3453247545904468,0.11589651691244289,1.3926522166885262,0.09802416484629245,0.465906072892529,0.12237897461682183,0.05114912079198247,0.05114912079198247,0.27017300815004974,0.12242219753750125,7.451623392913844,0.470737057730241,20.141292328710065,1.2723741109511642,29.717881982450095,1.8773504226872626,28.907483485877385,1.8261555912055183,18.173910187297206,1.1480898265950321,6.645426814896403,0.41980767159821875,1.0221772740894153,0.06457340865362932,1.170388616069884,2.2723940282440216,1.102005412174138,-0.8291126435354484,-1.2782509339734307,-0.44913829043798204,0.5220040793302495,0.7895356681612422,0.26753158883099243,-0.23273510186462,0.3964654311021773,0.6292005329667967,2.842833564902171,2.2129090890293694,-0.6299244758728011,1.5455794163956686,2.195062039325958,0.6494826229302902,0.3099286088995555,-0.34018755746727164,-0.6501161663668273,2.198230106832826,1.2791888832531166,-0.9190412235797096
softplus_cnn,20260920,21,750,2,Pullover,2,True,17.697508385962692,15.829693606115129,True,True,128,1.582969360611513e-07,1.751631617530336e-10,12.99999535219599,64.65098779472856,1.8872307381814153,62.76375705654715,0.9708089419426428,4.0841591380993885,0.11922092651574533,3.964938211583643,83.01720981246052,0.7787660888721502,0.7560330827587822,0.9699899642340306,0.8095238095238096,0.5,False,1.3296987587960005,1.4073356924271252e-09,1.1102230246251565e-15,4.440892098500626e-16,5.329070518200751e-15,1.3010694743798012e-09,1.1102230246251565e-15,8.881784197001252e-16,0.7194015644507269,0.12851983735338454,1.2414408594343014,0.2561541625716691,1.2526237043522137,0.08486391732680125,1.1472297750710363,0.06329359237385972,0.9844482484974479,0.07355196498975829,0.43961305013842344,0.06101358047064686,0.16218047954386755,0.051612532627288085,0.01686165073696147,0.01686165073696147,0.2561541625716691,0.08486391732680125,5.029635310969996,0.3177342174852336,12.45464399292463,0.7867899596056179,16.47882794722105,1.0410073850611459,16.17126887260619,1.021578135053676,10.655156765413842,0.673112002704694,3.2814114425466325,0.20729469086369423,0.5800434623107329,0.036642747278864435,1.7553313383901625,2.1009448822049874,0.34561354381482395,-0.16585767190672288,-0.6401018959098612,-0.47424422400313854,1.2808544289353556,1.6033774787782202,0.3225230498428644,0.8578584685756205,0.7377603141055915,-0.12009815447002883,0.998090563906473,1.2166097558020337,0.21851919189556063,4.280798859851102,5.281373813129806,1.0005749532787023,1.8732601286773323,0.7849888061852616,-1.088271322492071,2.1196592357666626,1.9150421992010227,-0.20461703656564073
softplus_cnn,20260920,22,1640,2,Pullover,2,True,9.446914321367002,15.829693606115129,True,True,64,1.582969360611513e-07,6.253113582488368e-10,4.7494010725515174,19.392152801035763,1.1984302599211398,18.193722541114624,0.938200246655589,1.2250491565765007,0.07570773571120652,1.1493414208652941,37.87655243098418,0.5119830490478429,0.4803426229001667,0.9491824394685859,0.9285714285714287,1.0,False,0.6521583033981777,3.991273561654296e-10,8.881784197001252e-16,2.220446049250313e-16,1.7763568394002505e-15,1.4221512856238405e-10,8.604228440844963e-16,8.881784197001252e-16,0.366015707614276,0.08950372731807445,0.730253473841401,0.19430037759736174,0.6284204257291548,0.05185723280806065,0.4865140725805161,0.05450629173892063,0.3192561868663895,0.029575643520874505,0.18082131633549614,0.04470146700580271,0.043458890543521755,0.010775707971149883,0.004028985713067026,0.004028985713067026,0.19430037759736174,0.05450629173892063,2.306663139319081,0.14571748491884895,4.0696385188131,0.25708890014402863,4.731092653575338,0.2988745563431298,4.474268418846915,0.2826503487798697,2.765211165068647,0.1746850718576401,0.927127816018772,0.05856890468559768,0.11815108925751001,0.007463889838769044,0.1345633451892387,0.07712558369563632,-0.05743776149360232,-0.39844292595897324,-0.390438267284134,0.008004658674839057,0.5512127047828763,0.49024660052326763,-0.06096610425960863,-0.08859660991634423,-0.025336547882664255,0.06326006203368,0.7042158493744162,0.8368290757238724,0.1326132263494562,2.4266877415368815,3.421240054471154,0.9945523129342722,0.3616577055823319,-0.5084347337609506,-0.8700924393432824,1.0581032619610886,0.8481693072075507,-0.2099339547535388
softplus_cnn,20260920,23,2633,2,Pullover,2,True,13.52568420797499,15.829693606115129,True,True,128,1.582969360611513e-07,6.19478912611271e-11,8.82817117530997,38.057191549191415,1.524789813100325,36.53240173609109,0.9599342528696728,2.4041647612490515,0.09632465738384774,2.3078401038652037,64.32217073943266,0.5916652238519755,0.5679597146073139,0.9530761372036655,0.8095238095238096,0.5,False,0.6885784361126507,1.4631488798322323e-09,4.440892098500626e-16,4.440892098500626e-16,1.7763568394002505e-15,6.272511399174618e-10,7.771561172376096e-16,8.881784197001252e-16,0.48764571874126383,0.11402564891489747,1.0144568170448842,0.2570492798864015,0.9091805763371306,0.060226292612934676,0.9371334195286006,0.056501340042919325,0.7660434914950189,0.047934058802017426,0.3221607763533116,0.028595849472418118,0.09215533879339219,0.027066161360067825,0.022256550526762578,0.022256550526762578,0.2570492798864015,0.060226292612934676,4.322080857556102,0.2730362927483606,6.266794402813729,0.39588854710319976,9.055807187627337,0.5720772248004227,9.702418635379662,0.6129252325914599,6.396463156388546,0.40408003563110945,2.037430537128568,0.12870941079627046,0.27619677207561677,0.017448017564213616,1.0079057544270538,1.450364644668737,0.4424588902416833,-0.3366786050405501,-0.9489655407443229,-0.6122869357037725,0.3826222829598146,0.4575877358452169,0.07496545288540246,0.4294151424663739,0.45739118145971636,0.0279760389933425,0.8668185735535078,0.9060815520285148,0.039262978475006705,2.7518455321696513,3.3189432950280895,0.5670977628584377,2.66878013063175,1.7562772535488231,-0.9125028770829259,1.0574623641423684,1.4304910541024474,0.3730286899600789
softplus_cnn,20260920,24,2999,2,Pullover,2,True,9.386768882098766,15.829693606115129,True,True,64,1.582969360611513e-07,4.5063064391115404e-10,4.6892558311695485,2.997965674140085,0.5246147536843188,2.473350920455766,0.8250097530436884,0.18938873668293543,0.03314118180289075,0.1562475548800447,13.578278723813183,0.22079128990645489,0.18215496755992178,0.9934738844784418,0.9761904761904763,1.0,False,0.10722817425158152,1.2314305131155834e-10,4.440892098500626e-16,3.469446951953614e-18,1.7763568394002505e-15,1.8173196281168202e-10,3.608224830031759e-16,8.881784197001252e-16,0.4302084283548569,0.14469307652106322,0.2932349283281167,0.10700419124916458,0.21713837669453753,0.025013210530816805,0.14594420378668396,0.03606466166002955,0.14450311631658008,0.028102702295803795,0.04991420767861047,0.013039489139429122,0.005490854502761797,0.001193463804925948,0.0015469936855868438,0.0015469936855868438,0.10700419124916458,0.03606466166002955,0.424070562740051,0.026789562280360838,0.7081522825713092,0.044735691049493514,0.8679945842206691,0.05483331552831549,0.6236697375503333,0.039398724515388284,0.3044631921314075,0.01923367562931168,0.06549229556796679,0.004137306583285139,0.004123019283947629,0.00026046109208044784,-0.20120031480008763,-0.2510845780603589,-0.04988426326027124,1.5373691876945474,1.4564229442714829,-0.08094624342306458,2.3431569805263277,2.547060936355511,0.20390395582918294,0.024057989013233413,-0.012021564059028517,-0.03607955307226193,-0.2328384176622906,-0.2670342699424244,-0.03419585228013382,0.26034902338981847,0.39258881178114474,0.1322397883913263,-0.3551156202154775,-0.6786244617731985,-0.32350884155772086,1.313477003223476,1.501948012778152,0.18847100955467594
softplus_cnn,20260920,25,6288,2,Pullover,2,True,7.2995071092402375,15.829693606115129,True,True,64,1.582969360611513e-07,4.525550267864276e-09,2.6019942677634127,35.466705846981824,1.7714762510186843,33.69522959596314,0.95005241652096,2.2405175191313096,0.11190843582306292,2.128609083308247,57.31233269064681,0.6188320066890224,0.5879228433754206,0.8337399207801228,0.4523809523809524,0.5,False,0.33078668784436244,2.52241338927206e-10,4.440892098500626e-16,2.220446049250313e-16,1.7763568394002505e-15,3.4271030457944107e-10,3.7470027081099033e-16,8.881784197001252e-16,0.29691564262767883,0.08578801759980706,0.6774170879628533,0.10227129068442921,0.7615900043734772,0.045555002152265094,0.7543135372224655,0.05657178572002365,0.6476569733049956,0.032441752032887114,0.5214372411196059,0.049083142221078166,0.21733390409611503,0.06831807093271215,0.0408098121004924,0.0408098121004924,0.10227129068442921,0.06831807093271215,2.32393448631179,0.14680855764725836,6.458106939061798,0.4079742223543091,9.372138572682784,0.5920606428580688,9.081990262528919,0.5737312729174037,5.4752036351174915,0.3458818453063665,2.1995649293623174,0.13895183217649956,0.5557670217930806,0.03510914586359294,0.7782092282668353,1.2743274386813634,0.49611821041452814,0.25491938537007997,0.17044483018509515,-0.08447455518498476,1.3102081890975816,1.3523978999109418,0.04218971081335983,-0.783108582448799,-0.1047253864994556,0.6783831959493434,0.4847306396448408,0.10329437542008107,-0.38143626422475985,0.8133024512932951,1.3680875853061039,0.5547851340128085,-0.08595830489344303,-0.6010768187333224,-0.5151185138398796,-0.17030873856697953,-0.9607556561646843,-0.7904469175977046
softplus_cnn,20260920,26,6518,2,Pullover,2,True,12.242051159633597,15.829693606115129,True,True,128,1.582969360611513e-07,3.170962381560116e-10,7.544538286632841,11.60438384013511,0.8859621436028511,10.718421696532259,0.9236528060594955,0.7330769709688032,0.05596836967587277,0.6771086012929304,31.59460159579386,0.3672900829260649,0.33924851573248466,0.9846129510666435,0.9047619047619048,1.0,False,0.4165177819270342,1.2707090935037968e-09,4.440892098500626e-16,6.938893903907228e-17,8.881784197001252e-16,7.174589811143051e-10,5.551115123125783e-16,8.881784197001252e-16,0.3728430554400912,0.08433939301088349,0.6859976623107933,0.24799796353383996,0.48432786638888314,0.05014927486066699,0.4083636630542263,0.03448123294315519,0.24957713157320496,0.03032538820152516,0.12187954575427405,0.025283709573004513,0.04291107373896166,0.017910731708123642,0.002850393224912239,0.002850393224912239,0.24799796353383996,0.05014927486066699,1.324731071609166,0.08368646321097539,2.4379055942810557,0.15400838796647806,3.070370594172304,0.19396273045905302,2.470905294213207,0.15609305876006835,1.73543556211985,0.10963165840742732,0.4969242688162896,0.03139190695544,0.06811145478035098,0.00430276520033458,0.5673568753607776,0.6190566699054076,0.05169979454463003,0.39129331824135294,0.08973478388422489,-0.30155853435712804,0.7362134962755125,0.9097974216658865,0.17358392539037396,0.23592572661765748,0.20687055555786169,-0.029055171059795708,0.9956916945071989,1.1823538141727057,0.18666211966550705,0.16219209254911218,-0.3931563452780854,-0.5553484378271977,2.57685206036844,2.8988171001298126,0.321965039761372,1.8790130227127888,2.031064287312486,0.15205126459969776
softplus_cnn,20260920,27,7013,2,Pullover,2,True,7.329020939218388,15.829693606115129,True,True,128,1.582969360611513e-07,5.927343782463623e-08,2.6315077622627383,43.26462269864431,1.8421767332379577,41.422445965406354,0.9574207142387565,2.733130771522379,0.11637475614349928,2.6167560153788796,59.45514526453907,0.7276850894257035,0.6967007780588506,0.6541592609188841,0.5000000000000001,0.2,False,0.873777968205153,5.059756502667767e-10,2.220446049250313e-16,2.220446049250313e-16,4.440892098500626e-16,4.269660180966639e-10,3.3306690738754696e-16,8.881784197001252e-16,0.4278183836289509,0.09899924576330216,0.8391970716531671,0.19549075522967768,0.9421807236745242,0.06651913374365029,0.8635854223672466,0.05211810153123113,0.7035780388280272,0.06386840374413273,0.3437509177699267,0.03355940498761627,0.05967837912684047,0.01887001745359236,0.003954655490887256,0.003954655490887256,0.19549075522967768,0.06651913374365029,4.959704065439456,0.31331649170540393,7.461624948755049,0.47136888018303574,11.458437546914801,0.723857190924297,11.179266134865738,0.7062212581642834,5.8998137258311,0.3727054908726697,1.976132050769726,0.124837037275714,0.3296442258474347,0.020824422383013824,0.09597466085455203,-0.040795545253402905,-0.13677020610795484,-0.6928341985385905,0.32232338094687873,1.0151575794854693,-0.842612899594388,-0.056795319428199126,0.7858175801661889,0.2641050349439339,0.3053066087437172,0.04120157379978332,1.1980539083217163,0.28382119628498903,-0.9142327120367271,1.3071265970339914,1.2780067507837904,-0.02911984625020088,0.8265253250002585,0.8077091994870592,-0.01881612551319911,0.4751693342412642,-0.26806850887512834,-0.7432378431163922
softplus_cnn,20260920,28,7633,2,Pullover,2,True,12.150369426696981,15.829693606115129,True,True,128,1.582969360611513e-07,5.384914736339397e-12,7.452856017581816,22.930520821320222,1.8830430637914362,21.047477757528785,0.9178804930570686,1.4485764154311862,0.1189563810043678,1.3296200344268185,54.64659734856303,0.41961479641738747,0.38515623622963313,0.9609519369019105,0.7857142857142858,1.0,False,0.8016236883955186,1.271828198312619e-10,4.440892098500626e-16,4.440892098500626e-16,8.881784197001252e-16,1.6482282205743104e-10,8.326672684688674e-16,8.881784197001252e-16,0.5022740376232837,0.18933122914454809,0.6916650553292157,0.2474726943143913,0.7962660420186098,0.11336093503444736,0.7423247326654099,0.06164757676698002,0.6115772292566107,0.054391022835805936,0.4014252334027027,0.05197214407668017,0.16635557544356494,0.04873227074572522,0.042543748342908624,0.042543748342908624,0.2474726943143913,0.11336093503444736,2.0096764705504766,0.12695611933854004,3.9477985428551894,0.24939197441763025,6.00417577014244,0.3792982934188304,5.87893503540492,0.37138653354186485,3.5329431079899156,0.22318455403490017,1.249243749496566,0.078917746646339,0.30774814482951174,0.019441194029846943,0.21277973744114476,0.12300565429230698,-0.08977408314883778,1.7622985201335177,1.9477953763748863,0.1854968562413685,2.8838166850530196,3.3325264408517414,0.448709755798721,-0.45323450973702,-0.6149114229865796,-0.16167691324955935,0.35759440508048723,0.07489347608490167,-0.2827009289955857,0.31515368521502446,-0.9124652658354716,-1.227618951050496,2.588452627723208,3.8372890795569656,1.248836451833758,-0.21400513332756696,-0.33527732059211246,-0.12127218726454542
softplus_cnn,20260920,29,8675,2,Pullover,2,True,7.796378410381951,15.829693606115129,True,True,64,1.582969360611513e-07,1.0076994794161465e-10,3.0988653361411655,12.207149455904247,0.5712126640171873,11.63593679188706,0.9532067116831352,0.7711551315932315,0.03608488440967193,0.7350702471835596,27.422459088210893,0.4451515240349902,0.42432142042612914,0.9834278427531828,0.9761904761904763,0.5,False,0.21668467175163036,2.7220337095457126e-11,1.9984014443252818e-15,2.220446049250313e-16,0.0,4.6626258409787624e-11,8.881784197001252e-16,8.881784197001252e-16,0.47586288850170316,0.13857278081540317,0.5875847077592058,0.15946935262411116,0.4710029788286814,0.026935968427252602,0.33459314354243014,0.01684431347775996,0.19916889959464373,0.014345648863637967,0.11271722060093134,0.013069566787881098,0.026542125327676965,0.00917984205724663,0.0007339355603299558,0.0007339355603299558,0.15946935262411116,0.026935968427252602,1.2419728959649619,0.078458429257606,2.35081167199744,0.14850645441989502,3.3118969520849815,0.20922053417417827,3.0772933894667895,0.19440006016781072,1.595397064198858,0.1007850880690795,0.5233337169202407,0.03306025561468056,0.10644376523183044,0.006724309887508525,-0.19902492550315556,-0.23232372176132476,-0.03329879625816928,0.20054630244948946,0.28566505945453013,0.08511875700504073,1.39335276400509,1.6536538399804361,0.260301075975347,0.9535224051354005,1.0121435639343392,0.05862115879893842,-0.998367678451588,-0.992659467257619,0.005708211193969137,-0.25070747375009034,-0.6226402520962648,-0.3719327783461747,1.2420975538780503,1.0761164644885204,-0.16598108938952993,0.7574463883779686,0.9189098494451743,0.16146346106720544
softplus_cnn,20260920,30,1852,3,Dress,2,False,3.5673265855497323,15.829693606115129,True,True,128,1.582969360611513e-07,9.168350056931729e-08,1.9103159505693563,44.69820862137607,1.2181251753218783,43.48008344605419,0.972747785361149,2.823693858743344,0.07695191111287886,2.746741947630465,56.19513459040347,0.7954106516013087,0.7737339497978416,0.9789419365246596,0.880952380952381,1.0,False,0.617204289132196,9.17771539321599e-10,3.885780586188048e-16,1.1102230246251565e-16,2.220446049250313e-16,5.133482527952538e-10,6.661338147750939e-16,4.440892098500626e-16,0.4399346826697301,0.10438000981121037,0.5897937413644603,0.08521685552115289,0.9037227112804043,0.09026079673945224,0.9316035515647806,0.07323290690935841,0.6896459559158753,0.043644006779856234,0.3444384802908975,0.03842521563220485,0.0862412188968243,0.04320152264715746,0.004536796992473868,0.004536796992473868,0.09026079673945224,0.09026079673945224,3.233844521875823,0.204289773532102,7.409444878163144,0.468072539022538,11.346657100283391,0.7167957499758614,11.128336280313976,0.7030038961723818,7.501193709463944,0.4738685344210438,3.4556238329194287,0.21830010857471654,0.6231082981813588,0.03936325703364514,0.12303268471970721,-0.14976037386589516,-0.2727930585856023,2.3553005274299044,2.961378387312072,0.6060778598821676,-0.08999959369895896,-0.5724662224577938,-0.4824666287588347,0.5920703774621445,0.5977435970832752,0.005673219621130654,1.2328668265857363,1.4523505402593797,0.2194837136736435,-1.047604779628391,-1.5104702673491581,-0.4628654877207665,-0.9944331449008273,-0.8318202270851361,0.1626129178156911,-0.260916947399959,-0.0366394828140389,0.22427746458592018
softplus_cnn,20260920,31,3313,3,Dress,2,False,4.874180395120764,15.829693606115129,True,True,128,1.582969360611513e-07,5.951675263737854e-10,3.2171697939894663,104.39756899703205,3.410400193194059,100.98716880383799,0.9673325708064043,6.595046726406789,0.21544322196334842,6.37960350444344,134.26569136387064,0.7775446425409331,0.7521442579858675,0.9612926141443011,0.8333333333333335,1.0,False,1.3856212503894993,9.080421969898111e-10,1.7763568394002505e-15,4.440892098500626e-16,3.552713678800501e-15,7.001381696625231e-10,2.1094237467877974e-15,4.440892098500626e-16,0.9440070007713115,0.25125881405876355,1.2830885152719795,0.14534527669292643,1.8466115915325563,0.09076554475084404,2.1852187614536107,0.11637975011110469,1.7246641655577752,0.11874732488519726,1.0472677367015129,0.1161116758119876,0.35777257723493827,0.10402842106924251,0.03726484950261607,0.03726484950261607,0.14534527669292643,0.11874732488519726,5.405599091691899,0.34148475808803247,16.981932473856737,1.0727897138385856,25.49394679348824,1.610514229008181,28.910231232682985,1.826329173011583,19.442202046205036,1.2282108883455816,6.776911436669452,0.4281138729085369,1.3867459221412362,0.08760409118755942,-0.24503278376822318,-0.8023262150486135,-0.5572934312803903,2.1159074686747,3.638634664577929,1.5227271959032282,-1.6621590375007202,-2.4862405503660168,-0.8240815128652976,-1.034510401068687,-1.2334952146237088,-0.198984813555022,3.027673198651059,3.8731238859920367,0.8454506873409754,-0.521447792745078,-1.3162606780898556,-0.7948128853447776,0.5772651114069965,-0.45796243839150635,-1.0352275497985028,0.9594740303394155,2.00169634063934,1.0422223102999242
softplus_cnn,20260920,32,5269,3,Dress,3,True,10.923008487153798,15.829693606115129,True,True,128,1.582969360611513e-07,4.392855523782657e-10,9.26599778234862,103.98299132220976,1.967680927474415,102.01531039473534,0.9810768963033848,6.568856852797223,0.1243031593937033,6.44455369340352,231.95057141046263,0.4482980606165447,0.4398148699285063,0.9411090121199746,0.6904761904761906,0.5,False,1.1370904390924925,1.4047540908279643e-09,1.7763568394002505e-15,4.440892098500626e-16,0.0,6.145128850221226e-10,1.3322676295501878e-15,1.3322676295501878e-15,0.7828069521711256,0.27950326900797073,1.5467694156615308,0.18813607755308223,2.2696582245773014,0.13792806335447247,3.1862255587598707,0.10662351939195105,3.63315251972532,0.13357663080323193,2.7136051739871174,0.15570246591262218,1.1297385109525455,0.1866318794972019,0.1737287367482285,0.1737287367482285,0.18813607755308223,0.1866318794972019,6.196736529120996,0.39146282191634785,14.34699392971018,0.9063342782685212,23.75524140956778,1.5006760080555794,28.150772844201384,1.7783523512626,20.954783594041373,1.323764320109543,9.078703560394763,0.5735236440007653,1.4997594549706883,0.09474342917106873,0.038743863149342556,-0.04929139052306329,-0.08803525367240583,1.0962834163706436,-0.19196134457329805,-1.288244760943941,0.4166075402544391,0.5504210433439074,0.13381350308946793,0.9640023740762957,0.5566009644216565,-0.40740140965463956,0.6984156631894186,1.203586970064305,0.5051713068748853,2.988199622706567,4.233719672289721,1.2455200495831522,-0.47057750025948475,-0.3874014320253204,0.08317606823416446,3.5343228028613973,3.3503232999652246,-0.1839995028961735
softplus_cnn,20260920,33,5365,3,Dress,3,True,6.626029702842063,15.829693606115129,True,True,128,1.582969360611513e-07,5.3799964483403073e-11,4.969019226071543,56.7866799258702,1.2132279305638816,55.57345199530632,0.978635343144772,3.5873518047078994,0.07664254032656719,3.5107092643813322,93.63387007799219,0.6064758391228497,0.5935186909290036,0.9125347474736696,0.8333333333333335,0.5,False,1.154663595716696,8.785689953327847e-10,4.996003610813204e-16,4.440892098500626e-16,0.0,5.905587130428103e-11,6.661338147750939e-16,4.440892098500626e-16,0.5513844561094433,0.1379411322653829,0.8109651463686933,0.09562854675238602,1.0225281545579445,0.05404390608512486,1.479155816641843,0.07608068091793088,1.4843893007378397,0.11336207416233658,0.8417692593726174,0.12403893362476029,0.22611932491471853,0.041980058528155485,0.05015085095498888,0.05015085095498888,0.12403893362476029,0.12403893362476029,3.2968269811214346,0.20826852768949652,7.020159670765378,0.44348045170333794,12.607941769903693,0.7964741506451617,15.50882634367337,0.9797300396062116,12.20361123246018,0.7709316134676059,5.491949427722309,0.34693971749400937,0.6573645001964716,0.04152730410034764,0.33199749143981727,0.5506678817616596,0.21867039032184224,1.320554128118059,1.3082102666007405,-0.012343861517318366,0.4254820146388528,0.7496344482469318,0.32415243360807916,1.2003353292398882,1.1515162349389194,-0.048819094300968924,0.4046054670311548,0.8786501025672466,0.4740446355360913,0.226873706842734,0.4232341779701312,0.1963604711273969,-0.9713076579294855,-1.109350726750491,-0.1380430688210055,2.0304787466905223,1.0164568407954608,-1.0140219058950608
softplus_cnn,20260920,34,6132,3,Dress,3,True,6.028019619306496,15.829693606115129,True,True,64,1.582969360611513e-07,1.0570634922935085e-08,4.371009163419932,9.95320515951421,0.4767004374230255,9.476504722091185,0.9521058362825617,0.628768023385444,0.030114318652312545,0.5986537047331315,23.083125466531015,0.4311896659724737,0.41053819751712056,0.9791699807034587,0.8095238095238096,1.0,False,0.1712177030598468,5.018152560154476e-11,6.661338147750939e-16,2.220446049250313e-16,8.881784197001252e-16,4.482636484226532e-12,5.689893001203927e-16,8.881784197001252e-16,0.3207068573831504,0.06307695938050781,0.3452146066931626,0.0378906530899821,0.3332644848451345,0.023028118265163273,0.3402519924487299,0.01786501967988842,0.24661218262374285,0.020900590985242287,0.14387908828296708,0.01868388997055791,0.04342978208457448,0.010995042231542686,0.005564682683557016,0.005564682683557016,0.0378906530899821,0.023028118265163273,1.0002990098518478,0.0631913058295345,2.187335145127357,0.13817924715121288,2.9038955010899477,0.1834460965162428,2.3067485057751496,0.14572287772418005,1.0803246303405012,0.06824671767008578,0.4106690277987374,0.025942954931237133,0.06393333949380312,0.004038823560621868,0.31630499382424715,0.609189179679665,0.2928841858554181,0.9306752085271489,0.8584030151239972,-0.07227219340315151,0.4768910400994939,0.35533256951796294,-0.12155847058153116,0.29972980927095105,0.2726178375903282,-0.027111971680622918,0.9688218977295574,0.8730441252726314,-0.09577777245692655,-0.3491240326011038,-0.2170269667445528,0.13209706585655084,0.7503162546069398,0.5903362253039056,-0.15998002930303398,0.9773939919626964,1.0291131776715123,0.05171918570881588
softplus_cnn,20260920,35,6433,3,Dress,6,False,2.6032260958122766,15.829693606115129,True,True,128,1.582969360611513e-07,2.119593389693364e-11,0.9462156517326346,21.703097152072292,0.95693633361821,20.746160818454083,0.9559078445388225,1.3710370959857507,0.060451980779245046,1.3105851152065058,41.92612622881686,0.5176509042029077,0.494826560060174,0.9926710944028725,1.0,1.0,False,0.2736506895353824,3.0003241557885474e-10,6.661338147750939e-16,8.881784197001252e-16,1.1102230246251565e-15,5.801936708849098e-11,8.881784197001252e-16,4.440892098500626e-16,0.6183745203017929,0.1961714327476839,0.649282731580765,0.0749954631949567,0.533061867907834,0.055486770529710565,0.6286585431380186,0.054003735150481555,0.534281073350485,0.04224995758751331,0.24224644094996675,0.03237695854828043,0.04972098558978829,0.012608394755800499,0.011323072322884207,0.011323072322884207,0.0749954631949567,0.055486770529710565,1.9166506431372756,0.12107945300955536,3.4929267136245548,0.2206566216970372,6.256091234501848,0.3952124020950774,5.790570141375209,0.3658043096385813,3.3150658529752928,0.20942072130155812,0.8581767772757901,0.05421310093735927,0.07361578915225248,0.0046504873046825206,-0.01607122503312817,0.19336649449090243,0.2094377195240306,1.3189907333030637,1.831714294012878,0.5127235607098135,2.243465262067587,2.3042836233725468,0.06081836130495949,-1.2658395146366361,-1.3833145220187235,-0.11747500738208741,0.5968744771354831,0.6007035194555692,0.0038290423200862955,0.25789403452323373,0.2390036499535567,-0.018890384569676844,-2.8116422599249553,-3.632213201562391,-0.820570941637436,0.6225441442979854,0.7926717940863147,0.1701276497883295
softplus_cnn,20260920,36,8177,3,Dress,3,True,11.855996396326557,15.829693606115129,True,True,128,1.582969360611513e-07,2.1903534541678482e-10,10.198985922560704,87.41917439171053,2.980093489786266,84.43908090192426,0.9659102993076442,5.522480508273379,0.18825970760640834,5.33422080066697,100.16976656842249,0.8727101738027664,0.8429597451866562,0.9365364921756123,0.9047619047619048,1.0,False,1.321868248858467,1.4393665148659807e-09,1.1102230246251565e-15,5.273559366969494e-16,1.7763568394002505e-15,3.923243951930999e-10,6.661338147750939e-16,8.881784197001252e-16,1.0061742173258583,0.39541841977840103,1.304551892780928,0.19092336743334495,1.6228230609628511,0.09360379949066551,1.375904626062308,0.09271302821852502,1.2039914965439358,0.09368396952218963,0.6126065841485625,0.08463680784604921,0.14964206428770654,0.06405932533553046,0.05844650506708616,0.05844650506708616,0.19092336743334495,0.09368396952218963,6.840157627634694,0.432109287636009,14.699207429756324,0.9285844562448076,21.619525016441475,1.365757642212967,22.913051914733625,1.4474728623857978,14.986152089958214,0.946711443875891,5.409842132358987,0.34175280122093615,0.9512381806744186,0.06009201468731828,-0.45451179421864113,-0.6730477919445841,-0.21853599772594287,1.5891018351673667,1.0215303311834465,-0.5675715039839202,0.13429185821140646,-0.29922413524078495,-0.43351599345219183,0.7826376040819694,0.6220740619074201,-0.16056354217454943,0.130948119750747,0.1850370187245924,0.054088898973845195,4.349044734761025,6.9620768235135655,2.613032088752541,1.1782503084142386,-0.4216561438392606,-1.5999064522534985,2.4892232563925916,2.802195758648635,0.3129725022560427
softplus_cnn,20260920,37,8415,3,Dress,3,True,8.8829353368217,15.829693606115129,True,True,128,1.582969360611513e-07,1.623524648053376e-10,7.225924652615012,24.01111250195185,0.51759257519878,23.49351992675307,0.9784436237530975,1.5168400033135307,0.0326975738177794,1.4841424294957515,35.12918614240136,0.6835089319923111,0.6687749562861663,0.9912833198160914,1.0,1.0,False,0.7906501139505127,1.2085107914394655e-09,6.661338147750939e-16,1.1102230246251565e-16,8.881784197001252e-16,4.4988635039544533e-10,3.2612801348363973e-16,8.881784197001252e-16,0.5288685078420028,0.12194982359501756,0.4036977669360513,0.04274444589348367,0.551475942287373,0.029026835442567688,0.5833851372354454,0.04908670170742499,0.39390290946944134,0.054782115565597284,0.2030150692434139,0.03381145845698052,0.07243793236207194,0.023009860566152108,0.01128082619062183,0.01128082619062183,0.054782115565597284,0.054782115565597284,1.7005809367226825,0.1074298074894978,3.9938442409342843,0.2523007924418343,5.939448297948173,0.37520930257637586,6.65848172347425,0.4206323817222861,4.59887923438266,0.290522315138562,1.057845488433441,0.06682665595149533,0.06203258001694102,0.003918747990989376,0.056556675866890005,-0.20534172569052744,-0.26189840155741734,1.708349905472478,1.7278626857144623,0.01951278024198412,0.4420949050707164,0.5094661965691832,0.06737129149846688,0.6876474504583021,0.5651178699238252,-0.12252958053447678,0.37900236462738246,0.4898381546416435,0.11083579001426122,1.8373350629155616,2.1338668754041468,0.29653181248858523,0.8397111296708023,0.7065465367888603,-0.1331645928819422,1.2752271585328787,1.2985680597133047,0.023340901180426303
softplus_cnn,20260920,38,8439,3,Dress,3,True,12.334542318787413,15.829693606115129,True,True,128,1.582969360611513e-07,7.302787263796517e-10,10.677531803778349,83.04817125653773,2.069426222676866,80.97874503386086,0.9750816159902623,5.246353677019725,0.13073065557487676,5.115623021444848,127.0901823724258,0.6534585890605845,0.6371754570039114,0.9455158629852126,0.9523809523809524,1.0,False,1.0554695428798215,1.3450879299270468e-09,1.1102230246251565e-15,4.440892098500626e-16,0.0,4.662208397121503e-10,1.1102230246251565e-15,4.440892098500626e-16,0.9064283157515995,0.3297723721672903,1.4216572352087744,0.17205989408561673,2.053030227953665,0.14911673474288226,1.9415648236609575,0.07913129548897482,1.5230866815738893,0.09246491452211475,0.8070550590898962,0.08765168551822718,0.24676254681118934,0.07312081212705245,0.03543737924030576,0.03543737924030576,0.17205989408561673,0.14911673474288226,5.196359756875076,0.3282666036484549,12.972045731942416,0.8194754778406588,18.79837404842911,1.1875387178161907,20.638973341623867,1.3038138232600331,15.701663283471134,0.991912015113512,7.581630392862918,0.4789499140990371,2.159124701096214,0.13639712522686653,0.005617864273692361,-0.31390898682012786,-0.3195268510938201,2.3071838136192966,1.740578350998884,-0.5666054626204116,0.5609428158398767,0.39612336728827163,-0.16481944855160502,0.888651897656342,0.6878312791274066,-0.20082061852893585,0.3215409319815748,0.6561040177258439,0.3345630857442692,3.2630828241808576,4.770243320990195,1.5071604968093382,1.6312993297900409,0.813645488141059,-0.8176538416489822,1.6992123264366672,1.926914966793038,0.22770264035636978
softplus_cnn,20260920,39,8661,3,Dress,3,True,12.33561836091958,15.829693606115129,True,True,128,1.582969360611513e-07,5.076988829344486e-10,10.678607777370752,34.29918892556256,1.4689498821519478,32.830239043410614,0.9571724601027762,2.166762653720128,0.09279711400001334,2.073965539720115,62.931355193327896,0.545025430013289,0.5216833316643933,0.9688938913451314,0.6190476190476191,0.5,False,1.139240720896379,1.1596441445993477e-09,2.220446049250313e-15,1.6653345369377348e-16,1.7763568394002505e-15,5.005862391271876e-10,2.6645352591003757e-15,4.440892098500626e-16,0.8913334795025529,0.257557083391463,1.0254463041659094,0.12812263859554668,1.175201607475594,0.17243869279221669,0.9703497645083721,0.12201065356457351,0.5379406153476703,0.04368270974220853,0.19125280224565588,0.04114701435916107,0.06813416600289834,0.019582885543622922,0.007200531164790047,0.007200531164790047,0.17243869279221669,0.17243869279221669,3.488714112950462,0.22039050153205403,6.246526970763057,0.3946082044411761,8.280310572505009,0.5230872295156909,8.01502561373,0.5063285375677603,5.5616432929622555,0.3513424473872161,2.329048223364463,0.14713160477501186,0.3779201390546929,0.023874128486523552,0.06891272254937376,-0.11159011421150236,-0.1805028367608762,3.4299550101506604,3.658031476580492,0.2280764664298324,0.293082314352256,0.2262003384277211,-0.0668819759245349,0.9451218933427633,0.9635987479889953,0.018476854646232027,0.4286024839400424,0.696566238047316,0.26796375410727374,3.4970549490041667,4.279705105023892,0.7826501560197223,1.170184926122849,-0.0513801430933943,-1.2215650692162427,0.8456934779086388,1.01747612910782,0.1717826511991813
softplus_cnn,20260920,40,239,4,Coat,2,False,11.515603217217109,15.829693606115129,True,True,128,1.582969360611513e-07,4.5247317004282195e-10,4.684893145945518,139.4721264268848,2.9446274503207395,136.52749897656406,0.9788873409636841,8.810791282340784,0.186019232184204,8.62477205015658,183.10663897225814,0.7616989051282611,0.7456174158559531,0.92489042248559,0.6428571428571429,1.0,False,1.3057975031203453,2.5994113528327034e-09,1.7763568394002505e-15,1.0824674490095276e-15,3.552713678800501e-15,9.667813216651666e-10,1.4432899320127035e-15,1.7763568394002505e-15,1.12827966143856,0.3024166070736391,1.4851842793791792,0.1661202752315325,2.3772216416474787,0.1117921231721397,2.8021522038346767,0.11091712242904009,2.5819617546435056,0.14653287613679733,1.593066767022442,0.14821134645502226,0.6246505376330274,0.15197800637608153,0.10305170521672084,0.10305170521672084,0.1661202752315325,0.15197800637608153,6.814187348279737,0.43046868232796154,20.858564106206686,1.3176859025337588,33.00842947680784,2.0852222600225465,38.104575068294324,2.407158092660381,27.730483696340556,1.7518016700985333,11.522397378874182,0.7278976880779925,1.4334893511901177,0.09055698656329962,1.5635587143856966,0.7215476089797522,-0.8420111054059447,-1.9153791623268,-0.12584674421295575,1.7895324181138441,-0.30006623544507083,-1.243097109876344,-0.943030874431273,-2.166888907452911,-2.471935066671445,-0.30504615921853384,3.172350328116968,2.7180828931759424,-0.4542674349410264,0.4948195122674476,0.09454763642687714,-0.400271875840571,-0.4577314370013406,0.15190638540115334,0.6096378224024941,4.294230333401525,4.839687543689318,0.5454572102877918
softplus_cnn,20260920,41,1142,4,Coat,6,False,3.9127971594202933,15.829693606115129,True,True,64,1.582969360611513e-07,3.6026479577344617e-09,-2.9179131154040094,29.470373666115393,0.6402824547306715,28.830091211384723,0.9782736906567677,1.861714724202291,0.04044819000686947,1.8212665341954215,36.147980392965934,0.8152702680963625,0.797557454053361,0.993168809414721,0.9285714285714287,1.0,False,0.416336365946015,9.039402559807286e-11,1.3322676295501878e-15,2.220446049250313e-16,3.1086244689504383e-15,4.161515576583952e-11,1.1102230246251565e-15,1.7763568394002505e-15,0.5308739826286345,0.14498527066988962,0.35029719089441863,0.046841460779168495,0.4500524855902043,0.05077572153325972,0.6118444935557584,0.029961177047368927,0.4883185510158258,0.026843574925049643,0.29786845878455287,0.031722805958739865,0.07688548582537617,0.03394036380661664,0.008288612940248165,0.008288612940248165,0.05077572153325972,0.05077572153325972,1.3351485786079644,0.08434456230360558,3.5470608158812618,0.22407640376002008,6.390009841506636,0.4036723641345861,8.062448450053973,0.5093243527429607,6.819845592702441,0.4308261273021661,2.836978421980368,0.17921878291342433,0.4788819652103852,0.0302521310346392,-1.0651957864851584,-1.122497433142382,-0.057301646657223426,0.45946689503899707,0.8220205079301298,0.36255361289113275,-2.690408021685572,-3.1547879810694615,-0.46437995938389043,-0.20095121295157656,-0.20482155264116528,-0.0038703396895887164,-1.2621616527954136,-1.2594791058549615,0.002682546940451662,0.7218292334507476,0.7344969361145901,0.012667702663842678,0.6776174202605667,0.9399960124750047,0.26237859221443754,0.4418900097633968,0.327159500742621,-0.11473050902077564
softplus_cnn,20260920,42,3916,4,Coat,4,True,8.567249229884098,15.829693606115129,True,True,128,1.582969360611513e-07,1.1937251187532638e-10,1.736538856322456,46.7485154288962,1.5419510783565653,45.20656435053963,0.9670160418098869,2.9532166946577476,0.09740877598293489,2.855807918674812,54.36954518721154,0.8598290691585937,0.8314685030908228,0.8639015247058656,0.4047619047619048,0.5,False,0.5131202155900174,5.074689557460488e-10,4.440892098500626e-16,3.2699537522162814e-16,3.3306690738754696e-15,2.953421951445989e-10,6.106226635438361e-16,1.7763568394002505e-15,0.6033999794674374,0.14538661358465516,0.6499614579305708,0.13223002150853078,0.7615384537556912,0.06085029400163431,0.7478166663890111,0.04320712343041868,0.7324050658725959,0.033314188103641604,0.4176295868148136,0.041441257512641216,0.1170902405942632,0.03042648713353214,0.008214090530126054,0.008214090530126054,0.13223002150853078,0.06085029400163431,3.2759920390873694,0.20695233405034633,6.313937266166625,0.3988666757092193,10.536484845620825,0.6656152107423293,12.81344498878099,0.8094562856119376,9.073532269029034,0.5731969610279671,3.9573814942145313,0.24999735261368328,0.7777425257640513,0.04913187488755964,-1.1352037018292573,-1.364719677759281,-0.22951597593002376,0.39307314819289074,1.1461315255381086,0.7530583773452183,1.0415500816303966,0.7303468360384437,-0.3112032455919535,0.8706493621007565,0.801123604575319,-0.06952575752543733,-0.5375817321817632,-0.3729412385610703,0.16464049362069313,1.3917458029647485,0.856721298935104,-0.5350245040296451,0.4044447889415867,0.00776319380975355,-0.396681595131833,-0.6921388934969058,-0.06788668595857941,0.6242522075383263
softplus_cnn,20260920,43,5343,4,Coat,4,True,8.48049301746026,15.829693606115129,True,True,64,1.582969360611513e-07,8.363618131390638e-10,1.6497826421482351,11.522629172667504,0.4014903105961001,11.121138862071403,0.9651563627901465,0.7279123310520822,0.025363113183757478,0.7025492178683246,31.59134195773745,0.3647400983498058,0.3520312266870189,0.9764311266190444,0.7142857142857144,0.5,False,0.41873901805866764,2.987059488646082e-10,5.551115123125783e-16,1.1102230246251565e-16,1.1102230246251565e-15,5.476286091266047e-12,5.828670879282072e-16,1.7763568394002505e-15,0.23270751885342567,0.09038253461043474,0.5286828698569664,0.10206046348998088,0.513086236428376,0.05505396065089937,0.5251253373116725,0.05177428966708541,0.2894428960346521,0.022939843070343954,0.10992847087137539,0.012598244902822792,0.02752720917431316,0.013180372699729088,0.0019083971544570442,0.0019083971544570442,0.10206046348998088,0.05505396065089937,1.3347274251442045,0.08431795702151743,2.7963804213996495,0.1766541091053959,3.1335127225738426,0.19795157130289265,2.5438800093726206,0.16070304787136883,1.3159218943897797,0.0831299661972882,0.34350515996905073,0.02170005108856637,0.054701539692078804,0.0034556284570755806,-0.3749018976522603,-0.4359036419669626,-0.06100174431470225,0.22502164238435135,0.4953503732320545,0.2703287308477032,0.8371734642495239,0.9683350440006592,0.13116157975113588,0.258879837438036,0.24378244908155947,-0.015097388356476518,0.5472258865740178,0.4952326501301366,-0.05199323644388118,-0.28246542196919533,-0.29251930954170263,-0.010053887572507213,-0.39020218183690925,-0.5765326270370221,-0.186330445200113,0.8290513129606699,0.7520377042549888,-0.07701360870568086
softplus_cnn,20260920,44,6289,4,Coat,4,True,8.689368793618144,15.829693606115129,True,True,128,1.582969360611513e-07,5.06584219017725e-11,1.8586584433878848,31.58830605868876,1.182804862933918,30.405501195754844,0.9625556096380619,1.9955096317521879,0.07472064162233638,1.9207889901298514,52.21006681641962,0.6050232835318745,0.5823685555252455,0.9248716624263149,0.6666666666666669,0.5,False,0.5371029442430988,3.1678071277241315e-10,4.440892098500626e-16,5.273559366969494e-16,1.3322676295501878e-15,8.065326184691912e-11,4.440892098500626e-16,1.7763568394002505e-15,0.44875196636034476,0.09103777138756389,0.7049199166990981,0.09359736496079615,0.6521370315251902,0.06397062327897911,0.6692516566254573,0.025538106626749893,0.6526119635257825,0.03215192279066241,0.4485228192982549,0.04368513118377275,0.1608891431790282,0.040586739263109343,0.00990356363801809,0.00990356363801809,0.09359736496079615,0.06397062327897911,2.565486631830547,0.16206799042777936,5.618686813945139,0.35494602446219164,7.8243901511236675,0.49428563469485265,7.88600242511603,0.49817783093853496,5.165372472503284,0.32630906200912585,2.097959526916427,0.1325331733588305,0.4304080371479313,0.027189915854193253,-1.1465562876327438,-1.510666843373649,-0.3641105557409048,0.565393748744754,1.2477814879045115,0.6823877391597575,0.42266682936291905,-0.14822419740126022,-0.5708910267641794,1.1661050670392656,1.1565154964526365,-0.00958957058662891,-0.10333930300969474,-0.054790457282228575,0.04854884572746637,0.6470032104367532,0.4087895006348758,-0.2382137098018774,0.9603465858219691,1.23756686053258,0.2772202747106112,-0.652961407375339,-0.4783134039989282,0.17464800337641093
softplus_cnn,20260920,45,6993,4,Coat,4,True,7.677609318674511,15.829693606115129,True,True,128,1.582969360611513e-07,1.3694601008751306e-11,0.84689899500062,19.13824971496883,0.4319152840952962,18.706334430873532,0.9774318294239062,1.2090094850335942,0.02728513228635355,1.1817243527472405,35.13147909728502,0.5447607162218183,0.5324664634549693,0.9873757504395013,0.9523809523809524,0.5,False,0.8194885935911005,1.2708611940581704e-10,6.661338147750939e-16,2.220446049250313e-16,2.220446049250313e-15,3.523048519582517e-11,7.424616477180734e-16,1.7763568394002505e-15,0.3431973442217022,0.11801931496214974,0.5930491252222441,0.18458829510315292,0.6120774754292966,0.08302528759069117,0.4841352280019558,0.047179471576967606,0.3210030462565192,0.020345425457797366,0.1619295105041034,0.019363616048400263,0.04390175024048993,0.017277052205337196,0.0032442995710911197,0.0032442995710911197,0.18458829510315292,0.08302528759069117,2.3231012327711626,0.14675591900741095,4.346738447565167,0.27459397229811133,4.941762651711688,0.312183089242021,4.027528871273551,0.2544287319444823,2.4714757128388154,0.15612909348315282,0.8950006996110823,0.0565393571019806,0.13264209901958163,0.00837932194520436,-0.03748245380244436,-0.0719826883833669,-0.03450023458092256,-0.8760670015169283,-0.6155404984653042,0.26052650305162434,-0.2358259119798162,-0.5240998966097647,-0.2882739846299483,-0.49434400987813637,-0.48925269541748917,0.005091314460647187,1.9463028715723707,1.9089488484971004,-0.03735402307527099,-0.15316028682089433,-0.07967493368595842,0.07348535313493595,-0.5780024859479196,-0.6497895277394578,-0.07178704179153825,1.2754782733743866,1.368290386840091,0.09281211346570489
softplus_cnn,20260920,46,7594,4,Coat,4,True,9.567053504241203,15.829693606115129,True,True,64,1.582969360611513e-07,5.4934193194355885e-08,2.736343128953008,29.44177103957788,0.6769419277616742,28.764829111816205,0.977007431826989,1.8599078271612475,0.042764057511521666,1.8171437696497257,40.13261213295689,0.7336121292588454,0.7167445023643136,0.9777464612939724,0.8095238095238096,1.0,False,0.4186101310089105,1.0142035267168836e-09,1.1102230246251565e-15,2.498001805406602e-16,0.0,7.294520543155159e-11,6.38378239159465e-16,1.7763568394002505e-15,0.48190888278895067,0.10571778856197146,0.6270725405483615,0.15034711869214537,0.5936457228563619,0.06398313659249834,0.5561199435557838,0.03453401937783942,0.35099950066381225,0.02941960818919133,0.25028819652890594,0.036037594843210216,0.11652330413981005,0.026653680501811685,0.04062488680716098,0.04062488680716098,0.15034711869214537,0.06398313659249834,1.504029409868087,0.09501317254094352,4.965882977030809,0.31370682848292475,7.548755841467686,0.4768731492409648,7.985658174092732,0.5044733254349164,4.6254504396552285,0.2922008823890554,2.3873358070929043,0.1508137723000942,0.4246583901777615,0.026826696760176887,1.2387237874780617,1.288335679664746,0.04961189218668502,-0.7121418815246696,-0.23420399812150589,0.4779378834031638,0.49449362000008845,0.36789856561125955,-0.12659505438882898,0.2005437844217981,0.24541218219615685,0.04486839777435878,1.3690568409416428,1.2258383917048594,-0.14321844923678279,-0.28636928801812633,-0.5194775572873016,-0.23310826926917572,-1.037380581842995,-0.9328568274090556,0.10452375443393966,1.4694168474972078,1.2953966926667941,-0.17402015483041353
softplus_cnn,20260920,47,8085,4,Coat,2,False,9.749585353466696,15.829693606115129,True,True,64,1.582969360611513e-07,3.4153627925803676e-08,2.9188750011455884,28.63318295713023,0.9006356962810923,27.732547260849138,0.9685457359864766,1.8088273639149288,0.0568953334594657,1.751932030455463,45.88776043274137,0.6239830117466393,0.604356085355207,0.9759694000652144,0.7142857142857144,0.5,False,0.5579467644465188,9.3670893264175e-10,5.551115123125783e-16,4.440892098500626e-16,2.220446049250313e-15,6.490896709010485e-11,4.440892098500626e-16,1.7763568394002505e-15,0.4028555214764541,0.13014130214809008,0.7358842639426592,0.19044793281145458,0.5769121422071236,0.047068836985989446,0.7158036863331662,0.05881422934510891,0.5251576595231167,0.05520332094477004,0.25873588376532636,0.044176000611698775,0.06984966150985296,0.02727583341871294,0.0164974241218902,0.0164974241218902,0.19044793281145458,0.05881422934510891,1.6969892838376128,0.10720291409696352,5.7947516671863415,0.3660684667293741,7.1840902626275955,0.4538363433548915,7.0167540984035455,0.4432653134671489,4.677281965797448,0.29547520515435494,2.119965052364945,0.13392331558116743,0.14335062668572945,0.009055805516687452,1.043757126268328,1.1856898751098073,0.14193274884147966,-0.9656218105848807,-0.9088701859804884,0.05675162460439209,0.8871803578539409,1.145805481366396,0.2586251235124549,-0.0421828982195562,-0.1303907420185799,-0.08820784379902372,0.6646890612350703,0.7663536857663773,0.1016646245313069,0.13102600357950445,0.08904003592744175,-0.04198596765206275,-0.6055940869485394,-1.37603597174609,-0.7704418847975505,1.8056212479617189,2.147282822785633,0.34166157482391407
softplus_cnn,20260920,48,8903,4,Coat,4,True,9.746011459490937,15.829693606115129,True,True,64,1.582969360611513e-07,6.62226939951438e-11,2.9153011121927896,9.21784553977002,0.4987902184067502,8.71905532136327,0.9458886334930717,0.5823135790960033,0.03150978350042504,0.5508037955955782,20.743858587770113,0.4443650394533905,0.4203198399406624,0.9946915130122903,0.9761904761904763,1.0,False,0.2825713843564813,2.7971347460464813e-10,6.661338147750939e-16,2.220446049250313e-16,3.1086244689504383e-15,5.63971092049087e-11,3.885780586188048e-16,1.7763568394002505e-15,0.4872975339255608,0.15311903402490082,0.35938804926325946,0.05597847229651671,0.39506210301261424,0.03343764257872084,0.30114081543871984,0.03260992946200231,0.15765339285139474,0.013744618194484862,0.07188047269076533,0.009868473718311963,0.02201496606521814,0.006813939135571623,0.0032998784085312262,0.0032998784085312262,0.05597847229651671,0.03343764257872084,1.3154198892277509,0.08309825331802975,2.0200396584723843,0.12761078696381262,2.512279494451111,0.15870676697624767,2.0711237329787813,0.13083789140294483,1.0179300279861025,0.06430509985315626,0.25102655137169694,0.015857953894617614,0.03002618513904844,0.0018968266781518184,0.2668921687882484,0.25245820249377815,-0.014433966294470338,-0.7988332653697524,-1.0274790974501782,-0.22864583208042596,0.9874635813535773,1.2081005703016507,0.2206369889480734,0.28067787720902465,0.22367998756109653,-0.05699788964792823,2.264420875799251,2.2714539633822812,0.007033087583029882,-0.952184946185089,-1.1508974765972122,-0.19871253041212336,-0.4019471353372378,-0.3716987499291734,0.03024838540806421,1.2688119559347641,1.5096837123741496,0.24087175643938502
softplus_cnn,20260920,49,9143,4,Coat,4,True,13.279291485948745,15.829693606115129,True,True,128,1.582969360611513e-07,2.5883162280138095e-10,6.448581022612567,24.39392940092049,0.753306161898781,23.64062323902171,0.9691191136320024,1.541023471957596,0.047588170727939624,1.4934353012296562,43.85070339028897,0.5562950537829386,0.5391161694399886,0.9876318893331044,0.9761904761904763,0.5,False,0.571014828972119,7.69242697318262e-10,4.440892098500626e-16,3.3306690738754696e-16,8.881784197001252e-16,7.142615388033846e-10,9.020562075079397e-16,1.7763568394002505e-15,0.5930895281523552,0.1992516476820912,0.7181001086750012,0.09543086995770589,0.7223502690580623,0.060482628720769205,0.6518882772938898,0.05183929947332706,0.38685955111122516,0.040387380783589485,0.2196005393405778,0.032012796674224894,0.06261817805878375,0.01761771646993156,0.0087379816306252,0.0087379816306252,0.09543086995770589,0.060482628720769205,2.5188117116710336,0.15911942292414288,5.83566355911818,0.3686529698126197,6.14964407529251,0.38848787780180766,5.875327323369836,0.37115862565401475,3.044558720141173,0.19233213199812263,0.8209622617099723,0.05186217005443671,0.14896174912098403,0.009410273681067269,1.356206318134768,1.3927716230017573,0.03656530486698904,-1.8663136579854929,-1.2713627580668085,0.5949508999186843,0.35833621723114273,0.22146864057646456,-0.13686757665467852,-0.010849729017338633,0.03394860664351607,0.04479833566085467,1.9537448922602565,1.814366527748037,-0.13937836451221947,0.6901526587966048,0.3595665023152313,-0.3305861564813738,1.1425736251604774,0.9960995612670994,-0.146474063893378,2.824730698032148,2.901722319841531,0.07699162180938403
softplus_cnn,20260920,50,1325,5,Sandal,5,True,19.546671125818488,15.829693606115129,True,True,256,1.582969360611513e-07,1.554019135596718e-10,23.719825023972852,164.69239525393297,2.8483501822499013,161.84404507168307,0.9827050291067895,10.404016612823831,0.17993716449126737,10.224079448332564,181.81581920160306,0.9058199444753313,0.8901538149011409,0.9894487810252793,0.9761904761904763,1.0,False,4.052755602808914,1.3064260784290127e-09,5.329070518200751e-15,8.881784197001252e-16,7.105427357601002e-15,1.4297896200332616e-10,2.886579864025407e-15,2.6645352591003757e-15,1.3321142705206401,0.3216401336986589,1.346092781537858,0.15177031652714587,2.927403289456934,0.2347809629748968,2.772223694629207,0.2164200783141784,2.3336760104902856,0.1698530700144687,1.5869977417570424,0.15348773005069852,0.47507364887844994,0.1159788384865982,0.0442775182494455,0.0442775182494455,0.2347809629748968,0.2347809629748968,5.726032416966479,0.36172730562229394,22.056534351474458,1.3933645780076156,38.84530296476851,2.453951663964126,45.21499052994905,2.8563402207912705,31.753210622942387,2.0059270515934613,17.005041739040767,1.0742495819673725,4.091282628601139,0.2584562108656763,1.9683705229351698,1.2592122107329569,-0.7091583122022136,8.688504281994053,9.98664551321395,1.2981412312198948,6.600808113755118,7.440767892311936,0.8399597785568156,2.6078110664482357,3.3180602389929152,0.7102491725446783,-1.5582833821706448,-1.738086945969561,-0.17980356379891588,0.5737560314194595,-0.8582514488565968,-1.4320074802760563,5.40889834530315,5.128141360515105,-0.28075698478804445,-0.5700399557116917,-0.8166637968248751,-0.24662384111318347
softplus_cnn,20260920,51,1435,5,Sandal,5,True,18.33404270971633,15.829693606115129,True,True,128,1.582969360611513e-07,6.842727540146143e-08,22.507196723431115,145.61665563486503,1.9663508893105721,143.65030474555445,0.9864963875132442,9.198956041613606,0.12421913766865052,9.074736903944954,193.32945889167644,0.753204692495699,0.743033708205031,0.9945555745646871,0.9047619047619048,1.0,False,1.9669720981138419,1.594605336663335e-09,4.440892098500626e-15,8.881784197001252e-16,0.0,5.672582403803972e-10,2.886579864025407e-15,2.6645352591003757e-15,1.2603791542413543,0.34446531230644817,1.846014908265462,0.16380897973501266,2.1045261140707843,0.16889857110536083,2.729256692208414,0.1424650935926141,2.957755483053691,0.17986971511183164,1.8904853207000398,0.1734110114455879,0.641224281320978,0.14701796590073204,0.04382632909199326,0.04382632909199326,0.17986971511183164,0.17986971511183164,5.499479567074431,0.3474154145946287,16.63878675873599,1.0511123697497406,33.46527744650969,2.1140824503123548,41.79151490257693,2.640070992052086,31.445786104943572,1.986506301852604,13.647176521219064,0.8621251213571852,3.1286343335836504,0.19764339168100106,2.1151483732830947,1.6686698372807567,-0.44647853600233733,7.066751132866708,7.728914943502373,0.662163810635662,6.723240435381375,7.193182628496396,0.46994219311502133,4.026746866124514,4.196944394554563,0.17019752843004765,-1.7293669317856686,-2.046609958163402,-0.31724302637773333,-1.7233167601501072,-2.5707097190692454,-0.8473929589191389,5.447257755205246,5.092021387477513,-0.3552363677277328,0.5807358525059522,1.2447832099194225,0.6640473574134709
softplus_cnn,20260920,52,3703,5,Sandal,5,True,12.974241782106112,15.829693606115129,True,True,256,1.582969360611513e-07,6.425926457609421e-11,17.14739569389851,112.97551005123876,1.7959080118580275,111.17960203938073,0.9841035635860947,7.136935992721646,0.1134518491984112,7.023484143523234,156.31163840532054,0.7227581465065962,0.7112688675880221,0.9925372119558085,0.880952380952381,1.0,False,1.7012271910374652,8.581158006393252e-10,1.7763568394002505e-15,2.7755575615628914e-16,3.552713678800501e-15,8.405365292674105e-11,1.4988010832439613e-15,2.6645352591003757e-15,1.0338290757294086,0.31483946646842864,1.4829213242092645,0.2263338196499071,2.467690772284885,0.22185097698120418,2.368571282990782,0.16325198986249942,2.128659125905313,0.1588366454166699,1.141258303440621,0.15105599538527287,0.28334882352804447,0.0891813117797905,0.00213431694356946,0.00213431694356946,0.2263338196499071,0.22185097698120418,6.616840645308772,0.4180018141824701,16.063171542506737,1.0147493654773845,27.633816547494497,1.7456949726948188,33.004838438789164,2.084995405472608,19.735563517665973,1.2467432414511155,8.50789297423489,0.5374641598210231,1.4133863850823358,0.08928703361234573,2.012361001514283,1.2896013789275786,-0.7227596225867052,8.18001238058674,8.826067358833228,0.6460549782464873,4.88423834236062,5.163192248927035,0.2789539065664144,1.0998609508100148,1.8391627037659224,0.7393017529559074,-1.3856209608536214,-1.2540235868064302,0.13159737404719096,-1.5380913683079138,-2.360974414802191,-0.8228830464942773,4.250359351976261,4.037923753486711,-0.21243559848954813,-0.3557240041878734,-0.39355374851739783,-0.03782974432952413
softplus_cnn,20260920,53,4857,5,Sandal,5,True,9.713075100002836,15.829693606115129,True,True,256,1.582969360611513e-07,2.2891466500141178e-11,13.886229151270241,138.67646126296776,1.6412909792701538,137.0351702836976,0.9881646029591292,8.760527191088274,0.10368431759387375,8.656842873494398,207.57595548912897,0.6680757457490323,0.6601688040447166,0.9929257186895231,0.7857142857142858,1.0,False,2.363768653203358,1.8372747767614328e-09,1.7763568394002505e-15,8.881784197001252e-16,1.7763568394002505e-15,8.848743959788408e-11,1.5543122344752192e-15,2.6645352591003757e-15,1.2351144253264617,0.3156069142998258,1.3169395568952396,0.1978157896866384,2.8151584774560123,0.2516709431240364,3.2651218756098648,0.1777007426114413,3.175099811444977,0.18361953654110824,1.9014069795149982,0.18050649090597876,0.5726991311445072,0.17336110292378853,0.06664891556823166,0.06664891556823166,0.2516709431240364,0.2516709431240364,4.940637892457047,0.31211203548175065,17.23975376448238,1.0890769078324127,31.841156206645177,2.011482786650065,37.90985388730262,2.394857085083299,27.568647718928283,1.7415781003037423,15.304822297739918,0.9668426110172815,3.8715894952981253,0.24457766471250597,1.9279172557126916,1.267698631831142,-0.6602186238815492,8.02320271955449,8.876414985961219,0.8532122664067272,4.898999921662985,4.986031400119506,0.08703147845652148,1.2674985304255608,1.9685457647882212,0.7010472343626599,-1.8726512137989109,-2.087031238154894,-0.2143800243559823,-1.465009350804861,-1.5714341442857573,-0.10642479348089673,3.1246862009456584,2.531666948268297,-0.5930192526773608,-2.018414912427371,-2.0856631973459816,-0.06724828491860979
softplus_cnn,20260920,54,4983,5,Sandal,5,True,24.854345860068698,15.829693606115129,True,True,128,1.582969360611513e-07,1.5793776064754184e-08,29.027499576441198,101.72709181868947,1.8034242810543655,99.92366753763511,0.9822719371131866,6.426346229429958,0.11392667008777031,6.312419559342188,113.38229573771848,0.8972043753110239,0.881298679723186,0.9929384503283418,0.9761904761904763,1.0,False,2.450969664639948,1.7990691159042171e-09,1.7763568394002505e-15,1.7763568394002505e-15,3.552713678800501e-15,7.955733849485114e-10,3.1086244689504383e-15,3.552713678800501e-15,1.3729077747020164,0.3112066130631781,1.5842664110748785,0.27821397392178093,1.4404944425690807,0.11045255978664166,1.5469030152124277,0.07305681731579117,1.418917812501898,0.08043319291946051,0.8448403145146959,0.10421037005825423,0.29240452456845817,0.08661761739700313,0.03480710715562744,0.03480710715562744,0.27821397392178093,0.11045255978664166,4.983621820186412,0.31482743407372094,12.852366844956013,0.8119150733271961,22.408812293687248,1.4156188269513035,27.30138601643732,1.7246945326781682,22.265416303484393,1.4065601557116114,9.934211873678526,0.6275681716189925,1.9812766660876302,0.12516203505810425,2.625782612973297,2.5132308773770062,-0.11255173559629095,8.452916603884203,9.713956292042313,1.2610396881581072,8.198322781817817,7.721654913658178,-0.4766678681596389,1.564770753807349,2.107155347101392,0.5423845932940429,-1.4546624205199654,-1.5751297725041968,-0.12046735198423142,2.312557032847007,2.0843296959556357,-0.2282273368913706,6.511307973051089,5.6769690355309645,-0.8343389375201243,0.8165042385804019,0.7853331880754776,-0.031171050504924913
softplus_cnn,20260920,55,6323,5,Sandal,5,True,12.581290852152074,15.829693606115129,True,True,256,1.582969360611513e-07,2.0615242846133697e-10,16.754444929267763,152.94057802793145,1.7887174394091827,151.15186058852228,0.9883044940559693,9.661625918574277,0.11299760335968775,9.548628315214591,169.1058953011085,0.9044071335041678,0.893829634498446,0.9922093875789884,0.8571428571428572,1.0,False,2.0888604579314003,3.5580527413259233e-09,4.440892098500626e-15,8.881784197001252e-16,0.0,5.243023792900203e-10,2.831068712794149e-15,2.6645352591003757e-15,1.4084782544529182,0.3502156540963521,1.6396009895380395,0.2232768980964994,2.3276119590739333,0.11958340767435328,2.551363271286121,0.12074438290356095,2.375812343137981,0.16038654121654145,1.256426826427381,0.1853108258826822,0.4457640995964412,0.1645263338188087,0.08624858764915662,0.08624858764915662,0.2232768980964994,0.1853108258826822,4.809888194858225,0.3038522611075763,17.424265916108304,1.1007329863527604,35.13404958023205,2.2195028188454327,46.45304799537666,2.934551302839589,31.607081090394033,1.9966956958777764,14.711824150319206,0.9293814849730205,2.8004211004714166,0.17690936856728504,1.6307654505520757,1.0212604223069335,-0.6095050282451422,6.860121743705543,6.410151638594827,-0.44997010511071894,5.249546897263248,5.527938828308743,0.27839193104549564,1.862825305840987,2.7257362192950536,0.8629109134540655,-2.242671416931769,-2.1271591757657973,0.11551224116597147,-1.3294000441468963,-2.058642349938067,-0.729242305791171,6.266399560367489,6.559122252727013,0.29272269235952475,-1.5431425673829144,-1.3039629057366386,0.23917966164627624
softplus_cnn,20260920,56,6699,5,Sandal,5,True,10.421090353922954,15.829693606115129,True,True,128,1.582969360611513e-07,5.30517407781872e-10,14.594244471067375,92.86123626845861,1.5149175902986438,91.34631867815997,0.9836862220322045,5.866268708611368,0.095701005211713,5.770567703399655,118.7189340836151,0.7821939860330568,0.7694334470171685,0.9924386715842883,0.9285714285714287,1.0,False,1.4395526620364256,4.192083347120956e-10,1.7763568394002505e-15,8.881784197001252e-16,1.7763568394002505e-15,3.0336089196225657e-10,1.27675647831893e-15,2.6645352591003757e-15,1.0862922934490076,0.28206695585287184,1.4755652960448844,0.16920011507493388,1.6482103002854454,0.09457964493677433,1.6304548925147093,0.07663498963506783,1.5407678149848008,0.07326632617811817,0.898285731583304,0.11206131163815573,0.25699116865476407,0.0812340659688967,0.04948676465099963,0.04948676465099963,0.16920011507493388,0.11206131163815573,4.310664306012933,0.27231508159751694,11.360214056664029,0.7176521756729072,22.52590091127031,1.4230155978867707,27.107888515800944,1.7124708279463454,17.014168306688777,1.074826129301459,8.314054758133459,0.5252189312698812,2.228345413741857,0.14076996492724472,1.2062673677768674,0.8639449771813938,-0.3423223905954735,5.597598456713786,5.862957115485871,0.26535865877208437,5.5269211343639935,6.003749628703981,0.4768284943399866,2.713680346172257,2.7469866326791705,0.0333062865069135,-0.5437867345688153,-1.0016656699062072,-0.4578789353373923,-1.93591252256161,-2.180901835782914,-0.24498931322130424,2.371104271043823,1.901377320051028,-0.4697269509927946,-0.3416278478729248,0.39779630295841323,0.7394241508313384
softplus_cnn,20260920,57,6794,5,Sandal,5,True,13.217296548387694,15.829693606115129,True,True,256,1.582969360611513e-07,1.6172441164030715e-10,17.390450451290025,151.71167643296533,2.4953572493237592,149.2163191836416,0.9835519763014,9.583993234989588,0.15763774785633147,9.426355487133257,173.93965548407294,0.872208674961168,0.8578625660052823,0.9837922575344903,0.8571428571428572,1.0,False,2.027555140154766,1.7334080837372312e-09,2.6645352591003757e-15,8.881784197001252e-16,0.0,2.149569411358243e-10,3.552713678800501e-15,2.6645352591003757e-15,1.2167853315720842,0.366807453490802,1.7968637061614627,0.31903983488507376,2.350662505951972,0.21905246734798609,2.458776847056046,0.12915359939158683,2.5644181247017324,0.17325709744332718,1.2425723324875098,0.17379257484894362,0.432929411969188,0.14102480051649904,0.14196546066774024,0.14196546066774024,0.31903983488507376,0.21905246734798609,4.896605708821809,0.30933041603093403,17.692042604235162,1.1176490868654965,37.77004889475482,2.3860252658436782,42.75936082819614,2.7012121581227495,35.39950360134926,2.236272190870085,10.9496622506137,0.6917166259228015,2.244452544933339,0.14178749132998317,1.8714294420018796,1.132083649651608,-0.7393457923502716,5.961724646663805,5.617309440479893,-0.34441520618391464,5.906555942338285,6.8067229042442,0.9001669619059175,0.004867870300114166,-0.07548436675785875,-0.08035223705797301,-2.033617739833434,-1.1100286002307114,0.923589139602722,0.4471509243826387,-0.3903851362780474,-0.8375360606606864,6.0859822198558255,5.5922742668923915,-0.4937079529634376,-0.8536428544190887,-0.1820417064964931,0.6716011479225956
softplus_cnn,20260920,58,7277,5,Sandal,5,True,26.926188886734067,15.829693606115129,True,True,256,1.582969360611513e-07,1.622004197621152e-10,31.09934281346928,200.44719749559604,1.7616740331869556,198.6855234624091,0.9912112812990281,12.66273387743663,0.11128920603405791,12.551444671402573,186.7006017037623,1.0736290920671239,1.0641932679877661,0.9949926201780449,0.9523809523809524,0.5,False,3.142733395027773,1.639106850248595e-09,2.6645352591003757e-15,1.7763568394002505e-15,3.552713678800501e-15,7.865281759222853e-10,2.886579864025407e-15,8.881784197001252e-15,1.8794113746760002,0.46992339285278467,1.395828120445188,0.15241092466990433,1.9526246217408751,0.17513642513907854,2.8477109576826733,0.18122861483515804,3.0386807985530613,0.19938374201407305,1.9014108188058376,0.23917728403782818,0.623628265981747,0.20474519617123269,0.03444461728329552,0.03444461728329552,0.23917728403782818,0.23917728403782818,7.4934907347543565,0.47338191889320996,26.470610653512747,1.672212445305129,50.08698449145828,3.164115853266377,59.572657845882816,3.7633487626614235,40.111493942567535,2.533940007977929,14.569590975501631,0.9203962715913395,2.142368851473698,0.13533861771311131,2.497267239482354,2.173081180353824,-0.3241860591285297,7.680661322733068,8.198873667126579,0.5182123443935098,4.085853130762819,4.916320203210711,0.8304670724478924,5.0880019802032574,5.217331784424053,0.12932980422079887,0.5289539198655419,-0.007361167316055495,-0.5363150871815973,8.076815511536607,7.300424439652748,-0.7763910718838609,5.282984019768017,5.158202205168315,-0.12478181459970328,-2.1411943108823834,-1.8575294983643649,0.2836648125180188
softplus_cnn,20260920,59,7584,5,Sandal,5,True,15.702743568890952,15.829693606115129,True,True,256,1.582969360611513e-07,3.2588332032901235e-10,19.875897436050455,86.94674398713343,2.5621514773077627,84.38459250982567,0.9705319445005679,5.4926359379151375,0.1618573006566586,5.330778637258479,112.89382573413755,0.7701638545928197,0.7474686233820218,0.9771861499331344,0.9047619047619048,0.5,False,1.0359712240287022,1.1132075261599539e-09,1.7763568394002505e-15,4.440892098500626e-16,3.552713678800501e-15,9.344240936570714e-10,2.220446049250313e-15,3.552713678800501e-15,1.3843101874327395,0.31557365194490955,1.3527582411869574,0.1614476775776159,1.7165606033797052,0.0924172442841251,1.7229406831505485,0.12271912879037485,1.332531066136051,0.09790988090781012,0.6764147571119802,0.06278350028043753,0.27186268028014426,0.07198623092124312,0.05870776576219489,0.05870776576219489,0.1614476775776159,0.12271912879037485,4.602966707325647,0.2907805306823808,14.11302284035692,0.8915537591267688,24.35385212200417,1.5384916933955117,24.303855666549197,1.5353332964802575,13.75284612174703,0.868800525389462,4.957876632134409,0.31320104832724904,0.8623238968999186,0.05447508450617114,2.0852110702488402,1.8804675246000282,-0.20474354564881156,8.11300309075343,8.779172655132342,0.6661695643789138,4.525528189772656,4.393105279097439,-0.13242291067521705,2.3392607311839435,2.0901726951881416,-0.24908803599580215,-2.4269266811160204,-3.209528128225623,-0.7826014471096016,2.89359289026299,2.7263344255196857,-0.1672584647433033,3.713235876027533,2.6871988033597183,-1.0260370726678165,-1.3670077310829143,0.5289741823131459,1.89598191339606
softplus_cnn,20260920,60,430,6,Shirt,6,True,10.01609522597537,15.829693606115129,True,True,64,1.582969360611513e-07,1.4328517539130559e-08,-2.2117026993446096,27.64049624620871,1.3964862752700045,26.244009970938706,0.9494768016163403,1.7461169454051202,0.08821941283377281,1.6578975325713474,52.91777564952143,0.522329140009094,0.49593940124684827,0.9568323758363645,0.8095238095238096,0.5,False,0.7111706171244954,1.6941426039807084e-10,1.1102230246251565e-15,2.220446049250313e-16,4.440892098500626e-16,2.7068125518781017e-11,1.1102230246251565e-15,0.0,0.600645353554168,0.237577750966658,1.0285140354650018,0.2229630391051167,0.8212575271577836,0.08922761394072072,0.7611311757354168,0.13378588720045262,0.44226331671066516,0.03716662336347712,0.2197474185141044,0.020763908442383204,0.058578361934376315,0.017138260382987252,0.011451936248323547,0.011451936248323547,0.2229630391051167,0.13378588720045262,3.678789017019942,0.2323979925675124,4.979180760298875,0.31454688158811744,6.901252846370712,0.435968820249604,5.883919157982116,0.37170139260996904,4.090612292745015,0.2584138641296747,1.7786169417858515,0.112359530515408,0.32812522978872916,0.0207284637310966,-0.8913534970082162,-0.33353954349820925,0.557813953510007,-0.25579617906127594,-0.18938083294938376,0.06641534611189229,-1.2889257590343048,-1.434483723679105,-0.1455579646447991,-0.3771518508415589,-0.026093347803951613,0.3510585030376074,-1.1519010605502427,-1.6491543927012995,-0.49725333215105716,0.3521160846674173,0.7733145572914495,0.4211984726240324,2.6003159933448323,2.4225084303464013,-0.1778075629984308,-1.1990064308612602,-1.7748738463234428,-0.5758674154621829
softplus_cnn,20260920,61,3174,6,Shirt,2,False,8.758242532475716,15.829693606115129,True,True,128,1.582969360611513e-07,4.00510735687476e-11,-3.469555407747592,21.07263408871035,0.6469394003446831,20.425694688365667,0.9692995475733488,1.331209220661721,0.04086872534884475,1.2903404953128763,47.828747788229954,0.440585109650227,0.42705894745151934,0.9980886709369947,1.0,1.0,False,0.4076530164779073,4.117989838015035e-10,1.3322676295501878e-15,4.440892098500626e-16,2.220446049250313e-15,7.307798810529675e-11,6.38378239159465e-16,0.0,1.3211577029697816,0.3429410875261259,1.073560226430737,0.22020651159619373,0.6896491772597182,0.07442849721142258,0.678125945223867,0.06552480384935463,0.34477540848614024,0.05549595315452057,0.18588096396979029,0.0285333273400893,0.04606217326433607,0.009123575009921432,0.0034036887107611103,0.0034036887107611103,0.22020651159619373,0.07442849721142258,2.7784629375005525,0.17552221834712023,4.144557845601378,0.26182173507137907,5.404288578787056,0.3414019698207765,4.771909556998377,0.3014530587727202,3.0227801677603097,0.19095632821298494,0.8605918641401983,0.05436566781101469,0.09004313776745074,0.005688242615932023,0.5873246053740853,0.6102964103527965,0.02297180497871104,-1.8556744204812805,-1.9714061977574762,-0.11573177727619544,-3.079402013093227,-3.563248830400423,-0.4838468173071965,-0.4674834387034219,-0.48065552034207926,-0.013172081638656963,1.547538123503628,1.8212652231123954,0.27372709960876673,-1.326564634598142,-1.3607533586842366,-0.034188724086095024,-1.0939206102890275,-0.976312999416082,0.11760761087294519,2.2186269805397916,2.4512598654605915,0.23263288492079928
softplus_cnn,20260920,62,4412,6,Shirt,6,True,11.015148968693888,15.829693606115129,True,True,64,1.582969360611513e-07,8.147038599304324e-12,-1.2126490885777983,0.7149923395083717,0.14141805697213075,0.573574282536241,0.8022103886184715,0.04516779397626274,0.008933720417525952,0.03623407355873679,4.045937333612635,0.1767185896747323,0.14176548849907522,0.9979054373965258,0.9761904761904763,1.0,False,0.04859377548030186,1.1131101596006943e-10,3.3306690738754696e-16,1.1102230246251565e-16,0.0,8.05067124076686e-11,2.636779683484747e-16,0.0,0.26603816739630237,0.11817139081841442,0.14158380647568913,0.024305976525398145,0.05893290139349427,0.007645185297755616,0.03402356097917182,0.002646221126340989,0.015695458741147354,0.0009569180194829403,0.004276233511147247,0.0004791400686772069,0.0010396719072005218,0.0002784207726420342,4.0005989486848185e-05,4.0005989486848185e-05,0.024305976525398145,0.007645185297755616,0.2397224519886595,0.01514384661848748,0.18368607556038408,0.011603893298947036,0.17010850278148898,0.01074616521420066,0.07781931074708039,0.004916033922287555,0.035163778337615206,0.0022213808562934647,0.007500553084887437,0.0004738280646183775,0.000991666895786874,6.264599432321202e-05,0.11622586386111705,0.1257533689703175,0.009527505109200488,-0.42302972236813424,-0.4212934773403413,0.0017362450277931159,-1.8011863844552007,-1.8145352578067089,-0.013348873351508354,-0.2712246072724339,-0.24918259259749984,0.02204201467493408,0.7049099526234052,0.6864648730970103,-0.01844507952639473,-0.30042916099452194,-0.2657926920617344,0.03463646893278759,0.674876118162324,0.5652520140278434,-0.1096241041344808,0.08720885186564624,0.16068467505280862,0.07347582318716236
softplus_cnn,20260920,63,4542,6,Shirt,0,False,6.407539294410739,15.829693606115129,True,True,64,1.582969360611513e-07,1.3322748793065387e-07,-5.820258725778849,49.789745770093745,1.1540178035882422,48.635727966505506,0.9768221792311018,3.145338564914459,0.07290209351509094,3.072436471399368,79.78965230282091,0.6240125672077087,0.6095493157674284,0.9891585798135981,0.9523809523809524,0.5,False,1.0405598421441737,2.752434946629023e-10,8.881784197001252e-16,8.881784197001252e-16,0.0,9.828138303191736e-11,1.2212453270876722e-15,0.0,1.2161676703110424,0.2677064814953249,0.9785217203059446,0.14068619343724253,1.1360497019850877,0.08602790829848808,1.249649861095949,0.08810588857003034,1.0044616299280624,0.10963756115154973,0.5094719047580468,0.07600168455615419,0.1623253448344408,0.040264482992545515,2.4997091115957005e-05,2.4997091115957005e-05,0.14068619343724253,0.10963756115154973,4.449916864940878,0.28111200227033084,8.421467077240932,0.5320044270463742,12.774584390090228,0.807001367679998,13.568666944387953,0.8571654816582347,7.717239327659714,0.48751665823010537,2.502281494803742,0.1580751691768116,0.3555896708239625,0.02246345884335977,1.309433249305077,1.510803436496647,0.20137018719156982,-2.81661069627748,-2.7978661685646187,0.018744527712860642,-1.8375096321812188,-2.2726271696284024,-0.43511753744718396,0.12093037812893286,0.22231149093612532,0.10138111280719239,0.8373691120521438,1.2851132644025984,0.447744152350455,-2.699023014923143,-3.41792328101506,-0.7189002660919169,-2.178503551876527,-1.9001926936655364,0.27831085821099155,1.443655429993365,1.5501223953576788,0.10646696536431416
softplus_cnn,20260920,64,5260,6,Shirt,6,True,7.3106741439762235,15.829693606115129,True,True,128,1.582969360611513e-07,1.133362292904394e-10,-4.917123975085613,113.91829656247856,3.029132881801732,110.88916368067683,0.9734096016776339,7.196494095026013,0.19135764451129714,7.0051364505147165,174.1002887114389,0.654325718846403,0.6369269373497086,0.9326747622369888,0.4761904761904762,0.5,False,1.6988009429111408,6.317475431671937e-10,8.881784197001252e-16,4.440892098500626e-16,8.881784197001252e-16,2.1728752130911744e-10,7.771561172376096e-16,0.0,1.7159050445832114,0.3176586725197094,2.298987526664729,0.21286699278163293,2.331548571559201,0.12926062858707948,2.930405429551139,0.15992843170206036,1.9770578615231804,0.12461088922509674,0.9385487865966731,0.12866950917209122,0.4391174931473131,0.0945180275711928,0.0826703091211466,0.0826703091211466,0.21286699278163293,0.15992843170206036,6.621689635603603,0.41830813661772925,16.617141520109517,1.049744987716641,25.611931968289845,1.6179676376298127,30.746760152493465,1.9423471431320543,24.672397933747323,1.5586150021385248,8.512616131037207,0.5377625330504641,1.1357592207317584,0.0717486547113588,0.6068708084679745,0.6044828122043405,-0.002387996263633785,-1.3623835183698882,-2.1512009464746162,-0.7888174281047285,-0.2342567060493217,-1.2639888905776124,-1.029732184528291,-1.6999861578575732,-2.3817533205255748,-0.681767162668001,1.0605208182457995,3.2634918496746725,2.2029710314288735,-2.6435113903314877,-3.1699395004599213,-0.526428110128434,-1.981557032848705,-1.859597298246365,0.12195973460233991,1.3371792036575885,2.041381319536751,0.7042021158791619
softplus_cnn,20260920,65,5777,6,Shirt,2,False,5.148955758457312,15.829693606115129,True,True,128,1.582969360611513e-07,1.9578616505810942e-10,-7.078842240857167,204.50180492846863,4.778564892955874,199.72324003551276,0.9766331407459835,12.918873227556853,0.30187349242880346,12.616999735128049,291.3547258827376,0.7018997351385852,0.6854985428171704,0.9095940177481773,0.4761904761904762,0.5,False,3.3567794733798797,1.3864253078921251e-09,1.7763568394002505e-15,8.881784197001252e-16,8.881784197001252e-16,1.3243628416148567e-10,1.3322676295501878e-15,8.881784197001252e-16,2.2258339361102233,0.5014529721129719,3.513039075626993,0.36988299491204124,4.151562502011363,0.23304255945646513,4.754397467663116,0.1984026684567514,3.4773725665194934,0.20561800333356464,1.749028650854108,0.311371853869108,0.5875693200525104,0.26441894460179105,0.17261255502049935,0.17261255502049935,0.36988299491204124,0.311371853869108,11.47663301213607,0.725006642434479,24.289420328761622,1.5344213813069911,42.45785529120492,2.6821653247162747,55.14058581347272,3.4833640615868586,45.18867779752392,2.8546779818951897,21.896093280980768,1.38322912785388,4.052539403728981,0.25600870772150985,0.9320596130171515,0.28822359529036135,-0.6438360177267899,-1.5672059756824124,-2.7855507995283153,-1.2183448238459016,-0.6849549454553392,-1.1657685628936332,-0.48081361743829504,-0.7458802812597556,-1.7232125844017216,-0.9773323031419661,0.3284386113802535,2.7733626725454026,2.4449240611651506,-4.525253506097258,-5.983491636833961,-1.458238130736703,-2.492393274796873,-1.4152758979525322,1.0771173768443396,1.676347518037066,2.932870973049668,1.2565234550126023
softplus_cnn,20260920,66,6206,6,Shirt,6,True,13.896231094440417,15.829693606115129,True,True,64,1.582969360611513e-07,1.5396082053698024e-07,1.66843339123038,89.14905126006758,1.86283973834108,87.2862115217265,0.9791042112954543,5.631761010562367,0.11768008811120963,5.514080922451158,136.39578442849563,0.6536056200974689,0.6399480151638086,0.9722052605530496,0.8333333333333335,1.0,False,1.233263183297142,1.1308027847434232e-09,1.7763568394002505e-15,4.440892098500626e-16,8.881784197001252e-16,4.132467701367659e-10,9.43689570931383e-16,0.0,1.7438893447528205,0.39543753201499954,2.0374499799321004,0.2970640218778277,2.192227672863623,0.15807128428634862,1.8349185448775078,0.16861720465197866,1.4504955612917854,0.06590114192298305,0.6971891710336555,0.06019791410955055,0.318624352356874,0.059164256048438765,0.08554604149098272,0.08554604149098272,0.2970640218778277,0.16861720465197866,8.241481555395783,0.5206343066685787,18.03874121088804,1.139550875698538,22.454519944617658,1.418506289720182,21.081034443570438,1.331739891378989,13.491188619646497,0.8522709886459678,5.184302723058608,0.32750493168458256,0.6577827623890535,0.04155372673384829,1.5758849757369982,1.2778489914828057,-0.2980359842541924,-1.0716380345720964,-1.1658893611332073,-0.09425132656111049,-0.16588252402646353,-0.8940444081406498,-0.7281618841141858,-1.1455584832703851,-0.6557955254810818,0.4897629577893041,2.6539660248749195,2.982537577466463,0.32857155259154314,-0.33184857478229624,-1.0742391179872648,-0.7423905432049681,-3.5758879814677513,-2.848680822357811,0.7272071591099398,3.729397988737456,4.046696057794373,0.31729806905691577
softplus_cnn,20260920,67,6466,6,Shirt,6,True,7.2373231980312305,15.829693606115129,True,True,128,1.582969360611513e-07,1.4887905352978237e-09,-4.990474676130357,155.02635165356503,5.561896728305582,149.46445492525945,0.9641228947918824,9.793389279099957,0.3513584575103197,9.442030821589636,231.16951702196423,0.6706176214350763,0.6465578024764325,0.9697214896988094,0.38095238095238104,0.2,False,2.5837049763545648,1.7666561547002857e-09,1.3322676295501878e-15,8.881784197001252e-16,8.881784197001252e-16,4.390665608866584e-10,1.3322676295501878e-15,0.0,1.607461603331126,0.30041200322216305,2.3752310277549302,0.2064863093880732,3.055037144712558,0.13565515184540639,3.8781303418820157,0.14143521640349893,3.377633803812033,0.19907342586701535,1.6564100349821647,0.15234546165875973,0.26087860147505026,0.07997971327090588,0.0002160925330472455,0.0002160925330472455,0.2064863093880732,0.19907342586701535,10.207578105047897,0.6448373770863534,23.14750797554381,1.4622840183464925,36.075099872302516,2.2789512399890315,40.19369102668536,2.539132596423612,30.790742096569115,1.94512558882848,12.51347558332592,0.7905064933469004,2.0982569935816398,0.13255196504694616,0.828017530798272,1.9002280055170713,1.072210474718799,-2.531659418191208,-3.505724320650187,-0.9740649024589797,-1.5167079186167447,-3.5864780637073768,-2.069770145090631,-0.7186870426315333,-0.7388980427929676,-0.020211000161434567,1.4699891829138045,3.8758877069408757,2.40589852402707,-2.21180423878327,-3.9283713564691283,-1.7165671176858588,-2.369600935110941,-3.1508844978000874,-0.7812835626891463,2.0599781634912624,4.143765893270509,2.083787729779246
softplus_cnn,20260920,68,7419,6,Shirt,6,True,14.300666192104043,15.829693606115129,True,True,64,1.582969360611513e-07,9.271095979812571e-08,2.072868563474188,54.89557847940626,2.436825482208336,52.45875299719793,0.95560980410977,3.467886356195782,0.15394015467658656,3.3139462015191956,94.83660368912267,0.5788437833492611,0.5531487944165456,0.956208287774907,0.8095238095238096,1.0,False,0.6259560732956351,1.0566201802397757e-09,2.220446049250313e-15,8.881784197001252e-16,8.881784197001252e-16,6.330225232886733e-11,1.887379141862766e-15,0.0,1.4287195463936937,0.3308150590591483,1.5866816873457594,0.21635857434784692,1.463104622190385,0.09610691331646694,1.4310790464269518,0.10135809228901431,0.931794116445133,0.0493321842523968,0.4335492378126313,0.041361767710590164,0.13804135820346264,0.052417345469562775,0.006807373931135995,0.006807373931135995,0.21635857434784692,0.10135809228901431,6.811458476330381,0.4302962928921798,11.294323896963155,0.713489735050846,12.533408619630373,0.7917657114215163,12.593733458765758,0.795576577293998,7.93877941209624,0.5015118807498227,3.034766427213491,0.19171352918929133,0.6891081878963586,0.04353262956587808,0.6061720015778888,-0.39149786561880223,-0.9976698671966912,-1.8082008550339936,-1.979425131160475,-0.17122427612648225,1.2718575693263738,0.5449653280510001,-0.7268922412753742,-0.7190847817360415,-0.7008377344283059,0.01824704730773591,2.2081797156201803,3.039231028491767,0.8310513128715866,-0.5757976391920839,-1.1168367367702212,-0.5410390975781376,-2.770129655292197,-2.0876887241866537,0.6824409311055449,3.8598722082040613,4.76495839915918,0.9050861909551193
softplus_cnn,20260920,69,9004,6,Shirt,6,True,8.910058299407083,15.829693606115129,True,True,64,1.582969360611513e-07,8.190568223653827e-10,-3.3177399160319716,11.972743838230016,0.6109835365229006,11.361760301707116,0.9489687957265087,0.7563471622473386,0.03859730653831942,0.7177498557090192,26.959162787611362,0.4441066635693855,0.42144336570155755,0.9972377364219174,0.9761904761904763,1.0,False,0.1963973254396759,4.0134484624587685e-10,8.881784197001252e-16,2.220446049250313e-16,2.220446049250313e-15,5.433609118199456e-11,7.806255641895632e-16,0.0,0.8414031278523276,0.1823545455647094,0.45487831538765466,0.050301188683275364,0.39293717946391266,0.05207094313753433,0.4438120271983701,0.035847768324727906,0.2946089452854591,0.026539859763847526,0.10084641314610948,0.027257931661486812,0.015975122366860925,0.004577512901644977,1.7461429529065437e-05,1.7461429529065437e-05,0.05207094313753433,0.05207094313753433,1.354033433528848,0.08553756422712912,2.522771234432443,0.15936955554577997,3.3159840120126214,0.2094787236268194,2.963436227044868,0.18720742806418378,1.4464241711492956,0.09137411039911292,0.3488192000761424,0.022035751844330768,0.021275559889815495,0.0013440285339191018,0.42882182970481486,0.2843757038416837,-0.14444612586313144,-1.3852766000695433,-1.3764015922353032,0.008875007834240892,-2.780349186249934,-2.9024078884539617,-0.12205870220402758,-0.05235654268353991,-0.08530582873062931,-0.032949286047089445,1.3629758299690597,1.7304513621533995,0.36747553218434015,-2.0770543972865085,-2.332753342411342,-0.25569894512483293,-0.8318512086630628,-0.8876816859740502,-0.05583047731098746,2.0173503592467443,2.2519833557238953,0.2346329964771514
softplus_cnn,20260920,70,60,7,Sneaker,7,True,15.224174465319575,15.829693606115129,True,True,128,1.582969360611513e-07,4.180477031212604e-08,23.523664262320306,120.1231629358068,2.494683369902686,117.62847956590412,0.9792322870216477,7.5884704988479585,0.1575951772647685,7.43087532158319,199.40081869793784,0.6024206105080003,0.5899097121767264,0.9861623165419829,0.7619047619047621,1.0,False,1.5667167855363375,1.1997352000747696e-09,1.7763568394002505e-15,4.440892098500626e-16,0.0,7.71894548279306e-10,2.6645352591003757e-15,3.552713678800501e-15,1.3764061031776844,0.31938805451390945,1.8533568430933998,0.24896018431264372,2.077040797007814,0.12778114771784316,2.688560387123933,0.13300743620180616,2.8570917301303793,0.1632453329001528,1.8217740889137521,0.16018004792789672,0.9843375589755821,0.21341203755188143,0.31447019480757576,0.31447019480757576,0.31447019480757576,0.31447019480757576,6.971777392197157,0.44042402624292787,16.079062563706024,1.0157532396896527,29.91190346539363,1.889607228647713,34.477564900239635,2.178031095113597,22.03094761725052,1.3917482021723908,8.889044912079724,0.5615424488472613,1.7628620846405463,0.11136425811549122,2.083661182238174,1.720495226752593,-0.36316595548558084,8.07737198743236,8.556158538187656,0.4787865507552942,2.315392582623417,2.9430022916969727,0.6276097090735554,4.4119508660532585,4.843754346395779,0.43180348034252025,3.1787243134629737,1.8925086512895097,-1.286215662173464,2.38566503987498,2.7743312222796863,0.3886661824047064,-3.068939991516325,-2.5011225438037714,0.5678174477125537,4.1398382821514685,3.294536530293772,-0.8453017518576975
softplus_cnn,20260920,71,1722,7,Sneaker,7,True,14.844998953059982,15.829693606115129,True,True,256,1.582969360611513e-07,7.680922564645698e-11,23.144488725389714,118.8697662998005,2.253080308866541,116.61668599093396,0.9810458085432416,7.509290404324707,0.14233252802796886,7.366957876296738,159.6158477404473,0.7447240858758314,0.7306084429696815,0.9907892246066892,0.9047619047619048,0.5,False,1.320422002678718,7.285815284419073e-10,3.552713678800501e-15,1.3322676295501878e-15,0.0,4.042135515192058e-10,3.3306690738754696e-15,3.552713678800501e-15,1.2119077325039413,0.3226162365111152,1.734349719366674,0.26665530209260013,2.0511928601051514,0.1298964845105746,2.5544442075816165,0.141485984584292,2.0468210874903527,0.16160874166413744,1.1413187572435741,0.1442297092698281,0.4247771557276935,0.12982741523938776,0.1304150506200279,0.1304150506200279,0.26665530209260013,0.16160874166413744,6.950777736000463,0.4390974272120672,18.78286440922644,1.1865589364263172,29.65198195382773,1.873187358621581,31.013079338798782,1.959171169732445,21.770681980184325,1.375306592906773,9.073590518640831,0.5732006407967135,1.6267903629200666,0.1027682786160577,2.477345944588609,2.068831155111732,-0.4085147894768759,7.590787240439071,7.731985947119193,0.14119870668011836,2.5337663844869733,3.0631908170038025,0.5294244325168288,4.31028201770768,5.493138945440848,1.1828569277331689,4.4552003241324805,3.989877041541581,-0.4653232825908997,2.144653586855627,2.5442538289941576,0.3996002421385304,-4.1688170716728346,-5.370728747583283,-1.2019116759104502,3.8012702988521054,3.6239397381658955,-0.1773305606862095
softplus_cnn,20260920,72,2164,7,Sneaker,7,True,13.39123997090349,15.829693606115129,True,True,128,1.582969360611513e-07,1.1767013491370548e-07,21.690729888561844,139.02679468814952,3.2792440324979104,135.74755065565162,0.9764128631473267,8.782658600191885,0.207157770333035,8.57550082985885,182.67887866245647,0.7610447124817054,0.743093846697396,0.9717940427414703,0.7619047619047621,0.5,False,1.592707495482204,1.4043557428067288e-09,1.7763568394002505e-15,3.552713678800501e-15,3.552713678800501e-15,1.8960122361022513e-10,2.220446049250313e-15,3.552713678800501e-15,1.304893680260196,0.28648397541208587,2.200032724391477,0.23856891672539518,2.2848226536528924,0.16110676061619433,2.47268048684281,0.10463491308545013,2.512623817195307,0.14045218654115404,1.350348132451084,0.26701997963525953,0.5813746551265332,0.1776413490174352,0.1383837671978398,0.1383837671978398,0.26701997963525953,0.26701997963525953,8.389724203781844,0.5299991530184027,20.095394115126936,1.2694746098789895,35.06618226065977,2.2152154762561826,38.07975606623367,2.4055902163212544,23.83100063828857,1.5054619016177595,10.770582313642349,0.6804037135299695,2.794155090220051,0.17651352955692384,2.216231968452072,2.0554257487645895,-0.16080621968748293,7.7219993655554315,8.960541514984985,1.238542149429553,3.3398204329705385,4.411064923501707,1.0712444905311684,4.208434716459407,4.743393889278431,0.5349591728190229,2.3341265715298967,0.4222962914756615,-1.9118302800542348,2.1983229975972285,2.165200840447008,-0.03312215715022049,-3.3620752811091577,-2.9275770612961955,0.43449821981296244,3.0338691171064287,1.860383741595256,-1.173485375511175
softplus_cnn,20260920,73,5110,7,Sneaker,7,True,16.2907011758265,15.829693606115129,True,True,256,1.582969360611513e-07,1.8221468778278904e-10,24.590191107039477,143.25425931019774,2.06177107714558,141.19248823305216,0.98560761064227,9.049717756688452,0.13024706153182286,8.91947069515663,198.8235689067397,0.7205094451221358,0.710139592652016,0.9916771815112394,0.880952380952381,0.5,False,1.7017447488297934,9.70917790610315e-10,2.220446049250313e-15,8.881784197001252e-16,3.552713678800501e-15,1.0642828840445873e-09,2.220446049250313e-15,3.552713678800501e-15,1.3605282897719149,0.31646235261956285,1.8588409716545422,0.26282826157170197,2.0728550169658635,0.11346211925853249,2.7953976704494448,0.10473564800768183,2.8016030652585386,0.1382153147010212,1.9408485558842383,0.17046452800647677,0.8599424881057367,0.21387897943716072,0.2306775674107289,0.2306775674107289,0.26282826157170197,0.2306775674107289,6.999359669485121,0.44216646535604553,18.87228879700768,1.1922080911103152,35.050448754537065,2.2142215526519613,41.323306167795465,2.610493114777153,27.768288153741643,1.7541898690328754,10.723562918309597,0.6774333846971621,2.5170048490951067,0.15900527904865885,2.1493300801863002,1.570531671296924,-0.5787984088893762,8.236518734298903,8.537864647633732,0.30134591333482796,3.456934495203645,3.081973635930463,-0.374960859273181,4.612856970127044,5.390274353900951,0.7774173837739051,3.718991623153476,2.9580936479352293,-0.7608979752182443,2.2347621445888137,3.217769925157799,0.9830077805689846,-3.803290813000967,-4.008066837576481,-0.2047760245755142,3.984087872482264,3.841750063825139,-0.14233780865712609
softplus_cnn,20260920,74,5313,7,Sneaker,7,True,11.358202981103528,15.829693606115129,True,True,128,1.582969360611513e-07,4.395096020459732e-08,19.657692878365502,107.5820143395168,2.6366270953583597,104.94538724415844,0.9754919341160738,6.796215834396003,0.166562105430759,6.629653728965244,142.57423008669946,0.7545684397109922,0.7360754266766238,0.9869069419474393,0.9523809523809524,0.5,False,1.3117175503398535,8.40824687653452e-10,2.220446049250313e-15,8.881784197001252e-16,0.0,2.6264501684636343e-10,2.6645352591003757e-15,3.552713678800501e-15,1.330291156989852,0.2769382876553577,1.6324383468879329,0.17751408321702694,1.8123715493991994,0.10645182539717446,2.041709615441548,0.10823277471901387,1.9576761390404116,0.16833115196784765,1.089408617416767,0.10471041896148664,0.3836385807014432,0.09667663903371412,0.08951581835702066,0.08951581835702066,0.17751408321702694,0.16833115196784765,5.369479568614445,0.3392030005268185,14.184307005197109,0.8960569520889277,23.660102627385445,1.4946658612675467,30.267044321772943,1.9120423347979747,23.02510056570395,1.45455124645048,9.324943468469266,0.5890792140706357,1.7510367821900206,0.11061722518202008,2.2821384401813942,2.229714153840774,-0.05242428634062024,6.559227793186003,7.6236495258380375,1.0644217326520318,1.1583898039948095,1.955106199765783,0.7967163957709733,3.9869342275417834,4.76242319460846,0.7754889670666749,3.9169879990224583,3.0717912503334204,-0.8451967486890384,1.7784143506549732,1.0711724731041028,-0.7072418775508705,-4.090926898630885,-4.970759450730969,-0.8798325521000834,4.066527162414967,3.9145955318685384,-0.151931630546427
softplus_cnn,20260920,75,5523,7,Sneaker,7,True,17.52377070757215,15.829693606115129,True,True,256,1.582969360611513e-07,1.4745615839473203e-10,25.82326065183417,110.12869587625892,1.8577739936822146,108.2709218825767,0.983130881747936,6.957095861521627,0.11736007277895402,6.839735788742673,164.12227732957948,0.6710161330207829,0.6596966825238125,0.9913583919037084,0.9047619047619048,1.0,False,2.2630375319789744,1.1114557052493979e-09,2.220446049250313e-15,1.7763568394002505e-15,7.105427357601002e-15,8.969820441961929e-10,1.3322676295501878e-15,3.552713678800501e-15,1.287381400586754,0.30760070575468085,1.8310122078199864,0.3034429578625859,1.8976975141596228,0.13590113228145503,2.3094540852243983,0.1348465915403487,2.280018990125289,0.17763284823495898,1.504523556875991,0.1650277073646273,0.5144506398607146,0.10995572802948432,0.030843891698319303,0.030843891698319303,0.3034429578625859,0.17763284823495898,5.625012362229593,0.3553456246339859,14.675417845727367,0.9270816107304909,25.799995412142373,1.6298480598623617,28.14323226095369,1.777875994395858,21.994894436788044,1.3894706356344921,10.781587587265172,0.6810989432606683,3.1085559709551562,0.19637499299129188,2.0740857403888846,1.4239394038147868,-0.6501463365740967,7.827578480700966,7.779191116114268,-0.04838736458669801,4.198248302484618,3.947324590276666,-0.25092371220795173,4.550989225634744,5.103123244000338,0.5521340183655944,3.5126295086819126,3.0777387148789632,-0.4348907938029487,2.598482618213267,3.9041225939783755,1.3056399757651085,-3.5415496664461847,-3.768215591200317,-0.22666592475413072,4.602796442175968,4.356036580868068,-0.24675986130790062
softplus_cnn,20260920,76,7928,7,Sneaker,7,True,17.121162303040276,15.829693606115129,True,True,128,1.582969360611513e-07,1.7769896887287473e-08,25.42065219241124,127.91688656737261,2.2190911074444646,125.69779545992814,0.9826520863117185,8.080818855391955,0.14018534803397667,7.940633507357979,183.00108656879164,0.6989952298413681,0.6868691209255596,0.9910421326641514,0.880952380952381,1.0,False,1.4304318599540815,7.908218524477206e-10,1.3322676295501878e-15,0.0,3.552713678800501e-15,8.315268473779724e-10,1.3322676295501878e-15,3.552713678800501e-15,1.3916681551214294,0.32002377791285297,1.8072318052582832,0.24515295825108996,2.0513075391072397,0.11701298963165685,2.579868124860579,0.10117073538794123,2.724215964194677,0.13417721444058792,1.5546161878015705,0.14143191691566306,0.663040417694395,0.2152582448259584,0.18034085004960562,0.18034085004960562,0.24515295825108996,0.2152582448259584,6.397819552085396,0.4041657224252193,16.06049215554836,1.014580102128071,30.723674227107306,1.9408887494347031,34.380563538177455,2.171903284653342,25.69265727850722,1.6230672505614356,11.723265703969979,0.7405870256036537,2.9384141117393403,0.18562672057052382,2.212791412177753,1.7729667278852297,-0.43982468429252375,8.152702587582901,8.454586783633893,0.3018841960509908,2.8352855170643396,3.354879347919025,0.5195938308546858,5.633164819031775,6.087745723120948,0.4545809040891734,3.7076842658567357,2.658709152321642,-1.0489751135350929,2.176569893011276,2.914101718844296,0.737531825833019,-3.8814770458410286,-3.675976694808672,0.20550035103235642,4.583930743527489,3.8536394343264027,-0.7302913092010874
softplus_cnn,20260920,77,8612,7,Sneaker,7,True,12.975040486157475,15.829693606115129,True,True,128,1.582969360611513e-07,1.37373042274902e-07,21.2745303837076,138.16077740572024,2.038711645834554,136.1220657598857,0.9852439188305396,8.727950195596186,0.12879034152922483,8.599159854066961,193.21396500880311,0.7150662085912135,0.7045146335757033,0.9898518052895474,0.7857142857142858,1.0,False,1.6464408262980486,7.926006517777751e-10,2.6645352591003757e-15,8.881784197001252e-16,7.105427357601002e-15,5.235705202721874e-10,2.220446049250313e-15,3.552713678800501e-15,1.2135985872978716,0.32345746124532193,1.9637584231205925,0.23256390466498003,2.0350528303710607,0.1289981343590865,2.6623740049211233,0.11195834296022511,2.7171399798638243,0.12512257649649416,1.7825954617448219,0.16674468840437376,0.8203837488240502,0.19423721906565328,0.22448865217595967,0.22448865217595967,0.23256390466498003,0.22448865217595967,6.906190086955504,0.4362807176689504,18.646168516482682,1.1779235265349373,32.471771434226476,2.0513202745555597,36.59501075834767,2.311795267105533,28.04177965834885,1.7714669883134126,12.781167209928375,0.8074172203175755,2.7186897412282134,0.17174620108742744,2.5110742333615286,2.1395193543093516,-0.3715548790521769,7.268865948931721,7.777093182454637,0.5082272335229159,3.3081367987701467,3.8612710956660266,0.553134296895881,4.265634376764355,4.628289770641418,0.36265539387706375,3.0643025724425867,1.8343916326530538,-1.2299109397895327,2.1712287667678685,2.785923488568344,0.6146947218004746,-3.939314565989279,-4.099172143782457,-0.1598575777931761,2.6246022526586805,2.347214003720793,-0.2773882489378865
softplus_cnn,20260920,78,8934,7,Sneaker,7,True,14.951801797616,15.829693606115129,True,True,128,1.582969360611513e-07,2.2341125560654262e-08,23.25129161129706,127.71946177712451,2.3879898943358264,125.33147188278868,0.9813028503165557,8.068347054284457,0.15085509257193255,7.917491961712525,187.20592738420288,0.682240480105129,0.6694845277284986,0.9864671539276183,0.7619047619047621,0.5,False,2.0103759664334415,7.340950070044983e-10,1.7763568394002505e-15,8.881784197001252e-16,3.552713678800501e-15,5.854268181337829e-10,1.9984014443252818e-15,3.552713678800501e-15,1.2703711194053244,0.28662911514430994,1.6062297309270688,0.2081999888669923,2.0456051625072367,0.14540850871071329,2.670363458523276,0.11772404246114454,2.7805843792724767,0.13899866337321226,1.8353099899826917,0.14850136733043598,0.7322429685433736,0.15628086935065255,0.15591515516761242,0.15591515516761242,0.2081999888669923,0.15628086935065255,5.573772531918905,0.35210868072428864,16.028931971306122,1.0125863690194248,30.583208012619092,1.9320151592071606,36.76048235194136,2.322248507560533,25.845195809810342,1.6327034782167957,10.340228003750436,0.6532171917563793,2.587643095561911,0.16346766778620941,2.2502090787313174,1.9852071746606295,-0.2650019040706886,8.30068584943988,9.037766434196714,0.7370805847568325,3.092039856184659,3.8234487681628266,0.7314089119781678,3.994412613684227,4.483218385454805,0.48880577177057977,3.6352280424813554,2.2461007542876485,-1.389127288193709,2.026382420315256,2.208614333374727,0.1822319130594704,-3.3118139814075236,-3.063351268344034,0.24846271306348866,3.2641477318678893,2.5302870300891724,-0.7338607017787165
softplus_cnn,20260920,79,9879,7,Sneaker,7,True,12.89067857740911,15.829693606115129,True,True,128,1.582969360611513e-07,3.984204166584959e-08,21.19016826116026,106.17043164242631,2.754949555680213,103.4154820867461,0.9740516308254386,6.707042744112993,0.17403682119380726,6.533005922919186,152.80829440404904,0.6947949524369081,0.6767661565104535,0.9847576511304517,0.9523809523809524,1.0,False,1.7030387722572742,1.98524108263598e-09,1.7763568394002505e-15,8.881784197001252e-16,3.552713678800501e-15,4.2604852978911367e-10,1.7763568394002505e-15,3.552713678800501e-15,1.2435269080507736,0.31374014872886674,1.5236726871380006,0.2585098849289825,1.905324951312172,0.12523324529991434,2.4412873560787074,0.125531919391182,2.1507614844690806,0.11371812306611048,1.2162613962592823,0.09962262216465402,0.4083952259742158,0.11451678898929281,0.007566141138338239,0.007566141138338239,0.2585098849289825,0.125531919391182,5.995541131469891,0.37875282242694636,12.599628734562625,0.7959489961129314,24.68262990324449,1.559261380378797,28.592695631244844,1.806269681694867,21.78321838237149,1.3760985477290901,10.403187650355022,0.6571945047841099,2.1135302090080486,0.13351681097551857,2.131090702610491,1.7256793456402917,-0.40541135697019914,7.735322456898692,8.765980872510255,1.0306584156115646,3.458922961559858,4.3030107458868,0.844087784326941,3.8699938459152383,4.386431440036924,0.5164375941216868,3.590305271648405,2.6942384135911577,-0.8960668580572488,1.452713705986233,1.8164794678192757,0.36376576183304243,-4.358066186593483,-4.511983615416543,-0.1539174288230607,3.309885503134829,2.010331591518147,-1.2995539116166817
softplus_cnn,20260920,80,298,8,Bag,8,True,10.087547679431072,15.829693606115129,True,True,128,1.582969360611513e-07,3.623767952376511e-11,12.972188046422096,71.54898998676114,1.307555567896383,70.24143441886476,0.9817250310851582,4.519922606658744,0.08260144513417901,4.437321161524564,128.6477099142445,0.5561621736947755,0.5459983272588926,0.9850095644447607,0.8571428571428572,1.0,False,0.9008666444310864,5.363990362994286e-10,1.3322676295501878e-15,4.440892098500626e-16,5.329070518200751e-15,1.042632646885977e-10,1.8318679906315083e-15,3.9968028886505635e-15,1.1820938678704829,0.2408922910345613,1.2615288951499974,0.14712881237229786,1.9175321845035418,0.10239840813756548,2.1627365546229296,0.09436838415407618,1.7638321836375077,0.09322006494123754,0.8366083915503253,0.08754882354886223,0.163850240838624,0.04137257378808912,0.020898282058524675,0.020898282058524675,0.14712881237229786,0.10239840813756548,4.139840187807502,0.26152370922759055,11.250390711830159,0.7107143695746612,18.074899035789258,1.1418350528785213,19.168941315130247,1.2109483475867873,13.819866900709139,0.8730343899625714,4.463955958639325,0.28199888574690196,0.6310958765706483,0.03986785166371453,3.5917620713595984,3.6794899309503437,0.08772785959074719,1.3737257448002544,1.5154745243859133,0.14174877958565923,3.594437860971783,4.306494781543742,0.7120569205719604,1.5319608694640539,1.308611207119908,-0.22334966234414555,-0.4841163516308995,-1.4098847777810144,-0.9257684261501142,1.4501170994754546,1.5337267140732438,0.08360961459778887,-0.45540994002001456,-0.1729975464176581,0.2824123936023564,2.3697106920018713,2.211273212651878,-0.15843747934999397
softplus_cnn,20260920,81,523,8,Bag,8,True,12.97386077948389,15.829693606115129,True,True,128,1.582969360611513e-07,8.61972715426873e-11,15.858501197707504,74.85867127190218,2.061462325603732,72.79720894629845,0.9724619434117917,4.729003171797571,0.1302275569507785,4.598775614846794,134.19382474450367,0.5578399111466436,0.5424780841063261,0.9661421213605108,0.8095238095238096,0.5,False,0.7008845561025692,3.4829605866093516e-10,1.7763568394002505e-15,8.881784197001252e-16,3.552713678800501e-15,1.836930607623799e-10,7.771561172376096e-16,3.552713678800501e-15,1.1900988607640344,0.2897266304942179,1.226042083942368,0.13857482903714818,1.670100643479138,0.10537774118262501,2.252637615700925,0.1160606787361519,1.9332061033550378,0.1203669138999098,1.1121882367942715,0.14756690608712947,0.26834610211209087,0.14124960004221607,0.014827423848949021,0.014827423848949021,0.14756690608712947,0.14756690608712947,4.893396169474043,0.30912766167398764,10.501670193278136,0.6634158850188523,18.61364299132402,1.175868810507705,20.19073230446137,1.2754973536987184,12.854268774203927,0.8120352227940929,6.334980270271759,0.40019601313221304,1.4699805686844774,0.09286222495908657,1.2198468303515673,1.7569718273729846,0.5371249970214174,1.6851616423969389,1.7781813647347002,0.09301972233776212,4.161026502616807,4.899269300023756,0.7382427974069486,2.2289616460989317,2.3201659003736026,0.09120425427467097,-0.3735078619253509,-2.156776309945876,-1.7832684480205256,2.5733059622620664,2.5456625956968653,-0.027643366565201277,1.7788186092424079,2.380689163897185,0.6018705546547773,2.584887866664139,2.334337355737978,-0.25055051092616076
softplus_cnn,20260920,82,1566,8,Bag,8,True,11.697571893572007,15.829693606115129,True,True,128,1.582969360611513e-07,3.374913304377003e-08,14.582212231906,242.6752712993038,3.234148390712347,239.44112290859147,0.9866729379825293,15.330383350285222,0.20430896966085127,15.126074380624372,230.55580709596018,1.0525662934106854,1.038538677140902,0.9399992877783155,0.6904761904761906,1.0,False,2.8372050317303885,8.821379182677447e-10,1.3322676295501878e-15,8.881784197001252e-16,3.552713678800501e-15,5.146318926563254e-10,1.3322676295501878e-15,4.440892098500626e-15,1.4725726747979073,0.332501267841785,1.9025971632765315,0.19197532891751629,2.9176058333281887,0.14189411627281948,3.354007597039444,0.1784586721088404,3.249407293646114,0.1986155923461482,2.064756903224883,0.18184740319977885,0.9160903440902932,0.1966515052076089,0.16030237339575998,0.16030237339575998,0.1986155923461482,0.1986155923461482,10.337816133139002,0.6530648280611968,28.331327548929206,1.7897584282986123,55.88756867401423,3.530552774086824,70.84584323611205,4.475503127157419,53.93419365017942,3.407153353198462,19.870199719834048,1.2552485357112686,3.4683223365845652,0.21910230373914039,0.21935030485868084,1.0475248163964663,0.8281745115377857,1.927885558674613,1.9491939349977951,0.021308376323181832,2.840459621419721,3.3197218142727376,0.47926219285301674,3.879714330293387,3.785759673295561,-0.09395465699782535,-1.5038925225232798,-2.5964002371550676,-1.0925077146317876,3.8719608326954607,4.796376240117036,0.9244154074215762,1.5695924827664247,2.5505803856005254,0.980987902834102,1.777141623720996,-0.27054439510442185,-2.047686018825419
softplus_cnn,20260920,83,2304,8,Bag,8,True,20.86613185735735,15.829693606115129,True,True,128,1.582969360611513e-07,3.158051908869197e-08,23.750772528574778,315.80317461709365,3.6584580167123333,312.1447166003813,0.9884153855604898,19.950049727753196,0.23111363414507555,19.71893609360812,358.13544317142464,0.8817981594352606,0.8715828677447334,0.9113577949100005,0.4761904761904762,0.5,False,3.8370828531819066,1.903421198434785e-09,2.4424906541753444e-15,2.220446049250313e-15,7.105427357601002e-15,1.4916352597538207e-09,2.4424906541753444e-15,4.440892098500626e-15,1.4579621541233476,0.30763871848539526,3.459704718567451,0.3162086260255963,3.5404869929318963,0.19585737407157575,5.826883660060151,0.2011101377537521,5.084170444584277,0.3236028043559494,3.290236193906902,0.41060903037346186,1.305126561001796,0.34953723680917964,0.11767286374890824,0.11767286374890824,0.41060903037346186,0.41060903037346186,15.548114360284302,0.9822119585610899,34.74296368794923,2.19479697791041,70.17955624335494,4.433412167639433,92.6081800709544,5.850282537065605,65.2704202023697,4.1232901802442505,31.605180120219046,1.9965756069978342,5.848759931546364,0.36948029930831666,0.5239377523101019,0.10253543903248188,-0.4214023132776199,2.472878394159097,2.593810749311505,0.12093235515240863,5.299515891808904,4.730509557877091,-0.5690063339318123,2.1511989384445926,1.1057564222312948,-1.0454425162133003,3.7163335105351183,3.7334859994140968,0.017152488878978245,1.8051038098795733,5.3254769833063325,3.5203731734267594,2.8895326313282093,2.6709665481034714,-0.21856608322473736,4.892271600109188,3.488230830790139,-1.4040407693190509
softplus_cnn,20260920,84,4575,8,Bag,8,True,13.936406957988282,15.829693606115129,True,True,128,1.582969360611513e-07,1.0276965944910899e-09,16.821047476241343,57.660662502876974,2.240211496380135,55.42045100649684,0.961148356624096,3.642563396211423,0.14151957404372784,3.5010438221676954,100.86526937373186,0.5716602241870721,0.5494502850247667,0.984272102539567,0.9761904761904763,1.0,False,0.8062578921157902,1.1638676689074146e-09,2.220446049250313e-15,4.440892098500626e-16,3.552713678800501e-15,6.314344602742494e-10,1.1102230246251565e-15,7.105427357601002e-15,1.6181802325596888,0.29240650716858624,1.443561721851004,0.22204816476167102,1.195612266242542,0.07271751128490707,1.5384252386239408,0.08931723888980776,1.2045833318512043,0.08960899340490583,0.6882819841359267,0.07577261199993116,0.2703403834623393,0.10251574232064506,0.03109789668786279,0.03109789668786279,0.22204816476167102,0.10251574232064506,5.091678634466311,0.3216536441677783,8.484254183736198,0.5359708402984292,14.351090383375963,0.9065930611463023,16.283803968752917,1.0286872490357213,9.73281460970291,0.6148454197460304,3.358519792344522,0.21216581166467433,0.35850092995488303,0.02264737011816776,-1.086473973865863,-1.665975008451206,-0.5795010345853422,5.634811332716955,6.779826866133661,1.1450155334167058,6.505950199198729,6.367552199031104,-0.1383980001676254,-0.0097061401665708,0.0662351404345967,0.07594128060116732,-0.9010539318292046,-1.32154759211745,-0.4204936602882461,2.6872885381182825,3.4877196505447925,0.8004311124265108,4.767383590970697,3.665564789947489,-1.1018188010232077,-0.7771521389016782,-0.5583285686502121,0.21882357025146504
softplus_cnn,20260920,85,5972,8,Bag,8,True,15.180357897687058,15.829693606115129,True,True,128,1.582969360611513e-07,1.9887762547909915e-09,18.064998184186877,70.10398274739798,2.3584071359672514,67.74557561143072,0.9663584429366134,4.428638007264795,0.14898627823448088,4.279651729030315,137.9273489081979,0.5082674560362789,0.49116854741057214,0.9722501618338332,0.9761904761904763,1.0,False,1.6787297629950122,2.1453970822093993e-09,2.6645352591003757e-15,8.881784197001252e-16,7.105427357601002e-15,1.5962982047312835e-09,3.552713678800501e-15,4.440892098500626e-15,1.256630736865104,0.3224479535548431,1.6276724096177815,0.22168883130626396,1.5767262667109454,0.10293447440587822,2.434341951647125,0.10820242325917749,1.829871224042004,0.13278609125069973,0.8724290126999424,0.12246010706890527,0.2953017869327435,0.09211723534465142,0.07686130164110959,0.07686130164110959,0.22168883130626396,0.13278609125069973,5.968820797951402,0.37706483438476673,12.299420989744116,0.7769841473743218,18.324048549132538,1.1575744297447312,16.986015229783973,1.07304763139712,11.661021207922085,0.7366548903648612,3.977348390749591,0.25125870972089515,0.8873075817709238,0.056053364256409256,-0.1712358973027842,-0.17759483875719687,-0.006358941454412598,3.9398298622979393,4.378541953415367,0.4387120911174278,7.560069107362122,6.616496051966256,-0.9435730553958628,1.0142726283229548,0.8347469434035061,-0.17952568491944879,-0.2540800934017276,-0.6318672995265832,-0.37778720612485467,2.267765355498564,3.9032305078752576,1.6354651523766912,1.8935246412328461,1.0423623939583198,-0.8511622472745266,1.8148525801769677,2.099082473448247,0.2842298932712788
softplus_cnn,20260920,86,6624,8,Bag,8,True,18.886467951968612,15.829693606115129,True,True,128,1.582969360611513e-07,4.820592813814528e-10,21.7711082429637,98.60766946984339,4.510703100044266,94.09696636979912,0.9542560621877009,6.2292847810870144,0.2849520156411459,5.944332765445868,241.6482494470282,0.4080628338731633,0.3893964329769587,0.9267371879439464,0.8095238095238096,0.5,False,1.3006011156706045,2.7167343930045718e-09,8.881784197001252e-16,8.881784197001252e-16,0.0,1.3732446291214728e-09,2.220446049250313e-15,4.440892098500626e-15,1.7170041083185557,0.3558172215433078,2.2334251160672713,0.2784193808670569,2.589386622341718,0.12956115435280693,3.674954792528405,0.1291526109704174,3.4840788418297692,0.13797771319888147,2.433674719620262,0.15889023907790678,0.8098745117606913,0.18858192059340026,0.04010929377178536,0.04010929377178536,0.2784193808670569,0.18858192059340026,8.156672188997494,0.5152766940382542,13.86652445646962,0.8759818605151573,25.354081451071217,1.601678597321476,26.010144982557534,1.6431237160844112,16.822286657063515,1.062704501782962,6.7452200842133045,0.42611185358682974,1.6527396490163828,0.10440755772922333,1.4013274529976913,2.145320560714502,0.7439931077168105,4.151564779754567,5.293562704690316,1.1419979249357506,6.831066415654301,6.166267383240894,-0.6647990324134097,1.7092185773506965,1.5344347667304052,-0.17478381062029047,0.07258367448618916,-2.0232802900198945,-2.0958639645060835,2.0744789602203655,4.699191028298693,2.6247120680783262,4.165138797673571,2.8844660328105007,-1.2806727648630718,1.3657295848263176,1.0711460578715255,-0.2945835269547905
softplus_cnn,20260920,87,8070,8,Bag,8,True,9.345402086280709,15.829693606115129,True,True,128,1.582969360611513e-07,3.959867989067334e-09,12.230042466266985,81.46761321161227,2.478621785476502,78.98899142613577,0.9695753724975558,5.14650600565893,0.15658052816126472,4.989925477497665,115.11197360348753,0.7077249278362131,0.6861926605326021,0.9697483538222694,0.9285714285714287,0.5,False,1.4726503140889466,6.247352635213588e-10,8.881784197001252e-16,1.7763568394002505e-15,1.7763568394002505e-15,6.335909574772813e-11,1.3322676295501878e-15,3.9968028886505635e-15,1.4480253012600313,0.2985199235341664,1.4716789207113103,0.25919551418677444,1.726089828835159,0.12108296960650104,2.0258478260503288,0.14432060209802788,1.2777320493775153,0.08536482356792455,0.640906697207813,0.07289570357308814,0.11629410267671812,0.040913058729201604,0.013352133552804577,0.013352133552804577,0.25919551418677444,0.14432060209802788,5.471971785574398,0.34567768156046524,15.055630406379608,0.9511005570293228,22.408307832712172,1.4155869589324,20.98855168569075,1.3258975320648478,12.136924624329154,0.7667188592734714,4.6359810341637955,0.2928661254929711,0.7702458423837021,0.04865829128152868,-0.04920124460009678,-0.048217710881702555,0.0009835337183942972,1.03622136887213,1.7195058731193658,0.6832845042472353,5.080470490157348,4.3756278105863045,-0.7048426795710445,1.7378639535131628,1.5465045695890525,-0.1913593839241105,-2.8691988022474826,-3.7098599328657476,-0.8406611306182645,4.276745956733791,4.8147059428362695,0.5379599861024785,-0.25419130423738967,1.0022024571393229,1.256393761376712,3.271332048075525,2.529573456680761,-0.7417585913947644
softplus_cnn,20260920,88,9290,8,Bag,8,True,20.022920051862663,15.829693606115129,True,True,128,1.582969360611513e-07,4.981774992529608e-10,22.907560517562516,59.70184087444479,2.4070172427974574,57.29482363164733,0.959682696420375,3.7715095667664422,0.15205709615678276,3.6194524706096596,100.26673904234177,0.595430164027108,0.5714240253435612,0.9825618903388494,0.9761904761904763,0.5,False,1.2198117274446982,2.673396615193724e-09,1.7763568394002505e-15,8.881784197001252e-16,3.552713678800501e-15,1.310645814101008e-09,1.3322676295501878e-15,4.440892098500626e-15,1.5902497936635622,0.3704012600031306,1.4625824576115771,0.22224573003217224,1.2492583958178574,0.08612964148580247,1.1835624935232518,0.05617439357564303,1.2479818061976884,0.05881911758062382,0.8629171961973444,0.08890340041837802,0.2742253220852455,0.07253528915952039,0.05356454394687032,0.05356454394687032,0.22224573003217224,0.08890340041837802,5.498439309585666,0.3473496990151204,10.538254088450024,0.6657269780874987,16.160550867116566,1.0209010527451792,14.78210415612536,0.9338212427822938,9.05230635562905,0.571856068782789,3.137999579744381,0.19823501691353954,0.5321865173665478,0.03361950841303461,0.24838471993323108,0.14267082322529798,-0.10571389670793319,5.221922533817318,5.780572833916265,0.5586503000989489,9.067945346151078,8.71447162092308,-0.35347372522799647,2.058667029772967,2.018638580316199,-0.04002844945676855,-0.3782624032108926,-0.5003039463687629,-0.12204154315786998,3.8534776881242423,4.66668602607833,0.8132083379540891,4.733440737914433,2.9476811103228675,-1.7857596275915673,-1.898015134939855,-0.8628565295401128,1.0351586053997417
softplus_cnn,20260920,89,9833,8,Bag,8,True,13.560509242693943,15.829693606115129,True,True,128,1.582969360611513e-07,3.073097332162433e-11,16.44514917037747,45.95583554279282,1.5913959945743335,44.364439548218485,0.9653711878855413,2.903141190619112,0.10053233083169502,2.802608859787417,87.50452886867879,0.525182366409405,0.5069959249171869,0.9747037290382139,0.9761904761904763,1.0,False,0.9000666308474579,1.7644885552670075e-10,8.881784197001252e-16,4.440892098500626e-16,7.105427357601002e-15,3.374367452124716e-10,7.771561172376096e-16,4.440892098500626e-15,0.939899203062134,0.20703063545343436,1.0417165475719465,0.1236128311951329,1.2318899074018153,0.08973780158544388,1.3560815002488131,0.08455577492992367,1.0742291414814402,0.07276341119931785,0.573375025821347,0.058652993775109054,0.19711095387662597,0.04411633295089207,0.053469480453763804,0.053469480453763804,0.1236128311951329,0.08973780158544388,3.4306469163204136,0.2167222563925766,6.661351929770374,0.42081369959030945,12.647480125325348,0.7989718841076957,12.196025706111623,0.7704524174365704,7.327746312889303,0.46291144321697675,3.1506185457689604,0.19903218749299437,0.5419660064073999,0.03423730236939232,1.5875260150940476,1.5248667325767924,-0.06265928251725461,3.2464690850746143,4.330637305149802,1.084168220075187,3.9670722872887407,3.2110586888745463,-0.7560135984141937,0.789643065459722,0.7424867416461368,-0.04715632381358556,1.6969694050790665,1.6537892273333883,-0.04318017774567795,2.26988543202133,2.7771132066891924,0.5072277746678624,1.553699889615733,1.2369599360306562,-0.3167399535850769,1.3338839907442204,0.9682373324143915,-0.36564665832982857
softplus_cnn,20260920,90,428,9,Ankle boot,9,True,20.30143408409866,15.829693606115129,True,True,256,1.582969360611513e-07,2.2048596282076005e-10,23.079993643785073,118.02635161670642,1.7911711270333466,116.23518048967307,0.9848239727611828,7.4560098605516885,0.11315260873662165,7.342857251815067,151.46839881590017,0.7792143611431428,0.7673889827735569,0.9865761343198773,0.9523809523809524,1.0,False,2.501044818780182,1.4679519821925169e-09,9.992007221626409e-16,8.881784197001252e-16,7.105427357601002e-15,1.2243788205523742e-09,2.3314683517128287e-15,1.7763568394002505e-15,1.3728179097857856,0.2681268686302176,1.4577103793613773,0.15774453724058113,2.055871854568858,0.1457637430992307,2.2819756505850903,0.10036023250243756,2.226710289096412,0.11537268795813072,1.1579890513139741,0.11230868767305731,0.37505633013970435,0.151347670332822,0.01331124493619705,0.01331124493619705,0.15774453724058113,0.151347670332822,7.419777674005315,0.4687252867066865,16.72545020478929,1.0565871090725423,28.52527353552,1.8020104649720114,33.557493214616585,2.119907943237327,22.264624177734074,1.4065101152136694,8.263207115886582,0.5220067628279579,1.2705256938247504,0.08026217850065885,3.998192175086941,3.870526211171881,-0.12766596391505985,5.504086024149155,5.498213290955918,-0.005872733193238888,-0.3013979155642359,0.2912163326198964,0.5926142481841322,4.121901384589959,2.4727327164765596,-1.6491686681134,6.879337773118464,7.630749139027943,0.7514113659094785,-0.9950649246582737,-1.0035286858577306,-0.008463761199457298,5.206806451782569,5.6513990350546495,0.4445925832720782,-1.3338673247195103,-1.331314394439663,0.0025529302798480424
softplus_cnn,20260920,91,623,9,Ankle boot,9,True,11.851750291495845,15.829693606115129,True,True,128,1.582969360611513e-07,6.509750849481577e-08,14.630310080086108,172.3266067904705,2.8507034534001767,169.47590333707032,0.9834575547764003,10.886288204839255,0.1800858263168738,10.70620237852238,154.81285068631536,1.1131285679871745,1.0947146996244228,0.9691874391565255,0.7857142857142858,1.0,False,1.9833088737098081,1.9712276255745564e-09,1.3322676295501878e-15,8.881784197001252e-16,0.0,5.977867090223299e-10,1.5543122344752192e-15,1.7763568394002505e-15,1.4182010349993897,0.3807217855945693,1.4749384893635442,0.17601346902810447,1.9713465017441598,0.11557474779659095,2.3162485848108236,0.10146660362548807,2.293260832909183,0.1149602820473493,1.1647930438807408,0.11934702244349182,0.5113852101837418,0.10709398992467921,0.047929244148510845,0.047929244148510845,0.17601346902810447,0.11934702244349182,10.909513678822824,0.6891803436175415,24.892432387055244,1.5725151103012576,45.19145795124385,2.8548536109243488,46.846873888299555,2.95943023623668,30.98075831924892,1.95712937281874,11.636328082617089,0.73509496596459,1.8692424827827439,0.11808456495081128,3.010534707639593,2.601187290039352,-0.40934741760024224,1.97510098544731,2.577437185140447,0.6023361996931369,1.8562395833810459,0.8708122786815227,-0.9854273046995228,2.8296709043112918,1.3737421735097728,-1.4559287308015185,4.739379606712499,4.8038582990849,0.06447869237240145,-2.587223251363344,-1.7738671740694218,0.8133560772939208,5.6995187504368685,5.716568056301529,0.017049305864660247,-2.892911206479157,-1.5394280280042065,1.3534831784749506
softplus_cnn,20260920,92,995,9,Ankle boot,9,True,18.275508353412427,15.829693606115129,True,True,256,1.582969360611513e-07,4.973865763702179e-10,21.05406804707931,104.38179953027964,2.127257559603119,102.25454197067651,0.9796204168813354,6.594050531082685,0.134384000886874,6.45966653019581,121.87981099979709,0.8564322398764913,0.8389785078584242,0.9837847307942732,0.9047619047619048,1.0,False,1.3013236615848367,1.3375994756259502e-09,8.881784197001252e-16,8.881784197001252e-16,3.552713678800501e-15,1.6498269417297706e-09,1.5543122344752192e-15,3.552713678800501e-15,1.0378363613289463,0.22544151119502928,1.5253864327843787,0.14946396688273933,1.6669814421676459,0.09590531266797939,1.9400415270847955,0.13366281993585982,1.6201194884369998,0.0844178369474358,0.7406682368484263,0.06970296112772251,0.19163378552573157,0.06052536142852756,0.014611289413852773,0.014611289413852773,0.14946396688273933,0.13366281993585982,5.689716163431989,0.35943312012267936,14.623117806855584,0.9237776908838314,27.638437974117103,1.7459869193829607,29.90932919703609,1.8894446058944498,19.065323060201592,1.2044025320134129,6.88403963778202,0.43488142026467674,0.5718356905314275,0.03612424250021637,3.2748846709285933,2.921863231115501,-0.35302143981309153,4.324908132105414,3.3594978265548825,-0.9654103055505313,0.10566694143897397,0.988459469310127,0.8827925278711533,3.7699058472581157,3.233269416730104,-0.5366364305280116,5.580919296384151,5.9780402026351425,0.39712090625099206,0.5670466641190189,0.29485728123244875,-0.27218938288657024,4.20202953186993,5.016071423201143,0.8140418913312121,-0.7712930370248916,-0.7379908020502137,0.033302234974676326
softplus_cnn,20260920,93,2043,9,Ankle boot,9,True,22.150063414136756,15.829693606115129,True,True,128,1.582969360611513e-07,5.3743143990647724e-08,24.92862312043641,162.4053918167245,1.80173679808662,160.60365501863788,0.9889059299206033,10.259541078798017,0.11382006771063437,10.145721011087383,206.61638094158263,0.7860237948057077,0.77730359174206,0.9940907723094273,0.9761904761904763,1.0,False,2.2635724229346157,1.3000541754237815e-09,2.6645352591003757e-15,1.7763568394002505e-15,3.552713678800501e-15,1.4324577080060408e-09,3.774758283725532e-15,1.7763568394002505e-15,1.2912042792298817,0.3460202674462789,2.46996953766629,0.24914032692976454,2.4334163190123763,0.14165016956793128,3.176849589541918,0.1695369009815844,2.7479335034801005,0.18664298912300165,1.6162746382464008,0.18524603073341936,0.5716301518897419,0.10335047971960036,0.036382364668263965,0.036382364668263965,0.24914032692976454,0.18664298912300165,6.202653044204002,0.3918365824723146,20.89995068162458,1.3203003925199648,36.09146486808486,2.2799850563211446,43.47263173970167,2.746271205331976,33.42462207485239,2.1115141522347725,17.110323630474262,1.0809004934791926,5.203745777409336,0.32873319641506454,4.053786532115143,3.901048046735914,-0.15273848537922857,5.828233175565785,6.259294606393591,0.4310614308278058,0.4105198073773065,0.8361257648571677,0.4256059574798615,5.636582074962606,5.093491402307508,-0.5430906726550982,6.95330005951349,7.3783557616717514,0.42505570215825794,0.8644739743122503,0.10694282610426228,-0.7575311482079872,2.682470014679743,3.202483723016667,0.5200137083369226,-1.5007425180899188,-1.8491190092179959,-0.34837649112807756
softplus_cnn,20260920,94,2087,9,Ankle boot,9,True,25.220793554001048,15.829693606115129,True,True,256,1.582969360611513e-07,2.4670376852498066e-10,27.99935290595941,118.07479903452742,2.137298513548788,115.93750052097863,0.9818987749204316,7.459070401016116,0.13501831221313934,7.3240520888029765,140.58589037174062,0.839876595882497,0.8246738005813662,0.9921969071125247,0.9761904761904763,0.5,False,1.346118242648708,2.62773669490457e-09,1.7763568394002505e-15,8.881784197001252e-16,0.0,1.2316192510297697e-09,1.3322676295501878e-15,3.552713678800501e-15,1.1455073766500996,0.38616788317802897,1.6450261077440165,0.17401143736647695,1.8289871273973934,0.12884234757460988,1.849760021700018,0.1379526819527161,1.6977323250610161,0.1379001059226678,1.2257620552358501,0.29981980408961906,0.5105235814218535,0.15984590583602315,0.12335922375992549,0.12335922375992549,0.29981980408961906,0.29981980408961906,5.964474823135598,0.3767902886529324,14.74729933526837,0.9316225381375277,26.706648049017275,1.6871234980000054,33.206810799091905,2.0977544875703638,23.782304773974765,1.5023856661879724,11.193851776785674,0.7071426684128242,2.4734094769714066,0.15625125403664858,4.2128167161779215,4.021537440211426,-0.1912792759664964,5.641834234912511,6.198409575009941,0.5565753400974289,0.0040551563176720595,-0.04026280836113138,-0.044317964678803334,4.502017078033193,3.9481909281984633,-0.5538261498347296,8.581479353440693,9.734510494324038,1.1530311408833458,1.8857054222667184,0.8486778621256569,-1.0370275601410617,3.3294078788149832,3.7570999119988073,0.42769203318382365,-0.15796293400428452,-0.46881049631617094,-0.31084756231188637
softplus_cnn,20260920,95,4442,9,Ankle boot,9,True,22.256106592487214,15.829693606115129,True,True,128,1.582969360611513e-07,6.080697034782645e-08,25.034666112277602,85.3050849463645,1.4606753389310692,83.84440960743343,0.9828770425602475,5.388928368986909,0.09227439110803758,5.296653977878871,112.45371115584294,0.7585795441481272,0.745590418899012,0.9937930445219469,0.9761904761904763,1.0,False,1.444599224974629,1.2931211657019048e-09,2.6645352591003757e-15,1.7763568394002505e-15,0.0,1.4427570249608834e-09,1.609823385706477e-15,3.552713678800501e-15,0.9128795903899855,0.36642134676662835,1.5952745129916739,0.18172680666412733,1.5746549836246408,0.1057488781526649,1.5164628457773737,0.08844237724824437,1.370677406464756,0.10249393946297553,0.7653617554222862,0.13414824393054958,0.1953218225994411,0.06976712319929883,0.08621936861162438,0.08621936861162438,0.18172680666412733,0.13414824393054958,4.244915136549906,0.26816154766950534,11.095008902776591,0.7008985251925853,19.807540812474862,1.251290221108453,24.465524540102233,1.5455463099204283,17.534373175401612,1.1076887280135324,7.277001053293539,0.4597057425345478,0.8807213254348012,0.05563729452694978,4.349669715298133,3.8307267163538152,-0.5189429989443175,5.713844503307907,6.829474265207618,1.1156297618997115,-0.6350102148995699,-0.4220811117133836,0.21292910318618588,3.9080243569368465,3.6798207807094103,-0.22820357622743748,7.547499255817167,7.679615730383715,0.13211647456655023,2.822903284878051,2.499699070352364,-0.3232042145256885,1.6954455240567519,1.6463405827025794,-0.04910494135417287,-0.36771031311768465,-0.7089299202757582,-0.3412196071580742
softplus_cnn,20260920,96,4850,9,Ankle boot,7,False,13.389110508216886,15.829693606115129,True,True,128,1.582969360611513e-07,1.1138405831001563e-07,16.167670220803085,124.23355769997593,2.6683596165591084,121.56519808341682,0.9785214263685243,7.848134069504894,0.1685667254815533,7.679567344023341,123.03047444411229,1.0097787419035773,0.9880901348441025,0.9768543203962889,0.9523809523809524,1.0,False,1.2431711889921095,1.282353001563763e-09,1.7763568394002505e-15,1.7763568394002505e-15,7.105427357601002e-15,8.1402973250988e-10,2.4424906541753444e-15,2.6645352591003757e-15,1.337147859781763,0.3874984797771749,1.3114762900546575,0.21574880523025772,1.7171199549189733,0.11688989622446867,1.865559053975548,0.14324961446208728,1.491743261345745,0.06888350612111442,0.9529940588125055,0.09302876358723125,0.35617251088826735,0.08011846410040747,0.07706726279961952,0.07706726279961952,0.21574880523025772,0.14324961446208728,7.77878685104589,0.491404764021515,18.534391692682288,1.1708623144494923,33.06762540443721,2.088961809827004,32.833611371634014,2.0741785778437394,21.406316030751874,1.352288715334481,8.571615033757363,0.5414896363152654,2.041211315313827,0.12894825169106824,3.3121285115352057,3.0333922541172584,-0.27873625741794705,3.975820609856094,3.1606663555687002,-0.8151542542873946,-0.5846342630172819,0.6052627181319443,1.189896981149227,2.653740447735399,1.61247257947331,-1.0412678682620888,5.372391063536422,5.73731949750857,0.36492843397214725,-1.21288338245326,-1.0963012819174158,0.11658210053584417,5.0774961576348625,6.074448258943771,0.9969521013089058,-2.4263889240243617,-2.959590160209023,-0.533201236184662
softplus_cnn,20260920,97,6965,9,Ankle boot,9,True,15.088447222681358,15.829693606115129,True,True,128,1.582969360611513e-07,8.549547736436125e-09,17.86700684840927,83.11362152965513,1.1227674263250074,81.99085410333012,0.9864911743025853,5.250488328943254,0.07092793166200476,5.179560397281249,108.37455582748268,0.7669108389423117,0.7565507740935818,0.9939851904663642,0.9761904761904763,0.5,False,0.8731982895767739,2.599898518695909e-09,8.881784197001252e-16,1.7763568394002505e-15,3.552713678800501e-15,1.380026759534303e-09,1.5543122344752192e-15,3.552713678800501e-15,1.0485732153574885,0.25745353906727764,1.3597822410634444,0.1697711797608225,1.5876630625493828,0.08518111404864318,1.7530131867625864,0.09421337886097199,1.3136245357824683,0.08720063828779903,0.6160411320046192,0.08552848372471533,0.1961239398355955,0.05774007824561846,0.020034497491736136,0.020034497491736136,0.1697711797608225,0.09421337886097199,5.061007972731323,0.3197161043455837,12.161960709166522,0.7683004492562172,21.211270999204366,1.3399672493351542,23.003202348336977,1.4531678831389805,13.869751403211986,0.8761857145392882,6.113076972888243,0.38617784557287427,1.6933511238233667,0.1069730827366875,3.5690393713393083,3.347323158561713,-0.22171621277759582,4.564065158014615,4.433716353760619,-0.1303488042539963,-0.07182196048999986,0.10752314969037326,0.17934511018037338,3.8338990205728214,3.1722583519201852,-0.6616406686526377,4.961476854407126,5.090389371516247,0.128912517109121,-0.4708060644764428,-0.25263106556532217,0.21817499891112074,2.4197273864277604,3.0160621872421665,0.5963348008144063,-0.9385729173859199,-1.0476346573366833,-0.10906173995076385
softplus_cnn,20260920,98,9272,9,Ankle boot,9,True,19.859771433353753,15.829693606115129,True,True,128,1.582969360611513e-07,4.218581683979039e-08,22.638330674873938,100.94007350016255,1.7168362942246356,99.22323720593792,0.9829915291846715,6.376628380297181,0.10845669770648049,6.268171682590701,129.0363091974926,0.7822610095401271,0.7689559459893943,0.9935152106498046,1.0,1.0,False,1.9839954525297314,2.213095040559665e-09,2.6645352591003757e-15,8.881784197001252e-16,3.552713678800501e-15,1.7085568515540217e-09,2.220446049250313e-15,1.7763568394002505e-15,1.434376743842364,0.33471188881518776,1.2673756532945444,0.1664215582869442,1.7378649203917838,0.15397687509484242,2.008236656706885,0.10801966139085126,1.839207227439681,0.16408504039922536,0.9411991365388521,0.19463430715613808,0.31889023132659405,0.07895451655529319,0.03876166249613412,0.03876166249613412,0.19463430715613808,0.19463430715613808,4.694858376477527,0.2965855494931291,13.390130030606741,0.8458868733526235,22.93238102497333,1.448693928991423,26.501648181726406,1.674173160969371,22.499523031937997,1.4213492435031252,9.463166044563696,0.5978110682387437,1.458366809419216,0.09212855571985537,3.8716104896945844,3.861559836957162,-0.010050652737421867,6.371479918391808,6.273305594583056,-0.09817432380875346,-2.1722138288295336,-1.2049058278374678,0.9673080009920658,5.182073882241185,5.082207568538094,-0.0998663137030914,7.004491340084746,7.754019634171596,0.7495282940868492,5.06760306983155,4.573218271166325,-0.49438479866522345,0.6238235261129665,0.04839150538162333,-0.5754320207313435,-3.3105377226533714,-3.7494659063778926,-0.43892818372452236
softplus_cnn,20260920,99,9528,9,Ankle boot,9,True,21.356631009748067,15.829693606115129,True,True,256,1.582969360611513e-07,3.233671108660019e-10,24.135190663656882,119.26203287333271,1.5203071951860467,117.74172567814666,0.9872523789964175,7.534070831747552,0.09604147957726362,7.438029352170289,172.7287579532728,0.6904584638164069,0.6816567610009595,0.9930937722512383,0.880952380952381,1.0,False,1.4262447769717033,2.0751913520911103e-09,3.552713678800501e-15,8.881784197001252e-16,3.552713678800501e-15,1.5941168385325e-09,2.831068712794149e-15,1.7763568394002505e-15,1.1067628643425838,0.25683053640939624,2.63859114093281,0.2671126118902164,2.480608424207754,0.23101156063382217,2.265818289551643,0.13906984377598713,1.842454810484967,0.17858489788362317,0.9881789735665819,0.09732328079150489,0.5312458779569926,0.11693796189744449,0.16479554895318085,0.16479554895318085,0.2671126118902164,0.23101156063382217,8.062000287722931,0.5092960412454554,22.290279364899078,1.4081308153866083,30.672422166668674,1.9376510329182675,29.897071236936785,1.888670240931721,19.58900095173259,1.2374845299700061,7.6948697915951465,0.4861035205774647,1.0563890733919388,0.06673465069367153,3.8359208843074217,3.548870782273305,-0.2870501020341176,6.063910038219597,6.054731554400794,-0.009178483818805983,0.9287690490923087,1.6496506120774959,0.7208815629851871,6.171039097452109,6.062264854614613,-0.10877424283749482,5.341812424862682,5.595569970304008,0.25375754544132645,1.2462031412765557,0.5021491896602596,-0.7440539516162966,0.5657750681302416,0.19452465404797126,-0.3712504140822711,-0.01823903968403834,0.5274290478725557,0.5456680875565936
softplus_cnn,20260921,0,280,0,T-shirt/top,0,True,12.814261507985556,21.04110000641327,True,True,128,2.104110000641327e-07,1.3481593619246723e-10,10.692545635281792,98.13854216916482,1.2606368664027796,96.87790530276204,0.9871545181073734,4.664135531852064,0.05991306851916207,4.604222463332902,122.53457969740244,0.8009048744567998,0.7906168653942486,0.9814385146304732,0.880952380952381,1.0,False,1.8343909790718482,1.7322880907499894e-09,1.3322676295501878e-15,2.220446049250313e-16,3.552713678800501e-15,2.576232560613789e-10,6.106226635438361e-16,3.1086244689504383e-15,0.33547560624934225,0.08854293963924566,0.659569916228188,0.08948213219997915,1.0010103060469546,0.0507980372900578,1.4999139160339323,0.08906759615066637,1.4602343329901744,0.07125700646916402,0.9093288494450327,0.096985781239169,0.23859772634998144,0.0529508529736803,0.05492735401852228,0.05492735401852228,0.096985781239169,0.096985781239169,3.36990795264054,0.16015835444028123,11.825978639279525,0.5620418436144022,23.99960412133903,1.1406059623320082,27.73947485956684,1.3183471800957138,19.298782329850127,0.9171945537052678,9.49801259480524,0.45140285402903235,2.4067816715478436,0.11438478362891023,1.9058445616965423,2.003876511826295,0.09803195012975224,-1.297822385307849,-1.4067240733697497,-0.1089016880619007,0.5181175075645476,0.7211332337315589,0.20301572616701113,1.6522585827745968,1.035884851894561,-0.6163737308800364,0.5754669006373492,1.1758110333683984,0.6003441327310494,2.9705537559352595,2.43519230860323,-0.5353614473320297,0.681173737378518,0.795288885959066,0.11411514858054775,3.6869529746028245,3.9320828835260566,0.24512990892323167
softplus_cnn,20260921,1,1403,0,T-shirt/top,0,True,14.948550636588642,21.04110000641327,True,True,128,2.104110000641327e-07,7.100275922766741e-11,12.826835119752289,74.76960956576201,1.1933667204810972,73.57624284528092,0.9840394148449914,3.5535028844961736,0.056715985386570196,3.4967868991096034,98.67732570561692,0.7577182400425143,0.7456246135488125,0.9914497747027027,1.0,1.0,False,1.1059695442216915,9.640886977635432e-10,1.3322676295501878e-15,3.122502256758253e-16,3.552713678800501e-15,5.390727864096334e-10,8.049116928532385e-16,3.1086244689504383e-15,0.4768210224748846,0.11146480080401662,0.6504995753121954,0.11807078382859033,0.8144628960627758,0.05113597015368974,1.093296299537349,0.058599257393847415,1.0717694989233737,0.06691438435193196,0.7529263368822741,0.07410062072639624,0.2199202854199364,0.0792163768870478,0.08686688350787215,0.08686688350787215,0.11807078382859033,0.08686688350787215,3.850867365715896,0.18301644707463782,9.877007843934791,0.46941499450714586,18.124239899229263,0.8613732121279326,19.74244935704287,0.938280287201022,14.600583828728032,0.6939078196614157,6.966668583621929,0.33109811661455474,1.6077926871848451,0.07641200729499857,3.370799689634072,3.6149622902860292,0.24416260065195647,-0.8890794690205314,-1.439581138341308,-0.550501669320777,-0.0008734118280129266,-0.022910254750905044,-0.02203684292289229,2.942131160554164,2.653743557065774,-0.28838760348839,0.8160110687319087,1.0104610762655661,0.1944500075336577,1.9182358918357931,1.585795287356293,-0.3324406044794997,0.6563991552059739,0.9436111977029792,0.2872120424970049,4.013211034638918,4.480753104706934,0.4675420700680164
softplus_cnn,20260921,2,1512,0,T-shirt/top,0,True,13.54688561351177,21.04110000641327,True,True,128,2.104110000641327e-07,3.695665995451236e-11,11.425169973417606,32.79541972027056,1.3197750910393478,31.475644629231212,0.9597573349480993,1.5586361792052033,0.0627236736975293,1.495912505507674,63.11582030716791,0.5196069632092869,0.4986965942302203,0.9747868729027463,0.9047619047619048,1.0,False,0.4616423944007635,1.306324381999957e-09,6.661338147750939e-16,4.440892098500626e-16,3.552713678800501e-15,1.3631762385557522e-11,5.551115123125783e-16,3.552713678800501e-15,0.18666447133718028,0.06741214548116871,0.4487831047953033,0.054811142273118556,0.6414121988474515,0.03127400362311268,0.6708697318751202,0.0429502590057398,0.5948893625229694,0.04908649170996863,0.4988863817019939,0.06860626214595797,0.13287156898853977,0.04106659316699312,0.011932170230576189,0.011932170230576189,0.06860626214595797,0.06860626214595797,1.7954199288570474,0.08532918565615906,4.087332007578058,0.1942546732980809,8.203390347701141,0.389874595206561,8.87729631894025,0.42190267220984046,6.5541349041407795,0.31149202760992045,2.817863144485643,0.13392185501835768,0.4599830685335515,0.021861170204663723,2.0724236114297687,2.0561055908765464,-0.016318020553222373,0.5931463898032058,0.023413863701344486,-0.5697325261018613,1.6827125544666999,1.997961866292968,0.3152493118262678,1.2818586226229276,1.1960634714030565,-0.08579515121987123,0.6864674851789732,1.4831778323694034,0.7967103471904304,0.19469325604055554,-0.42137142341381756,-0.6160646794543732,1.2045641603288204,1.172699446625619,-0.031864713703201285,3.709303893546652,3.9171193255761194,0.20781543202946795
softplus_cnn,20260921,3,3341,0,T-shirt/top,0,True,17.8640456657069,21.04110000641327,True,True,128,2.104110000641327e-07,1.4573675599649505e-10,15.742330121411051,132.33811127864257,2.0150929747770956,130.32301830386547,0.9847731469392498,6.289505360380697,0.09576937394731742,6.193735986433379,142.43014115608773,0.9291440014344617,0.9149960622523418,0.9748470119729705,0.7619047619047621,1.0,False,2.9510420129168344,7.328953000040883e-10,1.3322676295501878e-15,8.881784197001252e-16,1.7763568394002505e-15,1.3594103620562237e-09,1.2212453270876722e-15,3.552713678800501e-15,0.46163265314341045,0.15123386603509636,1.0698802671283638,0.11198884239672498,1.5695994032611207,0.09655029395462862,1.6944523462973722,0.10739122516394126,1.1255179789064391,0.08309986804999457,0.7836424498750733,0.0913526984710473,0.43899658281485715,0.18554756053914184,0.08705047072943965,0.08705047072943965,0.18554756053914184,0.18554756053914184,4.637306956111612,0.22039280050463964,15.725864462330513,0.747387943479063,27.01285420499409,1.2838137833459584,37.036604088395904,1.7602028447708176,32.02802386988122,1.5221648991791856,13.851839590400143,0.6583229767539787,2.045618106329956,0.09722011233758963,3.320273514724569,4.305683950772787,0.9854104360482191,-0.035817931768805766,-1.1101392508960923,-1.0743213191272867,0.8238141619019901,0.23357556895195797,-0.5902385929500316,3.3510465496679473,3.6039778164839413,0.25293126681599465,0.6712972392246024,0.8208042072803262,0.1495069680557235,4.282965862748006,4.006063772338816,-0.2769020904091911,0.7079633841825991,1.3352076887194646,0.6272443045368656,2.62078734073014,2.547156369119261,-0.07363097161087906
softplus_cnn,20260921,4,4116,0,T-shirt/top,0,True,15.149318079440846,21.04110000641327,True,True,128,2.104110000641327e-07,1.4868373199306006e-10,13.027602451516874,28.652975981711606,1.5038513382530039,27.149124643458602,0.9475150037045761,1.3617622639965714,0.07147208738110812,1.2902901766154633,58.978640572644565,0.4858195391333148,0.46032130242165825,0.9800088503219421,0.8095238095238096,0.5,False,0.3304744868120353,1.0057921162598404e-09,8.881784197001252e-16,8.881784197001252e-16,1.7763568394002505e-15,1.319797604537598e-10,7.771561172376096e-16,3.1086244689504383e-15,0.26513513846718995,0.0850195073501861,0.3894055439353551,0.047257819117714046,0.48864107682222196,0.03601413406641379,0.7900761621795344,0.045678572149182625,0.6382067585363737,0.055150984858267284,0.3748256977281877,0.0277574051339584,0.10725530327683236,0.03351504824010144,0.014610238501008375,0.014610238501008375,0.055150984858267284,0.055150984858267284,1.6798825748496173,0.07983815362968637,4.3230878466587255,0.20545921293758693,7.856400818633005,0.3733835596161035,7.235111685637756,0.3438561521703957,4.9366778820151564,0.23462071281969432,2.181180792070604,0.10366286892823028,0.44063438170641045,0.02094160388820481,1.3551512514401511,1.3857734235363637,0.03062217209621229,1.5811375050450938,1.2736940602232294,-0.30744344482186414,2.346439792520895,2.2853242292718616,-0.0611155632490325,0.43376427278697727,1.0666058364468718,0.6328415636598945,0.8168926155069351,1.3303650944009937,0.5134724788940586,0.08201013157078305,-0.677162200906823,-0.759172332477606,1.6744726445935583,1.2983526469550488,-0.37611999763850934,4.737734238052477,5.064649361721308,0.32691512366883047
softplus_cnn,20260921,5,5544,0,T-shirt/top,0,True,17.27912430896893,21.04110000641327,True,True,128,2.104110000641327e-07,1.449858011426386e-10,15.157408668374348,103.31898992044451,1.9280014705221826,101.39098844992233,0.9813393310173983,4.910341659369195,0.09163026029696798,4.818711399072227,121.07976091945974,0.8533134616046244,0.8373900615592225,0.9809021889185109,0.9761904761904763,1.0,False,1.291194448498244,9.5752644702074e-10,8.881784197001252e-16,4.440892098500626e-16,5.329070518200751e-15,5.913936007573284e-10,8.881784197001252e-16,3.552713678800501e-15,0.4080204729445417,0.11150558883877067,0.9606387569115362,0.13087213718383758,1.0696942753152732,0.07871190057568907,1.345558985014135,0.060461025416512555,1.29974112695774,0.09434259484363831,0.7913865047865586,0.09400218365912189,0.25826251916709464,0.07795141141061983,0.02915846862782059,0.02915846862782059,0.13087213718383758,0.09434259484363831,4.240996524226072,0.20155773809037683,13.992017941207877,0.6649850975920055,25.035360159915463,1.1898313373485585,27.569549707971746,1.3102713118405702,21.033103616376753,0.9996199633082833,9.227846198526375,0.43856291713426354,2.220115771942554,0.10551329404194025,3.199598353558081,3.64886746021932,0.44926910666123937,-0.5437280118008502,-1.5654282785512361,-1.0217002667503856,0.5078990624954923,0.5537341704688411,0.045835107973349165,2.6227055895364915,2.2947807862358935,-0.32792480330059814,1.179596644725247,1.3516649997495234,0.17206835502427653,2.3830281173367545,1.8046517171612542,-0.5783764001755001,1.2633817767898452,1.695152795586265,0.43177101879642005,4.544927135733283,5.37398501809588,0.829057882362596
softplus_cnn,20260921,6,6708,0,T-shirt/top,0,True,12.042072892973954,21.04110000641327,True,True,128,2.104110000641327e-07,1.956153017346196e-10,9.920357229443646,25.524659016627794,1.192023791430524,24.33263522519727,0.9532991296512916,1.2130857706511518,0.05665216129704238,1.1564336093541092,50.699995805055366,0.5034449926736029,0.4799336733430465,0.9802776756689153,0.7380952380952381,0.5,False,0.4020521827510033,4.747358200996032e-10,8.881784197001252e-16,1.1102230246251565e-16,5.329070518200751e-15,3.6559555383064435e-10,1.4432899320127035e-15,3.1086244689504383e-15,0.2852167827764491,0.08225329807183285,0.335717752936672,0.04526775030786523,0.48629034587054315,0.038510832455559765,0.6822999405170292,0.07449540597165137,0.5092328595139345,0.05206545232218791,0.2883566769605469,0.029955152563056208,0.10622125719611872,0.02490968325651737,0.00145080878254079,0.00145080878254079,0.07449540597165137,0.07449540597165137,1.691663137597637,0.08039803703618265,3.7268718563683043,0.17712343248368023,6.580451395486387,0.3127427460294701,7.425200581834135,0.35289032320415537,4.439888715810989,0.21101029482573264,1.442628640842947,0.06856241548223418,0.21795468854675468,0.010358521583012422,0.8638611791220222,0.8364643171485573,-0.0273968619734649,0.5504272231771171,0.26242227188229544,-0.2880049512948217,1.4651748927247281,1.2343398101059302,-0.23083508261879795,-0.31716804410981525,0.07196875538980697,0.3891367994996222,0.7212186027076016,1.374004679215069,0.6527860765074674,1.6417513797181318,1.2137980359753073,-0.4279533437428243,0.8402221311149368,0.6223885794971215,-0.21783355161781542,4.154869864988918,4.304970780595154,0.15010091560623395
softplus_cnn,20260921,7,7346,0,T-shirt/top,0,True,10.051171539471232,21.04110000641327,True,True,64,2.104110000641327e-07,2.9654192615358177e-08,7.9294559425776745,24.99495393293796,1.302946054910124,23.692007878027837,0.9478716360747871,1.1879109896972861,0.06192385638170008,1.125987133315586,51.16617421588134,0.48850542992483187,0.4630404410942676,0.969226871173946,0.7857142857142858,1.0,False,0.5266272259145843,2.442498842070151e-10,8.881784197001252e-16,1.1102230246251565e-16,2.6645352591003757e-15,2.672528864877677e-12,4.440892098500626e-16,3.1086244689504383e-15,0.23732472788596626,0.08562148975430914,0.59691215698918,0.06505256286976345,0.6062156239497412,0.08101386133978379,0.5355776184743704,0.0561095350132335,0.41903099322118276,0.03252850500714947,0.1808274169893409,0.021699759203980956,0.0813407285417582,0.02065210813725484,0.011820713854807452,0.011820713854807452,0.08101386133978379,0.08101386133978379,1.8645702569930431,0.08861562638952941,4.045410438709203,0.1922623074590289,6.3204078235049295,0.30038390680993327,6.615416504811471,0.31440449894706596,3.9607674087842852,0.18823956007894332,1.6544689872603746,0.07863034664328847,0.5339125127274627,0.02537474336250137,0.015400299267273453,0.17476740365826343,0.15936710439099006,-0.151426472553566,-0.2668461480545906,-0.11541967550102464,1.4236336000716727,1.3415026963475156,-0.0821309037241571,-0.6735933822452339,0.24194735411052182,0.9155407363557557,0.20772871741816032,0.031437952697697204,-0.17629076472046304,0.0812693371922964,0.07710008312254875,-0.00416925406974758,2.3232260518886916,1.3982905949926256,-0.9249354568960659,4.7032177915383775,4.931256005700421,0.22803821416204384
softplus_cnn,20260921,8,7393,0,T-shirt/top,6,False,5.951454150470267,21.04110000641327,True,True,128,2.104110000641327e-07,6.611156067037882e-12,3.8297387510885352,42.931148790818085,0.6399755191081855,42.2911732717099,0.9850929794069462,2.040347167103088,0.030415497236984886,2.0099316698661034,74.05573288647113,0.5797140493718747,0.5710722400998054,0.9887116772366195,0.880952380952381,1.0,False,0.8415542924927035,2.258704334678896e-10,4.440892098500626e-16,3.885780586188048e-16,3.1086244689504383e-15,1.666116133947071e-10,3.885780586188048e-16,3.1086244689504383e-15,0.4722387295764544,0.16034280001841913,0.8848265295884519,0.17480508083526713,0.8544826854034449,0.10453695468169223,0.836744507203539,0.05173446217627789,0.5278785379081115,0.036308335412739416,0.2973431583393139,0.026286590972748797,0.09868679392706722,0.019933124988069713,0.01961294595825542,0.01961294595825542,0.17480508083526713,0.10453695468169223,2.704143668201792,0.12851721950742007,6.841183918637115,0.3251343283645789,11.939339758866929,0.5674294478533846,11.190081932556474,0.5318201961468634,6.827962026283987,0.32450594428061474,2.869865899939823,0.13639333965738937,0.5585715862922318,0.0265466912909487,-0.014823541607634425,0.035770976268398605,0.05059451787603303,-1.095085529061547,-0.9154887702698635,0.17959675879168396,0.08207765080026608,-0.45648704212577934,-0.5385646929260455,-0.5039848396607148,-0.5737712451409068,-0.06978640548019197,0.37900829079818393,0.5812910653880629,0.2022827745898789,3.1331008113453294,3.1014763907266887,-0.031624420618641014,-0.4833562991294233,-0.41296060636086473,0.07039569276855875,2.332802207604072,2.4699079827694104,0.137105775165338
softplus_cnn,20260921,9,8134,0,T-shirt/top,0,True,16.693892506930258,21.04110000641327,True,True,128,2.104110000641327e-07,8.651066529807849e-10,14.572176862109849,72.15040403681074,1.3808129166432055,70.76959112016753,0.9808620210090754,3.4290224377442002,0.06562455937295757,3.363397878371243,141.59195267982423,0.5095657109833165,0.4998136531120222,0.9883818669079087,1.0,1.0,False,1.2809038240979684,8.153051567205694e-10,8.881784197001252e-16,8.881784197001252e-16,1.7763568394002505e-15,6.736904367699026e-10,9.020562075079397e-16,3.552713678800501e-15,0.41156128507111805,0.08360362102396908,0.7038738948957342,0.08294651140310488,0.9683360242904269,0.06583450575951398,1.416331280313773,0.11812828086387316,1.7223187215275364,0.11301659648682666,1.276018258075585,0.14500704913690102,0.5474045804543645,0.1563152025532629,0.09502096680039296,0.09502096680039296,0.1563152025532629,0.1563152025532629,3.2359483143772128,0.153791784335938,7.939120474358399,0.37731489665172335,16.26296779066789,0.772914333647527,19.888013311908487,0.9451983644318346,15.839584260013812,0.7527925942648411,7.363824570235492,0.349973364890192,1.6209453150569648,0.07703709951299624,3.0185674860070644,2.9203311173544733,-0.09823636865259021,-0.7587363416374078,-0.9914766268991658,-0.23274028526175816,-0.4349453608008534,-0.727230417814348,-0.2922850570134948,1.8535436025068506,1.889565604952889,0.03602200244603759,0.8731925076367437,1.5492608369388703,0.6760683293021266,2.8504670346476084,2.2759659473227853,-0.5745010873248226,2.0823829099118543,1.8993327918581595,-0.18305011805369423,5.087705023837987,5.756427609069874,0.6687225852318869
softplus_cnn,20260921,10,555,1,Trouser,1,True,23.32045531231812,21.04110000641327,True,True,128,2.104110000641327e-07,7.997623541200483e-08,30.417572521768136,106.73968864819605,2.7022449741882815,104.03744367400778,0.9746837843691429,5.072913897831486,0.1284269821142737,4.944486915717213,131.1023419756668,0.8141707237236648,0.7935590021215456,0.9954439356626031,0.9523809523809524,1.0,False,1.2370388862876553,1.1485243867070949e-09,1.7763568394002505e-15,4.440892098500626e-16,0.0,1.892175305329147e-09,9.992007221626409e-16,5.329070518200751e-15,1.522178774199149,0.6199210625392285,1.166173715719492,0.1981641172833238,1.5858413836095193,0.19051904176282647,1.6216530408272207,0.09237439428823646,1.1695328496508957,0.07546005278812906,0.5081620982194022,0.068216524285091,0.16103147249641583,0.044841914216695714,0.01837958796297754,0.01837958796297754,0.1981641172833238,0.19051904176282647,6.860262711631062,0.326041067697985,16.605044224420915,0.7891718693110029,29.48836042131811,1.4014647719144977,27.2151976719757,1.2934303655075345,17.50752271523408,0.832063091278395,7.513786615802115,0.3571004659220256,1.5495142873596213,0.07364226617844759,-0.20147390935213413,-0.6248538414341896,-0.42337993208205554,1.6400237717274977,1.2795623700683707,-0.36046140165912705,3.7191720353197635,3.0213987654767056,-0.697773269843058,2.472776485562438,1.988920453304682,-0.48385603225775486,-0.17040832932010708,-0.9071826667203022,-0.7367743374001947,9.032536067264521,9.868764494685113,0.8362284274205924,11.899751497605939,13.229843224704053,1.330091727098115,2.0251949029602154,2.56111972357588,0.5359248206156648
softplus_cnn,20260921,11,1680,1,Trouser,1,True,17.848138927374443,21.04110000641327,True,True,256,2.104110000641327e-07,4.6052051061451493e-11,24.94525598656898,125.70167157173313,3.139464850745038,122.56220672098809,0.9750244781036704,5.9741017120502065,0.14920630812020938,5.824895403929997,149.7483305081866,0.8394195190367156,0.8184545784588078,0.9758405094001612,0.9761904761904763,0.5,False,1.594615730123433,1.5255163798855165e-09,2.6645352591003757e-15,1.7763568394002505e-15,0.0,4.657536578633881e-10,2.6645352591003757e-15,3.552713678800501e-15,1.1408732694184915,0.37927141533484515,1.413325274654219,0.17102279911318494,1.9369787268057683,0.24336562704198114,1.7396156337406172,0.10833016008737485,1.26669519658984,0.0912401831420932,0.4786721629921178,0.05721117685232997,0.2229184208514053,0.09932836408181173,0.05873858741452737,0.05873858741452737,0.24336562704198114,0.24336562704198114,8.7148805745033,0.41418369628237245,19.954988029806444,0.9483814070426079,31.9538498240708,1.5186397010770043,32.45427924039417,1.5424231257159653,21.9828186278725,1.0447561496866702,8.654365607175452,0.41130765998629465,1.9864896675378265,0.09440997224158194,0.10482724935260276,-0.33104140183973585,-0.43586865119233875,3.8696046554485375,2.832738076588476,-1.0368665788600606,5.985530082385582,6.006257146440838,0.02072706405525654,2.246632752407203,1.9201197142375737,-0.3265130381696294,0.8949629514779933,0.41962506761660473,-0.4753378838613893,2.1707387416279413,1.3058600431991985,-0.864878698428743,6.497533659400973,8.303068467279143,1.805534807878173,3.1754258944681486,4.488628873512635,1.3132029790444855
softplus_cnn,20260921,12,2586,1,Trouser,1,True,23.634221369055624,21.04110000641327,True,True,256,2.104110000641327e-07,5.7545079812371114e-11,30.73133870718794,113.59451019348413,2.630812343374621,110.96369785010951,0.976840321430203,5.398696368481725,0.1250320725899671,5.273664295891758,133.18051448417444,0.8529364121579687,0.8331826790119142,0.9943299911792188,0.9285714285714287,1.0,False,1.6226643896985071,1.0766877389656315e-09,5.329070518200751e-15,8.881784197001252e-16,0.0,1.4895853439611528e-09,5.10702591327572e-15,2.6645352591003757e-15,1.453134488527335,0.6134458310997748,1.0082966347531588,0.12176416843029163,1.5207066401891407,0.12108519047933099,1.570645897352068,0.09002944481100549,1.383487707009151,0.07885973595624657,0.5992816669672976,0.051204610470231685,0.2298519108338735,0.058043113649385435,0.01727098529049676,0.01727098529049676,0.12176416843029163,0.12108519047933099,7.174888390508075,0.3409939778966493,17.147601428419073,0.8149574605506618,30.247630796301934,1.4375498803333733,31.986995266172045,1.5202149724312177,19.271015444380456,0.915874903807629,6.834916090769886,0.3248364433744729,0.9314627766595062,0.04426873007473938,-0.09871599088972277,-0.5169269254927219,-0.4182109346029992,2.8889456746534607,2.514362972087096,-0.3745827025663647,4.933622811563971,4.437058917420546,-0.49656389414342406,2.5938753897372755,2.1434430086134673,-0.4504323811238087,0.1435668276382902,-0.7474556025549389,-0.8910224301932292,6.357092286231803,7.09850686766046,0.7414145814286559,11.765178014610578,13.019559745763065,1.2543817311524916,2.1477736936422844,2.7827897251805522,0.635016031538268
softplus_cnn,20260921,13,3766,1,Trouser,1,True,19.304055755263374,21.04110000641327,True,True,128,2.104110000641327e-07,1.3654794461803732e-08,26.40117292557153,101.19065490066234,3.0386199409584846,98.15203495970385,0.9699713383222842,4.809190340325349,0.14441354967336886,4.66477679065198,129.14580777835926,0.7835380539361083,0.7600094548028451,0.9849005317001222,0.9523809523809524,1.0,False,1.8522290326657147,1.4731744713003536e-09,4.440892098500626e-16,7.771561172376096e-16,7.105427357601002e-15,7.557900971733034e-10,4.440892098500626e-15,7.105427357601002e-15,1.4030445835637766,0.49374276628001834,1.0717518726330093,0.1737011974290265,1.4975533287533085,0.20142075830378137,1.5702603276554963,0.12504528386543734,1.284293455378982,0.09435421198781795,0.5090291094056654,0.06149095747608257,0.18027204144142944,0.05691162897115479,0.024627705624265438,0.024627705624265438,0.20142075830378137,0.20142075830378137,7.7765982401171785,0.3695908596863706,16.758336140199336,0.7964572258623095,28.266587784467106,1.3433987660270388,28.76206517587178,1.3669468405694178,14.87054593465485,0.7067380474463002,4.226730909512539,0.20087975002372704,0.5297907154281194,0.02517885069063122,-0.3515485711382964,-0.8748133601815516,-0.523264789043255,3.5218278246205097,2.7195563187027627,-0.8022715059177474,5.977914433310614,6.131192228246988,0.15327779493637494,2.401251221487588,1.855678420845756,-0.5455728006418318,-0.2282454613738655,-0.923616837163054,-0.6953713757891883,4.377359810547431,3.905220341358867,-0.472139469188564,8.802845876437052,11.106310878127719,2.303465001690662,1.8997677916804894,2.481644936389836,0.5818771447093465
softplus_cnn,20260921,14,4718,1,Trouser,1,True,12.756761892462695,21.04110000641327,True,True,128,2.104110000641327e-07,5.891432183768863e-08,19.853878861661865,73.56977106765363,1.9763084161287614,71.59346265152487,0.9731369503065141,3.4964793211965994,0.09392609775755012,3.402553223439049,79.67213460144126,0.923406551558903,0.8986010354770858,0.9900685355046507,1.0,1.0,False,1.0886624803633584,2.2774482300036425e-10,1.7763568394002505e-15,8.881784197001252e-16,3.552713678800501e-15,6.990674705775746e-11,1.2212453270876722e-15,3.552713678800501e-15,0.8166407656274817,0.3300724642737048,0.7134544365707536,0.08373685036089056,0.861641992288885,0.05287962931593948,0.9917186918188354,0.03999643675587338,0.7245745186760056,0.044005894259529235,0.39372764331243104,0.04469191530012493,0.08944861373364293,0.029663099142100108,0.011934551634835177,0.011934551634835177,0.08373685036089056,0.05287962931593948,5.576088757245714,0.2650093747734737,12.991902081491546,0.6174535588696242,19.686295166365976,0.9356115013172147,18.589593945361713,0.8834896435878189,11.84624488127848,0.5630050176876578,3.993525708303363,0.18979643208226507,0.8861205275347787,0.042113792875120196,-0.3359862512722977,-0.9322410135229173,-0.5962547622506197,1.549232124362246,1.4030290490975135,-0.14620307526473264,4.131603779785792,3.8059283637308625,-0.32567541605493033,2.4630349104352787,2.026303833972475,-0.4367310764628043,0.18006365643868258,-0.18775196846340184,-0.36781562490208497,2.4848295010149055,3.1523424216685516,0.6675129206536461,7.325713980169159,8.634509475679229,1.3087954955100713,2.0553871607280962,1.9517586995694627,-0.10362846115863317
softplus_cnn,20260921,15,4831,1,Trouser,1,True,21.932190547237763,21.04110000641327,True,True,128,2.104110000641327e-07,8.582944244217572e-09,29.029307946872173,113.93987202373974,2.9495923626397422,110.99027966109999,0.9741127288432868,5.41511004600573,0.1401824221043916,5.2749276239013385,134.7733002644975,0.8454187275975924,0.8235331437553102,0.9927237837359946,0.9761904761904763,1.0,False,1.7014510148084643,2.028076484528185e-09,5.329070518200751e-15,1.7763568394002505e-15,3.552713678800501e-15,1.0649756632119534e-09,3.3306690738754696e-15,3.552713678800501e-15,1.468124013074557,0.6648070101239809,1.126436393907436,0.16024863521743912,1.6392965965016533,0.27485441621703394,1.644279466079885,0.11021150922698118,1.1648303146678634,0.07469931181269178,0.6757375492551266,0.08308449675812384,0.12769970865178118,0.043997676333855214,0.02696020188515782,0.02696020188515782,0.27485441621703394,0.27485441621703394,6.70375223694494,0.318602745811847,19.602650400432886,0.9316361974639182,31.857210241401894,1.5140468051428824,29.718408627771318,1.4123980504209963,19.552156829605316,0.9292364383823029,5.8661942011884225,0.2787969354929363,0.6394994858914569,0.030392873266917565,-0.32793817848803486,-0.9400974606741254,-0.6121592821860902,2.8691432484684087,2.1056682460666707,-0.7634750024017378,6.328204367831332,5.975642279212919,-0.3525620886184135,2.252386394071263,1.642090760619079,-0.6102956334521836,-0.12230107729752432,-0.7334014327463518,-0.6111003554488271,4.3607326123323435,5.264209994969681,0.9034773826373377,12.25368175326733,13.935732237711793,1.6820504844444668,1.415398826687056,1.7794633227774825,0.3640644960904278
softplus_cnn,20260921,16,6080,1,Trouser,1,True,21.308889661362706,21.04110000641327,True,True,128,2.104110000641327e-07,7.272406038483226e-08,28.406006626674245,95.13563824524918,2.2953189208098284,92.84031932443935,0.9758731957534909,4.521419422760792,0.10908740132931365,4.412332021431478,152.4569932506672,0.6240162305236387,0.6089607130831504,0.9939649695302818,0.9761904761904763,1.0,False,1.1625595316573496,1.2316992981098451e-09,1.7763568394002505e-15,1.7763568394002505e-15,3.552713678800501e-15,1.22530963153622e-09,1.5543122344752192e-15,3.552713678800501e-15,1.448394205856056,0.6735625327797203,1.0057451462639722,0.15358549918201395,1.6294445229005898,0.24131324342806912,1.898434431188462,0.09666213473016716,1.4802983780283416,0.07249563559568624,0.8766462106780145,0.0817052352105402,0.3488272646376627,0.08379806275577834,0.006280042529329212,0.006280042529329212,0.24131324342806912,0.24131324342806912,5.839982986305458,0.277551220445958,15.56220196731929,0.7396097144434451,24.98398808824689,1.1873898266075364,25.25105111368668,1.2000822725993523,15.909037741254782,0.7560934426624916,6.597755205537974,0.3135651274661019,0.9916211425296143,0.047127818518393566,-0.05266859179537042,-0.5647729886803159,-0.5121043968849457,3.615453541158104,3.6596392886055966,0.04418574744749226,6.217885774702997,5.841879903834319,-0.3760058708686776,2.460219010889082,2.093547509803696,-0.3666715010853857,0.12367944095150078,-0.9168577104066616,-1.0405371513581625,2.737638931051242,3.093492005572758,0.3558530745215167,11.763910659722466,13.003617650135482,1.239706990413014,1.539887859994218,2.19546096903468,0.6555731090404616
softplus_cnn,20260921,17,6208,1,Trouser,1,True,24.701326565193252,21.04110000641327,True,True,128,2.104110000641327e-07,2.7208725938976386e-08,31.798443486632863,137.16585243719783,4.423694557394513,132.7421578798033,0.967749301456644,6.518948742954981,0.2102406507286303,6.30870809222635,204.78777802020932,0.6697951106421094,0.6481937504429769,0.9905132457219483,0.7380952380952381,1.0,False,2.672974766930028,1.1078853390245058e-09,7.105427357601002e-15,1.7763568394002505e-15,3.552713678800501e-15,1.5703207623118942e-09,5.551115123125783e-15,3.552713678800501e-15,1.8322273985681075,0.6909629351827816,1.9622507748819777,0.35673772612462334,2.4039745281606715,0.40061638047984793,2.2429287119335215,0.1954689910846725,1.759758782877174,0.13029456242616894,0.9361664108540704,0.08023584448648621,0.33752527619377143,0.08179843030357954,0.09014608221700518,0.09014608221700518,0.40061638047984793,0.40061638047984793,7.282456858553497,0.34610628039094077,21.10580254836085,1.0030750551030059,36.88305579316822,1.752905303521506,34.2905157790625,1.6296921628912389,25.114954261744487,1.193614129208526,10.564519947987835,0.5020897170189675,1.9245472477921433,0.09146609479568779,-0.4925451036770905,-1.3658781194458023,-0.8733330157687119,3.2513892021830997,2.48655351351523,-0.7648356886678699,2.3759426694899215,1.170056129686555,-1.2058865398033642,2.472190556061372,1.2661255184500624,-1.2060650376113082,-0.5027134950738075,-0.8762877698319022,-0.37357427475809424,10.878271294029886,12.561960085341157,1.6836887913112764,12.474575860746171,14.76275330116931,2.2881774404231385,1.341332502873313,1.7931608293185743,0.4518283264452613
softplus_cnn,20260921,18,7156,1,Trouser,1,True,13.762303100387424,21.04110000641327,True,True,128,2.104110000641327e-07,1.0301940020496225e-07,20.859420133457476,124.0316369822395,3.90701950853495,120.12461747370456,0.9684998150182086,5.894731594091326,0.18568513563188718,5.709046458459439,151.3768609382935,0.8193566454836128,0.7935467595848189,0.9657525380494009,0.8095238095238096,1.0,False,1.84270282798239,3.610258758612872e-10,2.6645352591003757e-15,8.881784197001252e-16,0.0,4.5000092541158665e-10,2.6645352591003757e-15,5.329070518200751e-15,1.0591672601696993,0.385182660086206,1.1768536271600158,0.13896389843662832,1.5745394908293915,0.08553730322214885,1.769555737300956,0.09529143772836544,1.5694571132613215,0.10151655274275122,0.7268035128335585,0.0644254853951618,0.30353237759454293,0.07697109987786435,0.07359973400509878,0.07359973400509878,0.13896389843662832,0.10151655274275122,6.846299774692905,0.32537746470508533,18.354836253469784,0.8723325419239146,32.10867002003733,1.525997690722001,34.32129913990409,1.631155173895046,23.074249997857393,1.0966275523059357,8.175681108327472,0.3885576849991468,1.1506006878749757,0.05468348553660577,-0.31576388041320425,-0.4613742995087206,-0.14561041909551634,-0.6637473011072849,-1.2955413852104278,-0.6317940841031429,2.6727925019854775,0.9406205259862082,-1.732171975999269,2.2615231478044713,1.585389913297923,-0.6761332345065469,0.11802508848912513,0.9831659743586242,0.8651408858694991,6.038321107444312,5.317011312838837,-0.721309794605475,7.691407230463641,9.192285679346309,1.5008784488826707,3.0568622387909405,4.5978624127987215,1.5410001740077803
softplus_cnn,20260921,19,8365,1,Trouser,1,True,13.667528500993058,21.04110000641327,True,True,128,2.104110000641327e-07,4.8467804880658605e-08,20.76464567963108,186.7171916058213,3.25409516886637,183.46309643695494,0.9825720645170366,8.873927292247574,0.15465423232979886,8.719273059917775,183.53136148544172,1.0173585053507725,0.9996280469564751,0.9440896355038149,0.8095238095238096,0.5,False,2.4985108986451623,1.2332466159392652e-09,8.881784197001252e-16,8.881784197001252e-16,3.552713678800501e-15,5.042579687142279e-10,1.1102230246251565e-15,3.552713678800501e-15,1.0911934194274648,0.3507991435463999,1.5133186494871653,0.16395735392404073,2.42022915642437,0.23801741491664752,2.0714433136005654,0.130746833317007,1.4506622163101532,0.12692370338141556,0.8533085378763613,0.09335511249784885,0.34647615963715056,0.08413119712720905,0.06707939348611369,0.06707939348611369,0.23801741491664752,0.23801741491664752,9.992662010058925,0.4749115781500582,25.447672853596153,1.209426923774887,49.61790100054508,2.3581419690710885,58.49063863296769,2.7798279849979277,32.84281360714721,1.5608886226070313,9.017356548750536,0.4285591792255191,1.3081469523814926,0.06217103440327611,-0.2436779105888109,-0.2735530073924001,-0.02987509680358935,2.634875804530801,2.8311039511972744,0.1962281466664741,4.745814217871065,5.837550625151984,1.091736407280919,1.6506748958370407,1.4062520835172676,-0.24442281231977347,0.4624352335571422,0.7311897394979527,0.26875450594081096,5.066784034586115,3.1866126266631327,-1.8801714079229823,4.156968853187386,3.0573430016194902,-1.0996258515678945,2.2907705506503397,3.9881466598806363,1.6973761092302977
softplus_cnn,20260921,20,368,2,Pullover,2,True,13.160787881232533,21.04110000641327,True,True,128,2.104110000641327e-07,2.9328921513638306e-09,8.814074804815007,155.13156926486528,2.360447182062664,152.7711220828026,0.9847842241701782,7.372787982452514,0.11218268918180162,7.260605293270713,150.65458253936654,1.029716897090262,1.0140489556159569,0.9212314285798942,0.7619047619047621,0.5,False,2.8165455310541483,2.450846081636371e-09,1.1102230246251565e-15,6.661338147750939e-16,3.552713678800501e-15,5.117861689996062e-10,2.1649348980190553e-15,2.6645352591003757e-15,0.464614599407067,0.12951902362568382,1.2696893819189525,0.24105707383369082,1.722350133022031,0.06994577606595054,1.804684808706319,0.09722803307073878,1.4653478111175058,0.05829877455002948,0.6878482484276233,0.07970663800540351,0.20495469872545377,0.07022826409995114,0.005139484499623937,0.005139484499623937,0.24105707383369082,0.09722803307073878,7.492842404584417,0.35610507066173436,21.22904203940876,1.0089321391437809,40.350532197531436,1.917700699356626,46.61985411406368,2.215656695698137,28.35229188711728,1.3474719419838115,10.02174181060115,0.47629362569193384,1.0652648112869074,0.05062780990358002,1.7391362070861667,1.0054479509249492,-0.7336882561612188,-0.6992624311065901,0.6446173132938467,1.343879744400437,1.7355259785314447,2.1986741422851237,0.4631481637536768,-1.0446947606135235,-1.599774478598156,-0.5550797179846321,2.880027901258041,2.0450791838876583,-0.8349487173703813,0.8413537512745507,1.2317162020888703,0.39036245081431914,0.5809155105520358,0.34418502026149533,-0.23673049029054105,2.7810726478328847,2.9441294711830057,0.16305682335012162
softplus_cnn,20260921,21,750,2,Pullover,2,True,18.625414325082467,21.04110000641327,True,True,128,2.104110000641327e-07,4.255396035546255e-10,14.27870110229906,49.428353953302405,1.7801045892628182,47.648249364039586,0.9639861648853494,2.349133549968242,0.08460130833084996,2.264532241637392,72.11261742030766,0.6854328094237621,0.6607477452430031,0.9556971417232971,0.5952380952380953,1.0,False,0.9953714161134306,1.1584687098498136e-09,1.3322676295501878e-15,2.220446049250313e-16,0.0,1.2171241792202636e-09,8.881784197001252e-16,2.6645352591003757e-15,0.634592948027363,0.14205393273927416,0.9073766106199705,0.32564454040157476,0.7839810234222794,0.042252343215381793,0.7287199417133933,0.02814755344877061,0.5607142889357836,0.029599027284674406,0.31866425329852593,0.03614863444478519,0.10881445492648635,0.03103266621271132,0.018956016868692176,0.018956016868692176,0.32564454040157476,0.042252343215381793,5.254404132615676,0.24972098089045477,7.831073064965848,0.37217983197546506,11.92781857163368,0.5668818915359992,11.731471594320428,0.5575502987365065,7.763709782096091,0.3689783224132642,3.7555883682823836,0.17848821435845513,1.1642884390459092,0.05533401004182468,1.3111938341502243,0.8134404494913472,-0.49775338465887675,0.8578040243400888,2.2319622371162606,1.3741582127761718,3.0558652336632135,3.2490067060813783,0.19314147241816393,1.095361919469044,1.3081668241460875,0.21280490467704308,1.668532845088762,1.2742533258345476,-0.39427951925421423,1.3145196766587122,0.8390556423321033,-0.47546403432660833,2.4804368953357674,2.2968591391356465,-0.1835777562001208,2.4949866735932487,2.2659567793788122,-0.22902989421443726
softplus_cnn,20260921,22,1640,2,Pullover,2,True,8.948763902902265,21.04110000641327,True,True,64,2.104110000641327e-07,1.094657475775307e-09,4.6020504251206455,16.214523865960345,0.524796509789347,15.689727356170998,0.9676341708132997,0.7706119861137584,0.024941495911781724,0.7456704902019767,32.2871059212014,0.5021981191356343,0.48594406059380824,0.9735721428994304,0.9285714285714287,1.0,False,0.4225563082664934,2.5479977155962175e-10,6.661338147750939e-16,2.220446049250313e-16,3.552713678800501e-15,2.0101520448179144e-10,3.608224830031759e-16,2.6645352591003757e-15,0.2903410687072378,0.07610922947314445,0.5511552621709873,0.1522260038607363,0.3642979267896034,0.03268694442146452,0.31385872434168194,0.035620007751261375,0.22060446164686806,0.032331183812317185,0.06621837359971855,0.00898481277943569,0.015992562279689152,0.006380387828905945,0.0023507303081021415,0.0023507303081021415,0.1522260038607363,0.035620007751261375,1.946075892933402,0.09248926588154818,3.742462760071855,0.17786440627776887,4.634754366902871,0.22027148606727834,3.4989664981086688,0.1662919950497927,1.9388583892121074,0.09214624656606112,0.4279978190166193,0.02034103820076739,0.0254081395727658,0.0012075480637904609,0.20632751319018441,0.18652585350482323,-0.019801659685361066,-0.09301191817696489,-0.07011726982778436,0.022894648349180764,1.1179238016447512,1.0406945590420142,-0.07722924260273664,-0.2644410806446693,-0.21305106787693068,0.0513900127677385,0.5763750856798807,0.3740243499595869,-0.20235073572029372,1.0817354142784839,1.5322472630514181,0.4505118487729341,0.6450689501472813,0.45423143239158287,-0.19083751775569854,1.3320726590017014,1.2974953050769507,-0.0345773539247507
softplus_cnn,20260921,23,2633,2,Pullover,2,True,12.697233058412003,21.04110000641327,True,True,64,2.104110000641327e-07,4.763767408322295e-08,8.350519867082873,63.36275677069975,0.8628596829270032,62.499897087772744,0.9863822262965994,3.011380429321041,0.04100829722134327,2.9703721320996976,69.98198508126826,0.9054152536130294,0.8930855135817202,0.9813575992577462,0.9285714285714287,1.0,False,0.7487950301345739,2.2545767475179446e-09,1.1102230246251565e-15,2.220446049250313e-16,0.0,7.789147105086158e-10,1.1657341758564144e-15,2.6645352591003757e-15,0.3425259956386828,0.08151222413778461,0.7237548278194497,0.22645767512330964,0.6604487088085503,0.05250223175909219,0.7364978939227079,0.043451276312853886,0.6683552354159713,0.04184967724657617,0.3653566206021038,0.03390272860080688,0.1456703410054619,0.030475505111431052,0.025882460697658292,0.025882460697658292,0.22645767512330964,0.05250223175909219,3.3168543230517957,0.1576369259231137,8.75640981153762,0.41615741614595675,13.167292365350194,0.6257891631776304,15.885771319930708,0.7549876819695153,13.68618297454947,0.6504499750667958,6.927389000261434,0.32923131386429344,1.6228569759073492,0.0771279531684516,0.9570306283435307,0.682110559884819,-0.27492006845871186,-0.04516679809090736,0.2759078597339118,0.3210746578248191,0.8231398216386049,0.7858561843987093,-0.03728363723989561,0.18028338705439814,0.2728177541778247,0.09253436712342641,1.257919583037307,0.8877049973683425,-0.37021458566896454,1.3068788775654574,1.623866246952437,0.3169873693869795,2.413432498884359,2.2329911077143842,-0.18044139116997565,1.4570018686501243,1.589265157631359,0.13226328898123357
softplus_cnn,20260921,24,2999,2,Pullover,2,True,8.206504762549518,21.04110000641327,True,True,64,2.104110000641327e-07,2.2911672559189356e-10,3.8597915434757963,4.6846833392530165,0.5989296506779427,4.085753688575074,0.8721515186182374,0.22264441202337984,0.028464749965324557,0.19417966205805529,13.714264146128304,0.3415920307015201,0.2979200083242184,0.9886994191299798,1.0,1.0,False,0.4044704529823885,1.206357583272144e-10,4.440892098500626e-16,2.7755575615628914e-17,2.220446049250313e-15,6.726752488361853e-11,1.0824674490095276e-15,2.6645352591003757e-15,0.43044238946784386,0.1297231924017816,0.2271107437294729,0.022024343938109373,0.18720690450253466,0.01325664357331718,0.12529468566632462,0.011212954128934215,0.08046279864497885,0.00606741856804088,0.02533311926451047,0.003489246752109495,0.005495788037955486,0.0014849936185529248,0.0008805218904550844,0.0008805218904550844,0.022024343938109373,0.01325664357331718,1.1221013973891758,0.05332902733446267,1.0386040621824275,0.04936073027863865,1.0508572336190065,0.04994307490096564,0.8980325192816695,0.04267992258047115,0.458147521113177,0.021773933918546793,0.1093518061990465,0.005197057481106803,0.007588799443877425,0.00036066552801727945,-0.14022342278207608,-0.17474733435479525,-0.0345239115727191,1.8079323966388907,1.557503721423052,-0.25042867521583856,2.958746727867272,3.0059768290690028,0.047230101201729796,-0.11712811591564684,-0.14699438859357164,-0.029866272677924747,-0.06088310935270057,-0.12805992863436,-0.06717681928165942,-0.9125461893390675,-0.44436143229208613,0.46818475704698176,-0.9285792649635508,-1.145513236859719,-0.21693397189616814,1.2524725213226775,1.3359873137855414,0.08351479246286367
softplus_cnn,20260921,25,6288,2,Pullover,2,True,9.831860426922386,21.04110000641327,True,True,64,2.104110000641327e-07,8.023523923039733e-08,5.485147179372219,41.6792508294985,0.8172690752711056,40.86198175422739,0.9803914643616223,1.9808494240697863,0.03884155652613239,1.9420078675436538,127.18063113996455,0.32771696803131717,0.321290918184374,0.9770581064981311,0.8571428571428572,0.5,False,0.7398585922105877,5.910929523622599e-10,8.881784197001252e-16,2.220446049250313e-16,2.6645352591003757e-15,1.432480800644953e-10,4.440892098500626e-16,2.6645352591003757e-15,0.32549885501386433,0.1064875118270677,0.6095254160079472,0.07705699491417352,0.7560728089172805,0.04635558909247122,1.3006070580510094,0.05251094886587139,1.4736074358920774,0.059087884110444175,1.2059081068466735,0.09466458931639231,0.5756601662101095,0.14118487692452242,0.12300980043843072,0.12300980043843072,0.14118487692452242,0.14118487692452242,2.0703205421426563,0.09839412110163576,5.897532872549807,0.2802863382024825,9.412303854282444,0.44732945765257515,10.974616509858851,0.5215799794931737,8.583996743634232,0.407963307099812,3.9669167055695693,0.18853181175701195,0.77356360134696,0.036764408757678065,0.6483428146508283,0.44997056570979,-0.19837224894103825,1.2900567087385506,1.6796783102492996,0.38962160151074865,2.3803408303048497,2.511864592020217,0.13152376171536773,-0.9530663993687549,-0.9361118463302269,0.016954553038527775,1.0189446966858222,0.5471867605081814,-0.4717579361776409,0.580000537446875,0.8395830632392675,0.2595825257923928,0.33359504933207396,0.18645615925126996,-0.14713889008080422,0.18693294158197682,0.20651957486766767,0.01958663328569077
softplus_cnn,20260921,26,6518,2,Pullover,2,True,10.940411442711332,21.04110000641327,True,True,128,2.104110000641327e-07,3.249711610919803e-10,6.593698221081863,18.090513679062745,0.23943614678534172,17.851077532277404,0.9867645468208869,0.8597703386965894,0.011379450062609,0.8483908886339804,41.86513847464674,0.4321140294333015,0.42639480442869915,0.9990898963310623,1.0,1.0,True,0.5656922304434573,1.0497002711495895e-09,1.1102230246251565e-15,1.1102230246251565e-16,4.440892098500626e-15,6.325580059751701e-10,1.2490009027033011e-15,2.6645352591003757e-15,0.4203480315500492,0.11025246504984891,0.5135100511090673,0.24654895768315835,0.4465351696599794,0.05730736006878698,0.40865094780680866,0.029778568797608634,0.3506468711315059,0.025224749179398875,0.19210711799856764,0.02960631237085653,0.06761868193214891,0.015271471203548914,0.010615086672160382,0.010615086672160382,0.24654895768315835,0.05730736006878698,1.2606583172498609,0.05991408799281481,3.180235499941298,0.15114397531364665,4.577439256174762,0.2175475262595383,4.6521824340449225,0.22109977295041372,3.150480545517084,0.14972984038652096,1.1245346423389049,0.05344466981270703,0.14498298373885937,0.006890465978236354,0.05179088485554406,0.0758207583994154,0.024029873543871337,0.44659522964314957,0.43600253704100644,-0.010592692602143294,0.4799083438516798,0.5241461213028608,0.04423777745118058,0.007737141593577376,-0.030630786463197158,-0.038367928056774595,0.6756923292121031,0.6217646551233926,-0.053927674088710804,-0.31996422928655804,-0.38700108421563134,-0.06703685492907319,3.5019049698759774,3.6730734659825437,0.17116849610656715,1.7500335513363938,1.68052255454403,-0.06951099679236247
softplus_cnn,20260921,27,7013,2,Pullover,6,False,7.474662471197962,21.04110000641327,True,True,128,2.104110000641327e-07,1.2223440926106832e-08,3.127949102740538,77.27856428525111,1.6464437595131978,75.6321205257379,0.9786946901156724,3.672743547708856,0.07824893940960151,3.594494608299254,94.29378766659778,0.8195509608595979,0.8020901736724857,0.831077693469861,0.261904761904762,0.5,False,2.334604376050917,4.657697560972451e-10,8.881784197001252e-16,7.771561172376096e-16,2.6645352591003757e-15,4.2644021647220143e-10,4.440892098500626e-16,3.1086244689504383e-15,0.22405344879687594,0.041639459736963536,0.9391477411970456,0.13915352602758402,1.208390705147075,0.1341340317271605,0.8446859683498771,0.0743389954090673,0.8010495600029741,0.07498587136309619,0.49132876084275556,0.053907562447985585,0.18993760960592154,0.07194843278051208,0.00686925976366086,0.00686925976366086,0.13915352602758402,0.1341340317271605,5.269761442843961,0.2504508529134766,12.089418421519813,0.5745620912326348,21.350129329964176,1.014686937634283,22.39852029983962,1.06451280080474,12.134778732441811,0.5767178868378157,3.5613406159138585,0.16925638939163692,0.4746154425768513,0.02255658888709192,0.43371967163814096,0.25016186704449694,-0.183557804593644,-0.42012404369994266,0.6808003534825926,1.1009243971825349,-0.6324388922545107,-0.08691952971062936,0.5455193625438814,-0.09681051837036986,-0.27398493150190445,-0.17717441313153456,2.069251966323718,1.7162967337357988,-0.35295523258791917,0.07993230274707752,-0.34010936586034146,-0.4200416686074192,1.166059498723943,1.0951489906087046,-0.07091050811523819,0.5283591176324844,0.08655498536826034,-0.4418041322642242
softplus_cnn,20260921,28,7633,2,Pullover,2,True,14.966827164776955,21.04110000641327,True,True,128,2.104110000641327e-07,8.598499690037897e-11,10.62011369819028,34.088821909792756,2.1857066830547964,31.90311522673796,0.935882011738666,1.6201064535315444,0.10387796656964697,1.5162284869618974,51.24322073783935,0.6652357408249452,0.6225821634037115,0.9846748343916519,0.9047619047619048,1.0,False,0.9044075384192661,7.367401966273945e-10,1.7763568394002505e-15,2.220446049250313e-16,1.7763568394002505e-15,5.311662221174629e-11,9.992007221626409e-16,2.6645352591003757e-15,0.6779264306240819,0.15724134016481445,0.687673799715288,0.21106756678769484,0.4968186081980836,0.038078210760561074,0.6694705284388615,0.03494331225414064,0.4114610343324197,0.036893452584247144,0.12201024486134268,0.021028587416868937,0.0396469522855659,0.015253788189818825,0.008305799685372215,0.008305799685372215,0.21106756678769484,0.038078210760561074,3.5612878646432704,0.1692538823330434,6.600468455624625,0.3136940774775473,8.851000016850294,0.42065291330550847,8.309736396748654,0.39492880097598837,5.211445093769356,0.2476793082196711,1.3453214518164467,0.0639377908667511,0.20956263026856478,0.009959680349634318,0.035026965493819784,0.34041454841784374,0.3053875829240241,2.0366689238374467,1.4419309200616435,-0.5947380037758042,5.184634783167045,6.483514806856533,1.2988800236894877,-0.6454099942898425,-0.6420334612754578,0.003376533014385008,0.30694453528613347,-0.12839517642360576,-0.43533971170973934,-0.3128991024219383,-1.2814122428658234,-0.9685131404438855,4.71300224482736,5.291064788227699,0.5780625434003395,-0.697854657709741,-0.8849704848616693,-0.18711582715192798
softplus_cnn,20260921,29,8675,2,Pullover,2,True,8.687344370523014,21.04110000641327,True,True,64,2.104110000641327e-07,1.561264451055422e-10,4.340631124216206,19.24177349435898,0.9079184521469792,18.333855042212,0.9528152406318914,0.9144851499443537,0.043149761745833064,0.8713353881985206,36.531683291934556,0.5267146695812719,0.5018617646414267,0.977205828103071,0.6190476190476191,0.5,False,0.3457667865471743,2.6176845413505845e-10,1.7763568394002505e-15,1.1102230246251565e-16,8.881784197001252e-16,5.1389115185429546e-11,1.3322676295501878e-15,2.6645352591003757e-15,0.3885181363957521,0.13961675358448958,0.4380847200166772,0.12412792020296498,0.41864434835634745,0.03275836045442656,0.3706636938031865,0.023015165870535398,0.33550820294530703,0.021727820980691277,0.14383967336565975,0.01838108432186809,0.02624437118584673,0.010704016058319193,0.0032209529810093996,0.0032209529810093996,0.12412792020296498,0.03275836045442656,1.7835893558844391,0.08476692546211015,3.3170418350217403,0.157645837623067,5.078561186669958,0.24136386334944593,4.792003415416102,0.22774490943703096,3.1089490058355995,0.14775601108725306,1.0134747626690959,0.04816643437653884,0.14815393279895664,0.0070411686059093734,-0.2797317669222978,-0.2969926184554253,-0.017260851533127543,0.7547643774275478,0.5674822621068218,-0.18728211532072542,2.381500501897501,2.390092727086156,0.008592225188653657,0.5237513605369938,0.23842910244352133,-0.2853222580934725,-0.7318064077053363,-0.48876090215871054,0.2430455055466257,-0.31366583749511906,-0.7317190647204682,-0.41805322722534954,2.546378145925151,2.679972259754659,0.13359411382950825,-0.5405592494482325,-0.0178726418917365,0.5226866075564958
softplus_cnn,20260921,30,1852,3,Dress,4,False,4.982506826665099,21.04110000641327,True,True,128,2.104110000641327e-07,1.4586565288965403e-10,5.186188885555623,188.73856404997693,2.367917517098838,186.37064653287808,0.9874539814954201,8.969995104459839,0.11253772456654372,8.857457379893296,242.30115618397775,0.7789420695403901,0.7691694479219406,0.9528960175989414,0.7619047619047621,0.5,False,2.7082153099304658,1.1890041173856503e-09,4.440892098500626e-16,1.9984014443252818e-15,1.7763568394002505e-15,1.8032508819487703e-10,1.7763568394002505e-15,8.881784197001252e-16,0.6766997935164847,0.20185830981316077,1.9857424992036254,0.26026521880410497,2.188531209329481,0.13590228142183872,2.7680384819729786,0.09358223161433632,2.5281373806373177,0.13146518774413993,1.593463049982988,0.14653738123563595,0.44614502745493245,0.12892860267758574,0.005554943446898228,0.005554943446898228,0.26026521880410497,0.14653738123563595,6.516108251383215,0.3096847716800511,22.52009762645661,1.070290888764967,42.81678812596391,2.0349120584434024,53.75687678689464,2.5548510662707598,40.58586141284158,1.9288849632610046,18.304653575651855,0.8699475583535389,4.238178270591453,0.20142379767691174,2.639131193847535,2.2317918994299553,-0.4073392944175802,3.093508808352285,3.1576651393701427,0.06415633101785834,-1.839185032095401,-2.3775257190838435,-0.5383406869884414,2.1353233475809974,2.680460379211741,0.545137031630744,0.6833849002856681,2.0604718611720805,1.3770869608864125,-0.852732704497924,-2.0479979393728196,-1.1952652348748938,-1.5124861761374118,-1.73945847686517,-0.2269723007277591,0.8392445482198758,1.2207817418738616,0.3815371936539864
softplus_cnn,20260921,31,3313,3,Dress,3,True,6.80887156443041,21.04110000641327,True,True,128,2.104110000641327e-07,6.61017129921504e-10,7.012553842372737,157.73099727172544,2.044963043291001,155.68603422843444,0.9870351225905957,7.4963284820493925,0.09718897979039604,7.399139502258996,258.19626895451324,0.6108957263805896,0.6029755381781362,0.8685332485164304,0.7619047619047621,0.5,False,1.7748695570161346,8.595486544749065e-10,5.551115123125783e-16,4.440892098500626e-16,8.881784197001252e-16,5.879829956256799e-10,4.996003610813204e-16,8.881784197001252e-16,0.7423093140655983,0.1864005998441205,1.647730486617766,0.2656566030209584,2.5198825780957512,0.18347829076462963,3.182128224688671,0.16941538345136636,2.760667686896445,0.18498819443149914,1.6584328569386078,0.16676934459665393,0.48591889834042795,0.14980957430441483,0.016283504503893327,0.016283504503893327,0.2656566030209584,0.18498819443149914,5.618384288928813,0.2670195135813406,19.87209343076922,0.9444417556454872,37.91609021158897,1.8020013307304394,44.18290639003325,2.099838239282472,33.02785166524269,1.5696827473457136,14.258438062988128,0.6776469889236872,2.8552332219999785,0.13569790653196417,2.386331323449698,1.8571892352860324,-0.5291420881636654,0.800624711087417,1.1748609074851313,0.37423619639771444,0.2136811393474489,0.04606285399965164,-0.16761828534779777,0.2548848047040957,0.4838327884895073,0.2289479837854116,0.5834767367093263,1.4351292614013975,0.8516525246920711,0.9330341420037469,-0.19300438218602461,-1.1260385241897715,0.3304404849992597,0.10827633970348356,-0.22216414529577622,1.5100805000717463,2.1002068387815407,0.590126338709794
softplus_cnn,20260921,32,5269,3,Dress,3,True,10.333075887786295,21.04110000641327,True,True,128,2.104110000641327e-07,4.192234692723673e-08,10.536757973263729,366.3784906538835,5.1790099414804605,361.19948071240304,0.9858643177107986,17.41251600639759,0.2461377941220712,17.166378212275518,395.8339603604053,0.9255862996704408,0.9125025058070619,0.9170948880857346,0.8571428571428572,1.0,False,7.569954711598008,3.1935476485500658e-09,1.7763568394002505e-15,1.7763568394002505e-15,1.7763568394002505e-15,1.304645280697514e-10,2.6645352591003757e-15,8.881784197001252e-16,0.535971186039407,0.19556135596626892,1.812180064689971,0.19543795820095558,3.1785777906480925,0.30457051506885524,4.39536638160027,0.21255221245529227,4.578817135099956,0.2181287319336045,3.4615962767551687,0.28405989663847825,1.1968793636085961,0.4271240317428651,0.1890006007339598,0.1890006007339598,0.4271240317428651,0.4271240317428651,8.069459921035696,0.38350941341356426,39.42125925975047,1.8735360436353128,80.63963295130274,3.8324818059285874,101.96868378017729,4.846166966037779,84.93818203276955,4.0367747887173495,42.46589027508986,2.0182352758242854,8.875382433448273,0.4218117128259968,0.802551570638815,-0.16690229904993006,-0.969453869688745,1.1749680353438199,-0.6548802184027697,-1.82984825374659,1.1816924150162809,2.4326019606779457,1.250909545661664,1.5508384649279896,0.4920726308781481,-1.058765834049844,2.0614407231851297,1.8057294723313888,-0.25571125085374335,2.551733716931123,3.8031907794927466,1.2514570625616241,-2.6111868546190515,-3.6764175876953598,-1.0652307330763102,3.8247199018396216,6.501363235162024,2.6766433333223993
softplus_cnn,20260921,33,5365,3,Dress,3,True,7.772191483680968,21.04110000641327,True,True,128,2.104110000641327e-07,7.44006189989932e-10,7.975873664463596,110.70220274641785,2.2213365365772835,108.48086620984057,0.9799341252344759,5.261236471129177,0.10557131214148624,5.1556651589876905,154.52528160040816,0.7164018832380206,0.7020266527671808,0.8742369811346622,0.6428571428571429,0.5,False,1.7996163427491494,4.892990457250335e-10,6.661338147750939e-16,5.551115123125783e-16,0.0,6.987210809938915e-11,5.551115123125783e-16,8.881784197001252e-16,0.3216536169471583,0.10640184331904119,0.815524244257638,0.11893579856792061,1.5816069460605626,0.08258814386967092,1.9596570112559946,0.07627359728759281,1.556176495439326,0.08430901615076293,1.031026281049609,0.08619108638905512,0.36300444347435135,0.08813895019757519,0.03697811374866111,0.03697811374866111,0.11893579856792061,0.08813895019757519,5.635245964523442,0.26782088212145916,13.58437591178044,0.6456114893061655,25.167275981176495,1.1961007729398927,31.114751154643933,1.4787606705524066,23.053043988214903,1.0956197148052333,9.097110627040067,0.43234957413192715,3.0503991189548607,0.14497336726811372,0.3724734309485063,-0.39460010136391005,-0.7670735323124165,0.9549306603709473,0.7542618734694255,-0.20066878690152123,0.6621804279600334,2.405793467493067,1.7436130395330338,1.6957069818929371,1.3669250880276063,-0.3287818938653306,1.0759024268468043,0.7145724219928267,-0.36133000485397737,0.7884318578861305,0.8174371580722981,0.029005300186167426,-0.05201448413666151,-0.6154968027457635,-0.5634823186091019,2.4782623626948994,2.9269805595879177,0.44871819689301806
softplus_cnn,20260921,34,6132,3,Dress,3,True,6.070941864954846,21.04110000641327,True,True,128,2.104110000641327e-07,6.2670701961309305e-12,6.274624057139427,20.61572044598247,0.3097988464731456,20.305921599509322,0.9849726888136223,0.9797833972415345,0.014723510005594753,0.9650598872359397,46.17685161842853,0.4464514085181811,0.4397424442727818,0.9959258907525219,0.9285714285714287,0.5,True,0.20110168022628755,4.143529963585024e-11,4.440892098500626e-16,6.661338147750939e-16,8.881784197001252e-16,2.97726288067679e-11,4.996003610813204e-16,4.440892098500626e-16,0.4260569522839925,0.11632978827821756,0.5038559010226783,0.08919698840154099,0.45113205546847085,0.044179033719361986,0.3901900401031089,0.02829588462425014,0.43232814737686726,0.019249530535952818,0.29912467436544526,0.030588239590181407,0.10802537037735935,0.02711837160259138,0.009946356036770042,0.009946356036770042,0.08919698840154099,0.044179033719361986,1.8006648240493068,0.08557845471484234,3.7766704825278037,0.1794901636025058,5.07775292511656,0.24132544988469587,4.718414126276313,0.22424750249930628,3.3800081744659893,0.1606383779096992,1.5777131792791668,0.07498244762860706,0.2844967342197009,0.013521000999614424,0.8183134058917452,0.7245413716860533,-0.0937720342056924,1.1317824226423818,1.2028804452503112,0.07109802260792919,0.6699730237718464,0.6181664882941403,-0.05180653547770639,1.4001838978819194,1.4901674767167503,0.08998357883483038,0.1299612359884247,0.17106869710179737,0.0411074611133726,0.37526065070573356,0.30325875693541515,-0.07200189377031864,0.9729432888753496,0.8807249058708072,-0.09221838300454227,0.7762061313820253,0.8838159153139244,0.10760978393189925
softplus_cnn,20260921,35,6433,3,Dress,6,False,3.141902610338015,21.04110000641327,True,True,64,2.104110000641327e-07,5.1655954291796036e-08,3.345584628975385,45.009670031745074,0.9191034787504772,44.090566552994595,0.9795798663242312,2.1391310348806027,0.04368134168224745,2.095449693198355,73.05869134251779,0.6160755031968511,0.6034951590672049,0.9885792316269423,0.9285714285714287,1.0,False,1.6635440185500947,4.3393477699993355e-10,1.3322676295501878e-15,4.440892098500626e-16,1.7763568394002505e-15,2.3208102106764272e-12,1.2490009027033011e-15,8.881784197001252e-16,0.6492661649998412,0.1399943969171418,0.5983813538511704,0.0647257992305618,0.6881969025595156,0.05988228280428201,0.7666175172320195,0.040763197731770284,0.657943247040561,0.058491276533237796,0.441980072053399,0.044016767658313825,0.2643878473716036,0.055586642240175024,0.05468278952800022,0.05468278952800022,0.0647257992305618,0.05988228280428201,1.9911150877980928,0.09462980011459507,5.669327001880321,0.26944061860607693,9.714135420766507,0.46167431445150986,12.904953359147715,0.6133212310770026,10.086133497519945,0.47935390708877956,3.9900402665827386,0.18963078286622778,0.6539653978183531,0.031080380665413222,0.3562404526591809,0.1665353965344783,-0.18970505612470256,2.362013892496181,2.1985117911817893,-0.1635021013143914,2.857663085199635,3.4885183590619553,0.6308552738623201,-1.35817033345971,-1.448674860586623,-0.09050452712691387,-0.2678810188604356,-0.45824349743893905,-0.19036247857850375,0.46032703050775814,0.1752977149029523,-0.28502931560480543,-1.9637271007329522,-1.8525074753083686,0.11121962542458488,0.8991186211657294,1.0761472006304618,0.17702857946473224
softplus_cnn,20260921,36,8177,3,Dress,3,True,12.914096404711593,21.04110000641327,True,True,128,2.104110000641327e-07,1.4084546196002634e-08,13.117778592135025,246.49682394420668,3.115789803580342,243.38103414062633,0.9873597162278829,11.71501603381359,0.14808112706230464,11.566934906751284,445.4432453134748,0.5533742548295637,0.5463794472163342,0.9144173456891468,0.7142857142857144,0.5,False,3.24524652438365,1.0110281500885776e-09,2.220446049250313e-15,3.1086244689504383e-15,0.0,4.673275100230967e-10,1.1102230246251565e-15,1.7763568394002505e-15,0.7500868233953594,0.2000668601862681,1.9981601415382337,0.35391984811888827,3.2976924667050684,0.3528055971283079,4.817731715448044,0.19297970834847444,5.437745813960352,0.23539312640310397,3.861102589244682,0.26218321053446964,1.48790270092188,0.31319420731771014,0.26981466783762054,0.26981466783762054,0.35391984811888827,0.3528055971283079,9.311831609944134,0.44255441051589095,31.167021461771533,1.4812448708609298,52.78995728392202,2.508897218673538,67.39864767205268,3.2031903109395303,53.16195534145416,2.526576810397296,27.234096627130526,1.2943285578619772,5.43331394772929,0.25822385455481084,0.15119007407415216,-0.808917703890184,-0.9601077779643354,2.3626293054038934,1.1184574320355902,-1.244171873368302,2.5068651063084797,2.633914485234915,0.12704937892643609,0.8448438660462196,-0.06666628596782118,-0.9115101520140412,0.7780172355833639,1.3205255328076004,0.5425082972242368,3.7469659743612613,4.123178392780134,0.37621241841887154,0.7419128438863837,0.9610193920309019,0.2191065481445187,1.9853541864712716,3.8362673475712143,1.8509131610999425
softplus_cnn,20260921,37,8415,3,Dress,3,True,8.667045843239135,21.04110000641327,True,True,64,2.104110000641327e-07,3.3067772367556536e-08,8.870727816665744,25.087766490824734,0.7032424055460015,24.384524085278734,0.9719687120890895,1.1923220023277323,0.03342232132976199,1.1588996809979706,47.08694404752161,0.5327966594201862,0.5178616828620076,0.984702613305227,0.9047619047619048,0.5,False,0.3654041375851269,8.570677501040791e-11,6.661338147750939e-16,2.220446049250313e-16,1.7763568394002505e-15,7.512035438139719e-11,6.661338147750939e-16,1.7763568394002505e-15,0.49368469804428167,0.13864122440818497,0.4487685427634149,0.05005269546150068,0.5251673844290229,0.07506781853571995,0.4620812931978628,0.01921860831782524,0.42405065480408766,0.02817518294867992,0.2836487969265415,0.03308496821380938,0.09203153688575702,0.030787236520302137,0.002107417988557306,0.002107417988557306,0.07506781853571995,0.07506781853571995,2.241885306826969,0.10654791366153141,4.4911454239009405,0.21344632279358264,6.09081507710262,0.2894722745125567,6.561521333598364,0.3118430752954185,4.274652798543434,0.20315728727302904,1.3099942409763994,0.06225882870083393,0.11775230980366928,0.00559630008734233,-0.07392330536149078,-0.12950104355774333,-0.055577738196252516,2.2973286418800134,2.6238375837487706,0.3265089418687579,1.2033998144369835,1.4639010852340848,0.2605012707971015,0.6976667723209992,0.7115210879517778,0.013854315630778713,1.5569211370880411,1.369344095607353,-0.18757704148068768,1.531428635194893,1.071341009363391,-0.46008762583150187,1.0055425291760547,1.025283999031873,0.019741469855817997,0.6523635919302512,0.734999999361356,0.08263640743110481
softplus_cnn,20260921,38,8439,3,Dress,3,True,14.496499335744655,21.04110000641327,True,True,128,2.104110000641327e-07,2.7892005372009976e-09,14.700181334446157,190.86682788952828,2.1591407018890116,188.70768718763927,0.9886877110823118,9.071143040589732,0.10261539088882765,8.968527649700903,290.72841637892566,0.6565124602087704,0.6490858015808265,0.960090938107012,0.7619047619047621,0.5,False,4.474551624568654,2.9347679841862373e-09,1.3322676295501878e-15,1.3322676295501878e-15,0.0,3.065423470616224e-10,1.3322676295501878e-15,4.440892098500626e-16,0.733762405594365,0.2846880239821311,1.4354430787643768,0.19653846795486993,3.007835268035002,0.18597691576591013,3.7541778773805774,0.17481448031576355,3.235286762612672,0.20734559609866898,1.7301670693477023,0.25339680301852247,0.5945262721857184,0.3005212520583165,0.059731799305699385,0.059731799305699385,0.3005212520583165,0.3005212520583165,7.485400614613676,0.35575139191069605,25.573760837272424,1.2154193853685222,48.13491425151703,2.287661492832867,55.928002679978654,2.658036065744279,37.86790607619652,1.7997113299520693,12.912577378557867,0.6136835704702771,2.9642660511833374,0.1408798043010982,1.0630526057922904,0.12443575925641606,-0.9386168465358744,2.5531958273747835,2.285647407555979,-0.2675484198188043,2.978941386437666,2.9606589097795197,-0.01828247665814514,0.5119907787497622,-0.4227021799731546,-0.9346929587229168,0.7976363927073609,1.1485015225669286,0.35086512985956814,2.683020079750411,3.372615742995033,0.6895956632446234,2.522107724480119,3.5699916986945293,1.0478839742144097,1.5902365391537643,1.6610324738774462,0.07079593472368095
softplus_cnn,20260921,39,8661,3,Dress,3,True,13.54330605041836,21.04110000641327,True,True,128,2.104110000641327e-07,4.901856698324991e-11,13.746988222081551,40.67766950660182,1.0223145356932466,39.655354970908576,0.9748679177520893,1.933248237696859,0.0485865537154259,1.884661683981433,101.81887624616706,0.3995101007425735,0.38946958003184,0.9827729534147506,0.9285714285714287,1.0,False,0.8278796030148289,3.697443462513661e-10,1.7763568394002505e-15,2.220446049250313e-16,1.7763568394002505e-15,2.261941745018703e-10,1.4432899320127035e-15,8.881784197001252e-16,0.7596135039006686,0.24931900320599418,1.0772569081503816,0.17111410961048218,1.4750515002645606,0.14911846670354845,1.0185460374073996,0.11912900154827935,0.7109643189681984,0.10395621727021453,0.38390869544934925,0.04417178091578023,0.14335964836550227,0.03471090254274046,0.029960099721784907,0.029960099721784907,0.17111410961048218,0.14911846670354845,2.8062680894164505,0.13337078805581018,8.47250339921287,0.40266447080383033,11.430970797267152,0.5432686881286161,9.643654772862526,0.4583246488977841,5.866723847779059,0.2788221074939474,2.1664190949090933,0.10296130403109983,0.2911295050296194,0.013836230279827761,-0.0808387232287688,-0.17680843858859163,-0.09596971535982282,3.242771792288762,3.2332347614986454,-0.009537030790116703,2.4150929807528287,2.4415035498218245,0.02641056906899561,0.6442699499622306,0.52498470046994,-0.11928524949229108,1.2053891234946912,1.5701554300835543,0.3647663065888629,2.3653561747956893,1.5678336348577697,-0.7975225399379184,2.694011708900044,2.753046960343295,0.05903525144324939,1.2609352151160724,1.8330376238213084,0.5721024087052363
softplus_cnn,20260921,40,239,4,Coat,2,False,12.246486250528964,21.04110000641327,True,True,128,2.104110000641327e-07,1.4292984573671674e-09,3.9555668599304354,256.2691365474828,2.7190907500211496,253.55004579746165,0.989389706514591,12.179455278924232,0.1292275950018002,12.050227683922433,310.531786784479,0.8252589507860703,0.8165027111167693,0.9440965768166264,0.6904761904761906,1.0,False,3.3242417280542136,1.7405097363365485e-09,1.3322676295501878e-15,2.6645352591003757e-15,3.552713678800501e-15,6.607221436638611e-10,1.9984014443252818e-15,3.552713678800501e-15,0.8914276400509833,0.2339309870702427,1.8134909337696905,0.19793415310844228,3.097489146455057,0.16404313864292328,3.4429165517169995,0.1404506750386234,3.194447245388231,0.16307079390374493,2.3024328884656238,0.1976626022728521,0.7721162509906442,0.294922453906504,0.13545073377003106,0.13545073377003106,0.294922453906504,0.294922453906504,14.052039486917778,0.6678376835162969,34.346089796379694,1.632333375437173,55.40926798994775,2.633382664074557,68.78744733655155,3.2691944487496056,53.27669697031583,2.5320300247647336,25.531558647782695,1.2134136827447588,4.866036319004602,0.23126339960940479,1.757040977816784,0.004507105648187133,-1.752533872168597,-3.0005821634018304,-1.7338815201702877,1.2667006432315426,-2.232135909124267,-1.4503081622726537,0.7818277468516137,-1.6026803538077181,-1.7319564652131132,-0.12927611140539585,3.809221990636413,3.794684950975144,-0.014537039661266737,1.8493769545433423,1.7100938987064735,-0.13928305583687017,-0.9536610198274016,-1.637121690446059,-0.6834606706186576,4.32898638309511,4.999548743363466,0.6705623602683561
softplus_cnn,20260921,41,1142,4,Coat,2,False,5.8386614199187505,21.04110000641327,True,True,64,2.104110000641327e-07,2.1753836065840915e-08,-2.4522583281359163,13.840723914401547,0.5956887099744017,13.245035204427145,0.9569611594264534,0.6577946927766577,0.02831072091253962,0.6294839718641181,31.98352376623115,0.4327454352923696,0.41412057349389125,0.9923807405719403,0.9523809523809524,1.0,False,0.3211606015175871,2.9061775208560903e-10,1.3322676295501878e-15,4.440892098500626e-16,5.329070518200751e-15,2.9599878104136224e-11,1.0408340855860843e-15,3.552713678800501e-15,0.374925705902729,0.10133128251198573,0.3222119159144049,0.09390228079930063,0.34670123182219115,0.032378697054966064,0.38762514034592715,0.03058373013578188,0.2774091307072507,0.021470209161842935,0.14245868427340555,0.017049492396562196,0.041914108377472135,0.017005631853848447,0.0017297743720034878,0.0017297743720034878,0.09390228079930063,0.032378697054966064,1.575342617612853,0.07486978423811934,2.6686868951900675,0.1268320997655379,3.6367911812443117,0.17284225540184817,3.315271331850982,0.1575616926320628,1.8479471319897987,0.08782559521253877,0.7014296573389316,0.03333616859979458,0.09525509911415203,0.004527096923883187,-1.3004662617808145,-1.2231213979737106,0.07734486380710379,-0.12081204746137497,-0.2808189002947655,-0.16000685283339067,-2.708994044450821,-2.687427347498732,0.021566696952087863,0.07499832036102207,0.15510983360438696,0.08011151324336489,-1.2168917388135116,-1.090691196036511,0.1262005427770007,0.25115238941859114,0.5416174825986376,0.2904650931800464,1.2222660685683229,1.022853216834162,-0.1994128517341611,1.3464889860226648,1.110219980601017,-0.236269005421648
softplus_cnn,20260921,42,3916,4,Coat,4,True,9.531655888603712,21.04110000641327,True,True,64,2.104110000641327e-07,7.584256767056985e-08,1.2407359618815619,81.9898209739568,1.9482010057236263,80.04161996823316,0.9762385015288366,3.8966508855984965,0.09259026406080575,3.8040606215376904,129.111448763677,0.6350313760635535,0.6199420789920786,0.7892686789356028,0.5476190476190477,0.5,False,1.2471175575641456,4.0121150846061937e-10,4.440892098500626e-16,4.440892098500626e-16,2.886579864025407e-15,1.6989365470010398e-10,6.661338147750939e-16,3.552713678800501e-15,0.4083254688736075,0.09842362747174696,0.8007635694335907,0.09275704769014932,1.0742059066943384,0.05696402080274769,1.699050650117198,0.07007615849721203,1.4798781433224122,0.09328543199598846,0.8059602227524469,0.09259914641896728,0.2719422272186432,0.0916580034761037,0.004354173709545661,0.004354173709545661,0.09328543199598846,0.09328543199598846,2.9790783914714676,0.14158377606510367,11.245566005054062,0.5344571339723895,20.226173607710187,0.9612697815962713,23.979147639290787,1.139633746904012,15.514018964753959,0.7373197675038533,6.91557667508138,0.32866992091542413,1.130259690441998,0.053716758634173016,-0.5601792438150708,-0.725126275669746,-0.16494703185467496,0.6532593839890805,1.2931982242942728,0.6399388403051925,0.19993435789655156,0.6228499580490283,0.42291560015247687,0.8019961349340466,1.1377353426009738,0.3357392076669278,-0.4504863710394822,-0.2888366937391857,0.16164967730029667,1.6300529872303042,1.116114004445375,-0.5139389827849299,0.24246598072106845,-1.0268490102780043,-1.2693149909990726,-1.2763072680349397,-0.8883495876512582,0.38795768038368106
softplus_cnn,20260921,43,5343,4,Coat,4,True,9.620291467393223,21.04110000641327,True,True,64,2.104110000641327e-07,2.8548012842577464e-09,1.3293717469304962,27.606812455864198,0.5578276280915644,27.04898482777263,0.9797938415025863,1.3120422624030927,0.02651133390942204,1.2855309284936707,50.93048698697157,0.5420488608900645,0.5310961356935774,0.9778206241932161,0.9523809523809524,1.0,False,0.44658005163707903,5.162166250016753e-10,2.220446049250313e-16,4.440892098500626e-16,3.552713678800501e-15,5.06967801072733e-11,4.440892098500626e-16,3.552713678800501e-15,0.22042131419762684,0.09098746627345168,0.5473157682926009,0.05638858802284046,0.6731826584470955,0.045380328884493525,0.5539692537519714,0.031046540324227517,0.388821554531296,0.02605831239962898,0.19435741515325525,0.028425452366519756,0.056221209299966726,0.02322019999075919,0.006656113673892517,0.006656113673892517,0.05638858802284046,0.045380328884493525,1.6526526852431664,0.07854402501482538,4.397146291568461,0.20897891698762056,7.579461368031117,0.3602217263223367,8.186215163114216,0.3890583268279263,4.475741493250255,0.21271423508685675,1.1858242010828755,0.056357519365500826,0.12977125352923913,0.006167512795893998,-0.4698341763844528,-0.5221454491845693,-0.052311272800116215,0.45922520353437785,0.4647115648935589,0.005486361359180972,-0.03576643543719518,0.23363488917516764,0.2694013246123627,0.27534275754564114,0.28990090777116134,0.014558150225520039,1.1538437337975616,1.144392003123502,-0.009451730674059522,-0.03190254276692815,-0.23626786256769225,-0.20436531980076367,-0.8640683487609869,-1.1557676535522614,-0.2916993047912747,0.8425315554024752,1.110913347322326,0.2683817919198508
softplus_cnn,20260921,44,6289,4,Coat,4,True,8.843496871523953,21.04110000641327,True,True,128,2.104110000641327e-07,4.136757603134811e-11,0.5525770671079062,65.13801895867587,1.0573594914041733,64.0806594672717,0.9837673986972958,3.095751597531592,0.05025210141493995,3.045499496116652,95.99423679513465,0.6785617671786865,0.6675469445528166,0.9226434250709981,0.8095238095238096,0.5,False,0.8448315900828034,6.480459502355984e-10,6.106226635438361e-16,3.885780586188048e-16,3.3306690738754696e-15,2.272029231420447e-10,4.440892098500626e-16,3.552713678800501e-15,0.3374856693916134,0.10829124572510085,0.6678837118622345,0.07847313693583172,0.9703377407873016,0.05389044120177433,1.165052611473027,0.058045045130199174,0.9452174752755094,0.06138199095157817,0.5927021275340741,0.06921893242630833,0.1867102070000579,0.06505170187099407,0.03432133130306584,0.03432133130306584,0.07847313693583172,0.06921893242630833,2.6603213240661523,0.1264345173615112,8.354063245405694,0.397035480220112,14.143294028894964,0.6721746498321916,17.023052096458933,0.8090381249682932,13.49603330268447,0.641412915606642,7.739128398558265,0.36781006678355216,1.7221265625386506,0.08184584275602279,-0.4307887522480337,-0.28360525664036346,0.1471834956076701,0.5554515481797528,1.1279181869684145,0.5724666387886613,-0.2755381134588517,-0.4100354819888377,-0.13449736852998598,1.2261386593679546,1.5406558357521876,0.3145171763842327,-0.39531609089778225,-0.3721239101605701,0.023192180737211965,0.6670627495119219,0.44776721230912875,-0.2192955372027935,0.367034515545352,-0.25303047764148634,-0.6200649931868378,-1.1614674488924108,-1.2449690412633638,-0.083501592370953
softplus_cnn,20260921,45,6993,4,Coat,4,True,8.051741730180794,21.04110000641327,True,True,64,2.104110000641327e-07,1.9873780843226996e-08,-0.23917798041015637,34.42673692070595,1.0928546234006895,33.33388229730526,0.9682556431090803,1.63616621327843,0.051939044207175024,1.5842271690712548,48.63212502374041,0.7079011436144336,0.6854292770680469,0.9744627183095632,0.9285714285714287,1.0,False,0.8353484681722045,6.365571958433236e-10,1.1102230246251565e-15,4.440892098500626e-16,3.1086244689504383e-15,3.376010582201161e-11,1.0547118733938987e-15,3.552713678800501e-15,0.4351502202129078,0.12049191175273996,0.5436026803682364,0.05428585863942356,0.613827131809981,0.05113581673594087,0.5070943045237213,0.04369673985540082,0.44459784505488315,0.0394823484451344,0.15536178249128824,0.02425948928552506,0.04241687414696769,0.010252538301636374,0.004391329693067098,0.004391329693067098,0.05428585863942356,0.05113581673594087,3.376607984030744,0.16047678034901042,7.239110100900263,0.34404618098358936,10.154607514361544,0.48260820542968036,8.528744174032711,0.40533737168841805,3.8856255988357473,0.1846683679870073,1.1203146845461989,0.053244111962051886,0.12172686386910696,0.005785194872511653,0.03345728175133698,-0.10253052796163405,-0.13598780971297098,-0.5371470597476973,-0.08037253024914726,0.45677452949855,-2.2434186550524355,-2.773192388937717,-0.5297737338852813,-0.5632612135967086,-0.9326828575301446,-0.369421643933436,1.983557851038151,1.9258864151860304,-0.05767143585211959,0.2210904436691638,0.7826962683046667,0.5616058246355029,-0.9841616209686181,-0.9336882290600917,0.050473391908526385,1.850704992496648,1.874705869871641,0.024000877374992013
softplus_cnn,20260921,46,7594,4,Coat,4,True,8.714188003747775,21.04110000641327,True,True,64,2.104110000641327e-07,5.560212457123015e-09,0.42326818989202764,27.224817195416207,0.8959026267388934,26.328914568677313,0.9670924281948995,1.2938875432899495,0.04257869723853908,1.2513088460514104,43.08943862852786,0.6318211158451181,0.6110294171074662,0.9620260945282347,0.7857142857142858,1.0,False,0.4854936969744015,8.895704728395515e-10,6.661338147750939e-16,2.220446049250313e-16,3.4416913763379853e-15,2.274037624871994e-10,6.106226635438361e-16,3.552713678800501e-15,0.39090971490550636,0.11040954090347933,0.4598728929045979,0.03917347403722417,0.48197347605547447,0.04186771799709734,0.511432965285126,0.038416119028662835,0.3660277095447235,0.02874149106076371,0.17678377902317755,0.03169350575490967,0.03479048495815533,0.008377432376758797,0.016988747282630664,0.016988747282630664,0.04186771799709734,0.04186771799709734,2.8189960112491073,0.1339756956808287,5.427448742663497,0.2579451046289987,7.520234574785853,0.3574069118294056,6.245233071755488,0.29681114912490114,3.5375199092103644,0.16812428571377627,1.410583496365319,0.06703943690849704,0.2648013893102325,0.012584959399913586,0.6974271591740647,0.3429812806102943,-0.35444587856377063,0.24444546139197842,0.6500574599958495,0.40561199860387115,-0.5108390275720434,-0.5549312860124258,-0.04409225844038234,-0.07181540138850767,-0.0795086818690972,-0.007693280480589593,1.182264481529845,0.6925932723893977,-0.48967120914044726,-0.6868694711040486,-0.5652803035108158,0.12158916759323218,-1.8318222266117388,-1.6059088339565428,0.22591339265519628,1.4004772144724744,1.5432652824727715,0.14278806800029725
softplus_cnn,20260921,47,8085,4,Coat,2,False,9.213488141445666,21.04110000641327,True,True,64,2.104110000641327e-07,2.3026440754136956e-09,0.9225685672653228,22.3641778129875,0.7156722075093127,21.648505605478185,0.9679991720020351,1.0628806386629481,0.03401306050021994,1.0288675781627281,35.80239098409665,0.6246559852084076,0.6046664764678541,0.9865793318399755,0.880952380952381,0.5,False,0.486333189245768,9.531028188902724e-10,2.220446049250313e-16,1.8041124150158794e-16,3.9968028886505635e-15,3.0331981371034544e-10,3.3306690738754696e-16,3.552713678800501e-15,0.3387879348006339,0.10750921571073338,0.33655283722806295,0.07529330982298775,0.41925269343703936,0.032679139048433,0.42683579698548796,0.019520181315426908,0.3113922647811807,0.013895631204569922,0.16194424320690676,0.021728614291791293,0.04228848458844765,0.012130888312930365,0.003279272597592757,0.003279272597592757,0.07529330982298775,0.032679139048433,2.514833682283064,0.11952006698872919,4.39106018814925,0.2086896686395135,5.815190707515708,0.2763729418016764,5.200882724236765,0.24717732070336387,3.088975500017178,0.14680674960318932,1.157279409163252,0.05500089866074094,0.19595560154494715,0.009312992262059512,0.6163144327803494,0.3252978246844753,-0.29101660809587404,-0.1971070631933436,0.0018704620844534163,0.198977525277797,-0.33485070701564446,-0.08467597186229063,0.2501747351533541,0.15507585738201374,-0.023436903229348487,-0.17851276061136212,0.48520833296804744,0.4024625760574296,-0.082745756910618,-0.08488567562996352,-0.07760015396648999,0.007285521663473349,-1.6941735107487135,-1.4349390851823633,0.25923442556635,1.9769869007225733,1.8135898189827768,-0.16339708173979683
softplus_cnn,20260921,48,8903,4,Coat,4,True,10.110054987259241,21.04110000641327,True,True,64,2.104110000641327e-07,4.0134365608679445e-08,1.8191353639486323,19.885162691752495,0.3999461447684773,19.485216546984017,0.9798872078157873,0.945062885766027,0.019007853422424434,0.9260550323436025,46.641477273349274,0.42634075621602974,0.41776585318659665,0.9958228941415551,0.9761904761904763,1.0,True,0.5521054104846665,7.240206489900203e-10,8.881784197001252e-16,2.220446049250313e-16,3.1086244689504383e-15,7.265765766817367e-11,8.604228440844963e-16,3.552713678800501e-15,0.467342489141186,0.12180957336025924,0.46705955763678264,0.08354292054862111,0.5629854734905304,0.0714507285348195,0.5397833768479321,0.05239991708916857,0.4311945341554572,0.05502659184201853,0.17620657316278734,0.04540533521417181,0.03585308524434498,0.011678294706011646,0.003601758128445771,0.003601758128445771,0.08354292054862111,0.0714507285348195,1.5352089113541956,0.07296238841535224,3.569014950367791,0.16962112005931082,6.010677383248801,0.28566364788042276,5.441746466115734,0.2586246186966035,2.57141227418162,0.12220902297873498,0.6853500021036107,0.03257196638458626,0.07175270412952622,0.0034101213390771486,0.19761566112597564,0.09968269924600903,-0.09793296187996674,-0.933231157497482,-1.1772768190019467,-0.24404566150446438,0.5723804121680858,0.7909177953077777,0.2185373831396918,0.31597387345849826,0.33654962753366585,0.020575754075167527,1.5738727271121407,1.5685157631868305,-0.005356963925309599,-1.1220530835038485,-0.9718720222058318,0.15018106129801675,-1.7589029504113578,-1.748251004192083,0.010651946219274233,2.9734798814966172,2.920869324001553,-0.05261055749506352
softplus_cnn,20260921,49,9143,4,Coat,4,True,14.480463523550991,21.04110000641327,True,True,128,2.104110000641327e-07,1.436011309863261e-10,6.189543918869209,49.16885569799079,1.14832904959352,48.02052664839727,0.9766451947418324,2.336800627486408,0.05457552358210894,2.282225103904299,84.11083113678492,0.5845722249258258,0.5709196544533495,0.9823973475416942,0.9285714285714287,1.0,False,0.7595338195603799,1.3473665516627875e-09,1.7763568394002505e-15,4.440892098500626e-16,3.552713678800501e-15,7.558895731563098e-10,6.938893903907228e-16,3.552713678800501e-15,0.5199967321769143,0.1637850237133355,0.6830679676986998,0.07364966026982456,1.227768275817975,0.06114962594137479,1.1369387031332994,0.06324497807572732,0.6893991318914072,0.05082043400456015,0.216672030047105,0.03534304704850305,0.04212172524738674,0.009401835802787244,0.0014862494177677015,0.0014862494177677015,0.07364966026982456,0.06324497807572732,3.9734399662554813,0.18884183645552693,10.779352315447467,0.5122998470689246,12.92230853004849,0.6141460534910155,11.581733088167462,0.5504338216460822,7.282731393919512,0.3461193279676327,2.328564979548933,0.11066745459311504,0.30072542415927617,0.014292286243001358,1.3657210919636293,0.9853353669934247,-0.38038572497020445,-2.562416121293791,-1.822666973518897,0.7397491477748944,-0.8483947642039577,-1.0352551637576042,-0.18686039955364683,-0.18105473952346626,-0.20760689457586048,-0.026552155052394093,3.072527726800787,3.3090756974053894,0.23654797060460162,1.2996080086391204,1.2851067230474684,-0.014501285591651786,0.7786068003195487,0.23857731627187204,-0.5400294840476766,3.264945916167335,3.4369778477593047,0.17203193159196994
softplus_cnn,20260921,50,1325,5,Sandal,5,True,25.608630861883366,21.04110000641327,True,True,128,2.104110000641327e-07,6.118434470181455e-08,29.16836528314594,180.53881849026862,3.721899825692911,176.81691866457572,0.9793844899572469,8.580293731565407,0.17688713159285807,8.403406599972548,166.72440496547844,1.0828577767463052,1.0605341113749185,0.9803599519478167,0.8333333333333335,1.0,False,3.0819382216598368,1.860329001956984e-09,5.329070518200751e-15,4.440892098500626e-16,7.105427357601002e-15,1.3112710917084769e-09,4.440892098500626e-15,3.552713678800501e-15,1.2163978072094261,0.45949620461437435,1.2014181674994855,0.147868257876556,1.6133451463094333,0.10292607406990417,2.01513776995702,0.1449715841278594,1.6061895816153233,0.10078760954945437,1.0226925277273944,0.11058733636282499,0.3779997566832943,0.1700677190065363,0.0869665174251298,0.0869665174251298,0.1700677190065363,0.1700677190065363,9.488698911743146,0.4509602116263416,21.473802055362366,1.020564611584813,36.91613302791792,1.7544773332509225,48.227895825424525,2.292080538124185,44.22392530517727,2.1017877055713785,17.88324193932943,0.8499195352846889,2.325121424763849,0.11050379609693213,2.8722596091950545,2.1437769096041035,-0.7284826995909521,8.002433034755168,10.501163823566722,2.4987307888115504,5.51948223384164,6.32556665837904,0.8060844245374004,2.3157289366183686,2.2236458897024,-0.09208304691596819,0.8627073824442011,1.0511410552741955,0.18843367282999468,-0.901939943650195,-2.982635903502564,-2.0806959598523678,12.28619704093746,11.465558922259476,-0.8206381186779855,-1.7885030109957667,-1.5598520708261638,0.2286509401696032
softplus_cnn,20260921,51,1435,5,Sandal,5,True,29.012340528359793,21.04110000641327,True,True,128,2.104110000641327e-07,1.0329954935883734e-07,32.57207506573267,156.00081373630945,3.7562630920046103,152.24455064430484,0.975921516035462,7.414099723339599,0.17852028129991832,7.23557944203968,176.36853673144685,0.8845161196401433,0.8632183124370126,0.9896492664305748,0.9523809523809524,1.0,False,1.6711034785066587,2.721747938139174e-09,5.329070518200751e-15,1.7763568394002505e-15,0.0,2.1336816757866472e-09,3.552713678800501e-15,3.552713678800501e-15,1.2581998269713237,0.40591897651130215,1.6139613545460951,0.22168917281780298,1.8283156832874576,0.1799704374071441,2.019575248143563,0.11646738519566417,1.6131012745354802,0.11138623033118616,0.8068571326830823,0.09714224927601461,0.42088611224056677,0.080013276616998,0.07939998026840858,0.07939998026840858,0.22168917281780298,0.1799704374071441,10.636527989039562,0.5055119735088744,22.880319728578314,1.0874108160507034,37.506228337382296,1.7825222220297656,44.27395432499905,2.104165386386856,28.55307839034471,1.3570145278356078,11.015951311273799,0.5235444586032179,1.1347536537559986,0.05393033888010269,3.3017214762250475,2.8214585316391876,-0.48026294458585894,9.01515112906232,11.670238471658411,2.655087342596091,8.228236260486266,8.966839800595018,0.738603540108749,5.61694560076076,5.979517811127371,0.3625722103666149,-1.1468594926051043,-1.9022059065068795,-0.7553464139017751,-2.4825160128997186,-3.7851833681913702,-1.3026673552916503,9.936330044907095,9.806146550266698,-0.13018349464039392,0.10306605979600685,-0.9847368227220815,-1.087802882518087
softplus_cnn,20260921,52,3703,5,Sandal,5,True,12.59421581509698,21.04110000641327,True,True,128,2.104110000641327e-07,3.671183357312202e-09,16.153950346885342,152.84733190330246,3.3217331989554144,149.52559870434703,0.9782676402813698,7.2642272436666815,0.1578687995372371,7.106358444129444,140.78578112365034,1.085673074961019,1.062078837159135,0.9933381195675071,0.880952380952381,0.5,False,2.8461900416084807,1.6210041087205695e-09,4.440892098500626e-15,8.881784197001252e-16,3.552713678800501e-15,6.455849188569118e-10,3.552713678800501e-15,1.7763568394002505e-15,1.1134796288000526,0.3399192018644658,0.8751372489991303,0.1483254859662884,1.3323729722425806,0.1339751961099041,1.6589865484865032,0.14247184669222232,1.4759120564764103,0.1667798372293155,0.9475470298822576,0.1556537084466628,0.39950094964363414,0.15939115427395198,0.0015327851530034043,0.0015327851530034043,0.1667798372293155,0.1667798372293155,6.776617418387662,0.32206573878372174,22.490119400796207,1.0688661426418429,36.78595153187777,1.7482903232561755,43.867381652932295,2.084842600413554,30.23972822369096,1.4371743024116597,11.227336777782291,0.5335907711269957,1.460196897189785,0.06939736500205412,2.2703148589095523,1.679860765059289,-0.5904540938502632,7.288027511369695,9.040068712286184,1.7520412009164854,4.039745537384024,3.781212568559092,-0.25853296882493293,0.5664991665781182,0.5155447083390228,-0.05095445823909564,0.2415815339360865,-0.5626171721568675,-0.8041987060929541,-3.32039073643697,-4.040864250890093,-0.7204735144531229,8.223616425641922,9.793308424003644,1.5696919983617212,-3.1554439504970904,-4.052563407669345,-0.8971194571722535
softplus_cnn,20260921,53,4857,5,Sandal,5,True,8.888975494776794,21.04110000641327,True,True,128,2.104110000641327e-07,4.228836836261962e-09,12.448710023107036,159.9978719772828,3.030157528162251,156.96771444912056,0.9810612635611023,7.604064042683885,0.14401136476888884,7.460052677914996,170.85396421947328,0.9364598164766894,0.918724450826819,0.9830767487946994,0.880952380952381,0.5,False,2.4983989331336867,2.0533645894715846e-09,2.6645352591003757e-15,8.881784197001252e-16,3.552713678800501e-15,6.059153179194254e-12,2.886579864025407e-15,8.881784197001252e-16,1.0255431799367016,0.25586812636500533,1.1830364045702766,0.14846949524268468,1.4845359655676202,0.09079662249416438,2.0687348480580883,0.0976218475779463,1.7970361320920534,0.15596074498181134,1.049388276791437,0.10501955245886106,0.4751268711872676,0.11603254318012032,0.06215253572850646,0.06215253572850646,0.15596074498181134,0.15596074498181134,7.550666971692398,0.3588532429098752,22.757548888972632,1.0815760051535421,38.94661585649531,1.8509781258881186,44.45464071129378,2.1127526934306724,30.71456589962564,1.4597414531685093,12.897714955100604,0.6129772184519543,2.6761186936294283,0.12718530365873243,2.155904506076391,1.7955497675346892,-0.36035473854170147,7.683766566061482,9.710378871486203,2.0266123054247203,4.547518224220315,4.6617981112185065,0.11427988699818825,0.5033530483800076,0.8371706514451186,0.3338176030651111,0.228158736607071,-0.6263451174263911,-0.8545038540334622,-3.481222779039541,-4.59924588884123,-1.1180231098016873,5.2678553612283565,4.5705795354399275,-0.6972758257884288,-4.456623640427048,-3.9011759077558463,0.5554477326712022
softplus_cnn,20260921,54,4983,5,Sandal,5,True,31.139142853094246,21.04110000641327,True,True,128,2.104110000641327e-07,1.0230261704435861e-07,34.69887716177403,164.30924249821362,2.5023477608010554,161.80689473741256,0.984770499073853,7.80896637761964,0.11892666068020905,7.690039716939431,166.1734580035727,0.9887815086250477,0.9737228597236854,0.9868057288949516,0.9523809523809524,1.0,False,3.6309671525143368,1.6582988315860803e-09,2.6645352591003757e-15,1.7763568394002505e-15,0.0,1.8378187860434991e-09,2.9976021664879227e-15,3.552713678800501e-15,1.2389247432891208,0.35126455218824243,1.0932948227068127,0.13204982637618284,1.5088919659917477,0.11503518146454218,2.083069021830811,0.12739287823098966,2.008745191997955,0.1561200636030385,0.9673928470517539,0.15150813477008562,0.2236512707528879,0.0757492219235362,0.01252002373956234,0.01252002373956234,0.1561200636030385,0.1561200636030385,9.472941123770273,0.45021130648506713,22.890215440547284,1.0878811199780625,38.611713870729034,1.8350615632718958,43.998158805125925,2.091057919581933,33.86452006424456,1.6094462767594253,13.311139170883884,0.6326256311137101,2.160554022344461,0.10268256040254216,3.1411459373008945,2.7736760370859397,-0.3674699002149559,8.295433308344185,10.79778107006415,2.5023477617199674,6.720991227266808,6.442294654938477,-0.2786965723283301,4.379939179923717,4.286514133867189,-0.09342504605652802,-0.92366219965062,-1.002457280992828,-0.0787950813422077,2.6853249710554117,2.0666211220962265,-0.6187038489591832,9.03847452054724,8.645204563601833,-0.39326995694540356,1.3612302169863955,0.6892428629508607,-0.6719873540355348
softplus_cnn,20260921,55,6323,5,Sandal,5,True,19.267189266084802,21.04110000641327,True,True,128,2.104110000641327e-07,3.418140437361217e-08,22.826923826718215,162.3510720362904,2.849955839228099,159.5011161970623,0.9824457220794264,7.7159023048607835,0.13544709346752024,7.580455211393263,147.07499176778828,1.1038659263882264,1.0844883571293562,0.9921010622798816,0.9523809523809524,1.0,False,2.4076623128542427,2.3075763522228954e-09,1.7763568394002505e-15,1.7763568394002505e-15,0.0,8.909921689337352e-10,1.7763568394002505e-15,1.7763568394002505e-15,1.4169857953421023,0.40389195811464657,1.5098624564638379,0.15582882562300965,1.5602696323636067,0.1315727280194468,1.6980597668897635,0.08712737650990633,1.2782299860841078,0.07358147784488539,0.7012933810938563,0.10725044374745094,0.21368335757513895,0.05782367254339165,0.028492239066701765,0.028492239066701765,0.15582882562300965,0.1315727280194468,11.206947316917178,0.5326217409499185,26.044563292747593,1.237794758107194,42.8894535371794,2.0383655571289907,41.44687291118175,1.9698054236018485,27.58070834135068,1.3108016374117395,10.883860617059867,0.5172667119942634,2.2986660195685644,0.1092464756532661,2.474521608940146,2.0418061504252543,-0.4327154585148918,6.954140894751191,8.235516288103092,1.2813753933519023,8.397417059484312,9.52252707733254,1.1251100178482285,2.3882253599110044,2.195388793280733,-0.19283656663027127,0.8932291299183746,1.3366995583918393,0.4434704284734654,-3.9500207453383296,-5.271160198182886,-1.3211394528445548,9.546344328616613,8.824394241210328,-0.721950087406285,-3.876933809565094,-4.058248082951693,-0.18131427338659867
softplus_cnn,20260921,56,6699,5,Sandal,5,True,12.027738014888655,21.04110000641327,True,True,128,2.104110000641327e-07,6.466143176453443e-10,15.587472767454507,122.9141013422065,2.1629977717275963,120.7511035704789,0.9824023627223571,5.841619559088765,0.10279870211482862,5.738820856973937,109.11089576153543,1.12650620714212,1.1066823595178197,0.993302391904788,0.9761904761904763,1.0,False,2.380864941154435,1.2167551965980294e-09,2.6645352591003757e-15,4.440892098500626e-16,7.105427357601002e-15,5.057643193140393e-10,3.4416913763379853e-15,8.881784197001252e-16,1.1671202620520835,0.25904544638153215,0.83353832733446,0.1324484949136081,1.3537593688436087,0.07887161016216326,1.3728362456241052,0.06921538892992787,0.9471795873599697,0.06838318038305932,0.4870288632333561,0.04650900585048866,0.19014373377592098,0.04967723887388365,0.0011218376840206573,0.0011218376840206573,0.1324484949136081,0.07887161016216326,6.736470298786147,0.3201577054779878,19.583851884804616,0.9307427786016659,28.200644880308403,1.3402647614294367,31.88107061694673,1.5151807941233808,22.1407407445116,1.0522615613139599,10.971770958438425,0.5214447417242568,3.3995519581238653,0.16156721640445088,1.140817535756294,0.9670987586259789,-0.1737187771303152,6.178809756074879,6.64754758297213,0.4687378268972488,5.9632239076085085,6.521185609034733,0.5579617014262219,1.3510502359290517,1.9093928939263252,0.5583426579972728,0.6788276842867157,0.28728383542892766,-0.39154384885778803,-3.18068732480531,-3.3164907250502216,-0.13580340024491133,5.655163123390554,6.233118709050291,0.5779555856597335,-2.1997321507861933,-3.6616638960278935,-1.4619317452417007
softplus_cnn,20260921,57,6794,5,Sandal,5,True,20.300426225719537,21.04110000641327,True,True,128,2.104110000641327e-07,3.072076371068988e-09,23.860160605083898,186.38318144290605,3.700387794311679,182.68279364859438,0.9801463427887392,8.858053114433037,0.17586475009309452,8.682188364339943,160.82618007831047,1.1589107031712822,1.1359020873320584,0.9753164845141314,0.8095238095238096,1.0,False,3.1918782580486362,1.4876413434450342e-09,1.7763568394002505e-15,8.881784197001252e-16,7.105427357601002e-15,5.500311317518936e-10,1.4432899320127035e-15,1.3322676295501878e-15,1.114809295519444,0.3639109600130718,1.2202887692797808,0.13580815260579768,1.582905238158989,0.1174305131585603,1.7445780640606399,0.14533818140127644,1.6691675309463712,0.09693000643931053,1.0037638579057384,0.12149527962310606,0.3501582954540219,0.1226966252810718,0.07256848449991173,0.07256848449991173,0.14533818140127644,0.14533818140127644,7.824998846972399,0.37189114849448746,24.462431628106973,1.1626023174002733,43.177030836035584,2.052032965143236,50.10782918557071,2.3814263118514707,41.68323022394759,1.9810385488991855,16.27343216542259,0.7734116638608481,2.8542285564557393,0.13565015876478786,2.037356030950014,1.8132905179253034,-0.22406551302471064,7.029609628079525,7.7671231054805725,0.7375134774010477,5.9839070213527945,6.7057220941143525,0.7218150727615575,-1.627014630777066,-1.18679957668165,0.44021505409541684,1.180868807416718,2.2271631742151077,1.0462943667983895,-0.1849181524501058,-1.5648222567798178,-1.3799041043297124,9.809533254250166,7.713115077567929,-2.0964181766822376,-0.3691813537381504,0.3853684697921338,0.7545498235302857
softplus_cnn,20260921,58,7277,5,Sandal,5,True,38.316486431392086,21.04110000641327,True,True,128,2.104110000641327e-07,5.448166540134025e-08,41.87622071547308,196.88688683076452,3.182415505577056,193.70447132518746,0.9838363257360428,9.357252556698743,0.15124758233205796,9.206004974366685,232.74067930998194,0.8459496097308172,0.8322759557954067,0.9916110114065251,1.0,1.0,False,2.3012540826007055,2.3407513705109295e-09,8.881784197001252e-16,8.881784197001252e-16,0.0,2.5401831749150006e-09,7.771561172376096e-16,1.7763568394002505e-15,1.5348425104030636,0.4532602459896523,1.86581437819436,0.23081566301790374,2.3289045484353004,0.13026964690618906,2.7689894278004963,0.18728885299846343,2.3012811343734523,0.1704675891871485,1.3877067206098905,0.16958794043273243,0.4074682570229073,0.17612539031778832,0.001076592208016695,0.001076592208016695,0.23081566301790374,0.18728885299846343,11.900828999067212,0.5655991842365595,29.162055092590624,1.3859567742989725,48.46343982061823,2.303275009664262,53.79814148907202,2.5568122138421705,36.75423205369553,1.7467828223093347,14.340452023910636,0.681544787085262,2.467737350872073,0.11728176521759381,4.076425981647212,3.485955098917838,-0.5904708827293746,10.897062984018103,12.492301931852902,1.5952389478347997,6.4731913857466745,7.1358091347637975,0.6626177490171228,8.462580995626077,7.829334445841435,-0.6332465497846419,-1.248875074873761,-0.3243162648785366,0.9245588099952249,5.546364472560601,4.480820582325388,-1.065543890235213,9.663872968820586,8.843018618438858,-0.8208543503817283,-1.9944029980724107,-2.0667028292484177,-0.0722998311760068
softplus_cnn,20260921,59,7584,5,Sandal,5,True,21.023498978324575,21.04110000641327,True,True,128,2.104110000641327e-07,1.061832146653785e-07,24.583233435050566,194.43247854133523,3.395740535417379,191.03673800591784,0.9825351167619073,9.240604268886738,0.1613860746055276,9.079218194281209,231.24168863079353,0.8408193163291208,0.8261345051450997,0.975499294974826,0.9761904761904763,1.0,False,3.806331978524833,3.041418450422384e-09,2.6645352591003757e-15,2.220446049250313e-16,0.0,1.6048389284151199e-09,1.5543122344752192e-15,1.7763568394002505e-15,1.329236823680696,0.26971413828090174,1.2592405006523575,0.1481892634608138,2.108014119263282,0.19511776174680714,2.842194647458149,0.17244557736854482,2.6918573238150634,0.19322662650357367,1.576129746488461,0.24387025764208062,0.43664396002264094,0.1775846161631256,0.07591968140340703,0.07591968140340703,0.24387025764208062,0.24387025764208062,11.623127723459916,0.5524011444229255,25.79082217455457,1.2257354495104151,41.501418759135305,1.9723977713373249,50.47771822587722,2.3990056703542946,42.35719969057156,2.0130696435861815,19.908505731078424,0.9461722878086396,2.77368623598476,0.1318223018349491,2.3808027910082847,1.951132018980506,-0.4296707720277794,7.174243410061653,9.70751937286092,2.5332759627992676,6.828799244930236,6.9220672672938965,0.09326802236366027,4.118515215185312,4.206314423415499,0.08779920823018661,-3.750403679891818,-3.069006337065135,0.6813973428266834,2.1466826808766784,1.2046789372021152,-0.9420037436745634,5.597223394270645,4.916194534975134,-0.6810288592955123,0.0873703786095737,-1.2556667810075313,-1.3430371596171056
softplus_cnn,20260921,60,430,6,Shirt,6,True,12.415931257260361,21.04110000641327,True,True,64,2.104110000641327e-07,1.692705373645964e-07,-0.4258118008795755,36.48177495271356,1.3813959721968612,35.100378980516695,0.9621346282085402,1.7338340173086964,0.06565226969007397,1.6681817476186223,57.78278116348659,0.6313606617427181,0.607453955551328,0.9921186307881968,0.9761904761904763,1.0,False,0.9226139644510463,3.643625956506469e-10,4.440892098500626e-16,4.440892098500626e-16,7.882583474838611e-15,4.2400971622669203e-11,6.661338147750939e-16,7.105427357601002e-15,0.4772039027195293,0.16057032330898996,0.706078371899444,0.16425079866749795,0.6060915216046066,0.07431052530942941,0.6905436980952797,0.06820082652604456,0.4668320125697538,0.03715425350692182,0.20829624512184888,0.02345273450866065,0.06104802309347286,0.01703569579078496,0.007296455605791519,0.007296455605791519,0.16425079866749795,0.07431052530942941,3.871198923401635,0.18398272534333776,7.355951153321535,0.3495991726230787,9.751676478360817,0.46345849196993183,8.566760765299112,0.4071441494355327,4.898515003749909,0.23280698263193722,1.6816178831015764,0.07992062594584047,0.35605474532292797,0.016921869351621516,-0.7764977330388453,-1.1944130979487457,-0.41791536490990067,-0.1349876487517651,-0.24996743300267593,-0.1149797842509111,-0.3178852445253354,-0.00674668979189217,0.3111385547334439,0.5377818934186409,0.4474781118138556,-0.09030378160478529,-1.2940384648913952,-1.3400204696845157,-0.04598200479312076,2.0308958324444903,2.7197227084054862,0.688826875960996,1.846497511501649,2.2279280529828656,0.3814305414812171,-2.317577947037007,-3.029792983696354,-0.7122150366593474
softplus_cnn,20260921,61,3174,6,Shirt,2,False,6.569263664857842,21.04110000641327,True,True,128,2.104110000641327e-07,4.884670445903794e-11,-6.2724791737904395,29.07764844878283,0.8649479586484337,28.2127004901344,0.9702538545999706,1.3819452614131411,0.04110754468087694,1.3408377167322643,62.93489570991436,0.4620274351896976,0.4482838999237422,0.9972543329068299,0.9285714285714287,1.0,False,0.5468829924555828,1.024157411655402e-09,1.3322676295501878e-15,6.661338147750939e-16,7.993605777301127e-15,3.0384583737941284e-12,1.2212453270876722e-15,7.105427357601002e-15,1.0099703776972657,0.30192132401635924,0.76833568877378,0.12854255846302332,0.7231759550705492,0.09841268933603654,0.7294673610289536,0.07861533229327217,0.511647741091136,0.0528423936635329,0.1951229329245509,0.02293013923902416,0.05726106395011408,0.014775010615465533,0.00603514785731384,0.00603514785731384,0.12854255846302332,0.09841268933603654,2.4015012618262297,0.11413382670555525,5.383512827645143,0.25585700490964175,7.656747094311379,0.36389481025125225,7.627152578283523,0.3624883003245452,4.405926176479487,0.20939619008210467,1.4144849425081931,0.06722485716417212,0.18832356758661378,0.00895027196910871,0.3917398437595715,0.4760484155549872,0.0843085717954156,-1.8893330308934035,-2.084564999395982,-0.195231968502578,-4.1299808633976705,-4.614705570380491,-0.48472470698281944,-0.283409854237225,-0.052184053385376725,0.23122580085184813,1.5971417355971025,1.7989120144325434,0.20177027883544102,-1.9088965135772313,-2.093887796738751,-0.18499128316152075,-1.788521867770445,-1.5864683422175259,0.2020535255529204,1.7387813767288698,1.8843711583431944,0.14558978161432412
softplus_cnn,20260921,62,4412,6,Shirt,6,True,13.219075674438523,21.04110000641327,True,True,32,2.104110000641327e-07,3.2067017929904296e-09,0.3773327046446262,0.8930182599585285,0.15131764424214356,0.7417006157163849,0.8305548150278912,0.04244161472956922,0.007191527258366832,0.03525008747120239,3.9857127891972137,0.22405484468899642,0.18608983008677232,0.9968776831321773,0.9761904761904763,1.0,False,0.05403103376988999,7.348810449059329e-11,2.220446049250313e-16,0.0,7.105427357601002e-15,6.130207452770264e-12,1.942890293094024e-16,7.105427357601002e-15,0.165818043153708,0.046640869033838836,0.0910506359179187,0.015127552407235612,0.05487318689299819,0.004528784906647547,0.028567176114914238,0.001959117554422119,0.011389116003393113,0.0010571162516413374,0.0027345867864151806,0.0003349444021006561,0.0007710008563221675,0.0004541561690486084,3.941246396235859e-05,3.941246396235859e-05,0.015127552407235612,0.004528784906647547,0.34070528279966095,0.01619237029888242,0.2382507031933147,0.011323110632081808,0.17200367387913845,0.008174652172496315,0.09570525743261081,0.004548491162697773,0.03683449160556623,0.0017505972403695236,0.008862961760036528,0.00042122140749937604,0.0006558892039950585,3.1171811540040454e-05,0.0600830207288104,0.05544061511918865,-0.004642405609621762,-0.1118949918653433,-0.1303376561700834,-0.01844266430474005,-0.6635104652091226,-0.6433205956594795,0.02018986954964306,-0.5539265628850287,-0.6121617230855414,-0.05823516020051259,1.1309318468377234,1.0920414872935575,-0.03889035954416606,0.13376622096163576,0.21995925732967453,0.08619303636803878,0.6107362163106649,0.6556709546381879,0.04493473832752317,-0.2288525802347065,-0.25995963481474815,-0.031107054580041663
softplus_cnn,20260921,63,4542,6,Shirt,3,False,5.3328816243452,21.04110000641327,True,True,64,2.104110000641327e-07,1.409548494590851e-08,-7.50886130755831,38.95696806191573,0.34404202812532425,38.61292603379041,0.9911686651903063,1.8514701251380277,0.016350952565239517,1.8351191725727882,62.21686633778803,0.6261480263311627,0.6206183034702033,0.9988519435903876,1.0,1.0,True,0.4614512216833703,7.383214595257925e-10,8.881784197001252e-16,0.0,6.217248937900877e-15,1.0348255585768129e-10,7.771561172376096e-16,7.105427357601002e-15,0.7639794976065967,0.14154169715628587,0.505467073549808,0.06937937265892288,0.6785147423625758,0.053408249765273606,0.6945291680959279,0.035570011363617454,0.5899398102605128,0.0345820600380231,0.3862824747535531,0.037227640336513004,0.09000184060481145,0.03883441746233315,0.012185693887099544,0.012185693887099544,0.06937937265892288,0.053408249765273606,2.0681459599712646,0.09829077183896752,6.213448631100326,0.2953005607694695,10.708069179138104,0.5089120424252683,10.167546703124763,0.48322315373367947,6.548017863164909,0.31120130892249415,2.588156561455878,0.1230048125177398,0.6635831638932614,0.03153747492721403,0.5926563628845153,0.4905714186999369,-0.102084944184578,-1.6584342420705604,-1.567339892492666,0.09109434957789384,-2.211804680524427,-2.3061696436361996,-0.0943649631117724,-0.7253283006372957,-0.7555301019568247,-0.030201801319528904,0.44829704932572,0.48044888239909944,0.03215183307337929,-2.5958410624551576,-2.571162609814388,0.024678452640768733,-3.0526504543165673,-3.1700407737742746,-0.11739031945770717,1.6942440202354687,1.8903614131204893,0.1961173928850202
softplus_cnn,20260921,64,5260,6,Shirt,6,True,5.850697077692694,21.04110000641327,True,True,128,2.104110000641327e-07,1.4171686046893228e-10,-6.991045986222936,143.67102860915534,2.9024112434227574,140.76861736573258,0.9797982149113825,6.828113956274377,0.13794009070524405,6.690173865569133,180.2911250736223,0.7968835324006489,0.7807850625384327,0.9513054443417647,0.8095238095238096,0.5,False,2.207510754765091,1.1010381495424326e-09,8.881784197001252e-16,8.881784197001252e-16,8.881784197001252e-15,1.4017231819707376e-10,1.1657341758564144e-15,7.105427357601002e-15,1.2475782475913888,0.22364506212554922,1.614152129550255,0.13587632937161406,1.6219266315062388,0.11934135894550243,1.7459842710749647,0.09837690975164622,1.5038943279797539,0.09751482131178033,1.1577380954760308,0.09754094819372829,0.7204203346502049,0.16801083113232448,0.20440605599065148,0.20440605599065148,0.20440605599065148,0.20440605599065148,6.6841878810302475,0.317672929599352,17.726993977376654,0.8424936895872134,31.716179181089338,1.5073441584053273,42.37853633895519,2.014083689827924,30.64751000833718,1.4565545527085515,12.378519627443765,0.588301924503511,2.1391015945790257,0.10166301162615231,0.875299424932077,0.09252665381128183,-0.7827727711207955,-2.9812319747514477,-2.1007211236231376,0.8805108511283096,-2.072354657575575,-2.3539069657585237,-0.28155230818294735,-1.7926696821829124,-3.162622267008475,-1.369952584825562,3.065652255193655,3.920484165724493,0.8548319105308374,-3.2021499399966022,-3.6702835192199723,-0.4681335792233709,-1.4433121176896124,-1.4269069169705546,0.016405200719058266,0.5597207058474908,1.7103839869621245,1.1506632811146336
softplus_cnn,20260921,65,5777,6,Shirt,2,False,5.6599790121181845,21.04110000641327,True,True,128,2.104110000641327e-07,1.4765744182909657e-10,-7.1817639396149655,163.5833280295328,4.176588933998463,159.40673909553433,0.9744681259129021,7.774466543083443,0.19849670087236174,7.575969842211082,223.53312599414315,0.7318079917775537,0.7131235622755573,0.9633918887517924,0.9047619047619048,1.0,False,2.189090904978161,1.2103228419491074e-09,2.220446049250313e-15,9.992007221626409e-16,7.993605777301127e-15,1.8599966011834113e-10,2.220446049250313e-15,7.105427357601002e-15,1.5939371187762135,0.41842479326545623,2.1544972862839695,0.17353970066212726,2.355818708954267,0.1330529554701492,2.4069844215789495,0.15081648494558508,2.076584940174323,0.10378170287709869,1.2471124341223965,0.12229623244873258,0.341456752538274,0.13325171881053433,0.041188038057467784,0.041188038057467784,0.17353970066212726,0.15081648494558508,9.18966379187189,0.43674825883964746,23.2145796855673,1.103296865586474,41.93185650910166,1.9928547697753891,46.29836659072969,2.2003776692576946,31.9619256539954,1.5190235132314134,9.714825208871599,0.46170709734332077,1.2721105889609388,0.060458369028862695,0.5562190573012773,-0.31370195542675444,-0.8699210127280315,-2.1102566942234784,-0.9881691694933824,1.1220875247300965,-1.8775865361980104,-1.4978566439061682,0.3797298922918444,-1.5228602623412277,-2.049643865240138,-0.5267836028989096,2.1329891894391118,3.0133481433053646,0.8803589538662526,-5.784125222376852,-8.564009540655377,-2.7798843182785262,-1.1544611890413947,-0.42921788892454216,0.725243300116851,2.578317717825616,3.647486980912031,1.0691692630864145
softplus_cnn,20260921,66,6206,6,Shirt,6,True,11.852395736203157,21.04110000641327,True,True,64,2.104110000641327e-07,3.153749350559565e-08,-0.9893469327883846,114.66844817943203,1.39061425422521,113.27783392520682,0.9878727385230749,5.4497363799649925,0.06609037806014678,5.383646001904846,141.67471592537495,0.8093783525906763,0.7995628096750462,0.9850348713207479,0.9285714285714287,1.0,False,2.536958936194451,1.7496766258062735e-09,1.7763568394002505e-15,1.7763568394002505e-15,4.440892098500626e-15,2.819595668057673e-10,1.7763568394002505e-15,7.105427357601002e-15,0.9030506992857403,0.19241480468046626,0.8756944765276051,0.08463866316323855,1.258984011796659,0.09570760023601402,1.3875032444685385,0.08808255114064076,1.4052912350850504,0.09457828920815885,1.0234857038971243,0.13009829569836306,0.6179082089358556,0.11671056681662588,0.1643702543340494,0.1643702543340494,0.1643702543340494,0.1643702543340494,5.571796663663061,0.2648053885949305,14.437806901742526,0.6861716781604537,24.219794189925437,1.1510707226591437,30.309076595014247,1.4404701553519599,25.651152592422463,1.2190975084289348,12.41572998636055,0.5900703852258803,2.063091249935158,0.09805054152617179,0.7960874059482056,0.3565932904395031,-0.43949411550870227,-0.39092423920632957,0.6685786981547152,1.0595029373610447,-0.385679449859349,-0.4674722878704476,-0.08179283801109899,-3.0775843049061415,-3.517376381832029,-0.4397920769258886,2.912522165935364,2.9747689788855367,0.062246812950171676,-1.250434872286806,-1.0220771563907747,0.22835771589603154,-3.608037906933364,-4.037573130571906,-0.42953522363854413,4.01470426852004,4.055211056678978,0.04050678815893838
softplus_cnn,20260921,67,6466,6,Shirt,6,True,7.6706030088866495,21.04110000641327,True,True,128,2.104110000641327e-07,2.5637625356011995e-10,-5.171139949493155,168.9278240730693,2.07097924322225,166.85684482984706,0.987740449185408,8.028469235048574,0.09842542655046652,7.930043808498109,192.71976267064164,0.8765464513453517,0.8658003855837331,0.9848009058296157,0.9523809523809524,1.0,False,1.9921627159543556,2.9942566204255172e-09,1.7763568394002505e-15,8.881784197001252e-16,7.993605777301127e-15,2.525499809280518e-10,2.886579864025407e-15,7.105427357601002e-15,1.1982700835745794,0.2967482546930401,1.3746403044349709,0.17121853881534851,1.8942550466560102,0.12468103375901084,2.140250214652279,0.1049954620713288,2.0749081324589556,0.15186554784769263,1.22571246815121,0.1673000937383428,0.3985495957474869,0.1006724744131315,0.05088991687505306,0.05088991687505306,0.17121853881534851,0.1673000937383428,11.36216473943861,0.5399986091970217,28.72567250647554,1.3652172413856707,43.75189097346609,2.0793537866428387,43.96535772715852,2.089499014488691,28.22316172273768,1.3413348976115953,10.802320849170673,0.5133914503461394,2.0972555541213858,0.09967423535281654,0.12541527086808868,-0.35359224662128086,-0.47900751748936954,-2.210068529596102,-1.3023656044428458,0.9077029251532563,-2.7675889649892116,-3.3135064928227385,-0.5459175278335271,-1.5879919976129733,-1.9121230781914655,-0.3241310805784923,3.1629359023458044,3.611165002635133,0.44822910028933016,-2.5976054511575875,-2.9903909443634684,-0.3927854932058804,-2.375543360848344,-2.7046809848370534,-0.3291376239887086,3.0793071814971764,3.7943543994031144,0.7150472179059351
softplus_cnn,20260921,68,7419,6,Shirt,6,True,13.93148428173126,21.04110000641327,True,True,64,2.104110000641327e-07,5.686227572132552e-09,1.0897415949413922,49.69745696731983,1.225696652068207,48.47176031525162,0.9753368335753235,2.3619229485232323,0.05825249876169108,2.3036704497615412,80.33204669656888,0.6186504516066624,0.603392572559986,0.9822652750066533,0.9047619047619048,1.0,False,0.7073405184691353,2.2666114818381544e-09,8.881784197001252e-16,8.881784197001252e-16,9.325873406851315e-15,1.7223911186192709e-10,1.4432899320127035e-15,7.105427357601002e-15,0.7874812687846443,0.20957267279153863,0.6399734242541417,0.06491375042017138,0.879417434969122,0.05135107826572494,0.96997549732479,0.06287325102081513,0.7785740355491176,0.04411595388788148,0.4067193483711333,0.05122357090434249,0.12671096145334154,0.04063294305993532,0.01649274970796932,0.01649274970796932,0.06491375042017138,0.06287325102081513,4.122963885740612,0.19594811509302953,8.816805079168397,0.41902776359035687,12.29162204401887,0.5841720271408062,12.009889986962694,0.5707824202775573,8.649507514743604,0.41107677412812343,3.3263639143426014,0.15808887906662364,0.48030454193398875,0.022826969207293973,0.4299549385213779,0.15218101167012132,-0.2777739268512563,-1.0038972799280388,-0.13311354469780146,0.870783735230237,-0.6160557459683201,-1.1236740972859998,-0.5076183513176793,-1.5618463067297395,-1.2278368663428592,0.3340094403868796,2.735894904341376,2.658377688709774,-0.07751721563160108,-1.543779523665426,-1.6338484645745748,-0.09006894090914896,-1.6853401907779564,-1.66443671424075,0.020903476537206284,4.334810799148128,4.062092581875721,-0.27271821727240597
softplus_cnn,20260921,69,9004,6,Shirt,6,True,9.56877677296835,21.04110000641327,True,True,64,2.104110000641327e-07,7.544523006330905e-09,-3.2729662926195218,13.929474237474647,0.4060965747949843,13.523377662679662,0.9708462381370822,0.6620126435038558,0.019300158958952107,0.6427124845449037,30.984922358149014,0.4495565319308023,0.4364502678549725,0.9986388148846138,0.9761904761904763,1.0,True,0.32515716970086955,6.452658546374224e-10,1.3322676295501878e-15,4.440892098500626e-16,7.105427357601002e-15,6.02833338803066e-11,1.1657341758564144e-15,7.105427357601002e-15,0.6283161422975982,0.15026877388583493,0.25322401510108516,0.02141318282403957,0.3045364040570858,0.025297889902447322,0.37611974337004106,0.023011842571734376,0.30011331169251193,0.022152926840600617,0.16853033227953026,0.023524973702649755,0.05987576237072653,0.020282967937164147,0.010190854096682345,0.010190854096682345,0.025297889902447322,0.025297889902447322,1.291911346640883,0.061399420479305356,2.26932717961697,0.10785211699603563,3.5206082191416597,0.1673205401841438,3.5756991308614055,0.1699387926378156,2.2233470842827785,0.10566686549681853,0.9079773833335323,0.043152562511312775,0.14060389351383562,0.006682345194451808,0.2134024566899231,0.12429258042793596,-0.08910987626198716,-2.251033956924999,-2.132130124552071,0.11890383237292876,-3.0284925553084343,-3.1610010429453017,-0.13250848763686682,0.20279989235979298,0.18564131852265509,-0.017158573837137744,3.160695745333803,3.447888487785998,0.2871927424521938,-1.7520033636810577,-1.7980755103067172,-0.04607214662565984,-1.112161760266916,-1.2042586858676054,-0.0920969256006896,1.2938272491783733,1.264676684375868,-0.0291505648025049
softplus_cnn,20260921,70,60,7,Sneaker,7,True,16.2435294819244,21.04110000641327,True,True,128,2.104110000641327e-07,1.093102319771333e-08,23.981343657211504,134.15905443258123,2.165254294341894,131.99380013823932,0.9838605429689428,6.376047563658265,0.10290594568163881,6.273141617976625,159.5785905828056,0.84070835531641,0.82713977894013,0.9857932271132721,0.9761904761904763,1.0,False,1.9549375599815446,2.3954833672235054e-09,2.6645352591003757e-15,8.881784197001252e-16,3.552713678800501e-15,6.301021926446992e-10,1.3322676295501878e-15,0.0,1.0190151624534893,0.25325323984530523,1.4332146207061938,0.24741139105605367,1.5493002198702697,0.13676758072902023,1.7111100113228637,0.12031561154248652,1.4917470758980955,0.10732300531794038,0.9706351690277576,0.1159981891571578,0.34616289246631293,0.08083246154698806,0.08196727226643372,0.08196727226643372,0.24741139105605367,0.13676758072902023,7.433455661426955,0.35328265438409867,19.877337285356376,0.9446909752483386,31.778428819112,1.5103026367169978,35.16678472684359,1.6713377492680919,25.281897443839398,1.2015482762846783,11.48907834027039,0.5460303090983147,3.1320721552409725,0.14885496263438344,3.364188510141095,3.0643158503186694,-0.29987265982242584,8.319061124829759,9.888320417806549,1.5692592929767892,1.5630886404264661,1.5674470797235505,0.004358439297083461,3.5215537831030383,3.945591224948705,0.4240374418456656,3.336985438896556,3.5045845594339626,0.16759912053740644,0.5312525388722115,0.21296869519634185,-0.3182838436758695,-2.7973500591653035,-2.9083391491840684,-0.11098909001876622,6.142563680107678,4.706454979597896,-1.4361087005097821
softplus_cnn,20260921,71,1722,7,Sneaker,7,True,16.947317604199505,21.04110000641327,True,True,128,2.104110000641327e-07,1.904269841812578e-08,24.68513169114896,146.0101441678294,4.172458872790154,141.83768529503925,0.9714235000823356,6.939282838032512,0.19830041544968655,6.740982422582826,170.89652232638423,0.8543775038849185,0.8299623852154968,0.9751072286244915,0.880952380952381,0.5,False,3.1612051415306013,2.081343986048978e-09,1.7763568394002505e-15,1.7763568394002505e-15,0.0,5.644338330057508e-10,1.7763568394002505e-15,0.0,0.9788310786529512,0.2990666634618808,1.5935477382538767,0.263278988888453,1.7057144577039551,0.1257818933256621,1.889799229720732,0.10686622155335883,1.4705767896034847,0.11558873549142541,1.010764972652567,0.08263607694416766,0.34153136364529013,0.09417431094553395,0.11009910038198939,0.11009910038198939,0.263278988888453,0.1257818933256621,8.143462297843406,0.38702645276916614,23.382812276121783,1.1112922931308138,32.6574136131083,1.5520772964889862,36.73649639750275,1.7459399169390175,28.853939619275963,1.3713132683405982,13.862197937766286,0.658815267906199,2.3738220256467426,0.11281834243091893,3.9360400078542233,4.043749777137654,0.10770976928343065,9.056485219510957,11.128272587641167,2.0717873681302077,2.7317843434498688,1.9947054796105081,-0.7370788638393604,3.8710796350762333,5.831158948376678,1.9600793133004437,2.542092567865375,1.4016224660106678,-1.1404701018547074,-0.3321350912491523,-0.2992526688908637,0.03288242235828798,-3.357955652067493,-4.361208705249531,-1.0032530531820383,6.237740660708946,4.946083807077113,-1.2916568536318307
softplus_cnn,20260921,72,2164,7,Sneaker,7,True,16.64870482519803,21.04110000641327,True,True,128,2.104110000641327e-07,8.160909947818595e-09,24.386518885476406,153.49503562404158,2.7831442436569267,150.71189138038466,0.9818681807372993,7.295010031664538,0.13227180341372988,7.1627382282508085,165.83741056684352,0.9255754482621571,0.9087930815202745,0.9824872733899866,0.880952380952381,0.5,False,2.0540537508303656,1.5001657693858306e-09,1.7763568394002505e-15,1.7763568394002505e-15,7.105427357601002e-15,6.038654021267575e-10,2.4424906541753444e-15,0.0,0.9429882709078404,0.28955285944630016,1.6391398520863718,0.30570573047220856,1.525197118034415,0.13680118770702895,1.8725060090205259,0.11524723929236334,1.5749018094222969,0.11563474853459053,0.9463206112201545,0.13499295323224111,0.32104058330281976,0.10496991926697595,0.002488159629184508,0.002488159629184508,0.30570573047220856,0.13680118770702895,6.661480155308228,0.31659372149164383,24.264289983043817,1.1531854311632057,38.81943297230535,1.844933628017228,41.01795992069715,1.9494208909322701,28.767457780840996,1.3672031296877423,12.281652361566879,0.5836982076898767,1.6827624495107951,0.07997502264605433,3.3348294418842768,3.1157688437381332,-0.2190605981461428,7.589906107759144,8.43997078727647,0.850064679517329,2.0551427357726455,2.1791899788055065,0.12404724303286097,3.7393513917891275,4.695922828388483,0.9565714365993566,4.061191867076386,4.913652751885697,0.8524608848093134,1.102791002654675,0.4632378702707572,-0.6395531323839183,-3.945090064568231,-4.111993812758664,-0.16690374819043086,6.448396403108392,4.690769638473888,-1.757626764634501
softplus_cnn,20260921,73,5110,7,Sneaker,7,True,22.457894621253047,21.04110000641327,True,True,128,2.104110000641327e-07,7.690028169804464e-08,30.1957089380659,170.6714470372077,2.770981143332138,167.90046589387558,0.9837642371267407,8.11133671648286,0.13169373951397742,7.979642976968884,172.64340176206076,0.988577873786507,0.9725275578459583,0.9835163917268791,0.9761904761904763,0.5,False,3.0081612666155038,2.2451427383884948e-09,5.329070518200751e-15,8.881784197001252e-16,0.0,1.2632099810616637e-09,2.6645352591003757e-15,0.0,1.0179186956743593,0.24586821815150087,1.6767276599099152,0.2527774428575745,1.5855860926921777,0.11883176902908642,1.746231129982517,0.12697227391985338,1.6550409208354797,0.09624277299911543,0.8876906037374155,0.08127080867118582,0.5098525605050052,0.15150751430593143,0.14392693290540212,0.14392693290540212,0.2527774428575745,0.15150751430593143,10.6838483065571,0.5077609204509599,26.661230603534413,1.2671025086810168,40.0675454090686,1.904251460087929,47.54581235064861,2.2596638168231116,32.056967760740925,1.5235404874730907,11.403745348153194,0.541974770552745,2.252297258053761,0.1070427523925682,3.7774938642622815,3.2793005287187773,-0.49819333554350403,9.042705233910059,10.105971762954551,1.0632665290444905,3.397692524848033,3.2519883349033876,-0.14570418994464618,3.8519995639008293,5.253911656986765,1.4019120930859348,4.420325747829098,4.389185312547704,-0.031140435281395318,1.301458804451293,1.607261326284611,0.30580252183331713,-2.7284126178493944,-2.997568787594443,-0.26915616974504575,7.132445816713698,5.305658804527756,-1.8267870121859426
softplus_cnn,20260921,74,5313,7,Sneaker,7,True,13.238999453066764,21.04110000641327,True,True,128,2.104110000641327e-07,5.338145703248642e-09,20.976813614999937,140.54091975394658,3.497108481302654,137.04381127264392,0.9751167952548961,6.679352301500876,0.1662036908829265,6.513148610617949,160.53288107271686,0.8754650063888502,0.8536806313877027,0.9889559052136189,0.9761904761904763,1.0,False,2.4236177970906603,2.126682996372864e-09,3.552713678800501e-15,8.881784197001252e-16,3.552713678800501e-15,1.468301036311459e-10,1.7763568394002505e-15,0.0,0.9751917073974248,0.2718663887788496,1.3275352785741312,0.22039518559533236,1.560387121177669,0.10524358787553903,1.9954995212076454,0.11348509552488704,1.5650854133848917,0.08850454314504982,0.8611268976221653,0.1504087580704141,0.3103051412689564,0.0688227306580455,0.009551529036135558,0.009551529036135558,0.22039518559533236,0.1504087580704141,6.680503784974204,0.31749783913093915,19.430643874650485,0.9234614097517753,29.639474673713718,1.4086466327653824,36.81877075417961,1.7498500906776429,28.550094162059253,1.3568726993055145,15.860028838115701,0.7537642439454975,3.561403665796554,0.16925938590240283,3.4336232205144364,3.487734486465978,0.05411126595154264,8.098478101924648,10.071163230207462,1.9726851282828153,1.6182548181812175,0.6821516300133171,-0.9361031881679007,4.058533791487179,4.5541814941676435,0.4956477026804641,3.0014713365982755,2.8054248746256985,-0.19604646197257591,-1.5327034245143665,-1.5584912435064893,-0.02578781899212279,-4.122524116937342,-6.461695129033983,-2.3391710120966396,6.421679887745892,7.396344272207139,0.9746643844612465
softplus_cnn,20260921,75,5523,7,Sneaker,7,True,20.51201572738331,21.04110000641327,True,True,128,2.104110000641327e-07,1.308557617818451e-08,28.24983016790133,143.25246173668984,2.68102190752937,140.57143982916045,0.9812846364032659,6.808221133544675,0.12741833396125687,6.680802799583418,166.16337863952984,0.8621181328255109,0.8459832785063439,0.9835595303911616,0.9047619047619048,0.5,False,1.6999060818554177,2.192641235243542e-09,3.552713678800501e-15,1.7763568394002505e-15,3.552713678800501e-15,6.903455584961193e-10,4.440892098500626e-15,0.0,0.9495789838935114,0.24553025735907244,1.6841708464351532,0.27502682835130743,1.5603354743586084,0.13450671166274555,1.6909547902922948,0.09943009170643854,1.509248239073667,0.07294331359411248,0.9302128627372213,0.07484358358071112,0.4279427422366313,0.1112581174818991,0.09422115675618814,0.09422115675618814,0.27502682835130743,0.13450671166274555,8.335795308405732,0.3961672776549232,22.19884548067256,1.0550230488855816,32.957273854141,1.5663284640107082,37.437256864705276,1.779244281586728,27.548824163985145,1.3092863089661824,12.003648228574143,0.570485774266339,2.770817835775947,0.13168597815377567,3.799869034473739,3.509619610917729,-0.2902494235560115,8.48317917664785,9.242166681355767,0.758987504707922,4.305790777479258,4.04688822389222,-0.2589025535870363,3.5916088216148143,5.055358326912109,1.463749505297294,2.871996143638135,2.700061064552855,-0.17193507908528077,0.6929517427001971,1.1512366405695247,0.4582848978693279,-2.681452525717451,-2.9231618975520437,-0.24170937183459185,7.185886997064792,5.467661517943514,-1.7182254791212763
softplus_cnn,20260921,76,7928,7,Sneaker,7,True,19.20417640596671,21.04110000641327,True,True,128,2.104110000641327e-07,3.377781165880833e-08,26.941990663933055,145.02054101397988,2.5591611117549027,142.461379902225,0.9823531129186163,6.892250926509451,0.12162677383667571,6.770624152672776,162.4466063365195,0.8927274277035969,0.8769735675924574,0.9868942736457217,0.9047619047619048,1.0,False,1.9428684235538518,2.8273158259040088e-09,2.6645352591003757e-15,4.440892098500626e-16,3.552713678800501e-15,7.477183316950686e-10,2.55351295663786e-15,1.7763568394002505e-15,1.034588088797874,0.25159438252938676,1.4953659097435381,0.2638703590007582,1.6301932770293102,0.11180147055738889,1.8365787120378452,0.11485563350652085,1.4626883356930862,0.12031768946876725,0.9199477292778027,0.1021314841412517,0.36792792914085726,0.14453461695478112,0.0077407781834546155,0.0077407781834546155,0.2638703590007582,0.14453461695478112,7.877710117513201,0.37439630604446045,21.93302416841339,1.0423896165945823,32.5867249963203,1.5487177469993467,37.110741973823295,1.7637263243134647,29.570859272048487,1.405385614964777,13.197933562084408,0.6272454176854686,2.7435469233214222,0.13038989988570923,3.706915211781257,3.203891657165197,-0.5030235546160597,8.812214254768708,10.17224767548742,1.360033420718713,2.1271133368982973,2.3182430322555616,0.19112969535726498,5.003978150353415,5.675216249743557,0.6712380993901447,3.356686068134813,3.6934459647974527,0.33675989666263956,0.36635240638969113,0.18912344965767244,-0.177228956732019,-3.481894671897152,-3.7128673449808836,-0.23097267308373137,7.050625907504028,5.402689980554797,-1.6479359269492329
softplus_cnn,20260921,77,8612,7,Sneaker,7,True,17.354349571569003,21.04110000641327,True,True,256,2.104110000641327e-07,2.241558050286585e-10,25.092163887710882,161.04511614422222,3.4720275770666293,157.5730885671556,0.9784406527798254,7.653835402860882,0.16501169501634252,7.488823707844539,175.86425961041306,0.9157353319030299,0.8959926759207507,0.9792266816228276,0.8333333333333335,0.5,False,2.070274714201626,1.6754065912394367e-09,1.7763568394002505e-15,8.881784197001252e-16,0.0,9.201102102451841e-10,2.4424906541753444e-15,1.7763568394002505e-15,0.9680761018803259,0.2609759232744748,1.6850044695423716,0.2507841048257529,1.7231967121790002,0.11561588049641579,1.9624667933863364,0.15038422530708523,1.6916546012705727,0.14336188291741395,0.8231316361467058,0.09804422551778791,0.38633186738175385,0.12030930193310435,0.0863444150203366,0.0863444150203366,0.2507841048257529,0.15038422530708523,8.970236796663075,0.4263197643625557,24.126021418710877,1.1466140748989992,38.11320311337407,1.811369324881174,43.80526577425398,2.081890479152813,30.418532731595203,1.4456721712421745,12.92765085086975,0.6143999528032963,2.6842054582679316,0.1275696354967085,3.8056199754288964,3.663443211692924,-0.1421767637359741,8.793817367748423,10.593497691730816,1.7996803239823933,3.018197110469533,2.90305362872175,-0.1151434817477841,3.0339536669348752,4.095170050733597,1.0612163837987223,3.4618089836885857,2.236910468668255,-1.2248985150203309,0.9216673961992919,1.5327982659448605,0.611130869745568,-3.7792240576282317,-4.386259206144564,-0.6070351485163303,5.8363234448695085,4.453549777283354,-1.382773667586156
softplus_cnn,20260921,78,8934,7,Sneaker,7,True,19.81282324321318,21.04110000641327,True,True,128,2.104110000641327e-07,3.966378181452512e-08,27.55063742318206,150.76497841304763,2.957177182429799,147.80780123061783,0.9803855164935713,7.165261244283563,0.1405428984952526,7.02471834578831,163.69760647820488,0.9209968408006067,0.9029319634572504,0.9861413236946508,0.9285714285714287,1.0,False,2.210044903627491,1.770920521337871e-09,2.6645352591003757e-15,3.552713678800501e-15,7.105427357601002e-15,1.0839968922482512e-09,1.9984014443252818e-15,1.7763568394002505e-15,1.0085782529929614,0.2772696468859342,1.6510756184310167,0.2679699205301985,1.38062868087246,0.09291275502313578,1.8170221551308814,0.0885376803500429,1.6503885265782887,0.0948507892707369,0.9008017588069348,0.1746556505068768,0.35567365921804633,0.10539395418246623,0.02430734529657028,0.02430734529657028,0.2679699205301985,0.1746556505068768,6.66180387118539,0.31660910642290047,22.462376254896768,1.0675476209917873,34.837854731712596,1.6557050116721137,40.474950382438905,1.9236138020399243,29.00005550125783,1.3782575764774034,14.075423592001174,0.6689490372514281,3.2525140791651497,0.15457908940947918,3.975639000178182,3.834192499324024,-0.14144650085415836,9.51305663558841,11.45358119460788,1.9405245590194715,2.0146260224876102,1.7289227438232933,-0.28570327866431733,3.1946343895399205,4.155278139162384,0.9606437496224627,4.695379583508909,4.584372975750462,-0.1110066077584469,0.4498859187257569,0.50589479305562,0.05600887432986357,-3.4307314378057123,-4.576899439292418,-1.1461680014867066,7.1381473109589795,5.865294517834811,-1.2728527931241704
softplus_cnn,20260921,79,9879,7,Sneaker,7,True,14.615743268686309,21.04110000641327,True,True,128,2.104110000641327e-07,8.035700549413605e-09,22.353557468989155,141.33219163159328,2.6686345667643554,138.66355706482892,0.9811179991199697,6.716958314371189,0.12682961280308364,6.590128701568105,140.45618500743944,1.0062368675619904,0.9872371021431661,0.9877626431634255,0.9047619047619048,1.0,False,2.725875434888537,1.4115238977652211e-09,1.7763568394002505e-15,8.881784197001252e-16,3.552713678800501e-15,1.0178844433994527e-09,2.220446049250313e-15,0.0,1.0141422515361762,0.3097304189851261,1.3951934047701249,0.2676015168315997,1.309694816805031,0.10677993722651663,1.4694581358029983,0.08693060346082611,1.4011531924332603,0.07868353985685747,0.768888469550361,0.08597116560430632,0.30768907732163037,0.090927674363696,0.023248098512129722,0.023248098512129722,0.2676015168315997,0.10677993722651663,8.729729638617146,0.4148894133841077,21.99381480083181,1.0452787541586779,35.1619210447804,1.6711065977569206,37.58816707883001,1.7864164453081464,27.274740121363646,1.2962601818845203,9.170873983150813,0.43585525378214807,1.4129449635342015,0.06715166807360545,3.6545355936596757,3.612273181127586,-0.04226241253208979,8.798841408112652,10.48956307677015,1.6907216686574986,2.3332557341334175,2.5672329535693224,0.23397721943590388,2.132292043673596,2.8304254494561976,0.6981334057826021,3.376810299558188,2.824407176836853,-0.5524031227213355,0.23660690071137802,0.28240917410867117,0.04580227339729381,-4.305507608141404,-5.335275016971981,-1.0297674088305748,6.126723097281654,5.082521475110242,-1.0442016221714119
softplus_cnn,20260921,80,298,8,Bag,8,True,13.663316559373703,21.04110000641327,True,True,128,2.104110000641327e-07,4.0170644588499727e-10,19.38866123976491,128.34381540130542,2.119179259983428,126.224636141322,0.9834882635103439,6.099672325220001,0.1007161821072809,5.9989561431127205,151.36254448082914,0.8479232153603287,0.833922530664837,0.9851750999614481,0.880952380952381,1.0,False,1.3505265711061656,1.5111507600806817e-09,1.7763568394002505e-15,4.440892098500626e-16,0.0,8.20119083755344e-10,1.7763568394002505e-15,1.7763568394002505e-15,0.9869020092039696,0.260670014304029,0.89836123105105,0.12611158613599682,1.3807674562066041,0.08024859239848305,2.0780025644723086,0.09734519187810035,1.696889293168129,0.1088807305543883,0.8482895491785466,0.09885230432156947,0.26802605536732843,0.06028521468202007,0.023325039120046655,0.023325039120046655,0.12611158613599682,0.1088807305543883,7.483414339923542,0.3556569921554775,20.813614088553877,0.9891884969041516,35.846128350980194,1.7036242563389934,36.94664787805947,1.755927583006508,20.34207254455803,0.9667779982205218,6.160313169438261,0.2927752430985364,0.7516250296142795,0.035721755487364545,5.634800907008955,6.020701394940601,0.3859004879316452,2.1379816075612608,1.2471461320893258,-0.8908354754719345,5.001956827123924,6.075394795152007,1.0734379680280846,1.4893315634407398,1.895472026609849,0.4061404631691093,2.125159173475357,1.3886420918254114,-0.7365170816499464,0.7370548095314884,0.3090464886016708,-0.4280083209298171,-0.805351444015633,-0.8691698255373026,-0.06381838152167041,3.06772779563882,3.3214281369034686,0.25370034126464835
softplus_cnn,20260921,81,523,8,Bag,8,True,15.461386258823351,21.04110000641327,True,True,128,2.104110000641327e-07,1.7063253032745251e-09,21.18673088357607,160.09262767467328,2.7323970177844252,157.36023065688886,0.9829323994647838,7.608567405025283,0.12985998911423824,7.478707415911045,172.5655683054811,0.9277205716453945,0.9118866075202484,0.9704742092206616,0.7619047619047621,0.5,False,1.6425023373973293,1.1158407531297598e-09,8.881784197001252e-16,8.881784197001252e-16,3.552713678800501e-15,5.35848698746122e-10,1.6653345369377348e-15,8.881784197001252e-16,1.0067828652406752,0.1959433623533046,0.9920523346074792,0.1238130923332375,1.385732123169826,0.07052797638372184,1.7080754039299655,0.09131055497392664,1.8545540512746963,0.11401383820300741,1.4413389980109554,0.1345573558758315,0.6835974549965588,0.16649854372071454,0.13600641920157638,0.13600641920157638,0.16649854372071454,0.16649854372071454,7.729392260935316,0.36734734679172754,22.562105493249984,1.072287356001973,38.695416117360274,1.8390395989547133,45.463941995635324,2.160720778941122,32.46782745579865,1.5430670186398308,11.52179025689832,0.5475849767068505,1.6521540945737683,0.07852032897853231,3.836477171673439,4.011853359713055,0.17537618803961463,4.649031423777666,3.9638555764070995,-0.6851758473705674,3.851677946549148,5.427844600097738,1.57616665354859,2.6028040726362125,3.2355336805632824,0.6327296079270692,1.3963945032523188,0.2909909303975622,-1.1054035728547569,1.7365525179980352,0.953826500275089,-0.7827260177229474,-1.3216908681273276,-0.9735662995902538,0.34812456853707274,4.4354841158165765,4.276392536248345,-0.1590915795682321
softplus_cnn,20260921,82,1566,8,Bag,8,True,12.928436077165182,21.04110000641327,True,True,128,2.104110000641327e-07,4.77439665580448e-09,18.653780935761674,195.22946447720614,4.5922817810767675,190.63718269612937,0.9764775168882721,9.278481848273175,0.21825293257847986,9.060228915694696,234.04584996593775,0.834150507285727,0.8145292160654592,0.9134914355075927,0.6190476190476191,0.5,False,2.5200858247295854,1.6179680928374296e-09,8.881784197001252e-16,1.8596235662471372e-15,0.0,1.0852616583179042e-09,1.7763568394002505e-15,1.7763568394002505e-15,0.8897214034842842,0.22375739039233195,1.2282920837394586,0.17094785803845153,2.505716906628995,0.14644060646328858,3.244990762535279,0.1644806280012933,2.655960917500247,0.1715978178307331,1.2326536673430868,0.17223157182127016,0.2416621148011496,0.08113494178363943,0.013994188939217962,0.013994188939217962,0.17223157182127016,0.17223157182127016,9.610666795475908,0.45675686121669506,25.814928611319452,1.2268811328044225,41.40041736508467,1.9675975758142843,52.04238454813937,2.473368052633987,42.31376452593786,2.0110053425458148,19.885873734962946,0.9450966788286632,4.1614288959580445,0.1977762044137261,0.38073533624393574,1.1180675860399718,0.7373322497960366,5.458351924408699,3.709004487630558,-1.74934743677814,3.0898354029808335,5.581201199476288,2.491365796495454,3.875309013718649,3.6746937282731307,-0.2006152854455201,-0.5959958539536573,-1.5133689084350315,-0.9173730544813746,3.8303318715616865,3.4735355676776485,-0.35679630388403716,-1.2996265279493238,0.06395720737858354,1.3635837353279077,3.9148397687508503,2.5466900688057854,-1.3681496999450649
softplus_cnn,20260921,83,2304,8,Bag,8,True,19.887572545248727,21.04110000641327,True,True,128,2.104110000641327e-07,5.141481373982515e-08,25.61291748523149,221.82679192791073,4.955547606074365,216.87124432183637,0.9776602836699508,10.542547293644274,0.2355175159361406,10.307029777708133,337.386225186109,0.657486214220947,0.6427981587043331,0.9327749468181619,0.8095238095238096,1.0,False,3.001765002143244,4.307820766769055e-09,1.7763568394002505e-15,8.881784197001252e-16,7.105427357601002e-15,1.8814994007243513e-09,1.7763568394002505e-15,0.0,1.0293239616512213,0.2380239779013338,1.4627787197790834,0.20875204990367463,3.1129802897082492,0.15840029041671544,4.3184528001008715,0.2614771065821786,3.8591054340687094,0.30905302093203846,2.5704781439321707,0.2621286011834626,0.6378217349985325,0.23513569195625614,0.07301153671606146,0.07301153671606146,0.30905302093203846,0.30905302093203846,10.83931682234503,0.5151497221647744,22.43830676494977,1.066403693633443,48.834683884941285,2.3209187670823583,65.95857771381269,3.134749499489508,50.02092480822432,2.377296091600633,20.31850729039285,0.9656580351882661,3.416474642518115,0.16237148445075508,-0.5501422766176112,1.366973790614145,1.9171160672317566,4.718158184239718,5.274610496024365,0.5564523117846466,4.2280150424100125,4.263130750196104,0.03511570778609152,0.33107071408124156,1.4415312157793068,1.110460501698065,4.254094987162738,1.8791350153006252,-2.374959971862114,4.79555904324007,6.131962061754627,1.336403018514556,1.692639117441861,0.5274506510944481,-1.1651884663474128,6.143522673273456,4.728123506349369,-1.4153991669240868
softplus_cnn,20260921,84,4575,8,Bag,8,True,20.484666925693723,21.04110000641327,True,True,128,2.104110000641327e-07,9.754810292861293e-10,26.210011707423742,54.18018845977065,2.8572708073415174,51.32291765242913,0.9472635498589477,2.5749693905383593,0.13579474487886228,2.4391746456594974,94.60129417407515,0.5727214297943333,0.5425181346672722,0.986655327853156,0.9761904761904763,1.0,False,1.5661395099775333,3.088438449427855e-09,7.105427357601002e-15,8.881784197001252e-16,7.105427357601002e-15,1.7851213840458513e-09,3.774758283725532e-15,0.0,0.9562779584154985,0.41123171093182453,0.961377239335728,0.3666630633549945,0.9209383073510263,0.07030352096391695,1.130904037283131,0.16684015994802973,0.8702428441977746,0.07522638109503156,0.45083326818373376,0.0825643089265717,0.1370974479130764,0.0378130627538072,0.02463102487311932,0.02463102487311932,0.3666630633549945,0.16684015994802973,4.360895209606054,0.2072560468928366,7.155342087396303,0.3400650196622503,13.674496055833261,0.6498945421895866,15.37755753620245,0.7308342972332916,9.596674943702315,0.4560918840163905,3.335179357606139,0.15850784210852026,0.6800432688552903,0.03231975840844894,-0.1754521339469134,-0.10132538753573143,0.0741267464111817,5.800343150419324,6.861156156022763,1.0608130056034388,12.441854216349217,10.725295774738145,-1.716558441611076,-0.5716546499987932,0.06812367657078182,0.6397783265695753,-0.8226939682967764,-1.1740746929391805,-0.3513807246424037,4.440235753008377,5.52278848265826,1.0825527296498836,3.329970938855556,2.7905465390581656,-0.5394243997973915,1.7674084010337459,1.5175011606356617,-0.24990724039808443
softplus_cnn,20260921,85,5972,8,Bag,8,True,19.86253290035087,21.04110000641327,True,True,128,2.104110000641327e-07,1.5430600130983407e-09,25.587877321851142,72.6532336305458,1.909433730670575,70.74379989987523,0.9737185306798543,3.4529199332925224,0.09074780929174733,3.362172124000775,130.09134648773767,0.5584786043965965,0.5438009660891895,0.9903395139342557,0.9761904761904763,1.0,False,1.042570417805723,2.7051214601669926e-09,1.7763568394002505e-15,2.220446049250313e-16,3.552713678800501e-15,1.2902958701488387e-09,8.881784197001252e-16,1.7763568394002505e-15,0.9253459259305835,0.3058749773956061,0.7397952077615532,0.25630160362415444,1.3147897719059942,0.09951643993795407,1.8446826856413938,0.10590184272172187,1.4087409745492188,0.0972251647761268,0.6172928492038326,0.1158171905343473,0.20526255425215076,0.05282568920644492,0.05216150088678732,0.05216150088678732,0.25630160362415444,0.1158171905343473,3.7081475140753426,0.1762335387857626,10.427479633936489,0.4955767346174022,17.179499226797958,0.8164734363489405,20.765266501965648,0.98689072793896,14.460108641579321,0.687231591369839,4.924123162506409,0.23402403681392844,1.1886089491878638,0.05648986739408011,0.4370376552205491,0.4525031293355576,0.01546547411500876,5.110002197625457,5.925958714304315,0.8159565166788576,9.229781404111714,8.904405923518757,-0.32537548059295585,0.3141383407633287,0.07795879769123984,-0.23617954307208877,1.005584725060063,-0.11273092461717119,-1.118315649677234,4.845257668519951,5.877030715808685,1.031773047288734,2.163062416138356,2.209301109371479,0.04623869323312371,2.483012914411725,2.253449857728577,-0.22956305668314758
softplus_cnn,20260921,86,6624,8,Bag,8,True,22.181403501256412,21.04110000641327,True,True,128,2.104110000641327e-07,6.561203802490922e-10,27.906748148525217,125.57003664516189,2.8245727093565396,122.74546393580535,0.9775059975705966,5.967845626268992,0.13424073401559888,5.833604892253393,187.50962545974332,0.6696724839446745,0.6546088694639184,0.9836802924990845,0.9285714285714287,1.0,False,2.218523956094104,4.088898997167689e-09,1.7763568394002505e-15,8.881784197001252e-16,0.0,1.1076792816311354e-09,2.6645352591003757e-15,0.0,1.1324374096847636,0.3050307757282444,1.0278434390641251,0.24343837404102728,1.9587125190910017,0.12177466685469346,2.572065792562051,0.09407084285694886,1.8907780188345424,0.09217069420310577,1.1084627292376004,0.09541789555238674,0.3232712684027491,0.10770726574209136,0.030454762047888047,0.030454762047888047,0.24343837404102728,0.12177466685469346,6.193216288599061,0.2943389978048384,15.15337537076603,0.7201798083820391,30.024374219483597,1.4269393810367448,36.00520244646478,1.7111844169501829,26.896879593375772,1.2783019702001168,10.187620332787867,0.48417717370682656,1.1093683929626916,0.052723878153925374,2.3875518038900445,3.3732804918438166,0.9857286879537726,6.524136906829282,7.592279136893626,1.0681422300643462,7.832332528622325,7.718437316577934,-0.11389521204439085,-1.7968844725861381,-1.5381706499913022,0.25871382259483594,0.7853056390587092,-0.2679637655125848,-1.0532694045712938,5.809876543154102,6.138786509415657,0.3289099662615529,3.8280640773318346,4.011142080367706,0.18307800303587185,2.536365122225058,0.8789570300380438,-1.6574080921870153
softplus_cnn,20260921,87,8070,8,Bag,8,True,6.662843019772094,21.04110000641327,True,True,128,2.104110000641327e-07,1.8339285645652126e-10,12.388187816836368,95.39274240475969,2.561768872157078,92.83097353260261,0.9731450338088902,4.533638563368086,0.12175071034196205,4.4118878530261245,130.94584324461783,0.7284900386380194,0.7089264632798351,0.9658055091151888,0.880952380952381,0.5,False,2.047068655154016,1.4792405078623005e-09,3.552713678800501e-15,1.942890293094024e-15,0.0,4.362377126199135e-10,1.609823385706477e-15,0.0,0.856673987158783,0.20881874158901784,1.2053541964261538,0.19299038666791926,1.5752726397132957,0.14181924116913286,1.5304017953326756,0.10937898558771558,1.133349704767825,0.14338266751128922,0.4469508415776256,0.05661773479118822,0.24361308951455363,0.06441362445776606,0.0883941173961368,0.0883941173961368,0.19299038666791926,0.14338266751128922,5.584442048168535,0.26540637354826563,15.49766005107907,0.7365422932430066,21.320582720072004,1.0132827044961312,22.965035450078197,1.0914370181729338,18.805253567674704,0.8937390897787147,9.138802866862394,0.43433104087129054,2.0809657004469893,0.09890004323978863,-0.07427201891983032,0.11611468206742698,0.1903867009872573,1.681200537134296,2.885087597446835,1.2038870603125396,4.387922761476574,4.605669740168835,0.21774697869225984,1.2884449566602045,1.2210836542581234,-0.0673613024020811,-2.365772248821865,-2.8178707210855056,-0.4520984722636403,3.472078901499125,2.4591302045278476,-1.0129486969712778,-1.20539552867157,-0.25564739628842953,0.94974813238314,5.203980456479433,4.174620056177473,-1.0293604003019592
softplus_cnn,20260921,88,9290,8,Bag,8,True,24.277440314916447,21.04110000641327,True,True,128,2.104110000641327e-07,3.46383188798427e-09,30.002784963454065,58.037886170916536,1.3152132576588338,56.7226729132577,0.9773387119271428,2.7583104568309995,0.06250686785662159,2.695803588974378,111.35766835878624,0.5211844592859355,0.5093737481149606,0.9980303393966331,1.0,1.0,False,0.9448476970179491,1.4598564579415552e-09,2.6645352591003757e-15,3.552713678800501e-15,3.552713678800501e-15,2.391640663290673e-09,1.887379141862766e-15,0.0,1.1767037206556368,0.32941162402277213,1.0500573871827152,0.26444645686068974,1.195468316352887,0.16236403065409005,1.2147363332776062,0.06337762490037752,0.9929610160264862,0.06306042358593913,0.5620551860158183,0.0643298600506996,0.24482644283409194,0.08523913737913846,0.03228346935025183,0.03228346935025183,0.26444645686068974,0.16236403065409005,4.794639474907048,0.22787019088572627,9.925496896543919,0.4717194867910259,15.222002580956504,0.7234413873949974,15.211379947735306,0.7229365357846748,9.461968200193372,0.4496898069639605,2.9835927500612223,0.141798325617569,0.43880632033562916,0.020854723384323166,0.7567256870291978,0.5941116092725739,-0.16261407775662415,7.280621882294243,7.573805165604316,0.2931832833100748,10.726223749597771,11.165454015352733,0.43923026575496,1.530738685081951,0.9859679118326141,-0.5447707732493375,-0.4752578405128401,-0.5871147698582387,-0.11185692934539876,5.877608469348328,6.460408179137948,0.5827997097896194,4.516133321092063,4.039338641262575,-0.47679467982948964,-0.2100089904766529,-0.22918578675881604,-0.019176796282163178
softplus_cnn,20260921,89,9833,8,Bag,8,True,13.352521732768656,21.04110000641327,True,True,128,2.104110000641327e-07,3.651656754755095e-10,19.077866239208035,40.83133886088008,0.8889249465621833,39.942413914317896,0.9782293461012651,1.9405515324025264,0.04224707578459498,1.8983044566179315,74.76824555488054,0.5461053493746824,0.5342162788211985,0.9964378757608935,0.9761904761904763,1.0,False,0.6863440641517977,2.891276440486479e-09,8.881784197001252e-16,0.0,0.0,8.725180578039726e-10,9.992007221626409e-16,0.0,0.9746229633000338,0.1800280340270645,0.4712707006906417,0.15277739409801047,0.7481542336488689,0.07698294216972909,0.849202721883762,0.06197503698703663,0.8381009445938454,0.0511517892563374,0.4965233447252574,0.04781137938012052,0.13803086676139875,0.04241415807292978,0.012155246167093736,0.012155246167093736,0.15277739409801047,0.07698294216972909,1.8385773410583783,0.08738028622543427,6.563279237220974,0.3119266214798896,9.711615700805723,0.46155456215909096,10.663615283832733,0.5067993251580237,7.7776808336746965,0.36964231106282847,3.5715685468175824,0.1697424823668429,0.7050019174129702,0.033505943947706514,2.5699340182508164,2.5005576486409336,-0.06937636960988358,4.526439053174369,4.735403199412442,0.20896414623807222,3.3989734568623424,3.845451831580553,0.4464783747182116,-1.240149383988042,-1.6397650400162904,-0.39961565602824833,2.9111042391788384,3.026928895961193,0.11582465678235468,2.9062822413086176,2.887202810949301,-0.019079430359316668,1.9449794638239253,2.0626372330837297,0.11765776925980413,2.0603031505971683,1.6594496604686924,-0.40085349012847543
softplus_cnn,20260921,90,428,9,Ankle boot,9,True,21.29678646039386,21.04110000641327,True,True,128,2.104110000641327e-07,2.2407319333339615e-08,24.574184240996033,134.67215139454026,1.8280382746693071,132.84411311987097,0.9864260112002383,6.400433026481152,0.0868794062150803,6.313553620266072,215.67400680989797,0.6244245812767073,0.6159486490041615,0.9908105941283213,0.9761904761904763,0.5,False,1.8905903492884362,1.7341352798183607e-09,4.440892098500626e-15,4.440892098500626e-16,0.0,5.923226353843347e-10,4.6629367034256575e-15,1.7763568394002505e-15,1.007046285598461,0.3048011009066096,1.0869542835885575,0.13950147245678027,1.8470674641121076,0.17545096667913346,2.5149645579443334,0.2857936347285502,2.3478194857298416,0.3972607838860234,1.6899438825623248,0.1697802139941839,0.7451982350123805,0.2052486648110655,0.018181920011921378,0.018181920011921378,0.3972607838860234,0.3972607838860234,5.708862586746328,0.2713195880921759,20.90393398510096,0.9934810432310809,33.271651022310664,1.5812695634814509,36.891478888094554,1.7533056198036288,24.6328035751319,1.1706994200694776,10.442246927389716,0.4962785654840739,2.821174409380452,0.1340792263009332,2.9421772351958957,2.3571267510100165,-0.5850504841858789,7.6012040285424405,7.964123509201266,0.36291948065883006,-1.091837857193175,-0.9807232779737038,0.11111457921947177,4.792762847123724,3.5574386942693033,-1.2353241528544205,4.658020017396225,5.804507550590275,1.1464875331940476,-1.4924655123207538,-1.3646317557911505,0.12783375652960438,8.027792894110531,8.020129256777688,-0.007663637332845252,-0.8634694118588533,-0.7837864864953366,0.07968292536351596
softplus_cnn,20260921,91,623,9,Ankle boot,9,True,10.866158187268223,21.04110000641327,True,True,128,2.104110000641327e-07,7.290930814640717e-08,14.143556003803607,142.85921266074632,2.6490591549932767,140.21015350575306,0.9814568545797316,6.789531565232009,0.1258992711496001,6.663632294082409,211.59878861128826,0.6751419211722517,0.6626226663486352,0.9738111629872341,0.7857142857142858,0.2,False,3.5994391103894516,1.7123698015097943e-09,1.7763568394002505e-15,4.440892098500626e-16,1.7763568394002505e-15,2.4147439603439125e-10,2.4424906541753444e-15,4.440892098500626e-16,1.0946815965468193,0.30432823047465324,1.0173810405670554,0.15030941520946914,1.9851833516425177,0.16219612807957676,2.430739424394961,0.2280537783107108,2.2832539493062165,0.2147747706877173,1.3873391762770844,0.1671219936909585,0.7466856294643418,0.15780599461209185,0.2058683052883605,0.2058683052883605,0.2280537783107108,0.2280537783107108,6.315036580657395,0.3001286329484955,18.326979011094828,0.8710085977210704,32.765351488773206,1.557207155461759,38.95530948749264,1.8513912996763082,29.494215600067296,1.4017430453292623,14.200962406780008,0.6749153990262673,2.8013580853089017,0.1331374350416592,2.208392602816925,2.034080026375118,-0.1743125764418071,3.987174840275107,2.1880647585031943,-1.799110081771912,1.3939729416391318,1.806749983424853,0.4127770417857218,2.171313468347213,1.495676971688393,-0.6756364966588209,2.9113775553303385,3.067561402785476,0.15618384745513558,-2.84754422285498,-2.629273520826685,0.21827070202829568,7.716237455400085,8.228899533918044,0.5126620785179599,-3.3973686371502114,-2.048203151823313,1.3491654853269008
softplus_cnn,20260921,92,995,9,Ankle boot,9,True,16.153427700487757,21.04110000641327,True,True,128,2.104110000641327e-07,2.894414175003135e-08,19.430825668487063,111.52877769126582,2.3312060392640768,109.19757165200174,0.9790977173109767,5.300520298714048,0.1107929736826274,5.18972732503142,141.22152528743908,0.7897434719265543,0.7732360306245347,0.9875703876678479,0.9523809523809524,0.5,False,1.7039562898903888,1.2959903705755949e-09,3.552713678800501e-15,5.551115123125783e-16,3.552713678800501e-15,8.508997950684716e-10,3.4416913763379853e-15,0.0,0.993385603121638,0.32603595234503085,1.2322991893017972,0.16394364564400513,1.4993225040643936,0.11126001089361527,1.43013406139739,0.09828821805149845,1.3152741299516189,0.08160516275025766,0.8608206735742694,0.1315220133996495,0.3428347513143378,0.1469507114784374,0.031013472512867065,0.031013472512867065,0.16394364564400513,0.1469507114784374,6.244988995418327,0.29679954914500056,15.524652309922825,0.7378251282105476,27.01829694368422,1.2840724551211256,30.874087237370205,1.467322869429824,22.298786115509305,1.0597728307318863,8.496700452144262,0.4038144607247003,1.0712656367816678,0.05091300533028924,2.1080178678932238,1.63021446412134,-0.47780340377188346,6.283167674955741,5.345846248577148,-0.9373214263785937,-1.0248529409904905,-0.11642997716850759,0.9084229638219835,3.494645779863502,3.595213607908928,0.10056782804542513,2.8505791991271328,3.7232164137753734,0.87263721464824,-0.009728619090802137,0.2731697126257832,0.28289833171658585,7.257314645254022,6.341233436565874,-0.9160812086881512,-1.5283179385252699,-1.3616382370679787,0.16667970145729094
softplus_cnn,20260921,93,2043,9,Ankle boot,9,True,24.735446272832142,21.04110000641327,True,True,128,2.104110000641327e-07,7.507225530112294e-08,28.01284417988526,151.4209978831644,3.6023673529533107,147.8186305302111,0.9762095917784608,7.196439246855521,0.17120622742419925,7.0252330194313215,210.50675385397378,0.7193165782614438,0.7022037432240832,0.9769178818570924,0.880952380952381,0.5,False,4.0982569416716785,1.426847084928795e-09,1.7763568394002505e-15,1.7763568394002505e-15,3.552713678800501e-15,1.0128857752533804e-09,1.3322676295501878e-15,1.7763568394002505e-15,1.1534066943108918,0.31106830141893793,1.5203301539808542,0.17940897478581472,1.9531812424811468,0.1491063106935758,2.1958077453156144,0.20224428568720454,2.3769008791218593,0.18800831866684656,1.3378995551580102,0.13928088907946964,0.5202707695692392,0.10390511357677187,0.1001604520887899,0.1001604520887899,0.20224428568720454,0.20224428568720454,7.597358857493498,0.3610723229858631,21.78321877053466,1.035269960405834,40.99963382523782,1.948549924326259,43.1997395724903,2.053112221287059,27.70875135862719,1.3168870139955438,9.294340611505465,0.44172313275791547,0.8379548869801343,0.0398246710830103,2.6630420195822486,2.139608458172,-0.5234335614102489,8.66000658810936,8.338988520875992,-0.32101806723336646,0.3008467360185607,1.1516088378085398,0.850762101789979,6.7894151495809565,4.959363308419904,-1.830051841161053,5.304902853659083,6.894017927541815,1.5891150738827322,0.1837486414695939,1.3462388192566357,1.1624901777870418,5.724490145013159,5.219014262044954,-0.5054758829682047,-1.6136079535476981,-2.0359959532216942,-0.42238799967399526
softplus_cnn,20260921,94,2087,9,Ankle boot,9,True,29.043476808106305,21.04110000641327,True,True,256,2.104110000641327e-07,2.4872193193914427e-10,32.320874454049225,110.74205269348823,3.737643119573403,107.00440957391483,0.9662491074649081,5.2631303810035766,0.17763534788742888,5.085495033116148,161.5633320506945,0.6854405098474954,0.662306280860434,0.9808794154343481,0.9523809523809524,1.0,False,2.3193160568615077,1.7152204101478219e-09,1.7763568394002505e-15,1.7763568394002505e-15,0.0,1.190599618894339e-09,1.7763568394002505e-15,3.552713678800501e-15,1.015650663704925,0.3241617719832676,1.111783087547316,0.17651271082827755,1.66261020735609,0.17139492085928995,2.0198454945788393,0.14228645464829992,1.5683552824424785,0.1038813756775635,0.9172452390824398,0.12079780996548832,0.36558875576170874,0.13213394478545565,0.03303608203753133,0.03303608203753133,0.17651271082827755,0.17139492085928995,5.697449812369747,0.27077718420772584,15.449970994740113,0.7342758216077583,26.68747762504433,1.2683499254749067,30.084755268420356,1.4298090527230327,22.865577812011125,1.086710191246739,8.142844022834899,0.3869970686110984,1.8139771577778896,0.08621113711854392,2.7664620252923116,2.205338496932104,-0.5611235283602078,9.442864267672807,11.158606082862336,1.7157418151895294,-0.1436298734378038,-0.0748049326079966,0.06882494082980783,5.896242353513131,4.405761873638813,-1.490480479874316,6.171771478861743,7.700772496891279,1.5290010180295353,1.023264113894911,0.35523036974931715,-0.668033744145594,6.897948498317675,5.87994313171969,-1.0180053665979834,0.2659515899344518,0.6900269360542839,0.42407534611983233
softplus_cnn,20260921,95,4442,9,Ankle boot,9,True,27.97448666786718,21.04110000641327,True,True,128,2.104110000641327e-07,6.377183581207646e-08,31.251884675600383,97.69039843536339,2.779496050016351,94.91090238534704,0.9715479095741902,4.6428370382531154,0.13209841924467677,4.510738619008439,114.1748879246149,0.8556207079429274,0.8312765101903399,0.9891731467713031,0.9761904761904763,1.0,False,1.288672422038847,8.718178401423415e-10,1.7763568394002505e-15,2.7755575615628914e-17,0.0,9.801119915664458e-10,1.5265566588595902e-15,3.552713678800501e-15,0.9404807445489534,0.3257155500769851,0.9995719202804856,0.1403215933087536,1.1611964413715687,0.15303842159702727,1.4218020944401601,0.10392050975115763,1.1235194097741577,0.06367405174471917,0.5341635051695056,0.08173126945118793,0.1671079498525761,0.0596305922000738,0.018918098429676285,0.018918098429676285,0.15303842159702727,0.15303842159702727,5.37769433753191,0.2555804751601771,12.988587862998651,0.6172960472142505,24.56856806990873,1.167646561368954,27.524077971436064,1.3081102206180666,18.897111119604286,0.8981047147651262,7.248053692723257,0.3444712344180708,1.0863053808623135,0.05162778469429881,2.818288326823451,2.370936586735162,-0.4473517400882892,9.57831193468481,11.527510683808867,1.949198749124057,-0.39871303123233426,-0.41104123231466544,-0.012328201082331097,5.439789725083223,4.647342820026433,-0.7924469050567908,6.470284089897969,7.30058139128032,0.83029730138235,2.018039538783185,1.2298355338385227,-0.7882040049446624,4.584635291352457,4.339539626640962,-0.2450956647114972,0.7412488002076191,0.24717926656489428,-0.4940695336427239
softplus_cnn,20260921,96,4850,9,Ankle boot,7,False,11.283716887402285,21.04110000641327,True,True,128,2.104110000641327e-07,7.627733888959654e-09,14.561114817195662,135.10248000741967,2.1706964876783186,132.93178351974134,0.9839329634248082,6.420884838066489,0.10316459153830818,6.3177202465281805,165.19729726299119,0.8178250022598064,0.8046849780363917,0.9876807239347836,0.9285714285714287,1.0,False,2.3646192449964722,3.0719244925592193e-09,1.7763568394002505e-15,8.881784197001252e-16,1.7763568394002505e-15,5.931131141778678e-10,8.881784197001252e-16,1.7763568394002505e-15,1.0236317688986085,0.3265344420265272,1.1814354383027235,0.14003349668553453,1.717944349117888,0.12053356608263179,1.9220439790453716,0.11326733806049204,1.6487241472835448,0.12243021167821178,1.0350372672901167,0.12858170119635376,0.3377648000013324,0.12178261561029445,0.008222116075593332,0.008222116075593332,0.14003349668553453,0.12858170119635376,7.585275946593262,0.3604980701712976,20.370237035121,0.9681165447106952,36.501138121585214,1.7347542718992717,35.95013328689093,1.708567198289701,22.64862533016173,1.0763993005716666,9.772406709099407,0.4644437175870465,2.274663577416722,0.10810573481060451,2.3422818206107996,1.8311208522241842,-0.5111609683866145,5.869089573936279,4.570456334122244,-1.2986332398140357,-1.0924543968453713,-0.3386930801694016,0.7537613166759698,1.0283382274708206,1.36167278047731,0.3333345530064896,2.9375329542402184,3.6261049593654966,0.6885720051252777,-1.5534891756925675,-1.25055291143559,0.30293626425697817,7.381794037702447,7.020891758521335,-0.3609022791811116,-2.3519782242269622,-2.2598858753168027,0.09209234891015963
softplus_cnn,20260921,97,6965,9,Ankle boot,9,True,16.91157272357615,21.04110000641327,True,True,128,2.104110000641327e-07,5.538159847384705e-09,20.188970761352532,120.00747929583659,2.5695448956430678,117.43793440019353,0.9785884603966329,5.703479345626352,0.12212027388586516,5.581359071740487,165.46228742504238,0.7252859921340221,0.7097565023896771,0.982860043699247,0.880952380952381,1.0,False,2.045747115173082,3.4111629076960526e-09,8.881784197001252e-16,1.7763568394002505e-15,3.552713678800501e-15,6.396838614364242e-10,1.3322676295501878e-15,8.881784197001252e-16,0.9305285062938833,0.3056738633580199,1.0074787312272744,0.1571511091144212,1.3657391568774342,0.14773985858941058,1.6828518248743858,0.09993780484320507,1.8052335699111008,0.12909095493679934,1.3415486743521583,0.13253943276142635,0.5742473883648541,0.13477938471383497,0.08666668252867385,0.08666668252867385,0.1571511091144212,0.14773985858941058,5.257097134388653,0.24984896857988909,15.981513599787197,0.7595379326611287,27.010502009249787,1.2837019928148747,34.026369947443214,1.6171383595473654,25.154362616723233,1.1954870519628846,10.264346438928843,0.48782366111088765,2.313287548924194,0.10994137893071704,2.7290499018007806,2.2844051768838027,-0.44464472491697704,7.5303186102880515,9.534075584507812,2.0037569742197605,1.1406051980615266,1.6242801399787705,0.48367494191724403,4.940524894245636,3.9303285305121753,-1.0101963637334608,2.7794212462893597,2.861534226115266,0.08211297982590526,-2.1139063449776185,-3.0498022542398617,-0.9358959092622419,4.544586075220116,4.535635196955842,-0.008950878264273432,-1.3616288195753166,-1.5314858387215902,-0.16985701914627271
softplus_cnn,20260921,98,9272,9,Ankle boot,9,True,22.923797222749712,21.04110000641327,True,True,128,2.104110000641327e-07,2.486788996947098e-09,26.201194942855484,205.78834494009038,2.376261838575286,203.4120831015151,0.9884528842521811,9.780303542940562,0.11293429705913702,9.667369245881424,291.48734416735533,0.705994099084928,0.6978419035055173,0.993690148207146,0.9523809523809524,1.0,False,4.3608534522715185,1.60528301762497e-09,1.7763568394002505e-15,1.7763568394002505e-15,0.0,9.183800386836083e-10,1.7763568394002505e-15,7.105427357601002e-15,1.1357893891991064,0.32542277331488717,1.3424732671698878,0.16133318548788092,2.1167908787797867,0.14296463479574031,3.00878686385481,0.19030104330805056,3.4120586305233895,0.26718081297842006,2.528361946365212,0.22707767363582795,1.1958717876001226,0.26790065729533064,0.24889357997775519,0.24889357997775519,0.26790065729533064,0.26790065729533064,4.76849231253844,0.22662752000061862,24.297082833975395,1.1547439452580763,48.04165676011283,2.283229334277669,60.48739982148571,2.8747261218781013,46.03947188329224,2.1880734310116643,18.320318764726863,0.870692062636596,3.833922563502803,0.1822111278561593,2.563278996477705,2.159844678127023,-0.4034343183506821,8.405074739521064,10.043645459729712,1.638570720208648,-1.5659191651544833,-1.7951243616096186,-0.22920519645513515,5.547793477606209,5.530357928786771,-0.01743554881943915,8.543853440786165,9.281544559611993,0.7376911188258258,3.836985706041312,3.817968938980286,-0.019016767061025674,1.456735644339083,1.2654141967789414,-0.1913214475601419,-2.5866078967615693,-4.102456456631242,-1.5158485598696747
softplus_cnn,20260921,99,9528,9,Ankle boot,9,True,20.809061923297776,21.04110000641327,True,True,128,2.104110000641327e-07,3.855288532861323e-09,24.08645960455629,166.5996832043781,3.8732980456015333,162.72638515877657,0.9767508678822041,7.917821936761812,0.1840824882929582,7.733739448468854,196.75985465015918,0.846715827782013,0.82703041963568,0.9618367442667443,0.9523809523809524,1.0,False,5.082045955149231,1.8324715078676945e-09,3.552713678800501e-15,1.7763568394002505e-15,7.105427357601002e-15,5.74775782524739e-10,2.1649348980190553e-15,1.7763568394002505e-15,1.0376007945530226,0.3307990250240282,1.5755679283140072,0.19274501626126744,2.2193911891139404,0.17805434531181705,2.4083856635363916,0.22873160195165054,1.9023058356227114,0.19168186085235706,0.9086754783645375,0.14450971294226048,0.22956165090882014,0.06480597240301943,0.10732747531088391,0.10732747531088391,0.22873160195165054,0.22873160195165054,9.165630276869347,0.43560604122767765,25.319594364088545,1.2033398613366793,45.54380868387337,2.1645165257515884,47.976647142987936,2.2801396851098463,28.92145377519098,1.3745219483000317,7.727879260217194,0.3672754398706226,1.9446697005631512,0.09242243513744154,2.6550674672060346,2.22094691937255,-0.43412054783348375,7.906051780258874,10.094743208303852,2.1886914280449794,-0.01285552398740801,-0.23266392286198975,-0.2198083988745796,6.48666902749467,4.633008107630983,-1.8536609198636858,3.731072213513308,4.523167716505932,0.7920955029926235,0.17247990227266619,1.0649910171239851,0.8925111148513187,3.529532912296704,2.202121643098341,-1.3274112691983637,-0.3815581744985552,-0.41985508404258687,-0.038296909544032254
softplus_cnn,20260922,0,280,0,T-shirt/top,0,True,11.685773221625954,19.839378307000864,True,True,128,1.9839378307000865e-07,2.5019097904532828e-11,10.345564679658036,51.10983385137078,0.7768653674009329,50.33296848396985,0.9848000803590933,2.5761812220363423,0.03915774755536543,2.5370234744809768,90.11329964589444,0.5671730371899587,0.5585520526021823,0.9936515020966761,0.8571428571428572,0.5,False,0.5734605197369912,8.519345784385735e-10,1.7763568394002505e-15,2.220446049250313e-16,1.7763568394002505e-15,3.0179592158674495e-10,4.440892098500626e-16,1.7763568394002505e-15,0.51820165502606,0.19784671066328222,0.9495098381746448,0.10009261244039608,1.0423823526290679,0.04553775908555158,1.0234197606672415,0.0501554709690893,0.802829925627168,0.048705678457898145,0.469048997513511,0.05078219182889362,0.2393334176607667,0.06126955753466153,0.015619027515776998,0.015619027515776998,0.10009261244039608,0.06126955753466153,3.4236490466299547,0.17256836346640092,6.93003559825442,0.34930709475956556,12.242899091627667,0.6171009445042654,13.349934063582502,0.6729008266792118,9.955595387256853,0.501809846720033,4.402583288065376,0.2219113532661356,0.8051373758776101,0.040582792636878924,2.0173161380719584,2.046856392912959,0.029540254841000813,-1.533862456823492,-1.8173584791173698,-0.2834960222938775,0.9820452655191538,1.2923241578201705,0.31027889230101713,1.6847200812750425,1.1913507363188849,-0.4933693449561578,0.7764349070327704,0.9477037177731041,0.17126881074033368,1.5092934148481452,1.6029088628163641,0.09361544796821855,0.09217683018867855,0.2347460441470032,0.14256921395832475,4.81744049954578,4.847033247288716,0.029592747742935688
softplus_cnn,20260922,1,1403,0,T-shirt/top,0,True,16.90514146081317,19.839378307000864,True,True,128,1.9839378307000865e-07,2.0178991810837488e-10,15.564932954074479,50.09830985128213,1.8550814007141652,48.24322845056797,0.9629711779455034,2.525195551798293,0.0935050167403456,2.4316905350579474,84.39137469095226,0.5936425379340723,0.5716606540329316,0.9829911819422242,0.9047619047619048,0.5,False,0.4898255880375204,3.714939467158729e-10,1.3322676295501878e-15,2.6645352591003757e-15,1.7763568394002505e-15,1.0867751143450732e-10,5.551115123125783e-16,1.7763568394002505e-15,0.5630641837084334,0.2012521515326887,0.8822601647268785,0.10733077507894667,0.8783571629652676,0.05658889248340906,1.116416151954094,0.05322406508617146,0.7523853720421475,0.04465606540747889,0.41368888879912674,0.0475483288211179,0.16130191237670588,0.05720642219236412,0.049321153870407176,0.049321153870407176,0.10733077507894667,0.05720642219236412,3.864880337715844,0.19480854076722837,7.32059732063088,0.36899328231709805,12.689483648644256,0.639610952131823,13.326297414328817,0.6717094259766331,8.847236088709755,0.445943212121106,3.4658668917171456,0.1746963457264243,0.5839481494406931,0.029433792753204926,3.743679159005363,3.201443417235683,-0.5422357417696795,-0.4992860824571408,-1.1427333070563728,-0.6434472245992323,0.3740896432279871,0.11654473559771865,-0.2575449076302687,2.9504589113609248,2.538605384700277,-0.411853526660648,1.7061002728555805,2.6445858078334936,0.938485534977913,1.7909466035913357,1.9858188419069,0.19487223831556405,0.165299720239081,0.24912934076446083,0.08382962052537984,5.33364472625135,5.971538733200995,0.6378940069496452
softplus_cnn,20260922,2,1512,0,T-shirt/top,0,True,14.236863947345704,19.839378307000864,True,True,128,1.9839378307000865e-07,2.002861210215201e-10,12.896655520548066,33.17739661221404,1.7831164778645952,31.394280134349444,0.9462550814729039,1.6723002151991069,0.08987763881872116,1.5824225763803859,51.36150939422217,0.6459583646104116,0.6112413849325288,0.9757052476822116,0.7619047619047621,1.0,False,0.44362089389044185,2.7737945273997866e-10,2.6645352591003757e-15,1.1102230246251565e-16,0.0,2.368061302604474e-11,2.220446049250313e-15,1.7763568394002505e-15,0.39935559078001637,0.1609183972261596,0.5741969959419405,0.05351321735949233,0.5093643611435203,0.03216182586433323,0.5160689099557623,0.029346952599396247,0.5419755363056383,0.03902058114278916,0.3536571746443214,0.053331660083996014,0.08881624268812241,0.03605816172517853,0.004787658082610323,0.004787658082610323,0.05351321735949233,0.053331660083996014,2.9457010218237754,0.1484774863527001,4.746945461652663,0.23926886156395205,7.777726810757519,0.39203480524452405,8.335029053408686,0.4201255162550857,6.578204651843641,0.3315731244220663,2.4859694593242603,0.1253048064740526,0.3078201533782763,0.015515614885455033,2.5859946090352315,2.271893327331681,-0.31410128170355067,1.0340767533690642,0.6890665798192063,-0.3450101735498581,0.6658604939324761,0.7068452330609816,0.04098473912850545,1.074505732520422,0.5627029552237148,-0.5118027772967069,2.0363080834517824,3.24212459112364,1.2058165076718566,-0.15759756919573903,-0.5610736890083574,-0.40347611981261816,0.9861472201775352,0.7774210946638321,-0.20872612551370281,4.671360197257293,5.207675428309687,0.536315231052392
softplus_cnn,20260922,3,3341,0,T-shirt/top,0,True,15.553738043488902,19.839378307000864,True,True,128,1.9839378307000865e-07,2.0362866948175906e-10,14.213529891449133,126.86372016548347,1.2151918662207344,125.64852829926274,0.9904212814771977,6.394541109219948,0.06125150936770639,6.333289599852241,195.44415403019315,0.6491047061243129,0.6428871148525218,0.9870888879550598,0.880952380952381,0.5,False,1.3901408409565634,1.4448735541350288e-09,8.881784197001252e-16,6.938893903907228e-16,1.7763568394002505e-15,1.138092287078507e-09,1.7208456881689926e-15,1.7763568394002505e-15,0.7569753525088204,0.22574027145602438,1.4202777822631472,0.13307003292153569,1.69442557274458,0.08530834669077995,1.985199741441421,0.09064976266262578,2.3342071091033105,0.12229181811935885,1.6406232190259642,0.1308239937284735,0.6560845902373046,0.1617002533243456,0.12050650784965247,0.12050650784965247,0.1617002533243456,0.1617002533243456,6.5629191503107664,0.33080266169403416,18.047460844402625,0.9096787492597028,31.97666442125164,1.611777542946888,35.24015779321094,1.7762732908205845,23.596392496985228,1.189371568596915,9.640993636657534,0.4859524067473146,1.7991318225716797,0.09068488914981812,2.8710118761919627,3.091708725378981,0.22069684918701798,0.6063729081941786,-0.023428362561670187,-0.6298012707558486,0.6178646284650179,0.109733671856957,-0.5081309566080608,2.9647413666983145,2.887481728410533,-0.07725963828777976,0.7397448081566672,1.3037538737643262,0.5640090656076586,3.196539111489444,3.28702116667176,0.09048205518231636,0.05601084515958743,0.21475851591648037,0.1587476707568929,3.1612443470939624,3.3425005731498567,0.18125622605589387
softplus_cnn,20260922,4,4116,0,T-shirt/top,0,True,16.705464550162862,19.839378307000864,True,True,128,1.9839378307000865e-07,1.87960758069039e-11,15.365256143421995,27.149186015333235,1.6677333197818434,25.481452695551393,0.9385715166988821,1.3684494340103845,0.08406177320553126,1.2843876608048534,53.13335868839259,0.510963106521331,0.47957541786489816,0.9878268701095704,0.880952380952381,0.5,False,0.3276208466773164,5.493455690341875e-11,8.881784197001252e-16,4.440892098500626e-16,0.0,4.589395530274487e-11,9.43689570931383e-16,1.7763568394002505e-15,0.47981321805183674,0.2015767010051354,0.5575682827096717,0.05405649531112181,0.5240574017436366,0.050512612401742485,0.5711850156522191,0.03054996639288142,0.565617577686717,0.03417553554727835,0.341083586501437,0.053917327302334755,0.11184361996144115,0.029929863858576773,0.00682111312560504,0.00682111312560504,0.05405649531112181,0.053917327302334755,2.292879894308072,0.11557216455210026,4.476156751940652,0.22561980938490994,6.7301635955517956,0.3392325853868553,6.920689678274278,0.34883601548301163,4.858618484337868,0.24489771852494857,1.5221218240118413,0.07672225411794881,0.3485557868845056,0.017568886559389225,1.9047311855680311,1.6376211956624362,-0.26710998990559526,2.105396048875003,1.6686290464498725,-0.4367670024251314,1.3329966656265801,1.3504922267519341,0.01749556112535347,0.3032193110702617,0.19103123087116652,-0.11218808019909514,1.8372740868442492,2.6622921585510753,0.8250180717068257,-0.13417197491904292,-0.5051088214658536,-0.37093684654681064,1.6633390385508762,1.1826076378686114,-0.48073140068226444,6.3524717818060354,7.177691468778646,0.8252196869726105
softplus_cnn,20260922,5,5544,0,T-shirt/top,0,True,18.326466963318914,19.839378307000864,True,True,128,1.9839378307000865e-07,1.5326662161641025e-10,16.98625862206981,81.14401338851872,2.5522336138640065,78.59177977465471,0.9685468649221985,4.090048192683782,0.1286448382792006,3.9614033544045815,121.15244634601808,0.6697678489856237,0.6487015503607104,0.974825102926306,0.8571428571428572,0.5,False,0.9499012372163452,3.882566490531758e-10,3.552713678800501e-15,8.881784197001252e-16,3.552713678800501e-15,1.2936141047248384e-10,3.1086244689504383e-15,3.552713678800501e-15,0.6922450257735472,0.19767901189110496,1.0689440166723205,0.11573348861047629,1.2880975453475698,0.07055818358220751,1.606894076051677,0.06790917834851226,1.2714631343225313,0.08387077298127235,0.6808530658611613,0.08004133480562103,0.1779408275965106,0.05399502023333576,0.012472798724110341,0.012472798724110341,0.11573348861047629,0.08387077298127235,5.461780304424268,0.2752999726053377,12.170108086537127,0.6134319280681579,20.464912175318943,1.0315299128147248,23.043030071595346,1.1614794433081599,14.640276956008844,0.7379403088877349,4.807013578884451,0.2422965833152224,0.5568922156667507,0.028070043680261704,4.188492511110249,3.6498131365865856,-0.5386793745236641,-0.5377209951925821,-1.6268943587848241,-1.0891733635922425,0.5656409791300527,-0.06021408549386092,-0.6258550646239134,2.8663288969310754,2.756273601538626,-0.1100552953924484,1.6104348258114047,2.803250520796917,1.192815694985512,2.0276341892910366,2.384461020720238,0.35682683142920096,0.7606421149225036,0.5721715992554451,-0.18847051566705847,5.504806100066066,6.507397187580042,1.0025910875139732
softplus_cnn,20260922,6,6708,0,T-shirt/top,0,True,12.840254424764336,19.839378307000864,True,True,128,1.9839378307000865e-07,2.55654941661021e-11,11.50004608526117,19.280893260868403,1.2908045756980875,17.990088685170317,0.9330526569369147,0.9718496700103055,0.06506275326392622,0.9067869167463793,37.65077010199541,0.5120982441696872,0.4778146273352555,0.9875273062037502,0.9761904761904763,1.0,False,0.2859813144276746,5.043154782669035e-11,2.6645352591003757e-15,8.881784197001252e-16,1.7763568394002505e-15,6.921574424723076e-11,1.887379141862766e-15,1.7763568394002505e-15,0.4317797142293176,0.19877203710068422,0.3951385194347048,0.036934472732797666,0.3891530275016236,0.029741124562394416,0.4041509277617698,0.01799058801278866,0.38584842047491585,0.02591921946553309,0.23316635864791027,0.02011511787801205,0.07565022019696169,0.013282480705745748,0.014672260779011122,0.014672260779011122,0.036934472732797666,0.029741124562394416,1.7064082505797977,0.08601117556076066,3.315080146334429,0.16709596918995254,5.113872530248376,0.25776374900033067,4.658864214868001,0.23482914347290784,3.0136320128888983,0.15190153472830628,1.2029628326549024,0.060635107312329656,0.27007327327406444,0.013612990744713092,1.3875385970345127,1.2208880511352591,-0.16665054589925388,1.3479679740374289,1.089385304751358,-0.25858266928607077,0.6144367973592312,0.2536084652354989,-0.36082833212373233,-0.8480073407781857,-0.937111584989504,-0.0891042442113183,1.6446986188557942,2.5100137058008705,0.8653150869450766,1.0078595088887292,0.9838022692881109,-0.02405723960061837,0.8778766228004713,0.4862950782579841,-0.3915815445424874,5.467675307063188,5.893164795850807,0.42548948878761716
softplus_cnn,20260922,7,7346,0,T-shirt/top,0,True,9.663461641804894,19.839378307000864,True,True,64,1.9839378307000865e-07,1.7600020996155763e-08,8.323253277352633,42.812795627241734,1.2569698320851455,41.555825795156586,0.9706403234437384,2.1579706261326783,0.06335731960116862,2.09461330653151,57.09688601415161,0.749827155488488,0.7278124727302443,0.986704076215508,0.6428571428571429,0.5,False,0.9895854412352508,1.29876331911305e-10,8.881784197001252e-16,3.3306690738754696e-16,1.7763568394002505e-15,3.348255006585532e-11,8.881784197001252e-16,1.7763568394002505e-15,0.41547658243755947,0.2015720910847146,0.4888286885105114,0.12435024519979967,0.7160378310600747,0.08252400098100007,0.7639526857830657,0.06537478948999413,0.5881772487074394,0.06738014939628964,0.22697079485243649,0.03415444738814754,0.08566377346370502,0.027036341567500382,0.00832639799230624,0.00832639799230624,0.12435024519979967,0.08252400098100007,2.243328892928177,0.11307455597721817,6.322419584639792,0.3186803279218056,11.24176770182168,0.566639111763634,11.897112926859366,0.5996716602082811,8.25066111265905,0.4158729666315995,2.5301712356253145,0.12753278840055562,0.3273341726425834,0.016499215226269195,0.23495495648644854,0.15860677195752385,-0.07634818452892467,-0.4953524928883357,-0.9057793060201753,-0.4104268131318398,0.923660467189397,0.3859813650353535,-0.5376791021540438,-0.5016912089929244,0.026793437172623447,0.5284846461655484,0.45132168879149936,0.5064423272565887,0.05512063846508905,0.19743799766515288,0.08184634270848068,-0.1155916549566722,2.5066815214211475,2.389757444124222,-0.11692407729692444,5.00624034768025,5.679604895151499,0.6733645474712489
softplus_cnn,20260922,8,7393,0,T-shirt/top,6,False,5.6849247781946435,19.839378307000864,True,True,128,1.9839378307000865e-07,2.971262125228691e-10,4.344716526590814,69.00801745837023,1.5908702482668207,67.41714721010341,0.9769465881377257,3.478335681215317,0.08018750505430096,3.398148176161016,92.84672617033549,0.7432466421246664,0.7261122711685141,0.9321142927637579,0.9047619047619048,0.5,False,1.453859291201153,2.2311058556212515e-10,1.3322676295501878e-15,8.881784197001252e-16,1.7763568394002505e-15,1.4854162344590804e-10,1.887379141862766e-15,1.7763568394002505e-15,0.6853563399619376,0.2408006049428591,1.03274482221947,0.19445566529807803,1.0162141608991715,0.07346466746068393,0.8828484321410055,0.058003125845975084,0.978662237225829,0.07616769969850128,0.6076014772976557,0.10604829611961732,0.15783467933412257,0.04593489209590712,0.004015342321850463,0.004015342321850463,0.19445566529807803,0.10604829611961732,5.133962824933507,0.2587763963915063,9.10347181355314,0.45885872393192545,15.93524194999107,0.8032127672250641,17.48191482373162,0.8811725122234628,13.19460385508219,0.6650714377691017,6.589826020794666,0.33215889726087167,1.5689961701354365,0.07908494640589486,-0.28259934969764067,-0.3467210297467086,-0.06412168004906782,-0.9814496001370663,-1.473520168809661,-0.492070568672595,1.3662911542826346,1.053055912396754,-0.3132352418858805,-0.6685904657667856,-0.46566333242574565,0.20292713334103996,0.9372774388343557,1.34382162829438,0.40654418946002424,2.52364392859618,1.9325286947337497,-0.591115233862432,-0.4324381143092549,0.5489608112307711,0.981398925540026,1.8825815347883919,1.7522540110658158,-0.13032752372257586
softplus_cnn,20260922,9,8134,0,T-shirt/top,0,True,19.358230627280467,19.839378307000864,True,True,128,1.9839378307000865e-07,2.9898979958531413e-09,18.018022113852048,41.068567747217095,2.1006185860673647,38.96794916114973,0.948850941211367,2.070053159514829,0.10588127075161949,1.9641718887632096,66.73072700235339,0.6154371395619402,0.5839581091297784,0.9855458121522435,0.9285714285714287,0.5,False,0.5250379921179982,3.4133035287098323e-10,1.7763568394002505e-15,4.440892098500626e-16,0.0,6.181615219702508e-10,3.1086244689504383e-15,2.220446049250313e-15,0.5322393333137742,0.1989296751967229,0.7238691893741881,0.11442119816836231,0.6328789544457923,0.0431954922317346,0.792036365497315,0.0607869072331943,0.6645230710430785,0.04996994898587834,0.43349115169786967,0.04752848496027238,0.10927377349974307,0.036919031365500274,0.007476793706377319,0.007476793706377319,0.11442119816836231,0.0607869072331943,3.868375976220185,0.19498473774529132,6.761895590866262,0.3408320304311221,9.61927560271168,0.4848577134756918,10.755488665260643,0.5421283116248293,7.133351671866192,0.3595552018557454,2.595288093389856,0.13081499093517654,0.3348921468558461,0.0168801734446321,3.5343638985890906,3.0179105128960595,-0.516453385693032,-0.6012359879240442,-0.9552633428741187,-0.35402735495007465,0.13443889522301275,-0.30318990809696605,-0.4376288033199788,2.182437301232247,1.8027152579691303,-0.3797220432631172,2.0686148479006845,3.0032663249485814,0.9346514770478968,2.512241119605091,2.650549193355431,0.1383080737503408,1.9268681592516785,1.5140811607195974,-0.4127869985320822,6.260293879974291,7.287952915552495,1.0276590355782074
softplus_cnn,20260922,10,555,1,Trouser,1,True,22.539350201956466,19.839378307000864,True,True,128,1.9839378307000865e-07,1.407550873633312e-07,31.51434581660697,137.0829104524141,3.6484835201735706,133.4344269322405,0.9733848405455318,6.909637405524984,0.18390110132060458,6.7257363042043785,213.59892577454335,0.6417771529296314,0.6246961516701747,0.9857572774955362,0.8571428571428572,0.5,False,2.1375761010430496,1.7582486577794043e-09,2.6645352591003757e-15,4.440892098500626e-16,3.552713678800501e-15,1.1362430996086914e-09,2.3314683517128287e-15,3.552713678800501e-15,2.150749795201697,0.8270351133279809,2.416822959937449,0.3281022111174556,2.2599498508399187,0.2705869966145193,2.2285306717380493,0.1326104250603742,1.9744197037618472,0.1544468644725127,1.357339897646496,0.1260762323342324,0.47841598369540184,0.19307064547322414,0.05093318931981393,0.05093318931981393,0.3281022111174556,0.2705869966145193,7.625575344347407,0.3843656402104352,17.735934342956728,0.8939763166216818,29.68076637022969,1.496053248793387,38.33846240666605,1.9324427314911015,27.9724124794826,1.4099440036188924,12.65540424418165,0.6378931863865839,3.074355263762397,0.15496227836320492,-0.8785919058276512,-1.1787182603008213,-0.3001263544731698,1.9296224751260418,2.2884934347493444,0.3588709596233019,4.387347143179757,2.379639062150249,-2.007708081029509,1.460210464403487,0.11956138030071879,-1.3406490841027683,0.10112383625394714,0.9597408598871429,0.858617023633196,8.4026576557797,8.647797124638933,0.24513946885923,14.297525019365086,15.118804083754549,0.821279064389465,1.8144511283265958,3.179028132563097,1.3645770042365013
softplus_cnn,20260922,11,1680,1,Trouser,1,True,15.946672893133027,19.839378307000864,True,True,128,1.9839378307000865e-07,5.886463533277819e-08,24.92166861260879,122.34732132031746,2.2205523861100263,120.12676893420743,0.9818504208989063,6.166892904962848,0.11192651058659656,6.054966394376251,198.51404449981897,0.6163156950863949,0.6051298246271789,0.9876116087638662,1.0,1.0,False,1.1761246675145784,1.074285771451855e-09,2.6645352591003757e-15,1.1449174941446927e-15,0.0,6.484270897999522e-10,2.3869795029440866e-15,3.552713678800501e-15,1.194768285464815,0.39204546397195,1.5875223798906677,0.2564571869057759,1.957569515722947,0.14545463316560386,2.119202950209184,0.16272897390135044,2.271470363196633,0.16697592223927224,1.5268182183134915,0.11780339754196836,0.5247505556659836,0.13602964467547676,0.018727770950706726,0.018727770950706726,0.2564571869057759,0.16697592223927224,8.628656683550199,0.43492575977067505,17.09083852435938,0.8614603875126678,27.868789271472238,1.4047208959989426,33.48151084341862,1.6876290337990962,23.963345756569044,1.2078677761849486,10.266960145259038,0.5175041267112721,1.047220095002393,0.05278492495063986,1.0200284100854007,1.1964413193512813,0.176412909265881,4.995746149044978,5.372432122654867,0.37668597360989126,6.455105735117237,5.671996094872452,-0.7831096402447849,2.0605002090255944,1.3711866687074645,-0.6893135403181295,-0.3598966506816236,0.0030324141376166028,0.3629290648192404,2.5316445684052367,1.7835153631823395,-0.7481292052228963,3.5551764109960344,4.222531755470433,0.6673553444743989,4.663363780615933,5.300532874880763,0.6371690942648296
softplus_cnn,20260922,12,2586,1,Trouser,1,True,22.194100292045725,19.839378307000864,True,True,128,1.9839378307000865e-07,4.491798044625739e-10,31.169095936054894,120.87969789257332,3.3227060587591986,117.55699183381412,0.9725122901803402,6.092917631895634,0.167480351820636,5.925437280074998,173.91365951637704,0.695055800842316,0.6759503086802912,0.9829776831983057,0.9047619047619048,1.0,False,1.890632838896495,1.325346610236977e-09,7.105427357601002e-15,1.3322676295501878e-15,0.0,1.1397673915780615e-09,6.5503158452884236e-15,7.105427357601002e-15,1.8788205431498957,0.6991645113805992,1.770219235603783,0.2062943559935195,1.7089466776114934,0.11594913850049804,1.8919826929198114,0.08007597076955471,1.8061888635769445,0.11655239676934992,1.1063337593356426,0.12387293493150206,0.3997948466846084,0.17838825089693341,0.08261806386027995,0.08261806386027995,0.2062943559935195,0.17838825089693341,6.677897380413835,0.3365981169912647,17.52830847546431,0.8835109752042467,28.123108372970357,1.4175398007832913,32.796703149243605,1.6531114353351686,22.83006263730512,1.1507448612565099,10.841676161317348,0.5464725755792241,2.081941715159859,0.10493986671070178,-0.3506722596762305,-0.38175256180586054,-0.0310803021296302,3.754849238981955,3.6337383409345683,-0.12111089804738795,5.754809621876483,4.196701741494189,-1.5581078803822939,1.725066024652041,0.42882034215404674,-1.2962456824979942,-0.03447290616136728,1.3878019133721893,1.4222748195335568,5.182587935583851,5.56385539761193,0.38126746202807743,13.281998986183421,12.965837691051407,-0.3161612951320075,1.8549292946147409,3.3740930723821925,1.5191637777674492
softplus_cnn,20260922,13,3766,1,Trouser,1,True,21.054596665076424,19.839378307000864,True,True,128,1.9839378307000865e-07,3.200181009077596e-08,30.02959225391968,131.8810148601217,3.831780343010153,128.04923451711153,0.9709451709400757,6.64743687122413,0.19314014198005414,6.454296729244075,196.34312296886873,0.6716864480200416,0.6521707130909516,0.9821088006533458,0.9285714285714287,1.0,False,1.423871023374652,1.5006995646160703e-09,8.881784197001252e-15,3.552713678800501e-15,7.105427357601002e-15,8.961755781911052e-10,7.216449660063518e-15,5.329070518200751e-15,1.9257600780952717,0.7370189020465531,2.058825471541832,0.2755952798285879,2.137434991946007,0.19409999854603868,1.9762995121794278,0.08257707062932305,2.0606096134042655,0.1366616905839355,1.2511645904079838,0.1506685782977648,0.3681898912184424,0.12943927263242347,0.044112806254165665,0.044112806254165665,0.2755952798285879,0.19409999854603868,9.32530704478679,0.47004028556157434,20.089623472151878,1.0126135588161402,32.17736598699608,1.62189386628317,35.2787529524155,1.7782186723041837,24.276004493653446,1.2236272789398344,9.20630068969562,0.46404179340876456,1.5276602196297975,0.07700141587051249,-0.24466765162111298,-0.42802657379575704,-0.18335892217464408,4.31212403884559,5.12447201450781,0.8123479756622212,8.055298631310318,6.0847305821333055,-1.9705680491770134,1.5731027671161477,0.7423527726781383,-0.8307499944380097,0.32527579325999234,1.4486582731368585,1.1233824798768661,1.5705177958506669,2.1253190877806896,0.5548012919300221,12.475150184619272,11.628046807846882,-0.8471033767723971,1.9627906945387974,3.30403929052793,1.3412485959891318
softplus_cnn,20260922,14,4718,1,Trouser,1,True,14.795522509397722,19.839378307000864,True,True,128,1.9839378307000865e-07,1.8960477632390393e-10,23.77051789910776,88.74744433253315,2.862338134629457,85.8851061979037,0.9677473739536162,4.4732976487078835,0.1442755962579434,4.32902205244994,150.04710597242774,0.5914638856736173,0.572387622149045,0.976514551505864,0.8333333333333335,0.5,False,1.1109792996874357,4.4629810957985683e-10,1.7763568394002505e-15,2.220446049250313e-16,7.105427357601002e-15,9.727685323923652e-11,1.609823385706477e-15,3.552713678800501e-15,1.2185960540865242,0.45331402117116876,0.8322757540174556,0.08833357102221549,1.1288225647864758,0.06982511619587436,1.8996264770263247,0.08110446869322219,1.8493356694021297,0.09229184746131583,1.1682124762254962,0.12105863189605864,0.5505897399490007,0.16161845360447402,0.1342324746283002,0.1342324746283002,0.16161845360447402,0.16161845360447402,3.5812656625469623,0.18051299829708956,11.562123384413916,0.5827865775579221,21.547296012110632,1.0860872593223894,25.264652967782276,1.2734599127467092,18.43177905513934,0.9290502338289092,7.369406919552127,0.3714535206454343,0.9909203307715251,0.049947146298523475,0.04235241180951098,0.08257598964690092,0.040223577837389946,3.0409268633360527,2.4490796476504713,-0.5918472156855812,4.425023143969098,3.5581311320134947,-0.8668920119556027,1.918226550317417,0.6868241127063179,-1.2314024376110995,0.5135387027672964,2.0705968343559293,1.557058131588633,2.8168077101885416,3.1963818429315247,0.3795741327429825,9.244313414682852,9.072116945354319,-0.17219646932853455,1.7693291020369855,2.654811394546077,0.8854822925090905
softplus_cnn,20260922,15,4831,1,Trouser,1,True,22.124914812537696,19.839378307000864,True,True,128,1.9839378307000865e-07,1.0016702134407751e-08,31.0999105191962,160.16386186066234,4.227477824686469,155.93638403597586,0.9736052953795267,8.073028266422249,0.21308519648494673,7.859943069937301,226.58851493431393,0.7068489852943008,0.6881919151161765,0.9819814876953888,0.880952380952381,1.0,False,1.936595876758309,2.0298696057352572e-09,2.6645352591003757e-15,8.881784197001252e-16,7.105427357601002e-15,1.117125947303066e-09,1.6653345369377348e-15,7.105427357601002e-15,2.0346356029426778,0.8397238245305672,2.250238362215707,0.3464946592167758,2.329720076010109,0.24817256315659658,2.4594484236981726,0.13656280182444286,2.2847109941006236,0.19156033613777967,1.4300743236727225,0.17837930744790045,0.5218065712112093,0.11904526075545291,0.14515121800736966,0.14515121800736966,0.3464946592167758,0.24817256315659658,8.047945164630928,0.4056551087485938,21.42587944158293,1.0799672807298717,39.68077577311276,2.000101775321776,43.26616602311732,2.1808226726464346,31.57237547821513,1.5913994375052547,13.586879961985986,0.6848440385448714,2.5838400173522755,0.1302379528919259,-0.33206311138758715,-0.5060546937145983,-0.17399158232701067,3.536127203405175,4.331209478186963,0.7950822747817899,7.170856718634108,5.166325935458275,-2.004530783175834,1.592841032822146,0.46629544235794557,-1.1265455904641999,0.2649533454530677,1.4535474335293617,1.1885940880762926,2.106752056886352,2.9978873378257442,0.8911352809393929,14.660452869491424,13.738043001330565,-0.9224098681608603,2.0999904038915096,3.4526565853390685,1.352666181447558
softplus_cnn,20260922,16,6080,1,Trouser,1,True,22.376280385486922,19.839378307000864,True,True,128,1.9839378307000865e-07,6.228950022446611e-09,31.35127578851344,142.8993273313843,4.017747252590828,138.8815800787935,0.9718840716214594,7.2028127656076,0.2025137678418611,7.000298997765739,232.2476792857683,0.6152885048016103,0.5979890972684689,0.9801203860488307,0.9285714285714287,1.0,False,1.7473249557868165,2.3159290041263603e-09,2.6645352591003757e-15,8.881784197001252e-16,0.0,1.5442225276274257e-09,5.10702591327572e-15,3.552713678800501e-15,2.0202472475926916,0.8225526333738592,2.311361336050554,0.30316560722477337,2.5489042635789443,0.19025578954845712,2.2654311319970444,0.12021542662207793,2.2438696980298745,0.165527657187246,1.5312939866749746,0.1514190834531613,0.6316830873117851,0.19723201763741915,0.17385554232961956,0.17385554232961956,0.30316560722477337,0.19723201763741915,8.082480256059089,0.40739584330659023,18.95127458141704,0.9552353046632296,35.85765847923522,1.80739829264619,37.94319475135204,1.9125193423002953,27.12666847790996,1.3673144419216794,12.597023979524177,0.6349505405156257,2.3410268051180423,0.11799900021524098,-0.38967017372028057,-0.3386523641065953,0.05101780961368574,3.8963335305580955,4.5371569146733295,0.6408233841152342,6.83759937426903,4.52075969615647,-2.3168396781125624,1.7194648536807877,0.7377654605425401,-0.9816993931382454,-0.36893169410573035,0.6994675412817167,1.068399235387447,3.177634422861335,3.737867967714483,0.560233544853148,14.395467635035947,13.676259454468038,-0.719208180567904,2.083377839934256,3.780651119327683,1.697273279393428
softplus_cnn,20260922,17,6208,1,Trouser,1,True,22.680454667206227,19.839378307000864,True,True,128,1.9839378307000865e-07,1.6181791906433318e-08,31.65545031372543,133.81153595195838,4.694072765388269,129.11746318657012,0.9649202684059053,6.744744410904214,0.23660382360529097,6.508140587298923,239.51013389789568,0.5586884102741259,0.5390897707969781,0.9852332762162671,0.7619047619047621,0.5,False,2.359620296482334,1.9415047347592918e-09,1.7763568394002505e-15,8.881784197001252e-16,7.105427357601002e-15,1.8679280344713334e-09,2.1094237467877974e-15,3.552713678800501e-15,2.4027484314669008,0.9835110279730396,2.52879791908233,0.3930363026081516,2.7156877798179435,0.24775987661492996,2.265577171331923,0.12486291320899685,2.334198973154458,0.14349138517233567,1.5192638770707738,0.16536385663715314,0.6030506412158859,0.2883883531887107,0.10588529471730147,0.10588529471730147,0.3930363026081516,0.2883883531887107,7.111797121474994,0.35846874894085784,21.40382793286249,1.0788557787271775,33.89053098177735,1.7082456142195825,36.424339554410736,1.8359617418836869,23.257537863123517,1.1722916667664158,9.685165817091715,0.48817889689991145,2.0383366805352923,0.1027419634321913,-0.5123564102699405,-1.2211082701791047,-0.708751859909165,2.231667876993544,1.5791244371505662,-0.6525434398429788,1.898349949558193,0.09569339428364813,-1.8026565552745462,1.2460498117770167,-0.2840710976505954,-1.5301209094276111,-0.1495552234882558,1.1401193355558978,1.2896745590441534,9.543390873742982,10.47730241795663,0.9339115442136489,15.193928740726538,16.045582262433754,0.8516535217072161,2.2039746946853507,3.822807836042566,1.618833141357217
softplus_cnn,20260922,18,7156,1,Trouser,1,True,15.755455330700332,19.839378307000864,True,True,128,1.9839378307000865e-07,6.486414294570864e-09,24.73045074040123,124.0192001826136,3.4691962216471026,120.5500039609665,0.9720269424690787,6.2511636334315,0.17486415995318272,6.076299473478318,155.23839858086257,0.7988951272130838,0.7765475878583795,0.9739473967881518,0.8571428571428572,0.5,False,1.8645948362841185,1.4290404415362445e-09,1.7763568394002505e-15,4.440892098500626e-16,7.105427357601002e-15,1.4625456401518022e-10,2.609024107869118e-15,3.552713678800501e-15,1.2720829105519222,0.34775649278568826,1.2850052436901722,0.17628011580209602,1.3336079140106454,0.10368788727735773,1.861157443841884,0.0889097510756506,1.7572522551641105,0.1295119998975326,1.0724968879867403,0.11186605464652427,0.46322988173029156,0.12614679768293902,0.05201162257570337,0.05201162257570337,0.17628011580209602,0.1295119998975326,4.98244190060311,0.25113901370815234,14.809956607755318,0.7464929786902255,26.569792699342596,1.3392452267502113,33.53361159898232,1.6902551622370683,28.382414831723764,1.430610092338844,13.243449509332175,0.6675334934592615,2.4975330344329922,0.12588766622549205,0.2576878932276749,0.5289682769504797,0.27128038372280433,1.6103472948345139,0.738731200297636,-0.8716160945368784,3.4343516805974175,2.296236189728298,-1.1381154908691182,1.4447811900832064,-0.01468344608477216,-1.4594646361679784,0.41371054606264207,1.966505033517824,1.5527944874551816,6.040962556795976,6.508520087905787,0.46755753110980885,8.201429306703844,8.921458280815,0.7200289741111552,3.3271802720959522,3.784715117417233,0.45753484532128075
softplus_cnn,20260922,19,8365,1,Trouser,1,True,12.722844270020211,19.839378307000864,True,True,128,1.9839378307000865e-07,6.620501591392269e-09,21.697840164184548,115.36154677930197,3.932903960538755,111.42864281876322,0.9659080164028766,5.814776299648136,0.19823725822854654,5.616539041419589,168.528965901353,0.6845205876764703,0.6611839230295108,0.9244101190827674,0.9285714285714287,0.5,False,3.413003461294435,1.722787690283667e-09,2.6645352591003757e-15,8.881784197001252e-16,7.105427357601002e-15,9.347935758796666e-10,1.1102230246251565e-15,3.552713678800501e-15,1.0116078615082935,0.38424834247972844,1.834992546874742,0.20302316877066745,1.7231262639511864,0.12111555927239462,1.8929153407337276,0.10831758445028834,1.6710588431564917,0.10618533234143648,0.9757501085813391,0.1095098867590566,0.34629918222934164,0.10142778741733197,0.05052742102758394,0.05052742102758394,0.20302316877066745,0.12111555927239462,11.749435869834727,0.5922280269079107,17.1519809730704,0.8645422607329313,26.42605732016207,1.3320002729539624,29.32696177390266,1.478219797016212,19.75372621331627,0.995682722897906,8.421219724079517,0.4244699402252872,2.5321649043097554,0.1276332788823434,0.4011639970396125,0.8592365560882604,0.4580725590486482,4.72349154022057,6.065768367357501,1.3422768271369316,4.61470328220886,3.9482183410752834,-0.6664849411335779,2.261651190055046,2.159568016307981,-0.10208317374706438,-0.37750474965680236,0.06476225910786224,0.4422670087646645,2.1459082271657657,-1.018427618024948,-3.164335845190714,3.3045689413975317,4.934153975023348,1.6295850336258149,4.623857735753958,4.684560268184053,0.060702532430093825
softplus_cnn,20260922,20,368,2,Pullover,2,True,10.079153330984493,19.839378307000864,True,True,128,1.9839378307000865e-07,2.353921502162848e-10,4.291497575587723,124.20254145422862,1.598445728590211,122.60409572563842,0.9871303299443412,6.2604049145229705,0.08056934566473567,6.179835568858235,170.67700771221243,0.7277051731751305,0.7183398476985705,0.9124196380666991,0.7619047619047621,0.5,False,1.2699399183437532,1.0167497954682858e-09,2.220446049250313e-15,4.440892098500626e-16,1.7763568394002505e-15,4.616396154233371e-10,7.771561172376096e-16,8.881784197001252e-16,0.5171923203646018,0.22910806206932843,1.2694308117984332,0.1181971990361205,1.9013650435530822,0.09191723506153628,2.286825815686157,0.08664683550558047,1.6359453684595473,0.10241427793187297,1.0003867729520894,0.13321938999038618,0.41401010944415717,0.09430829684206699,0.09497741382290509,0.09497741382290509,0.13321938999038618,0.13321938999038618,5.741155217311068,0.2893818106833088,17.48390949732603,0.8812730533575419,29.514156795859503,1.4876553256431746,34.4529824211846,1.7365958694898684,24.522375130558636,1.2360455429142783,10.78209302602538,0.5434692992481839,1.705869364949582,0.0859840131355134,0.7928273669726468,0.5082494985427505,-0.2845778684298963,0.3004381117447936,0.3320596216931941,0.031621509948400545,0.6291210607329352,0.674222127463416,0.0451010667304802,-0.14103316029468158,0.3104249567009323,0.451458116995614,1.0396798630567,0.873752621398929,-0.16592724165777062,0.7801509711140149,1.850416006260551,1.0702650351465364,-1.451753406522592,-2.0699865576545005,-0.6182331511319088,2.342066768783905,1.8123593016440906,-0.5297074671398151
softplus_cnn,20260922,21,750,2,Pullover,2,True,19.22590908928925,19.839378307000864,True,True,64,1.9839378307000865e-07,9.332873751599635e-08,13.438253444986378,51.793760454664785,1.7160208139095414,50.07773964075524,0.9668681941831279,2.6106544092859982,0.08649569494342456,2.5241587143425734,66.65738655479248,0.7770145685518323,0.7512706727496923,0.9593098940385939,0.7857142857142858,1.0,False,1.2700232166477785,1.1185719850370646e-09,1.3322676295501878e-15,8.881784197001252e-16,1.7763568394002505e-15,1.092637091915094e-09,1.7208456881689926e-15,1.7763568394002505e-15,0.6317791493351164,0.20387874849370913,0.8552885145594407,0.13542510040793745,0.8922863729803531,0.06822844300639141,0.7178905527852146,0.0410665435117139,0.5714468118812078,0.028455759715126816,0.24255594192592345,0.02799287011825223,0.07271109240794023,0.01240726384296896,0.00767330174745865,0.00767330174745865,0.13542510040793745,0.06822844300639141,5.149742152932012,0.25957175034636976,8.002933700036742,0.40338631464135594,13.69176740201877,0.690130869533712,13.927891073524975,0.7020326372127367,7.979256299810592,0.4021928598939461,2.6628740861313895,0.13422164973746795,0.37929573933048966,0.019118327876062772,1.3630554547517573,1.1372830742288247,-0.2257723805229323,1.922797640053111,1.5805167124338455,-0.3422809276192652,1.2155309778098882,0.6199582199181272,-0.5955727578917605,1.0852551874893446,1.168931835289491,0.0836766478001465,1.2152861265536863,1.2962660660096776,0.0809799394559918,3.003572352556893,4.554936579756617,1.5513642271997226,0.5149218407937595,0.15628909018531612,-0.3586327506084436,3.1178338649779387,2.9240718682571165,-0.19376199672082045
softplus_cnn,20260922,22,1640,2,Pullover,2,True,9.748993050959518,19.839378307000864,True,True,64,1.9839378307000865e-07,3.620310301544194e-10,3.961337016564178,15.269282188059309,1.3483600042787007,13.920922183780608,0.9116946043912183,0.7696451951153696,0.06796382343306066,0.7016813716823088,33.22299722450812,0.4595997791793265,0.41901463885718737,0.981961741754619,0.7857142857142858,0.5,False,0.5568027040140582,4.857642066369294e-10,6.661338147750939e-16,4.440892098500626e-16,0.0,4.870934766643131e-10,2.220446049250313e-16,8.881784197001252e-16,0.39528654560671145,0.14748221951997073,0.5564128542985664,0.09012545471602827,0.4226589772113755,0.031283070911733046,0.3563989492049675,0.023137167145151957,0.2208267885596614,0.01745230554598412,0.08353254237099464,0.00926287233604105,0.030047445973635605,0.008798175962723642,0.004721147562225179,0.004721147562225179,0.09012545471602827,0.031283070911733046,2.100103408406211,0.10585530332193586,3.3198072602728788,0.1673342384474515,4.1682561842751795,0.21010014123296883,3.289508490996999,0.16580703488255005,1.8645834174032099,0.09398396404111317,0.47941378284484537,0.024164758362194807,0.04760964342773494,0.0023997548053677964,0.327916569439174,0.2883568941893757,-0.039559675249798344,-0.1771512235096188,-0.3989828106770595,-0.2218315871674406,0.4839097187314966,0.3378459017093066,-0.14606381702218976,-0.2264499975244293,-0.30115457202993146,-0.07470457450550227,1.1682545322322788,1.3521349289193154,0.1838803966870367,1.6768653503341568,2.540586791866613,0.8637214415324563,-1.1209014178641639,-1.9871017679543868,-0.8662003500902229,1.8288934847252836,2.129651651028038,0.3007581663027546
softplus_cnn,20260922,23,2633,2,Pullover,2,True,13.856894861218102,19.839378307000864,True,True,128,1.9839378307000865e-07,1.2267453719516652e-10,8.069239126498923,35.138346054233715,1.1525545528531485,33.98579150138057,0.9671995218251236,1.7711414899444804,0.05809428778554206,1.7130472021589385,70.00580962848247,0.501934714286018,0.48547101564486667,0.963564402628778,0.6428571428571429,1.0,False,0.5329020463982688,8.022215114422693e-10,4.440892098500626e-16,4.440892098500626e-16,1.7763568394002505e-15,6.788170026084117e-10,5.551115123125783e-16,8.881784197001252e-16,0.31898697742210874,0.1144661458155473,0.7735138464244327,0.19122742122617692,0.9467496115191076,0.10269330684562859,0.9225663216784045,0.07888055459678431,0.5486637888933666,0.04060589858820248,0.2509710871695331,0.024484368476078253,0.08416767396887775,0.023435422700633243,0.001996871583849644,0.001996871583849644,0.19122742122617692,0.10269330684562859,2.5159102603371775,0.12681396671837092,6.409167612769316,0.32305284538617157,9.236395218984093,0.4655587022968749,8.354838371770104,0.4211240010893825,5.571938737518639,0.2808524869729627,2.52409479717364,0.127226506703738,0.5260010550324744,0.026512980744303898,0.5992809606588976,0.7555569914512525,0.1562760307923552,0.8876379715505781,0.3196123448383881,-0.5680256267121903,0.6924276163478524,0.40152349250288083,-0.2909041238449712,0.33910354401904086,0.406577509176974,0.06747396515793322,1.037418078689187,1.131520124565015,0.09410204587582777,2.34534493830727,3.180047449673712,0.8347025113664416,0.5408450972664329,0.3490938500566448,-0.1917512472097882,1.627180919659663,1.5253073649128732,-0.10187355474678939
softplus_cnn,20260922,24,2999,2,Pullover,2,True,10.69655868107279,19.839378307000864,True,True,64,1.9839378307000865e-07,2.2566777335697452e-09,4.908902815442579,4.2037329409575745,0.38847249359809444,3.81526044735948,0.907588683902074,0.21188834024472294,0.019580880387819983,0.19230745985690295,13.449306332092462,0.3125613200531177,0.28367711710570404,0.9929148578054983,0.8095238095238096,1.0,True,0.23293910734789935,6.681902253724559e-10,1.1102230246251565e-15,5.551115123125783e-17,1.7763568394002505e-15,4.484013160777067e-10,9.43689570931383e-16,8.881784197001252e-16,0.3843024498828572,0.10440920344320752,0.24000189253784343,0.044072038776915505,0.13546565893575527,0.014071078605015077,0.15414386658982648,0.011822914317135886,0.08739854254527384,0.005408916859394765,0.04652775287519152,0.005226690587581893,0.013968145157203925,0.006808754674679982,0.00040380788038669763,0.00040380788038669763,0.044072038776915505,0.014071078605015077,0.7888048764540669,0.03975955618406227,0.8659964547820486,0.043650382657225616,1.1342401689620805,0.05717115483209638,0.9236106777972901,0.046554416348387744,0.3734539188443491,0.01882387205210789,0.10019636183410752,0.005050378105787241,0.017430481934477424,0.0008785800474567594,-0.1310746172496683,-0.12967049731836777,0.001404119931300552,1.9341147740926612,1.9188124622677891,-0.015302311824871129,1.8813576674235957,1.8656150919391268,-0.015742575484468085,0.11987025885210391,0.13421665761063278,0.014346398758528826,0.13680826385630174,0.15069354218251593,0.013885278326214192,-0.9473850024414413,-1.3048126085059952,-0.35742760606455426,0.002832925999644669,0.25672119212385647,0.25388826612421184,1.9123785449093822,2.0173269755914216,0.1049484306820399
softplus_cnn,20260922,25,6288,2,Pullover,2,True,8.817406916050722,19.839378307000864,True,True,64,1.9839378307000865e-07,1.969548413249811e-08,3.029751069879582,24.385882519355597,1.3729566366129022,23.012925882742696,0.9436987102876775,1.2291656594274618,0.06920361189586355,1.1599620475315984,46.23459628199059,0.5274379897387456,0.49774255067317946,0.8477354795612735,0.6666666666666669,1.0,False,0.42427107650364937,1.1017090573162136e-09,6.661338147750939e-16,1.1102230246251565e-16,1.7763568394002505e-15,3.9288439168672085e-10,4.440892098500626e-16,8.881784197001252e-16,0.36709485368230155,0.10017943909276049,0.5966314673504899,0.07092118751216311,0.5582293493094139,0.031265500952995094,0.5066162952581509,0.02648508875140434,0.3819231157447041,0.018758646464134675,0.22275505070268187,0.020953509593807672,0.05417022158708952,0.016004536692076642,0.010120321813742542,0.010120321813742542,0.07092118751216311,0.031265500952995094,2.582906910398448,0.13019091981763356,5.008745281836129,0.25246483051682406,6.834674959245925,0.34450046032108395,5.831946465787585,0.29395812588187925,3.022674840349971,0.15235733668546145,0.9707566660967888,0.04893080070731001,0.1341773954183816,0.006763185486060996,-0.22833237453945665,-0.1970081163214349,0.031324258218021914,0.9426434740935301,1.0754862135421424,0.13284273944861186,1.3463737024541105,1.375974119152715,0.029600416698604415,-0.24809858269624824,0.19798321097506066,0.44608179367130846,0.4617929440118321,-0.1689186403567744,-0.6307115843686066,0.7199124340584423,1.4530198628312405,0.7331074287727981,-0.2596359278222312,-0.3777263795770461,-0.11809045175481492,0.2950954003196013,-0.3290591999734367,-0.6241546002930382
softplus_cnn,20260922,26,6518,2,Pullover,2,True,13.202348349709396,19.839378307000864,True,True,128,1.9839378307000865e-07,1.2297629581325964e-10,7.414692603802214,15.100198525200266,0.8167851749195291,14.283413350280737,0.9459089777159936,0.7611225660166856,0.04116989767926872,0.7199526683374169,30.51001955563028,0.4949258881223396,0.46815484087898246,0.9765563516923166,0.9285714285714287,1.0,False,0.5652692461519768,4.6419043608914023e-10,4.440892098500626e-16,1.1102230246251565e-16,1.7763568394002505e-15,6.435225685663681e-10,6.661338147750939e-16,8.881784197001252e-16,0.3182157810794786,0.11450823048154764,0.37500837207276566,0.1265942679490617,0.41392913074164295,0.05722391867668994,0.3490012490007914,0.03581575471671961,0.23395223252877617,0.020258330636695063,0.12621708432567252,0.010000170055232712,0.03811961240333376,0.008809934661902072,0.0016239130399231135,0.0016239130399231135,0.1265942679490617,0.05722391867668994,1.793612302435692,0.09040667881224722,2.9591359374254704,0.1491546706572584,4.045229974906173,0.20389902910811994,3.567533830621901,0.17982084798307413,1.9957344451063912,0.10059460605185103,0.68916757300964,0.034737357307534605,0.04978446110080202,0.0025093760666499423,0.3025506667378697,0.19868038649982825,-0.10387028023804148,1.2142342869516773,1.2936840739365052,0.07944978698482763,0.5922701511273913,0.5818605622809898,-0.01040958884640164,0.23488791536217443,0.4351410618557661,0.20025314649359163,1.4235506634694526,1.5562175619291239,0.1326668984596707,0.3841117085442091,-0.31839359696911523,-0.7025053055133246,0.8380761278687203,0.9745598577053157,0.1364837298365953,2.425011083740718,2.6929426972073225,0.2679316134666052
softplus_cnn,20260922,27,7013,2,Pullover,2,True,7.351765807727578,19.839378307000864,True,True,128,1.9839378307000865e-07,1.53954786696886e-08,1.5641096536386527,50.09780013650088,0.8802905562917036,49.217509580209175,0.9824285586613946,2.525169859724007,0.04437087406015486,2.480798985663852,81.39615429318673,0.6154811682631832,0.6046662770200303,0.9922900975342664,0.9047619047619048,1.0,False,1.145790933670941,3.334210685324024e-10,1.3322676295501878e-15,4.440892098500626e-16,0.0,1.8334134210817865e-10,1.3322676295501878e-15,8.881784197001252e-16,0.4634690971049671,0.15801752596585347,0.8285852461224817,0.13961849341879373,0.9293427239784144,0.11110403368724507,0.965286206766293,0.0577527133553551,0.7874650554537405,0.07541999373530885,0.40261477309982685,0.038066240667455196,0.15267579035103998,0.04862448920958087,0.036787510109299384,0.036787510109299384,0.13961849341879373,0.11110403368724507,3.62796077660086,0.18286665642746655,6.333543053201655,0.31924100418845747,12.079446730752696,0.6088621600854365,14.373741825176864,0.7245056575237894,9.466659459618903,0.47716512650390536,3.426931500122203,0.17273381489544545,0.7895167909522295,0.03979544009570234,0.3357223597434533,0.05217002812812576,-0.28355233161532756,0.04104614600587073,0.1467967849913892,0.10575063898551862,-2.029551816560502,-1.4905244314086254,0.5390273851518779,0.6902739413937891,0.5258413532068279,-0.16443258818696138,2.016452556661177,1.8169849042960506,-0.19946765236512698,0.29510781758368526,0.239869571182246,-0.05523824640143932,-1.1813693136840597,-0.9458567814380816,0.23551253224597804,1.3964279624952394,1.2188282248640614,-0.1775997376311773
softplus_cnn,20260922,28,7633,2,Pullover,2,True,13.412273710092338,19.839378307000864,True,True,64,1.9839378307000865e-07,2.4268615117506442e-08,7.624617511893188,21.21436371902867,2.2898609381247264,18.924502780903943,0.8920608240505093,1.0693058719255635,0.11541999465359691,0.9538858772719666,42.98344293877922,0.4935473351737789,0.4402742425230542,0.9562347255324478,0.880952380952381,1.0,False,1.303735474163004,4.507547113341559e-10,1.3322676295501878e-15,4.440892098500626e-16,3.552713678800501e-15,6.395062257524842e-11,1.1657341758564144e-15,8.881784197001252e-16,0.49928531395359604,0.11434253290230859,0.6603523054361166,0.18240694967590657,0.4487653249392747,0.03851344053001461,0.43211340221007627,0.053646163065493795,0.3309466563629536,0.036554189046801015,0.2144459420969041,0.04020794484374198,0.07994089991050547,0.04652141409677736,7.539682660604121e-06,7.539682660604121e-06,0.18240694967590657,0.053646163065493795,3.249206584736392,0.16377562514596644,3.711938249794004,0.18709952460980825,5.3346566640498025,0.26889233026860143,4.8523812464127865,0.24458333176198832,2.9612418393545537,0.14926081823388584,0.9825666788573466,0.049526082100597946,0.12237245574288312,0.006168159800637537,-0.26570010540560784,-0.601746392776027,-0.3360462873704195,2.3249549697805625,1.9339286473914066,-0.3910263223891571,4.082090011136925,4.161696546006705,0.07960653486977948,-0.17268757158370243,-0.23330692310598994,-0.060619351522287396,-0.6547454641981308,-1.3238596799535007,-0.6691142157553699,-0.06515717414794697,-0.822337005608725,-0.7571798314607775,3.2270261396226974,5.43728054284567,2.2102544032229723,-0.8511632933116121,-0.9270382229703018,-0.0758749296586898
softplus_cnn,20260922,29,8675,2,Pullover,2,True,9.286658648011544,19.839378307000864,True,True,64,1.9839378307000865e-07,8.22968360125742e-11,3.4990027830276915,14.726159912755223,1.448258286018596,13.277901626736627,0.9016540432401409,0.7422692225974993,0.07299917686974791,0.6692700457277514,28.336955792652134,0.5196803785314782,0.46857191449547414,0.970761875581278,0.880952380952381,0.5,False,0.8087830205752007,8.985033272956855e-10,4.440892098500626e-16,1.1102230246251565e-16,4.440892098500626e-16,7.19730941511898e-11,5.551115123125783e-16,8.881784197001252e-16,0.3845221888651188,0.09911865799682362,0.44231862817277506,0.1308404933891765,0.351958095935026,0.026631969116609873,0.35206793477166953,0.027416102563485797,0.2024021696454682,0.011651554880448233,0.059557277887593484,0.005435048314875999,0.0189682711351898,0.004859658489442225,0.001046360779510014,0.001046360779510014,0.1308404933891765,0.027416102563485797,2.2015309289174616,0.11096773774108595,3.0345949988188075,0.15295816995172515,3.8472213082287015,0.19391844082488738,3.1500812341388347,0.15877923115298642,1.915275206803185,0.09653907381398782,0.5233669921684194,0.02638021131860443,0.05408924351525604,0.002726357785927656,-0.23422989913205877,-0.21771584130591218,0.016514057826146653,0.513043705447701,0.4776265777655678,-0.03541712768213326,1.4955689148240463,1.8808275457378876,0.38525863091384177,0.43189557275931734,-0.08563703732047587,-0.5175326100797932,-0.7437123356895681,-0.8176759197146353,-0.07396358402506717,-0.5775837446373323,-1.3989287089049212,-0.8213449642675884,2.5590746338706127,3.2750984208707172,0.716023787000105,0.05494593558497393,0.38540774582749016,0.3304618102425162
softplus_cnn,20260922,30,1852,3,Dress,3,True,4.756493027881937,19.839378307000864,True,True,128,1.9839378307000865e-07,5.373119726925779e-10,5.298192493325292,106.0292210690933,1.230063193936008,104.79915787515729,0.9883988283462496,5.344382239622801,0.062001095745119535,5.282381143877682,153.68517411157328,0.6899118388096276,0.6819080531416425,0.9779069738875967,0.9285714285714287,1.0,False,1.2503385049837081,4.931139940822504e-10,7.771561172376096e-16,4.440892098500626e-16,2.6645352591003757e-15,1.446576192165594e-11,9.992007221626409e-16,8.881784197001252e-16,0.552915471916777,0.1347380974381062,0.9255864465188328,0.09564706285634328,1.4057086344003353,0.08049597725867766,1.7441818041409107,0.08518974747564752,1.8341889513654874,0.1379082927429728,1.2256507185407102,0.1024859088929491,0.5037362113486659,0.11957627582101255,0.10741850578844261,0.10741850578844261,0.1379082927429728,0.1379082927429728,5.177380103593762,0.2609648358671997,14.397358345977622,0.7256960436556181,23.23297646080043,1.1710536540654624,27.816046380335905,1.402062400842483,22.92226762340954,1.1553924356249003,10.709674555785982,0.5398190603587,1.7735175990822398,0.0893938092030034,0.2838312317429491,0.007795880779460753,-0.27603535096348797,2.9655452590650486,3.1978397884135137,0.23229452934846528,1.4273213335781458,1.1365325545949516,-0.29078877898319383,-0.13665238558078605,-0.6647668938784126,-0.5281145082976261,2.2380684972532907,2.1029439415543574,-0.13512455569893347,-0.49205989517246373,-0.16509984169055839,0.3269600534819064,-1.7150445722836811,-1.2910508571229322,0.4239937151607492,0.7271830247227916,0.9739979206604457,0.24681489593765413
softplus_cnn,20260922,31,3313,3,Dress,2,False,6.801718043584745,19.839378307000864,True,True,128,1.9839378307000865e-07,6.217346637527044e-10,7.343417494155088,127.93203780767776,2.105789519463502,125.82624828821426,0.9835397797490792,6.448389451928212,0.10614191064245279,6.34224754128576,139.74758447258992,0.9154507985987431,0.9003822768249266,0.9502497258810144,0.5476190476190477,0.5,False,1.3286161184171104,8.86852147274908e-10,2.220446049250313e-15,6.661338147750939e-16,8.881784197001252e-16,9.982059623325767e-11,1.3322676295501878e-15,8.881784197001252e-16,0.5866091459547289,0.28661772609363667,0.9807342925451319,0.09256672779389669,1.3340268331782046,0.09255538264579921,1.5889061713815955,0.07273621311943289,1.6288250148361556,0.0730910591733693,1.0449597224784954,0.10909215167032674,0.4526026436426321,0.13895832758516044,0.013895102525221869,0.013895102525221869,0.13895832758516044,0.13895832758516044,6.468141177819183,0.3260253964478677,17.704837979813977,0.8924089104932459,31.928570231116474,1.6093533646590936,33.68692154249058,1.697982720083685,24.32473932947471,1.2260837488486755,11.50306222020091,0.5798096110774672,2.315765326677435,0.11672570031391832,1.1594907721829624,0.8778039146517046,-0.28168685753125733,1.1125530594888455,0.9715989231013412,-0.1409541363875042,-0.4437686113290026,-0.375975934462522,0.06779267686648033,0.5385193934823029,-0.6911968025695852,-1.2297161960518883,3.9114745307460628,5.2194218976180435,1.3079473668719794,-0.13672876284271462,-0.4805907436576893,-0.3438619808149756,0.42441565963038247,1.1544651354053344,0.7300494757749519,0.7774614527962487,0.6678911041682813,-0.10957034862796744
softplus_cnn,20260922,32,5269,3,Dress,3,True,9.12774591631928,19.839378307000864,True,True,128,1.9839378307000865e-07,9.049336058275514e-09,9.669445147994331,350.4105017526013,4.60998078238121,345.8005209702201,0.9868440564443015,17.662373101124317,0.23236518357807878,17.430007917546234,253.9885892981625,1.3796308831073,1.361480537081442,0.7883251082495302,0.30952380952380953,0.5,False,8.864548567734467,4.987529056421636e-09,1.3322676295501878e-15,1.3322676295501878e-15,3.552713678800501e-15,5.485780718572641e-10,2.220446049250313e-15,8.881784197001252e-16,0.6788128680263641,0.15465397930644012,1.4745436367649345,0.1987185923252611,1.97737170588332,0.10722526406037186,2.305527789319723,0.1144466877647486,3.2433459744935127,0.17707030696340853,2.308870711873321,0.2900556312432012,1.2957241344914054,0.3534251517343886,0.19686142844844648,0.19686142844844648,0.3534251517343886,0.3534251517343886,7.061101113930306,0.3559134265532204,21.664645795549276,1.0920022523036579,56.21020866598015,2.8332646213084636,90.48019931870678,4.56063682634543,100.46854642581344,5.06409751712635,58.13754211398628,2.9304114884220374,16.388258318309227,0.826046969048732,0.8586189616377793,0.40371557558361626,-0.45490338605416303,1.4452554138361542,0.2234748557651411,-1.2217805580710117,1.6981319783108888,0.28487296084949115,-1.4132590174614,2.5857185457442196,1.065680725223873,-1.5200378205203446,0.40420178462182504,1.524429310320854,1.1202275256990302,1.8013726577643498,3.6180122358538735,1.8166395780895253,-1.5261033655545824,-1.2699053656751809,0.2561979998794026,2.4022491716337004,3.8191648506212417,1.4169156789875412
softplus_cnn,20260922,33,5365,3,Dress,3,True,10.431170328605901,19.839378307000864,True,True,128,1.9839378307000865e-07,2.3002577620445663e-10,10.972869822332454,126.31858327885335,1.310059420580266,125.0085238582731,0.9896289256372655,6.367063590610519,0.06603328997048138,6.301030300640037,148.1929003358191,0.8523929486001254,0.843552717943923,0.9743019842786466,0.9047619047619048,1.0,False,2.4010621294046652,1.0844017350741808e-09,1.7763568394002505e-15,8.881784197001252e-16,1.7763568394002505e-15,1.156408302449563e-12,1.4432899320127035e-15,8.881784197001252e-16,0.40074865415621824,0.12495648985163582,0.960301374913297,0.12936823051317972,1.1763941207206758,0.08175684272034742,1.74349030536002,0.08750414849071911,2.007270093512739,0.1869840155493727,1.0901381540283173,0.31977323271710334,0.358641571871991,0.08239441071935427,0.13339866160698952,0.13339866160698952,0.31977323271710334,0.31977323271710334,6.5692492708343755,0.331121730186285,16.593472378783765,0.8363907438031114,33.248550820140295,1.6758867291929023,34.9629921046205,1.7623028082630419,24.618723570552575,1.2409019672690647,9.365604267222382,0.47207145921087024,0.9599908666562654,0.04838815268306601,1.0020845837038275,0.6729434743594478,-0.32914110934438,1.4473958845018786,1.2677521350645395,-0.1796437494373393,1.7549833749685364,2.01749624127989,0.2625128663113538,2.169658844739655,1.6876186164211708,-0.4820402283184858,0.40690742135529,1.1494498182741768,0.7425423969188871,1.028186319931796,1.1409034169883392,0.11271709705654365,0.05942940801042582,-0.25980492547021344,-0.3192343334806398,3.1042239851210454,3.2965110454139475,0.19228706029290255
softplus_cnn,20260922,34,6132,3,Dress,3,True,5.511712106532706,19.839378307000864,True,True,64,1.9839378307000865e-07,8.170402965301804e-08,6.0534115137827404,17.88522704780739,0.32451230000833764,17.560714747799054,0.9818558467756148,0.9015013863360881,0.01635697928567775,0.8851444070504103,53.39162902481222,0.33498185716520745,0.32890389502141276,0.9970443311473958,0.9523809523809524,0.5,True,0.24156868199741727,1.952746714328768e-10,4.440892098500626e-16,4.440892098500626e-16,8.881784197001252e-16,7.098766019453251e-11,4.85722573273506e-16,8.881784197001252e-16,0.3962075174588385,0.11521379815185828,0.37314581341271597,0.04684749897095342,0.5101337453361571,0.03386295708958971,0.5755701097002354,0.04054002489398789,0.5913077435824322,0.031438883197387954,0.4464860071286071,0.051184275174617794,0.16830211305004722,0.0602215489003518,0.02624913118162804,0.02624913118162804,0.0602215489003518,0.0602215489003518,1.0562008160794352,0.053237596447602696,2.6448173872733527,0.13331150534793004,4.159544148640967,0.20966101277342744,4.659042692992003,0.2348381396279909,3.635843792849646,0.18326399832633058,1.47898270304244,0.0745478351264939,0.25079550687511165,0.01264129868356871,1.811830293390999,1.7052686775501689,-0.10656161584083022,0.6680024569271563,0.7149816699754696,0.04697921304831283,0.5749827642353905,0.6497389610167246,0.07475619678133405,2.215958842259003,2.076036674659389,-0.1399221675996144,-0.4573491892445764,-0.5353777057769763,-0.07802851653240006,0.34211392775267047,0.3529945428057302,0.01088061505305965,0.6128240550846613,0.7201072399011924,0.10728318481653118,0.28504836337743567,0.3696614537220285,0.08461309034459284
softplus_cnn,20260922,35,6433,3,Dress,6,False,-0.9969111894806617,19.839378307000864,True,True,128,1.9839378307000865e-07,1.4156675831600296e-11,-0.4552115686299698,47.15112479846876,1.1344869244514661,46.01663787401729,0.9759393454705388,2.3766432631525656,0.05718359249448515,2.319459670658081,76.956392237914,0.6126992628851288,0.5979573175903942,0.9754797714102816,0.880952380952381,0.5,False,0.8851352675092142,1.5671272612927112e-10,4.440892098500626e-16,2.220446049250313e-16,1.5543122344752192e-15,1.495914503379936e-12,5.551115123125783e-16,8.881784197001252e-16,0.44313498322503175,0.09508144834236029,0.6904505782260613,0.13203747210341182,0.8921100864099863,0.046764390801804445,0.8432806820980657,0.04856654367732126,0.8025794886417361,0.04327543578174035,0.43478547066792816,0.04335518825748622,0.16573360504499093,0.04316029115263235,0.050032053005381105,0.050032053005381105,0.13203747210341182,0.050032053005381105,2.392066289853013,0.12057163550376512,7.33700313472446,0.36982021418158045,10.644681909931144,0.5365431187011983,12.189081536477097,0.6143882811174506,9.31568375554249,0.4695552255412761,4.479677571558948,0.22579727561211796,0.7929306003356067,0.03996751249285869,0.17738472941887656,0.13973731897610206,-0.03764741044277464,2.185078754622288,2.326118333582584,0.1410395789602964,-0.8338406496078381,-0.4434185327807402,0.3904221168270984,-0.5554578704619955,-0.7659060230856548,-0.21044815262365912,1.1039287445288357,1.505987188735142,0.402058444206306,-1.6773137216516334,-2.563705083037414,-0.8863913613857803,-1.4932800774035055,-1.436648075252508,0.05663200215099791,0.638288521925004,0.7826233042310231,0.14433478230601945
softplus_cnn,20260922,36,8177,3,Dress,3,True,10.563829315300833,19.839378307000864,True,True,128,1.9839378307000865e-07,1.1756564388676338e-08,11.105528835463577,187.6984142873502,2.4544495889102067,185.24396469844,0.9869234399329946,9.460902019349856,0.12371605354408144,9.337185965805775,226.14043759720943,0.8300081855403043,0.8191545336459803,0.9371834777114479,0.880952380952381,0.5,False,3.2872238061696004,1.4010286264465321e-09,8.881784197001252e-16,6.661338147750939e-16,1.7763568394002505e-15,4.0241587839773274e-10,1.9984014443252818e-15,8.881784197001252e-16,0.7378918033392,0.1755642701169606,1.232472312904432,0.18220861245974093,1.9300346819720107,0.11382496207251935,2.1669053716405897,0.11553228882869261,2.640998029097111,0.1648147074990563,2.190974482862519,0.1827890032482655,0.9674967208973055,0.25846537259626257,0.26968311862476124,0.26968311862476124,0.26968311862476124,0.26968311862476124,6.638996057509182,0.33463730338598524,17.312968663052068,0.8726568138953587,39.185488413697016,1.9751369124237805,49.51724955725619,2.4959073208348816,42.763171509701564,2.1554693321519767,24.80913714505813,1.2504997264104567,7.471402940739045,0.37659461023043034,0.15950932429226888,-0.2474102182854878,-0.40691954257775664,2.233456048215473,1.481742729665227,-0.7517133185502446,0.8121879469515909,1.1976174951062597,0.38542954815466884,1.4960058927912103,0.2969783122610579,-1.199027580530152,0.9017871771808279,1.5108991877316855,0.6091120105508567,2.9774260397426464,3.8914897546963925,0.9140637149537463,-0.020123686934361812,-0.11691283398520612,-0.09678914705084474,2.545280093223923,3.0911244086760643,0.5458443154521435
softplus_cnn,20260922,37,8415,3,Dress,3,True,8.675757889278113,19.839378307000864,True,True,128,1.9839378307000865e-07,1.410871419693649e-12,9.217457359559445,20.278605674407046,0.9526933874368538,19.325912286970194,0.9530197784436819,1.0221391699180005,0.0480203246641388,0.9741188452538616,40.081996637199886,0.5059280319280947,0.4821594208965608,0.9758423380374579,0.9523809523809524,1.0,False,0.4901479838666922,3.187772268375966e-11,1.1102230246251565e-15,2.220446049250313e-16,1.7763568394002505e-15,1.5218049043141946e-11,8.326672684688674e-16,8.881784197001252e-16,0.4243230925051483,0.08729438495952833,0.2914678435903351,0.03613559176744891,0.4720458129718286,0.02969935191126485,0.5660676300483835,0.03136968621591845,0.42642121864608373,0.03183732274879793,0.17470359443100886,0.018795448928592865,0.07408022994524759,0.024308562012323814,0.015538905208562026,0.015538905208562026,0.03613559176744891,0.03183732274879793,1.5771270988301676,0.07949478428331776,3.741093944049297,0.18856911170090196,6.237968584723439,0.3144235917171962,5.152102426675132,0.25969071948474676,2.633547185806222,0.13274343303776326,0.8392507772146443,0.04230227198795296,0.09751565708644436,0.0049152577050276475,0.26868995471931134,0.06337731337519505,-0.20531264134411661,1.8414755783039312,1.6914138157894982,-0.1500617625144321,0.9112567330860438,0.7944339390004188,-0.11682279408562526,1.2089837785034174,0.9039083311959262,-0.3050754473074915,1.0212462841654009,1.6265259743993712,0.6052796902339702,1.4906856984564776,1.8380993956517515,0.3474136971952738,0.4651133408332048,0.39549272446923844,-0.06962061636396641,2.010005991491658,1.904205865662827,-0.10580012582883178
softplus_cnn,20260922,38,8439,3,Dress,3,True,12.030343242496762,19.839378307000864,True,True,128,1.9839378307000865e-07,3.999192088599557e-10,12.572042774010226,215.52484626839563,2.630819861835878,212.89402640655976,0.9877934265705974,10.863487904373589,0.13260596280416315,10.730881941569425,202.81853418273985,1.0626486732923894,1.0496773742321885,0.9281173117296967,0.8571428571428572,0.5,False,5.191987668035788,2.1613919543028715e-09,2.6645352591003757e-15,6.661338147750939e-16,1.7763568394002505e-15,8.115588201462742e-10,2.3314683517128287e-15,8.881784197001252e-16,0.5453550569277117,0.12640227496675985,1.079724975657272,0.13483733085411856,1.6634705102344256,0.10456309622987063,2.1688174757181335,0.101382342644849,2.4303598065511784,0.14557067683434383,1.8152893917950486,0.2706509184910013,0.8797056805391944,0.36584813990104426,0.18566087765615336,0.18566087765615336,0.36584813990104426,0.36584813990104426,8.62637956865565,0.4348109822378657,24.21832885879204,1.2207201497965259,55.65302493325787,2.8051798837677886,65.33973654619544,3.2934366962062787,45.011914875692405,2.268816803589492,14.586530637967577,0.7352312361935416,2.0889308476885464,0.10529215257473115,0.9805334958908664,0.45173424912156696,-0.5287992467692995,3.605367338464205,2.9493666957068023,-0.6560006427574049,2.435052948741082,1.785612444851567,-0.649440503889515,1.5541988792711243,0.7576194112572429,-0.7965794680138825,0.5547097016748281,1.5041890841695835,0.9494793824947542,1.7063706563966268,2.7454086144713195,1.0390379580746925,0.11019909386091853,0.412669239977953,0.30247014611703427,1.6256106597105737,1.9654430352657495,0.339832375555174
softplus_cnn,20260922,39,8661,3,Dress,3,True,12.531709183296282,19.839378307000864,True,True,128,1.9839378307000865e-07,9.944067791423095e-11,13.073408594005718,44.98524102631596,1.5351997858848705,43.45004124043109,0.9658732564089899,2.2674723134061967,0.07738144623932765,2.190090867166869,72.4639739444898,0.6207945628372024,0.599608865968564,0.975945037135653,0.9523809523809524,1.0,False,0.7980639064061559,8.087217562291471e-10,1.7763568394002505e-15,4.440892098500626e-16,1.7763568394002505e-15,4.94916108095822e-10,9.71445146547012e-16,1.7763568394002505e-15,0.45378651468514825,0.18562295155020841,0.7777964869638461,0.13310632468957445,0.9535609657318619,0.055653263189791295,0.7752293975902382,0.03821459301806641,0.6832082695390586,0.04029232790074742,0.36287028386642606,0.03583508895336249,0.08652050591493404,0.02644452210525752,0.013346585271204798,0.013346585271204798,0.13310632468957445,0.055653263189791295,3.8977448683185276,0.1964650710321453,7.934475561308252,0.39993569549043567,12.625303828542666,0.6363759807981223,11.50211686688931,0.5797619607278962,6.711321718565882,0.33828286424668913,1.888764968182823,0.09520283039899093,0.4255132144050925,0.021447910706704886,0.17208887561240355,0.015099458572523296,-0.1569894170398803,3.1711620162740184,3.2173449779998116,0.0461829617257922,2.0921281112093766,1.6154052409804338,-0.4767228702289431,1.2680958940523792,0.9601814533053934,-0.30791444074698626,1.409111081563466,1.9506783392407188,0.5415672576772529,2.119842909207358,2.8105644465923096,0.6907215373849511,0.685015832135419,0.09144277451381602,-0.5935730576216027,2.155963873951296,2.4126919032956278,0.256728029344332
softplus_cnn,20260922,40,239,4,Coat,2,False,10.87853117936529,19.839378307000864,True,True,128,1.9839378307000865e-07,6.003504360307943e-10,2.2322851620608297,244.36706842873696,3.577219366762746,240.78984906197422,0.9853612870598154,12.317274495567505,0.18030904554607072,12.136965450021435,289.6324339683724,0.8437144455148334,0.8313635519434548,0.9519978941543054,0.8333333333333335,0.5,False,4.593428420262029,1.2529484116896583e-09,2.6645352591003757e-15,4.440892098500626e-16,8.881784197001252e-16,6.870699564842653e-10,1.9984014443252818e-15,0.0,1.3991190331406504,0.36278771874497373,2.044587033787702,0.3350251268040808,2.706060357208173,0.12752292254815653,3.4112937578578806,0.1565174155324364,3.4715358380347565,0.17845170881749603,2.2155187314923115,0.1826944845217594,0.674437182942489,0.1402418363420431,0.07543352919219484,0.07543352919219484,0.3350251268040808,0.1826944845217594,13.343432902378144,0.6725731369147566,36.026288958602656,1.8158980791192334,60.48450148669126,3.0487095185511763,66.7399381943388,3.3640135876025816,44.94598587850399,2.2654936653253683,18.981058548238494,0.9567365597106695,3.8458624585657994,0.19384994827225419,0.4357937281682782,-1.521704153652464,-1.9574978818207425,-0.9902822160346282,-1.6377318277595911,-0.6474496117249622,-2.2191793964825237,-1.7459864192899226,0.4731929771925999,-2.43283051487256,-2.2107093821705583,0.22212113270200362,4.116633298740863,5.19572988471714,1.079096585976278,1.1780447523533346,1.1694779895018987,-0.008566762851435206,-1.5808756201585128,-2.5445807301805816,-0.963705110022069,3.7249811303465767,5.52778980158198,1.802808671235401
softplus_cnn,20260922,41,1142,4,Coat,6,False,7.404017340991345,19.839378307000864,True,True,64,1.9839378307000865e-07,1.1536727129168867e-10,-1.2422288940032242,11.560738003620683,0.7169103629575482,10.843827640663134,0.9379874915655886,0.5827167477088313,0.03613572723216669,0.5465810204766646,27.781190061624685,0.41613544912858186,0.39032984607963805,0.9836715954237164,0.9285714285714287,1.0,False,0.14624233712862234,7.403540558392763e-10,8.881784197001252e-16,1.1102230246251565e-16,2.220446049250313e-15,2.4229951378629266e-11,8.743006318923108e-16,0.0,0.5114533545419547,0.1121666713608398,0.3154214960293024,0.039217947139357334,0.32955637249292713,0.032085392228319666,0.30647003501228764,0.021221131706150025,0.24949838228751312,0.016863580255661315,0.13281529655793747,0.012776905276582535,0.05475235647871247,0.013103401750999782,0.011791536027160121,0.011791536027160121,0.039217947139357334,0.032085392228319666,0.9992998780097249,0.05036951574521339,2.1864306730754883,0.11020661228602849,2.537557639126666,0.12790509863059668,3.005673124177038,0.15150036849271656,1.9537326345603334,0.0984775129708024,0.7777936139498134,0.03920453564189296,0.10025044041200398,0.0050531039259747315,-0.8823993390410209,-0.811796088340674,0.07060325070034693,1.6464143574598404,1.7542007976643264,0.10778644020448597,-2.2901222252877362,-2.336583416181916,-0.04646119089418076,-0.20342496362375143,-0.16879191857263273,0.03463304505111871,-1.4472399272475966,-1.583450837501104,-0.13621091025350823,0.46281119101885515,0.7769722935011192,0.31416110248226414,0.5229735929217689,-0.01126466887597486,-0.5342382617977441,0.9487584197964142,1.1384849443278617,0.1897265245314474
softplus_cnn,20260922,42,3916,4,Coat,4,True,10.49944325153336,19.839378307000864,True,True,128,1.9839378307000865e-07,9.841683024092163e-11,1.853197049673767,52.2517816719738,1.5286464924393404,50.72313517953446,0.9707446053794705,2.633740879548395,0.07705112875940855,2.556689750788986,81.59016887915968,0.6404176188109387,0.6216819486506849,0.911280232676033,0.5476190476190477,1.0,False,1.3656612178854108,1.0576913789250852e-09,8.881784197001252e-16,5.273559366969494e-16,8.881784197001252e-16,7.076428332197793e-11,8.604228440844963e-16,0.0,0.5101821742129299,0.12815787925837493,0.7482661383963,0.10990200788416987,0.8171064042344625,0.047842165202610046,0.9669975058923721,0.046197151547189765,0.8588710694646118,0.052737708306306065,0.4843556379818333,0.0561734179359985,0.19150940184790854,0.056188071436909084,0.045430415486744806,0.045430415486744806,0.10990200788416987,0.056188071436909084,2.919810131771042,0.14717246108164123,6.1643273010355095,0.31071171715397244,11.312477471233775,0.5702032239206739,14.388422816686326,0.7252456500418151,12.109174440730799,0.6103605795176428,4.831911145941825,0.2435515403341421,0.5256583640115821,0.02649570747013223,-1.1275382606648587,-0.9394942434435865,0.18804401722127143,0.34734118260016067,-0.21456772656855183,-0.5619089091687125,-0.25454667890823846,0.2855109668432801,0.5400576457515185,0.8811857450632034,0.830258230348493,-0.05092751471471024,-0.09994833193712829,-0.5932633777334524,-0.4933150457963242,2.3250351687306785,2.5046579455645825,0.17962277683390426,-0.1872632630131763,0.4336587896548519,0.6209220526680284,-0.03106851219687448,-0.4535635349210857,-0.42249502272421124
softplus_cnn,20260922,43,5343,4,Coat,4,True,9.51957758722818,19.839378307000864,True,True,64,1.9839378307000865e-07,1.5509474808605983e-08,0.8733314358019832,12.508985119804217,0.6883142928572974,11.82067082694692,0.9449744094932563,0.6305129589363232,0.03469434788762544,0.5958186110486977,31.95727395991286,0.3914284158121704,0.3698898360909865,0.9657461543714283,0.7857142857142858,1.0,False,0.5194574331463614,1.1112975123461766e-09,4.440892098500626e-16,4.440892098500626e-16,5.551115123125783e-16,2.0788415433514729e-10,3.3306690738754696e-16,0.0,0.27337137135575545,0.09938671456620146,0.546248298134681,0.07102528773974438,0.49086800678791387,0.03313616223289492,0.3281519152963319,0.0317479732814073,0.15598114335655167,0.011770710477619132,0.07444239752880083,0.010413015659120216,0.013921332377261513,0.004829599078588594,0.0011870770377073465,0.0011870770377073465,0.07102528773974438,0.03313616223289492,1.6992365978768667,0.0856496898028929,3.024476275336514,0.15244813766514273,3.370280414595306,0.16987832796181979,2.601873966900397,0.1311469506069278,1.4371926527550243,0.07244141578004346,0.3299040165565864,0.016628747708297434,0.04602119538701195,0.002319689391213036,-0.2676702588080447,-0.2680672087791965,-0.0003969499711518436,-0.05532218379972194,-0.5247900159241736,-0.46946783212445176,-0.593963385741582,-0.12371393780035361,0.4702494479412286,0.37419733055629767,0.32259898465880066,-0.05159834589749698,1.2744402469320155,1.1760689631892576,-0.09837128374275789,0.8422740750237859,0.7737941940062888,-0.06847988101749708,-1.7671968480480869,-1.599679152088091,0.16751769595999544,1.06657245968732,1.117119608747335,0.05054714906001523
softplus_cnn,20260922,44,6289,4,Coat,4,True,10.064651357661148,19.839378307000864,True,True,64,1.9839378307000865e-07,7.12859686835543e-08,1.418405226015878,36.701394736631954,1.000910137629759,35.700484599002195,0.9727282806331405,1.8499266543892088,0.050450680567775685,1.7994759738214332,64.16240617519168,0.572007767857411,0.55640813253674,0.9604238329564384,0.880952380952381,0.5,False,0.5684742088834867,1.054599851890714e-09,6.661338147750939e-16,2.220446049250313e-16,4.440892098500626e-16,1.1387157883291366e-10,5.551115123125783e-16,0.0,0.4097247603168522,0.06876582485516237,0.5590678077672326,0.0638877193884662,0.6252568798789724,0.030832761434308912,0.8079455064176357,0.045607512663422216,0.6685329172446995,0.06145069691067286,0.3919848419513748,0.0396293874592146,0.15579557817822035,0.03400629587247922,0.025510056693616903,0.025510056693616903,0.0638877193884662,0.06145069691067286,1.972112474102804,0.09940394520361007,5.215225629666829,0.2628724322387912,8.41392628663731,0.4241023159313529,8.962255817776047,0.45174075916549616,7.42873572047144,0.3744439773019505,3.8431938837700965,0.19371543927936094,0.865944923765685,0.04364778524638107,-0.9196972075342194,-0.8128530711474724,0.10684413638674686,0.6756032470666178,1.1141825517022317,0.4385793046356137,-0.7899402088584243,-1.0440699680746888,-0.25412975921626424,1.188125494354739,1.2840830374640397,0.09595754310930038,-0.025454542241691552,-0.31170873344463645,-0.2862541912029448,1.299309803391019,1.219261049919465,-0.0800487534715536,0.3193243000360022,0.678853453591036,0.3595291535550339,-0.3288656601981652,-0.7093430938802253,-0.3804774336820602
softplus_cnn,20260922,45,6993,4,Coat,4,True,6.708088907156787,19.839378307000864,True,True,128,1.9839378307000865e-07,1.8017654035418218e-10,-1.9381571265095285,29.774813571649098,1.6248101584807433,28.150003413168356,0.9454300476283133,1.5007936796659724,0.0818982396191006,1.418895440046872,61.07939023261602,0.4874772563749258,0.4608756457122656,0.9559750007197008,0.8095238095238096,0.5,False,1.0524710150098078,1.2680197170045204e-09,1.3322676295501878e-15,4.440892098500626e-16,1.3322676295501878e-15,3.5914204943310324e-10,1.1102230246251565e-15,0.0,0.6229159011413447,0.13985520970261484,0.7919351416102144,0.10369780964033803,0.8364694056607723,0.06424274861551357,0.7200856608393208,0.04702311450906769,0.4888996995080446,0.03795672124068146,0.20372820623339952,0.03641594211237446,0.03572098734199675,0.02016456375083973,0.0018556687458154983,0.0018556687458154983,0.10369780964033803,0.06424274861551357,3.217599817604291,0.16218249220384456,6.132735078168677,0.3091193173127091,8.572163369573966,0.4320782252813358,7.257104443219044,0.3657929361958977,3.466878011246173,0.17474731100937727,0.9882156296653755,0.04981081636598747,0.1401172218558081,0.00706258128090455,-0.16781377449303037,-0.13586394449357606,0.031949829999454255,-1.184500907429062,-2.0347687179633436,-0.850267810534282,-2.578625620581768,-1.5337496300473856,1.0448759905343812,-0.8120802762166146,-0.9751983182340569,-0.16311804201744207,2.7087699428063035,2.4889562569987587,-0.21981368580754565,0.8830705510068588,0.6100042200170261,-0.27306633098983235,-2.365432444382648,-1.8174481062561707,0.5479843381264783,1.5784554027804316,1.4599111138283616,-0.11854428895207024
softplus_cnn,20260922,46,7594,4,Coat,4,True,10.957910261442677,19.839378307000864,True,True,64,1.9839378307000865e-07,7.026639037288618e-08,2.3116641025575824,26.47941844219119,1.0133873715243396,25.46603107066685,0.9617292436487332,1.3346899299181774,0.05107959311238792,1.2836103368057894,50.381225399053356,0.5255810717674352,0.505466686626986,0.979789113363052,0.9285714285714287,1.0,False,0.502371777475942,7.520246370074091e-10,1.3322676295501878e-15,4.440892098500626e-16,1.3322676295501878e-15,4.566116373894147e-10,6.38378239159465e-16,0.0,0.5454429021383483,0.10883756625379294,0.5800515744518103,0.10171839956376989,0.592254232437975,0.05792151819739396,0.5383699979125469,0.03568789759764154,0.4608254657506746,0.04734290839291354,0.2797901793181442,0.05618905618663142,0.08132055606987046,0.04086323818506726,0.006843848947081289,0.006843848947081289,0.10171839956376989,0.05792151819739396,2.4058487583006873,0.12126633814184179,4.653479823800317,0.2345577442897094,6.27035969863082,0.31605625950578065,6.176282590610867,0.31131432119681884,4.413632834249849,0.22246830348975094,1.9601046203777024,0.09879869167503229,0.5997101154332685,0.030228271579540597,1.6405221088126125,1.7216649282719354,0.08114281945932228,-0.8422675930496314,-1.5449527005201564,-0.7026851074705251,-0.9737616182400034,-0.6642527875538102,0.3095088306861931,0.6083195680332624,0.5132382162057907,-0.09508135182747132,1.6484473053898487,1.77654908213855,0.12810177674870138,0.6673943442206935,1.0746103990920264,0.4072160548713327,-1.9364868042677603,-2.152107716265797,-0.2156209119980372,1.499496791658559,1.5869146816456552,0.08741788998709583
softplus_cnn,20260922,47,8085,4,Coat,2,False,10.150515595283247,19.839378307000864,True,True,64,1.9839378307000865e-07,2.9345629593002798e-08,1.5042694679810396,22.58752523298854,1.2842744512051651,21.303250781783376,0.9431423124951506,1.1385198106242027,0.06473360361055135,1.0737862070136515,38.478887980684334,0.5870108627964261,0.5536347825975948,0.9510949317830462,0.8095238095238096,1.0,False,0.8673860446173607,8.720568434039677e-10,8.881784197001252e-16,1.1102230246251565e-16,8.881784197001252e-16,4.778595297239008e-10,6.38378239159465e-16,0.0,0.4976888001513066,0.12882502734645068,0.5968706247048564,0.11643373954527424,0.4634731045337115,0.05532248217700979,0.41141476091540546,0.030875231997884136,0.28057663781238884,0.01997262529652087,0.1333206174832533,0.015082763980871966,0.04313531570642854,0.012799141140647539,0.010729794046662106,0.010729794046662106,0.11643373954527424,0.05532248217700979,3.253081212937805,0.16397092502590502,5.297893579674577,0.26703929415999245,5.691643930479842,0.2868862039125183,4.4695446932454885,0.22528652985402714,2.649374743095497,0.13354121798063567,1.002771718696701,0.050544513198926486,0.2232153541529131,0.011251126456626188,0.9254390714678202,1.2000578095468784,0.2746187380790581,-0.3065661942625269,-1.3919889033812767,-1.0854227091187498,-0.7116879422666798,-0.27268630931673266,0.43900163294994743,0.0775217209270428,0.009048207580866451,-0.0684735133461763,2.0388948423262345,2.299723383463891,0.2608285411376563,0.45480824746945875,0.32443001896814955,-0.13037822850130934,-2.4670242600201355,-2.2639532036277212,0.20307105639241366,1.4928839823398248,1.599638465224844,0.10675448288501942
softplus_cnn,20260922,48,8903,4,Coat,4,True,10.430870182894756,19.839378307000864,True,True,64,1.9839378307000865e-07,7.435911220099456e-09,1.7846240087815737,11.138755331385232,0.8768665587396413,10.261888772645591,0.9212778687876437,0.5614467932926416,0.044198288130340005,0.5172485051623016,24.408133800825745,0.4563542392171088,0.4204290609181446,0.9735476541376923,0.9523809523809524,1.0,False,0.23650746819235913,1.1331473849518492e-09,8.881784197001252e-16,2.7755575615628914e-17,8.881784197001252e-16,9.457989946781709e-12,6.800116025829084e-16,0.0,0.4516483898398994,0.13806260934639478,0.3307728511754273,0.040582867822824095,0.35674012593236937,0.030829461676061744,0.2836290639829559,0.022440490843419685,0.17458850542997437,0.020645553339492508,0.07613579717509603,0.017874106580308795,0.0075812455298508025,0.0019258420733630776,0.0008396417110268053,0.0008396417110268053,0.040582867822824095,0.030829461676061744,1.6962300361248996,0.08549814464328949,2.044451525298932,0.10305018099168418,2.9268635599156783,0.14752798775367143,2.6655751801049563,0.13435779785318855,1.4366463889976395,0.0724138814617331,0.3467084885856194,0.01747577384838082,0.02228015220819563,0.0011230267331680183,0.46288234438650283,0.4608367284347729,-0.0020456159517298726,-1.181641038423031,-1.478305753130958,-0.2966647147079272,-0.49274561221103846,0.20420583634648917,0.6969514485575278,0.2342385935754532,0.14074740913401498,-0.09349118444143818,1.8951958997847798,1.4733616692225466,-0.4218342305622336,-0.7779265760537151,-0.8407573891252987,-0.06283081307158342,-1.104569151196697,-1.0739151924762242,0.03065395872047351,2.74918954891932,2.898450700385689,0.14926115146636904
softplus_cnn,20260922,49,9143,4,Coat,4,True,14.383930394000732,19.839378307000864,True,True,128,1.9839378307000865e-07,7.825735615085705e-10,5.737684060872548,44.428237991678174,1.8989527038882024,42.529285287789975,0.957257978490079,2.2393966839172808,0.09571634123323841,2.1436803426840427,70.13875555665646,0.633433508180653,0.6063592795488908,0.9681359624412603,0.7619047619047621,0.5,False,0.6544074643708266,1.3221529426843404e-09,8.881784197001252e-16,2.220446049250313e-16,0.0,7.05804303891e-10,1.3322676295501878e-15,0.0,0.6035196065468547,0.1984917119201669,0.7028253203259274,0.08103244200145399,0.8340827314676708,0.08595052852877073,0.8767522441137107,0.056681454355701336,0.7048552635354782,0.06068229366650239,0.3034210718485811,0.028898367852232,0.0967789371278492,0.024867402321979298,0.016614746437780582,0.016614746437780582,0.08595052852877073,0.08595052852877073,3.5741183270783243,0.18015273824468075,7.379818866349505,0.37197833279611064,11.741708783951333,0.591838544648748,11.899750902270645,0.5998046268451614,7.09609263965938,0.35767716759326734,2.314846114632859,0.11667936760982085,0.42190235664677855,0.021265906124583494,0.23117981987106312,-0.7308016454530395,-0.9619814653241026,-0.7445939527973944,-1.2129631077685532,-0.4683691549711589,-0.23855637121113932,-0.017522825724147168,0.22103354548699197,-0.05091716420759915,-0.2395898638581987,-0.18867269965059963,2.889216989491877,3.8297630291941225,0.9405460397022467,0.7723317290476853,0.49240234545824635,-0.2799293835894394,0.06536955473468017,0.4376960133022475,0.3723264585675671,2.813653455943375,3.178700116427674,0.36504666048429846
softplus_cnn,20260922,50,1325,5,Sandal,5,True,21.048716899115096,19.839378307000864,True,True,256,1.9839378307000865e-07,1.5973000699887052e-10,28.256836406230043,174.27825070336536,2.780616743507119,171.49763395985823,0.9840449583795746,8.784461287371416,0.14015644545302627,8.64430484191839,201.29525156673978,0.8657842117332962,0.8519705886007842,0.9898132696277048,0.9523809523809524,1.0,False,4.113605691136725,2.5836839334658634e-09,1.7763568394002505e-15,8.881784197001252e-16,3.552713678800501e-15,1.468585253405763e-10,1.5543122344752192e-15,0.0,1.3033954757494681,0.5073727440617216,1.82695467874992,0.3461937536724832,2.1731118256622444,0.12314769433779564,2.416062007833585,0.12257193211796392,2.1357695076632806,0.1211390720447583,1.1711787815112986,0.10554056464320742,0.3894355897631768,0.10280358204134304,0.03373556335583996,0.03373556335583996,0.3461937536724832,0.12314769433779564,10.325471124834,0.5204533612421905,23.828840232960168,1.2010880514613462,42.877741091390206,2.161244189605459,50.928734505350555,2.5670529447678794,32.63256494851051,1.644838081291853,11.788329705231888,0.5941884631068332,1.8965690945186269,0.09559619586715432,2.025490430393896,1.2061991568846713,-0.8192912735092253,10.548122648594005,12.702310576346314,2.1541879277523095,8.102432198649826,7.015518573466372,-1.086913625183452,1.0395053338409275,1.1673160800256352,0.12781074618470822,-0.07318347096011268,-0.1385118422535235,-0.0653283712934119,-0.4984917913003379,-1.1918899686253828,-0.6933981773250453,8.664657260630893,9.163275330274422,0.49861806964353017,-1.5516962036190514,-1.6673814997416077,-0.11568529612255651
softplus_cnn,20260922,51,1435,5,Sandal,5,True,27.04032510415624,19.839378307000864,True,True,128,1.9839378307000865e-07,1.3914789320779164e-09,34.24844463190696,157.52941171142209,1.9759744834550257,155.55343722796707,0.98745647265493,7.9402393196884375,0.09959860903291255,7.840640710655525,239.9203570146629,0.6565904355577237,0.648354475474794,0.9961900066067613,0.9761904761904763,1.0,False,1.9013998552994726,2.33078356615124e-09,3.552713678800501e-15,7.771561172376096e-16,7.105427357601002e-15,1.3522409858524043e-09,1.1102230246251565e-15,3.552713678800501e-15,1.518053772436628,0.4387200353795829,1.8473673260602717,0.27496640912666914,2.0277939323734038,0.12852357764570674,2.5571513358251874,0.1449115166055995,2.7546726140566395,0.12099168101251662,1.89344401979002,0.14475529601594303,0.8372924590701939,0.14670648389158106,0.17541718552779512,0.17541718552779512,0.27496640912666914,0.17541718552779512,7.880590737243695,0.39721964142711136,18.94603766896185,0.9549713391107737,37.973565993820365,1.9140501988623484,43.955843382425314,2.2155857256330607,32.660087621876194,1.646225356283024,13.714910394505853,0.691297387563106,2.3983759122655086,0.12088967079271716,3.20456233083978,2.317712039236082,-0.8868502916036979,10.018882333626754,10.54321323694993,0.5243309033231764,7.792748315121247,8.162341268750684,0.3695929536294362,7.285766752573434,8.104136053183904,0.8183693006104706,-2.2364462607843962,-2.0853597153487997,0.15108654543559635,-2.4926291973292387,-2.753622873293792,-0.26099367596455303,9.960571813125199,9.132441297914543,-0.8281305152106554,0.7149885447341882,0.8275833258666546,0.1125947811324659
softplus_cnn,20260922,52,3703,5,Sandal,5,True,13.876732727997096,19.839378307000864,True,True,256,1.9839378307000865e-07,1.1472778282950458e-10,21.084852185750584,130.7083323760018,3.1990155293117315,127.50931684669007,0.9755255424718503,6.588328038982845,0.1612457547716035,6.427082284211242,158.58361509180867,0.8242234375873633,0.8040510160704258,0.9872967822400265,0.9761904761904763,1.0,False,2.5594576500664874,1.7928449835835636e-09,2.6645352591003757e-15,4.440892098500626e-16,0.0,1.75944592228916e-10,2.6645352591003757e-15,8.881784197001252e-16,1.0743806704498353,0.4250411070227646,1.8062298061801598,0.34642793250820636,1.647204834919091,0.13600706826890974,1.756881407516064,0.12996865878390934,1.5422641473127443,0.10531151970615768,0.7368072600483725,0.0915048777268671,0.4136614038146849,0.10661538603938941,0.09032737598781179,0.09032737598781179,0.34642793250820636,0.13600706826890974,8.866932668009769,0.4469360143649678,18.023051364981868,0.9084483942030555,31.41114785373096,1.5832727904909543,36.61668617542762,1.8456569358580366,25.32122877650964,1.276311605367914,9.145119904478063,0.46095798784435493,1.3241656323107684,0.06674431082568251,2.2517098706865584,1.6317282428555773,-0.6199816278309807,10.44923446109992,13.077539625610898,2.6283051645109805,6.130686420195739,5.070455920448772,-1.0602304997469665,-0.36927726642358005,-0.4305990249012357,-0.06132175847765564,-0.31129634876182644,-0.1302110058503032,0.18108534291152323,-2.408199397269747,-3.52533548236752,-1.1171360850977716,7.077534650340171,7.467159672317374,0.38962502197720017,-1.735540204116649,-2.0758857621870344,-0.3403455580703849
softplus_cnn,20260922,53,4857,5,Sandal,5,True,13.080144612338337,19.839378307000864,True,True,256,1.9839378307000865e-07,6.411404740447324e-11,20.288264157985054,162.9452544404015,2.5365476233505686,160.40870681705093,0.9844331298136803,8.213223817749462,0.12785418898209522,8.085369628767367,155.15577036169844,1.0502042821903705,1.033855888460396,0.985548547063429,0.880952380952381,1.0,False,4.925985906435014,1.6480965481235899e-09,1.7763568394002505e-15,4.440892098500626e-16,3.552713678800501e-15,1.0883383083637455e-10,1.9984014443252818e-15,0.0,0.9699516914565401,0.2966190488160223,1.648992544008553,0.34472324477107796,1.7047731027720596,0.09863725690083218,1.794816168695996,0.09829657928680213,1.543374427368188,0.1436548341498003,0.8116867751615771,0.10349671626922163,0.30337636319322103,0.13017660927586205,0.013577008504183882,0.013577008504183882,0.34472324477107796,0.1436548341498003,8.264092815373136,0.41654998899118356,16.948960073474066,0.8543090318255167,34.72103839750924,1.7501071787746987,45.976335948167915,2.317428259934129,38.04710134849852,1.9177567340944635,16.384262706839486,0.8258455710307139,2.6034631499946004,0.13122705307131008,2.4966677046887424,1.961932443994089,-0.5347352606946532,10.515103023855048,12.662931976522094,2.1478289526670467,6.062874081483505,4.631194107695977,-1.4316799737875299,0.4405818721648477,0.31033700430732625,-0.13024486785752132,-0.8332069191310822,-0.8663053295678379,-0.03309841043675554,-1.8664183593932004,-2.1459508219000543,-0.2795324625068543,5.908789081458364,5.781532433445526,-0.12725664801283915,-2.436126327141172,-2.0474076564032337,0.3887186707379376
softplus_cnn,20260922,54,4983,5,Sandal,5,True,26.298885064648168,19.839378307000864,True,True,128,1.9839378307000865e-07,1.1261436227982813e-09,33.507004307861635,92.14688246325412,1.5722281259523148,90.5746543373018,0.982937804471255,4.644645665672779,0.0792478525094464,4.565397813163332,155.28648795394326,0.5933992305279269,0.5832745368300526,0.9968746310069619,0.9523809523809524,1.0,False,1.2875851158190048,1.4138366033478178e-09,5.329070518200751e-15,4.440892098500626e-16,7.105427357601002e-15,8.378790994356677e-10,4.884981308350689e-15,0.0,1.5927989389356534,0.4813396311201362,1.2460382093031388,0.23754876030392266,1.6425325173940502,0.13887336405142955,1.8183483296030083,0.15154042158271355,1.730835902186397,0.0891535342496537,1.070656716216138,0.12944768745265697,0.30484459397133706,0.15220773718731254,0.01392891581057913,0.01392891581057913,0.23754876030392266,0.15220773718731254,6.520502681938558,0.32866466786600973,12.189794483317355,0.6144242170640929,22.240993429747423,1.1210529425662035,25.250293283620984,1.272736115662996,16.26765312480314,0.8199678877569796,7.782016175141521,0.3922510098209794,1.8956292845961058,0.0955488249310303,2.57214756043702,2.1914687788446536,-0.3806787815923668,8.112601735499881,8.845222068097733,0.7326203325978473,8.337560480838015,7.832512218305383,-0.5050482625326334,3.739268617197743,4.526603016773017,0.7873343995752725,-2.393634002890429,-2.5723068055359426,-0.178672802645514,1.9968773139318061,1.632707299006574,-0.3641700149252327,10.252384528172804,10.108726264335173,-0.1436582638376287,0.8897980746747886,0.942071468872922,0.05227339419813426
softplus_cnn,20260922,55,6323,5,Sandal,5,True,15.802562329198173,19.839378307000864,True,True,128,1.9839378307000865e-07,6.204673841381236e-08,23.010681944798307,289.2358582739666,2.3111636831563427,286.92469459081025,0.9920094150948352,14.578877109869005,0.11649375536837189,14.462383354500634,311.050589287196,0.9298675785722829,0.922437392735141,0.9915263002060307,0.8095238095238096,1.0,False,3.7824606787681616,2.6749207293619293e-09,5.329070518200751e-15,8.881784197001252e-16,3.552713678800501e-15,4.106794904146227e-10,4.773959005888173e-15,0.0,1.2477228408321073,0.5484394613259492,2.025710326340857,0.3428994960395011,2.674995476467014,0.12809880168828358,3.452008118775202,0.15109215373872928,3.618117389289386,0.24797842276552712,2.5808336506519023,0.20687729050282233,1.0741794927150525,0.27276657982201075,0.2525999241024905,0.2525999241024905,0.3428994960395011,0.27276657982201075,8.593784495578499,0.4331680339270484,25.373920181433746,1.278967505371873,57.03639805229409,2.8749085364316707,83.71269186680388,4.219521931151622,72.45483743898741,3.652071971096985,35.33062183699972,1.78083311333059,6.733604401274302,0.33940601852922814,2.0510800921810084,0.9044047315660639,-1.146675360614945,7.459209452512718,7.533293014155495,0.07408356164277796,6.903623288371209,7.33328746048968,0.4296641721184732,0.9475787954093489,0.6905087005542939,-0.25707009485505505,1.2440066596402573,2.3743639942036983,1.1303573345634417,-1.8596521410171418,-2.7670703684981457,-0.9074182274810032,8.664560874183117,9.194637749795248,0.5300768756121267,-2.399725076482211,-2.252743337057349,0.14698173942486237
softplus_cnn,20260922,56,6699,5,Sandal,5,True,11.209032337616406,19.839378307000864,True,True,128,1.9839378307000865e-07,1.8208012875220447e-10,18.41715210035467,155.85346421574462,1.5743760882073674,154.27908812753725,0.9898983567921981,7.855763512546535,0.0793561201286134,7.776407392417921,205.39004078437083,0.7588170469247227,0.7511517478566913,0.9923127956273683,0.9047619047619048,1.0,False,1.913324029298309,6.649687467330523e-10,2.6645352591003757e-15,8.881784197001252e-16,3.552713678800501e-15,2.127293896592164e-10,2.4424906541753444e-15,0.0,0.8456354564661622,0.23877311302955967,1.3997305866261263,0.318993891148294,1.6326577005757468,0.10431670443858088,2.301140626738604,0.11897827503018546,2.4837688589455733,0.1455635515067606,1.7681376006720722,0.14762684289604153,0.6346983758158391,0.1626228507113061,0.13251125825177595,0.13251125825177595,0.318993891148294,0.1626228507113061,5.518673181067056,0.27816764697307284,13.740360319251224,0.6925801860637217,32.08716639892292,1.6173473736120092,47.522577237682086,2.3953662510136446,38.55373252792086,1.9432933800307706,15.77648201162576,0.7952105034490219,2.6544725389860147,0.13379817138974118,1.1857493692216745,0.32523391330367607,-0.8605154559179988,6.338624677162594,6.40324586521839,0.06462118805579836,5.873779591571063,6.097708029959358,0.2239284383882969,0.7966615484329759,1.3349547866646014,0.538293238231627,2.1101273758289674,2.5020084977797254,0.3918811219507574,-1.5117873562315425,-1.4580372462046498,0.05375011002689278,4.309411755292486,4.611313746952848,0.3019019916603598,-0.6854148609235452,-1.3992754931065494,-0.713860632183004
softplus_cnn,20260922,57,6794,5,Sandal,5,True,16.3852015479077,19.839378307000864,True,True,256,1.9839378307000865e-07,3.639781809283704e-10,23.593321048165244,215.9457382450929,2.6685888016486654,213.27714944344424,0.9876423178186555,10.884702882493581,0.1345096988602199,10.75019318363336,228.41750663902246,0.9453992446663066,0.9337163012662373,0.993153431581946,0.880952380952381,1.0,False,4.88986105700828,2.0068640083081846e-09,5.329070518200751e-15,1.7763568394002505e-15,1.0658141036401503e-14,3.042011087472929e-10,6.661338147750939e-15,0.0,1.4126532688995208,0.5285750340049582,1.8781379663544508,0.4060361621958224,1.8865862001870026,0.11493069229329879,2.118313010318223,0.10337753518364687,2.333104786788244,0.1699628967647741,1.8590219406974837,0.24854638870652976,1.1052641500531155,0.3208935808545637,0.33291188521133974,0.33291188521133974,0.4060361621958224,0.33291188521133974,8.08660285741777,0.40760364222523005,21.06088533661702,1.0615698239488238,40.83494650253597,2.0582775261725943,54.57410611238834,2.7507971907128956,53.594581967602444,2.701424466949659,32.956092781212895,1.6611454386946916,4.838522686996244,0.243884793773444,1.2760534488092745,0.5419339929415304,-0.7341194558677444,7.20809710505554,6.622934166895949,-0.5851629381595904,9.032326787087044,9.680591636654999,0.6482648495679564,-1.2071907578326866,-1.5585944486086867,-0.35140369077600053,-0.22688947296224576,0.369621483036049,0.5965109559982953,-1.2019454170714576,-2.1998481337646867,-0.9979027166932288,9.238995490692256,10.160423556189452,0.9214280654972025,-0.5261261356124725,-0.023741204875158888,0.502384930737313
softplus_cnn,20260922,58,7277,5,Sandal,5,True,37.33093210558166,19.839378307000864,True,True,256,1.9839378307000865e-07,4.264166797440794e-10,44.53905131118734,200.22702624017907,3.498606710136279,196.7284195300428,0.982526800822884,10.092404264982614,0.17634658989801616,9.916057675084598,228.20269500753506,0.8774086836860877,0.8620775469963096,0.990651276566898,0.9761904761904763,1.0,False,2.2071398688347945,3.4567837481347397e-09,7.105427357601002e-15,1.7763568394002505e-15,0.0,2.197388937474898e-09,2.886579864025407e-15,7.105427357601002e-15,2.25688807824623,0.5598109367032982,2.4587259634225114,0.23597822169371235,2.742878921550149,0.17933857065706837,2.627525832900158,0.1729691500339049,2.1148107076122815,0.14323148178819894,1.0078074464357185,0.15155029081245122,0.4170510385089091,0.10247512807284548,0.13371249072790195,0.13371249072790195,0.23597822169371235,0.17933857065706837,10.711966760407329,0.5399345984862499,30.18842254055451,1.521641559196525,51.713866523183505,2.606627371228405,56.89157724108209,2.867608871645255,34.98956829618841,1.7636423760235163,13.010435208827545,0.6557884530200454,2.721189669460319,0.13716103535865704,3.343632290420021,2.6029330742503376,-0.7406992161696833,10.770853391831247,10.61444363849823,-0.156409753333017,6.091506880212619,5.114784431484007,-0.976722448728611,10.463931696608913,12.242567161304367,1.7786354646954503,-1.6407590322161765,-0.9727889261656999,0.6679701060504759,7.070740764359868,6.477124906018011,-0.5936158583418557,9.19079113919025,8.159631706725834,-1.0311594324644169,-0.7516458192193988,0.3003553212696482,1.0520011404890488
softplus_cnn,20260922,59,7584,5,Sandal,9,False,16.799474459287737,19.839378307000864,True,True,128,1.9839378307000865e-07,1.3029257317498377e-07,24.007594161090154,182.66121442938993,2.748826184687832,179.9123882447021,0.9849512322948536,9.207002941464802,0.13855404852670378,9.068448892938099,204.4933497974391,0.8932379200121912,0.8797957900484995,0.9855728517129306,0.9523809523809524,1.0,False,2.359098052798971,1.0967214914003875e-09,1.7763568394002505e-15,1.7763568394002505e-15,0.0,5.441229689040483e-10,3.3306690738754696e-15,0.0,1.5549720175534947,0.3956206776274132,1.920977553270923,0.3312572583848403,1.9823313337640087,0.1289562821683834,2.242916822804224,0.13391398445743938,2.1742742701644655,0.13724044913611053,1.3243440922312144,0.12254877239741142,0.5113770551954955,0.14345082365517775,0.1512263456226978,0.1512263456226978,0.3312572583848403,0.1512263456226978,9.005339397360272,0.45391237860424755,24.626258058427936,1.2412817416631392,43.09697753707284,2.172294759955502,51.315111167829365,2.5865281851962787,37.20602181394047,1.875362283948752,14.535784655906795,0.7326733948501526,2.8757217987570036,0.14495019724192804,2.67644057503539,1.7128615426983405,-0.9635790323370501,9.842664589142753,9.958535434895543,0.11587084575279305,6.062929883409216,4.537349398559343,-1.5255804848498735,4.546335985931227,4.338821587130454,-0.2075143988007747,-4.034495650316944,-3.203960269804754,0.8305353805121889,1.886101850528841,1.8339495821007687,-0.05215226842807161,3.3011571560256527,3.866843051152278,0.5656858951266247,-0.2735402286659817,0.9631938349023053,1.2367340635682875
softplus_cnn,20260922,60,430,6,Shirt,6,True,13.052472666181977,19.839378307000864,True,True,64,1.9839378307000865e-07,1.2382943004318747e-09,-1.01739634890761,23.030129577659405,2.1417487563727957,20.88838082128661,0.9070023141141846,1.1608291964235895,0.10795442897608447,1.052874767447505,35.06980103893388,0.6566940471687238,0.595623020447042,0.943725928305765,0.8095238095238096,1.0,False,0.8080734722131913,7.638262036757659e-10,1.1102230246251565e-15,4.440892098500626e-16,6.217248937900877e-15,1.4405809878326181e-11,1.2212453270876722e-15,5.329070518200751e-15,0.34381226062467907,0.07754433249718921,0.5427322004945013,0.12411833049290585,0.50574318627591,0.044332098529368445,0.3817914244558787,0.02761451049908284,0.22323173291591378,0.021432863738716338,0.09100222348416474,0.011169285348163882,0.022128572801039307,0.0052429414961882095,0.0010571513694922225,0.0010571513694922225,0.12411833049290585,0.044332098529368445,3.7063174449451304,0.18681620903600873,5.442398011322361,0.2743230118960866,5.8009071013769296,0.29239359276343463,4.793071763127583,0.24159384880705748,2.4885449775700375,0.12543462496966887,0.7347566686189495,0.03703526679360061,0.06413361050707536,0.0032326421480880817,-0.76638046660147,-0.8759883618131611,-0.10960789521169058,0.25515713443806476,1.2812949648464762,1.0261378304084117,0.08180421576987708,-0.9259509940852388,-1.0077552098551161,-0.16823870637612695,0.0003541613939941155,0.16859286777012103,-1.7497207170409539,-2.2516240722472145,-0.5019033552062594,0.560032414557829,1.3716724816124009,0.8116400670545717,2.776125535333094,2.9115035264655797,0.13537799113248583,-2.0061757589879177,-2.5286580550948523,-0.5224822961069351
softplus_cnn,20260922,61,3174,6,Shirt,2,False,8.560920241866903,19.839378307000864,True,True,128,1.9839378307000865e-07,1.032343099893751e-10,-5.508948739003078,17.44935787135565,0.9532318437629302,16.496126027592723,0.9453715230789251,0.8795314853791649,0.048047465450394504,0.8314840199287705,49.879027265674814,0.34983356388274545,0.3307226891119595,0.9959096679195671,0.9761904761904763,0.5,False,0.37317804688537715,8.588921796004456e-10,1.1102230246251565e-15,3.3306690738754696e-16,3.552713678800501e-15,1.553823736344384e-10,1.3877787807814457e-15,5.329070518200751e-15,1.1350688958649524,0.3848133293783954,0.9421514774672225,0.16900390115753097,0.522158951824636,0.06060304327323706,0.4901375925026745,0.05167307740823897,0.33330245779484763,0.03744094291661139,0.13699388711859295,0.011139861977302438,0.07034243721410365,0.016464420971792983,0.01905585185225433,0.01905585185225433,0.16900390115753097,0.06060304327323706,2.609254334311397,0.1315189565890102,3.2438092650133505,0.16350357429641252,4.002876201309958,0.20176419539807022,3.6014373166397347,0.18152974659336324,2.5967028563827492,0.13088630178831925,1.1311139445186726,0.057013578097834264,0.2641639529740869,0.013315132605786819,0.48941945772415835,0.5080864727027635,0.018667014978605012,-2.029870988549657,-2.5164412128271008,-0.48657022427744373,-4.02242647514936,-4.4890880945571565,-0.46666161940779777,-0.8872747074458588,-0.8209978595958742,0.06627684784998439,1.9681711089522844,2.200791802521432,0.23262069356914758,-1.0361097744536147,-0.8934270405074307,0.1426827339461842,-1.898532295901826,-1.699882845441215,0.19864945046061092,1.9076749358207994,2.202010038856887,0.29433510303608695
softplus_cnn,20260922,62,4412,6,Shirt,6,True,13.57833071330787,19.839378307000864,True,True,32,1.9839378307000865e-07,5.616510381778461e-11,-0.4915383239966502,0.7320816115904112,0.1528900685673505,0.5791915430230608,0.7911570702681573,0.03690043106502366,0.007706394131987446,0.029194036933036217,3.753101211502342,0.19506045010104156,0.15432345422712812,0.9979677946632027,0.9761904761904763,1.0,False,0.04941505299769228,1.5825819821291276e-11,4.440892098500626e-16,2.220446049250313e-16,5.995204332975845e-15,3.602140807856813e-11,4.996003610813204e-16,5.329070518200751e-15,0.11995860533862401,0.056510713221959254,0.07955849625173432,0.019680811657812648,0.05447322136566439,0.00772148062613296,0.02311167445163989,0.0013173138530897242,0.020708709943994163,0.0020801563241518387,0.008561189585726452,0.0015714688364991273,0.0027126763297694893,0.0007994890011550988,4.836775002217957e-05,4.836775002217957e-05,0.019680811657812648,0.00772148062613296,0.21725120156583,0.010950504506946521,0.14182044364732083,0.007148431843616573,0.16721537353386706,0.008428458339083164,0.11131964992613605,0.005611045275892233,0.06926830047000278,0.0034914551957285667,0.020163341081451257,0.0010163292805569454,0.005043301350470261,0.0002542066224268023,-0.11687820701312636,-0.12509616227949436,-0.008217955266367975,-0.06476814790931973,-0.00899772368017499,0.05577042422914473,-1.1437754890927132,-1.278854391733669,-0.1350789026409553,-0.2802348845875764,-0.289828095265617,-0.009593210678040528,0.12404558732049732,0.14708264274073077,0.02303705542023341,0.2106125286886379,0.2382914424144217,0.02767891372578387,0.6919686114640774,0.6985290616857328,0.00656045022165549,0.08749167713287888,0.12733490208539855,0.03984322495251966
softplus_cnn,20260922,63,4542,6,Shirt,4,False,8.594673614391432,19.839378307000864,True,True,64,1.9839378307000865e-07,9.566161240925908e-08,-5.475195422765193,38.58788303125747,1.2454690609401977,37.342413970317274,0.967723830303639,1.9450147295009081,0.06277762547129312,1.882237104029615,68.20635891878885,0.5657519862217368,0.5474916791083908,0.9900170905594338,0.8333333333333335,1.0,False,0.42355957577166925,7.38970884484047e-10,8.881784197001252e-16,2.220446049250313e-16,5.329070518200751e-15,6.371081440192938e-11,1.4432899320127035e-15,5.329070518200751e-15,0.8148758964149339,0.19553603575427536,0.7362370727942369,0.10177866432728158,0.730359515145356,0.05160159232068151,0.8863608918440968,0.054226478892674346,0.6528086090070055,0.04630629679865586,0.3448105679688538,0.04557341272924432,0.08508623809235567,0.030510213900466227,0.0022653437925688655,0.0022653437925688655,0.10177866432728158,0.054226478892674346,2.903397592135546,0.1463451902175283,6.77193396127713,0.3413380125367874,9.612568819204549,0.4845196593591087,10.151727768691213,0.5116958612109785,6.6082802339728826,0.33308907828230544,2.212471521131341,0.11151919616103144,0.32750313464939834,0.016507731723318667,1.169492971466928,1.2300962444329788,0.0606032729660502,-1.4110712694787868,-1.9643622936016354,-0.553291024122849,-2.7320453392327133,-2.831856323513435,-0.0998109842807201,0.1520126969277272,0.3073664449092561,0.15535374798152887,1.167671535104807,1.7818043871202238,0.6141328520154163,-2.788347993092194,-2.734006593930844,0.054341399161351,-2.437967264959076,-3.0303343174638515,-0.5923670525047756,1.4050592404981208,1.7660970293458251,0.3610377888477041
softplus_cnn,20260922,64,5260,6,Shirt,2,False,6.934066038826744,19.839378307000864,True,True,128,1.9839378307000865e-07,2.3556590011963863e-10,-7.1358029170793555,67.73500325434576,3.759817283484128,63.97518597086163,0.9444922550698645,3.414169648171063,0.18951285797889011,3.224656790192173,142.31592347140864,0.4759481694116524,0.44952935982398545,0.9490116477325972,0.7142857142857144,0.5,False,0.8931102682533258,9.219027208295927e-10,1.9984014443252818e-15,4.996003610813204e-16,5.329070518200751e-15,2.4778490370636064e-10,1.6653345369377348e-15,5.329070518200751e-15,1.2075214111436225,0.29200816684762326,1.5418591929460692,0.18358514518311084,1.1625681242257566,0.08605297366611063,1.7325258045133174,0.08069715822932948,1.610331609338916,0.07354810394417595,0.9073358138143321,0.07248667679349635,0.21150021207182443,0.05519526483203592,0.007285650748666307,0.007285650748666307,0.18358514518311084,0.08605297366611063,6.369343089547803,0.32104549804870686,11.016495198402076,0.5552842950988341,15.765151428749066,0.7946393876256649,16.585366490341574,0.8359821680747413,12.405649870713232,0.6253043658296269,4.9994344903536465,0.2519955218853536,0.5935626858132259,0.029918411586706384,-0.06975838925925718,-0.4924183191399944,-0.4226599298807373,-2.4026538599771996,-3.3403447967704296,-0.9376909367932317,-1.6902856586586688,-2.2182199283808095,-0.5279342697221423,-1.622589510424239,-2.735303873905956,-1.112714363481716,1.5273893698376364,4.435691918378231,2.9083025485405942,-2.6178419039343837,-3.3766596874167956,-0.7588177834824108,-0.9489143710094554,-0.8946249826537928,0.05428938835566316,0.6888514063462166,1.486076753057977,0.79722534671176
softplus_cnn,20260922,65,5777,6,Shirt,2,False,5.0683287489785025,19.839378307000864,True,True,128,1.9839378307000865e-07,1.8940549129098372e-10,-9.001540429323239,108.06238763880398,3.0237647166157986,105.03862292218818,0.9720183425270719,5.446863604625717,0.1524122716863956,5.294451332939321,183.37126169633217,0.5893092878302723,0.5728194371925903,0.9606386222694769,0.6666666666666669,0.5,False,1.0251923047379816,2.051041114725649e-09,1.3322676295501878e-15,2.7755575615628914e-16,3.552713678800501e-15,2.2241763986130536e-10,7.771561172376096e-16,7.105427357601002e-15,1.5846990837570776,0.34237675695885766,2.1918698405900736,0.19467025310159283,1.9885749855800696,0.11323363419883498,1.903992942429075,0.09116316643407073,1.4931758270026219,0.0891659042000739,1.0827973419237111,0.0810233853111269,0.499268895207303,0.12615691564536063,0.08311290294599784,0.08311290294599784,0.19467025310159283,0.12615691564536063,8.433076283320244,0.4250675677848435,15.643165941893749,0.7884907329164459,24.123225581966864,1.2159264876487752,27.965242665165555,1.409582610524507,21.547796697142967,1.0861124962539397,8.830066092074084,0.4450777617844081,1.5198143763513412,0.07660594766797876,0.014586315975647524,-0.4105554502335213,-0.4251417662091685,-1.9240298026279845,-2.8787313897885167,-0.9547015871605329,-2.0720150247001037,-1.8618626079416585,0.21015241675844448,-0.9632777872176365,-1.4646972944525103,-0.5014195072348733,0.013364539807032866,1.8817387336119253,1.8683741938048923,-4.846039428731119,-5.569219829746856,-0.723180401015736,-1.45196339057743,-1.8712848454617117,-0.4193214548842822,2.227834148748358,3.173072254912027,0.945238106163668
softplus_cnn,20260922,66,6206,6,Shirt,6,True,15.92245909165918,19.839378307000864,True,True,128,1.9839378307000865e-07,1.589324227779798e-10,1.852590368020925,72.53985137865504,1.9007439894499165,70.63910738920512,0.9737972445031888,3.6563570821701297,0.0958066306331377,3.5605504515369915,113.14490474275712,0.6411234473490387,0.6243242464148792,0.9884629055196524,0.9761904761904763,1.0,False,0.8539660358026127,1.7963268095222418e-09,8.881784197001252e-16,8.881784197001252e-16,6.439293542825908e-15,4.954539001289504e-10,7.494005416219807e-16,5.329070518200751e-15,1.0592346260445062,0.24274563654763998,1.1558399642978057,0.15593489630989496,1.1735814456589941,0.08095427746467894,1.363314172146849,0.0730266901080195,1.1851929842292206,0.062048445195357196,0.6268883688937551,0.07468655018170192,0.16317149930240368,0.06573298700339944,0.035058454940834864,0.035058454940834864,0.15593489630989496,0.08095427746467894,5.361194884502575,0.2702299841024117,10.297859157162033,0.5190615853889007,16.37848183657487,0.8255541873908054,20.118924589309483,1.014090475920305,14.762996350643045,0.7441259560756256,4.977303607617128,0.25088001905083646,0.6430909520727686,0.032414874202274596,1.6159426197624258,1.5673593685671727,-0.048583251195252336,-0.13541356646917294,-0.6236575345460322,-0.4882439680768592,-1.662021147481088,-1.6952052999675067,-0.03318415248641887,-1.6679577441121642,-2.150826407962051,-0.48286866384988736,3.4336256964833733,4.104173482585235,0.6705477861018619,-0.7316955682907396,0.08697311888988445,0.8186686871806244,-3.1657264840573713,-4.013590437651146,-0.8478639535937744,4.165836562185668,4.577364078600823,0.41152751641515484
softplus_cnn,20260922,67,6466,6,Shirt,6,True,9.999983093433837,19.839378307000864,True,True,128,1.9839378307000865e-07,1.5671597353161815e-10,-4.069885861553491,146.0386783084655,1.7033369945576244,144.3353413139079,0.9883363981769282,7.36105114024323,0.08585636949906619,7.275194770744164,198.4367429562229,0.7359457534569749,0.7273619752252721,0.9856358045873737,0.8571428571428572,1.0,False,3.1757128453864696,7.888292241631234e-10,2.6645352591003757e-15,8.881784197001252e-16,8.881784197001252e-16,2.58102872408017e-10,2.886579864025407e-15,5.329070518200751e-15,1.1197241805530018,0.18306516426318037,1.24650971940772,0.1471725863487435,2.0663245884851213,0.1289780180672684,2.6363365553512392,0.11231048566336105,2.2583655628780153,0.11597719091009957,1.3164708615432101,0.09961785862326418,0.42669699986540294,0.08419868989670255,0.051461097167817334,0.051461097167817334,0.1471725863487435,0.1289780180672684,7.309942689005277,0.36845623768491603,22.61505507321835,1.1399074468597645,39.28827273603942,1.980317736175003,40.6116450226197,2.0470220585636385,25.09020133477545,1.2646667121580968,9.34607485383307,0.4710870829321831,1.777486598430742,0.08959386584223294,1.791765555066689,1.7511430596304913,-0.040622495436197004,-1.7217167931834938,-2.7732109169358417,-1.0514941237523483,-2.5683786143161336,-2.556830342718115,0.01154827159801719,-0.5307472918269015,-0.7973671322219726,-0.26661984039507153,1.8184648563913435,2.7811917118083778,0.9627268554170345,-3.1545482734246484,-3.4991488082696076,-0.3446005348449597,-3.1575929680050967,-2.990367197607393,0.16722577039770292,3.4528676677447514,4.014703765018672,0.561836097273918
softplus_cnn,20260922,68,7419,6,Shirt,6,True,15.497250650275825,19.839378307000864,True,True,64,1.9839378307000865e-07,4.262930897169781e-09,1.4273821074561113,47.05235695048914,1.5092506825289356,45.543106267960205,0.9679240152811677,2.371664889009422,0.07607348673805749,2.2955914022713646,68.17331069060299,0.6901873544623797,0.668048915427513,0.9836623402445449,0.9047619047619048,0.5,False,0.8273289312010723,1.1778039099574755e-09,2.220446049250313e-15,4.440892098500626e-16,3.1086244689504383e-15,3.63250762802636e-10,1.6653345369377348e-15,5.329070518200751e-15,0.934626710511034,0.23981049621155023,0.8430922403012064,0.11429267418027264,0.862479816313815,0.04978090357365262,0.8002994873948867,0.03689577305151192,0.6059607990485703,0.04328708315395069,0.2559546243578303,0.021304258826775228,0.05683332712256959,0.01296999628483793,0.011642154599771479,0.011642154599771479,0.11429267418027264,0.04978090357365262,4.6638825572508065,0.23508209204343006,7.3742259439736015,0.3716964226329313,10.716819667222191,0.5401792083091873,12.347344010764258,0.6223654703135109,8.791021799647632,0.4431097418282246,2.866431104094288,0.14448190158674426,0.292631866765749,0.014750052256551098,0.9117305506671439,0.8777111830734396,-0.03401936759370405,-1.6888755044450159,-2.419720996616112,-0.7308454921710966,-0.9861895825831565,-0.39634938509346307,0.5898401974896935,-1.234824444497586,-1.487639097748072,-0.25281465325048635,2.795259172848642,3.714669658069508,0.9194104852208645,-0.919969098923233,-0.9418182729071333,-0.021849173983900308,-1.8567255970173218,-2.25661874421984,-0.3998931472025189,4.406976611406642,4.337147763261035,-0.06982884814560672
softplus_cnn,20260922,69,9004,6,Shirt,6,True,10.258686747739517,19.839378307000864,True,True,64,1.9839378307000865e-07,1.2763452517106089e-09,-3.811182345327172,4.484689332886811,0.6981189412249413,3.7865703916618694,0.8443328200895557,0.2260498924658474,0.03518854927921764,0.19086134318662976,12.396950939756367,0.36175744783377733,0.3054436861178936,0.993480566277136,1.0,1.0,False,0.33208572990143326,7.544128967362784e-10,8.881784197001252e-16,6.938893903907228e-18,4.440892098500626e-15,1.9309265297806633e-10,5.551115123125783e-16,5.329070518200751e-15,0.5850826333410216,0.17201634212296818,0.23394948193620307,0.03948668807291288,0.1604394586013277,0.016786795230412713,0.12694170259517537,0.009165129941437292,0.06487749370140862,0.007183495136663915,0.031012526823567938,0.005067622128381318,0.006662558957393001,0.001970563500279516,0.0009826752937194883,0.0009826752937194883,0.03948668807291288,0.016786795230412713,1.3238272309747872,0.0667272537722434,0.9930179940562417,0.05005287860788603,0.8932096627555131,0.04502205910556783,0.731595528503147,0.036875930141671,0.39026754086732623,0.01967135939585414,0.13820903727685616,0.00696639960880656,0.014562338410635646,0.0007340118316861234,-0.03128967658844533,0.007080842310836995,0.038370518899282335,-1.3442932234403147,-1.6725075023497864,-0.32821427890947197,-2.9655600868556564,-3.005763808428603,-0.040203721572946785,0.037165309766722325,0.033239478992119306,-0.003925830774603013,2.0378236675804295,2.641241002614786,0.6034173350343566,-1.9466268479585123,-2.1641192404744776,-0.21749239251596586,-0.526110487567913,-0.469779400180067,0.056331087387846035,0.9277089997365224,0.8194262823811123,-0.10828271735541015
softplus_cnn,20260922,70,60,7,Sneaker,7,True,17.00483915362751,19.839378307000864,True,True,128,1.9839378307000865e-07,1.119174517505428e-07,23.865187003163495,134.18140981828984,1.8026767756280604,132.37873304266176,0.9865653760974096,6.763387831106597,0.090863571818273,6.672524259288323,176.02024950872146,0.7623066675157815,0.7520653641392699,0.9937895672244698,0.880952380952381,0.5,False,1.578459982464714,2.366372209294809e-09,3.552713678800501e-15,4.440892098500626e-16,3.552713678800501e-15,1.021049911287264e-09,4.440892098500626e-15,0.0,1.1194843187120236,0.3937451706615131,1.615384244914919,0.24552375455790582,1.5657151122030548,0.08539513729634063,1.943183874170002,0.08660755020928756,1.9148048977816332,0.11201317066608006,1.3655818277521947,0.20025840775827947,0.4499123165740589,0.13005655689781964,0.017684124518830932,0.017684124518830932,0.24552375455790582,0.20025840775827947,6.383064839364517,0.3217371401760144,19.956286880959773,1.0058927539033649,30.924850142687358,1.5587610490684924,35.88841568833605,1.8089486037811906,27.104156249292647,1.366179717422305,11.984329986928001,0.6040678191361977,1.9403060305176556,0.09780074760875777,3.193808930362084,2.512391221602462,-0.6814177087596216,8.086151012986802,8.44689750788599,0.36074649489919164,0.8546758645735145,1.0460672408172282,0.19139137624371394,3.6628802842434602,3.7757155666549465,0.11283528241148566,4.372771832645892,3.7111682537131454,-0.6616035789327465,3.242606478581199,3.6366968054690654,0.3940903268878656,-4.0170348071981685,-3.2734215115018412,0.7436132956963288,4.4693274069687146,4.00967191954355,-0.459655487425167
softplus_cnn,20260922,71,1722,7,Sneaker,7,True,18.128741185622786,19.839378307000864,True,True,256,1.9839378307000865e-07,2.759170669719424e-10,24.989088940485793,113.23371717489569,2.0506311365945455,111.18308603830114,0.9818902780218084,5.707523462816276,0.10336166309560843,5.604161799720668,175.1316411331676,0.6465634447449413,0.6348543605193485,0.9936214741494109,0.9047619047619048,1.0,False,1.4479865593202093,1.7621610837181834e-09,4.440892098500626e-15,1.7763568394002505e-15,7.105427357601002e-15,4.0736480855230184e-10,3.3306690738754696e-15,8.881784197001252e-16,1.235246623904386,0.45815100578448975,1.5800467112644636,0.25724244290550646,1.5233081938593074,0.09501519597181488,1.8748982471280067,0.12071319959519837,1.8946595848680943,0.134780007850293,1.3575931994565515,0.23756198455488634,0.4828724742230429,0.16453857657265233,0.11409785499499359,0.11409785499499359,0.25724244290550646,0.23756198455488634,5.933201337234061,0.29906185795854145,16.398648233230766,0.8265706706869972,26.075086617753133,1.3143096630478501,30.382400667033924,1.5314189888859908,23.75545182452566,1.1973889230260257,9.469239414221736,0.4772951686132351,1.2196890807999172,0.0614781905927726,3.2746920846866105,2.4705209927622125,-0.8041710919243984,8.026938921287414,7.542895646167076,-0.4840432751203372,2.26826811025135,2.7072685931525062,0.43900048290115656,5.302090561638451,5.424291051630283,0.12220048999183142,4.638594464774291,4.456768653776574,-0.18182581099771966,2.61646064104218,3.312674120656199,0.6962134796140196,-5.692404801575207,-6.272995759923614,-0.5805909583484101,4.554448958380701,5.347665642671919,0.7932166842912188
softplus_cnn,20260922,72,2164,7,Sneaker,7,True,17.9478920926113,19.839378307000864,True,True,128,1.9839378307000865e-07,1.334227750504624e-08,24.808239972380278,175.27997286361415,1.8900860915972073,173.38988677201695,0.9892167595606152,8.83495289778117,0.09526942136741448,8.739683476413756,190.986071935015,0.9177631179474438,0.907866657580217,0.9928780776024613,0.9047619047619048,0.5,False,2.8338322559523133,1.6639477851132511e-09,3.552713678800501e-15,1.7763568394002505e-15,0.0,6.442029132358584e-10,3.552713678800501e-15,1.7763568394002505e-15,0.9212929809159246,0.41540633867345866,2.1025102449820463,0.2612281717347721,1.8612310948471884,0.1443764218124072,2.119483085040312,0.09572680657737356,1.9086140704880727,0.12576287768729152,1.0624212296361555,0.10717874419723848,0.4537090345166018,0.08492899747647586,0.11864700332430657,0.11864700332430657,0.2612281717347721,0.1443764218124072,8.781811136421393,0.4426454801420109,23.240282545623757,1.1714219158481791,37.881557091416326,1.9094125080546898,49.202501434493925,2.4800425030017945,37.53459714751956,1.8919240596503197,15.884668131028306,0.8006636037291032,2.754555376743098,0.13884282733653394,2.7216890738483834,2.324763213941322,-0.396925859907061,8.753865123334242,9.100220137887094,0.3463550145528522,1.8261045124917619,2.0670195416100023,0.24091502911824003,3.9120651955738848,3.720144591906507,-0.1919206036673783,5.282125303189922,4.902054814165567,-0.380070489024358,2.3173914383783085,2.1055547333063207,-0.21183670507198785,-4.345704064862134,-3.0428880166139196,1.3028160482482178,4.34070339042591,3.631370956821589,-0.7093324336043196
softplus_cnn,20260922,73,5110,7,Sneaker,7,True,20.560975015437286,19.839378307000864,True,True,128,1.9839378307000865e-07,1.3585777658420284e-07,27.4213229465011,164.6121678070828,2.5315897397128735,162.08057806736994,0.9846208832953359,8.29724426137864,0.1276042878228464,8.169639973555794,215.1202761739619,0.7652099129603451,0.7534416604053622,0.9901149070485568,0.8095238095238096,0.5,False,2.171268315486974,1.4034595707812514e-09,5.329070518200751e-15,8.881784197001252e-16,7.105427357601002e-15,1.0844765085948893e-09,5.773159728050814e-15,1.7763568394002505e-15,1.2112217281142594,0.38531730434181766,1.846067888537779,0.30475258743491357,1.7997376188737266,0.1724974634362191,2.3322932222478947,0.17312507396598326,2.1942117110384722,0.196858860462035,1.7973063394054714,0.18510197642719534,0.7102427742313815,0.17594589323175916,0.1632360732158054,0.1632360732158054,0.30475258743491357,0.196858860462035,6.376550844684511,0.32140880354271845,20.112104903458068,1.0137467309830452,35.86277867219292,1.807656374975105,44.46820972338902,2.241411451269983,36.29356414709791,1.8293700329455758,17.841666735128342,0.8993057372585322,3.6572927808893283,0.18434513039144745,2.707619258801472,2.1449231094253114,-0.5626961493761611,8.548398197754379,8.980278651045424,0.4318804532910394,2.3468279274084525,3.183974810506732,0.8371468830982807,4.202539745733643,3.6544983873126244,-0.5480413584210182,3.989186220691172,2.959834674048131,-1.0293515466430403,4.102952593275003,4.649337185685087,0.5463845924100847,-3.7871483926530125,-3.0709705811973036,0.7161778114557078,5.310947395489985,4.919446710759571,-0.39150068473041477
softplus_cnn,20260922,74,5313,7,Sneaker,7,True,12.247967612400837,19.839378307000864,True,True,128,1.9839378307000865e-07,4.0736356510251426e-09,19.108315511999855,145.35041586198113,2.3504354596930055,142.99998040228812,0.9838291796707008,7.326359405661935,0.11847324161682982,7.207886164045105,183.07408640780588,0.7939431446251025,0.7811044326816912,0.9915487254996576,0.9761904761904763,1.0,False,2.008002810425312,1.2119460990334119e-09,3.552713678800501e-15,1.7763568394002505e-15,3.552713678800501e-15,1.5159073996073857e-10,2.4424906541753444e-15,0.0,1.1772491778572496,0.4054657561793463,1.1332625398180742,0.19613370631346458,1.4488100697335835,0.1193887287641429,2.0433028317357893,0.13496942752678548,2.3849516706005165,0.11633103022061009,1.5797186793582585,0.1795416303197086,0.5299011915895255,0.2577979022534228,0.10786669029750766,0.10786669029750766,0.2577979022534228,0.2577979022534228,5.069119420032076,0.2555079771951977,17.165037120437816,0.8652003532984028,34.200699169934126,1.7238795813407863,42.117362861402015,2.1229174730006415,31.21094895021502,1.5731818037464103,13.410674760932132,0.6759624497003422,2.1765735789075027,0.10970976737408347,2.794215495457953,1.9571393903890213,-0.8370761050689313,7.211040455890448,7.328694974822349,0.1176545189319006,0.18804646185765855,0.13803814736343062,-0.050008314494227823,3.381494913972075,3.652176979451197,0.2706820654791201,5.150732404206897,5.21854615023666,0.06781374602976409,1.0282685608285733,1.6663620996490933,0.6380935388205198,-5.998518429107515,-7.461869469161563,-1.4633510400540508,5.353035648893761,6.609227239401258,1.2561915905074963
softplus_cnn,20260922,75,5523,7,Sneaker,7,True,20.301841030452557,19.839378307000864,True,True,128,1.9839378307000865e-07,9.361161801280105e-08,27.162188968019414,153.55748685745004,1.7231745376227672,151.8343123198273,0.9887783098506789,7.740035220925401,0.08685627699405774,7.653178943931344,158.22735733011024,0.9704863270710044,0.9595958302144608,0.9955329518363785,0.9523809523809524,0.5,False,2.5872661467397937,2.182789726745682e-09,5.329070518200751e-15,2.220446049250313e-16,7.105427357601002e-15,6.939622210211382e-10,5.10702591327572e-15,0.0,1.1136731329783718,0.3539056342852676,1.5402336551628597,0.2652279365137053,1.415401182279129,0.15953545624163387,1.7693489249278234,0.14009461573899476,1.7220287409924044,0.13879867964317438,1.1749833647161334,0.12293978417091292,0.3339414736830606,0.1412906703616366,0.0194817909175316,0.0194817909175316,0.2652279365137053,0.15953545624163387,4.696744144462585,0.2367384739473016,15.789054419509679,0.7958442132200323,32.521186915177076,1.6392240932116855,43.57966417211902,2.196624485795543,35.82105926067708,1.8055535161621796,16.577921226960825,0.8356068910239418,4.571856718303959,0.23044354755262947,2.4694722739404344,1.7394892502823622,-0.7299830236580724,7.932190250464409,8.138822818053498,0.20663256758909454,3.4866425448295297,3.73453749924078,0.2478949544112502,4.180503508474825,4.147284129875072,-0.033219378599752214,3.6353503807517096,3.6543302472372927,0.018979866485583585,3.1926691361982895,3.5399959460104187,0.3473268098121285,-3.9462073729519087,-4.906179507969872,-0.9599721350179624,6.211568246312131,7.113908585983823,0.9023403396716903
softplus_cnn,20260922,76,7928,7,Sneaker,7,True,19.499253544988928,19.839378307000864,True,True,128,1.9839378307000865e-07,1.6400711455588635e-07,26.359601389405167,170.22141402230463,1.6019716005794342,168.61944242172518,0.9905888950001935,8.579977224499892,0.08074706655571637,8.499230157944174,195.6918286725044,0.869844260626614,0.8616580649563779,0.9952000166520746,0.9523809523809524,0.5,False,2.4893007939115677,2.106575136551214e-09,1.7763568394002505e-15,1.7763568394002505e-15,3.552713678800501e-15,4.4856918179903005e-10,1.7763568394002505e-15,1.7763568394002505e-15,1.1910000787999664,0.4016709460386525,1.718123315109756,0.23838848095685689,1.6493617916761858,0.10960930516475599,2.205097598086391,0.10966913159506661,2.1669934946516025,0.11261075737121481,1.5144233211019207,0.1770733942687858,0.5456826547905859,0.2076585486934234,0.06412633936192878,0.06412633936192878,0.23838848095685689,0.2076585486934234,6.215363172512475,0.3132841703169305,19.00739867113143,0.9580642284755543,40.10095386713879,2.0212807703247475,47.72151538443022,2.4053936895588297,38.338560514889686,1.9324476766170078,16.473757668875344,0.8303565471636846,2.3638647431444957,0.11915014203395384,2.8621392804900463,2.2724278855424407,-0.5897113949476058,8.570098335963229,9.205939686704784,0.6358413507415557,1.5955734864518991,2.4036597534263198,0.8080862669744207,4.8098269690385616,4.586764118512158,-0.22306285052640362,4.624205186552356,3.9868881209531266,-0.6373170655992297,3.0285343025314764,3.186578285619219,0.15804398308774148,-4.7018984082174216,-4.816174058171422,-0.11427564995400186,5.571122236595017,5.5335175972671085,-0.037604639327909445
softplus_cnn,20260922,77,8612,7,Sneaker,7,True,15.778413231496913,19.839378307000864,True,True,128,1.9839378307000865e-07,4.3123787873966535e-08,22.63876125686529,197.96353332444383,2.4318457431847293,195.5316875812591,0.9877156883273084,9.978313345362592,0.12257671110221163,9.85573663426038,193.24991688737194,1.0243912986509538,1.0118073566635322,0.9872743025955907,0.7857142857142858,1.0,False,2.350732120330225,2.059121761988081e-09,1.7763568394002505e-15,1.3322676295501878e-15,3.552713678800501e-15,4.325748648170702e-10,2.220446049250313e-15,0.0,1.0278046313871199,0.4599086003163262,1.9008440802389508,0.2426017763747806,1.575169547947023,0.17372257733136037,2.1829461144719504,0.14821266239746445,2.146079034999414,0.11759604942603476,1.3888409141596767,0.15865678029479957,0.5025672556325756,0.13650231672994992,0.04427747934247493,0.04427747934247493,0.2426017763747806,0.17372257733136037,4.905350849039254,0.24725325426695796,22.994029093944413,1.1590095585722233,41.43393678471983,2.0884695146973806,53.68398984203455,2.7059310534489227,46.09627172396118,2.32347359935643,23.93475870912713,1.2064268516257437,4.915196321374867,0.24774951338270546,2.9327638732449417,2.388037125901119,-0.5447267473438229,8.362215240071714,8.886414064991875,0.5241988249201621,2.4380417734188584,2.790472251047812,0.35243047762895396,4.1025845780853905,3.939916228589168,-0.1626683494962231,3.3338289220103623,1.8918361179911418,-1.4419928040192183,2.660377011845221,3.5144166754128956,0.8540396635676737,-5.178089323007471,-4.476912545723244,0.7011767772842259,3.987039181196274,3.7045813390870963,-0.2824578421091788
softplus_cnn,20260922,78,8934,7,Sneaker,7,True,17.295789235698884,19.839378307000864,True,True,128,1.9839378307000865e-07,6.851352907233377e-08,24.15613708360862,131.47378361927122,1.288922459140944,130.18486116013028,0.9901963538002871,6.626910459834173,0.06496788554539094,6.561942574288783,195.00505988017437,0.67420703698693,0.6675973497309534,0.9959236090749902,0.9761904761904763,1.0,False,1.3958886030839386,1.0607910105875362e-09,1.7763568394002505e-15,8.881784197001252e-16,7.105427357601002e-15,7.717098071680084e-10,4.440892098500626e-15,0.0,1.1799375621661075,0.40893744157544376,1.5731623033091013,0.26578733994668097,1.5265651754727414,0.15912898924788646,2.2180088566299276,0.15778396616536008,2.332410798392726,0.12292422230164841,1.5622097940885455,0.1745752803072679,0.5338444466785753,0.17279608015502917,0.08299069297222987,0.08299069297222987,0.26578733994668097,0.1745752803072679,5.116276909692924,0.25788494127799894,16.938562691152658,0.8537849537944153,29.70622030007883,1.4973362491704785,37.19753221264554,1.874934367248765,28.019666469957976,1.412325831806457,12.372261817857588,0.6236214475275014,2.1232632177717896,0.1070226690028154,2.864723597566871,2.2664301711290373,-0.5982934264378341,8.883169404613387,9.065784030106991,0.18261462549360008,1.56783378065921,2.194883688724953,0.6270499080657429,3.331474896522592,3.3146354507638436,-0.016839445758749128,4.2678217530555065,3.5940321664970005,-0.6737895865585067,2.5973465377134133,2.6729168747985423,0.07557033708512845,-4.371136146781316,-4.353524858266619,0.017611288514696732,5.01490326025895,5.40097956062658,0.3860763003676299
softplus_cnn,20260922,79,9879,7,Sneaker,7,True,15.461110055272549,19.839378307000864,True,True,256,1.9839378307000865e-07,1.3169731971629517e-10,22.321457918268592,130.85850651772859,2.3984490093177433,128.46005750841084,0.9816714321969371,6.595897537351339,0.12089335523539996,6.475004182115939,180.8311347037615,0.7236503090692964,0.7103868353138123,0.9947709241104089,0.9761904761904763,1.0,False,2.2585658700983426,1.637309177127122e-09,2.6645352591003757e-15,8.881784197001252e-16,3.552713678800501e-15,4.0971670500766777e-10,2.1094237467877974e-15,1.7763568394002505e-15,1.2096890249951842,0.46770932971755275,1.5534026929572806,0.25316818257208534,1.4253010005328768,0.14537592883690215,2.0716852666313565,0.13422664949815152,2.038074542664647,0.11801823625321259,1.3479322027930787,0.1967555479044222,0.5981120467344685,0.25128069171710665,0.0802503769745624,0.0802503769745624,0.25316818257208534,0.25128069171710665,5.187851426606004,0.26149264086442314,16.121965182736425,0.8126245154086986,29.074666613040534,1.465502908565474,35.7731231835636,1.8031373075304522,28.66762222399845,1.4449859154045317,13.002753271843465,0.6554012464823603,3.030524615771058,0.15275300308687872,2.9016292092348337,2.4861948364823063,-0.4154343727525269,8.12828484111711,9.125390729006305,0.9971058878891972,1.7557465912195853,2.22648071289904,0.4707341216794544,3.2905970742477644,2.6087704499394984,-0.6818266243082665,3.8736577225678284,3.7608776436593736,-0.11278007890845387,3.825894669245247,4.498365031399779,0.6724703621545303,-6.44540261485825,-7.633810548001888,-1.188407933143638,4.991050425494473,5.249189063293895,0.2581386377994198
softplus_cnn,20260922,80,298,8,Bag,8,True,12.084402287868478,19.839378307000864,True,True,128,1.9839378307000865e-07,3.756261968135277e-11,13.307176658066899,101.32218580225708,2.252439282966377,99.0697465192907,0.9777695352194405,5.107125043656373,0.11353376341291614,4.993591280243456,129.06530028529525,0.785045907600937,0.767593972200892,0.9602126149424026,0.8333333333333335,0.5,False,1.2734652253552916,6.5098826329546e-10,8.881784197001252e-16,6.106226635438361e-16,0.0,4.5361758793660556e-10,8.881784197001252e-16,1.7763568394002505e-15,0.7452366705005276,0.1732728889047383,1.3178367043019308,0.12927514565970125,1.451976092333585,0.09791379345870461,1.620610357989858,0.11037300671527785,1.2239419456101766,0.10217254017823774,0.6680672234503127,0.06545647215154575,0.1752214406824617,0.0668626526591657,0.04785756205015683,0.04785756205015683,0.12927514565970125,0.11037300671527785,7.034178495782326,0.3545563972284416,14.66426284965988,0.7391493131861494,23.290643057154092,1.1739603276245485,26.336074950125766,1.327464729115648,19.156830836068195,0.9655963276484418,9.127821739563657,0.4600860772105272,1.712373873849774,0.08631187163992515,4.283071525146624,3.8497524126684275,-0.43331911247819566,2.0391493857803367,1.1155360603163238,-0.9236133254640124,2.600154069044823,3.1805965717660833,0.5804425027212601,2.2698200054581257,3.226073597854702,0.9562535923965765,-0.49732717836580265,-0.3234123306492361,0.1739148477165663,0.628101313029914,0.5619385345419561,-0.06616277848795762,-0.6315695064056285,-0.08974116604684532,0.5418283403587827,2.6157770443785067,1.7864329780691053,-0.8293440663094023
softplus_cnn,20260922,81,523,8,Bag,8,True,13.269123452428996,19.839378307000864,True,True,128,1.9839378307000865e-07,5.2996829147389235e-11,14.491897826122443,98.17877529926363,2.414163878078571,95.76461142118507,0.9754105317496594,4.948682049407696,0.1216854601349412,4.826996589272755,132.16424009685971,0.7428543093601642,0.7245879169055237,0.934872374869653,0.9047619047619048,1.0,False,1.4320573312522158,4.23071633282035e-10,8.881784197001252e-16,8.881784197001252e-16,3.552713678800501e-15,1.2222578504861303e-10,8.881784197001252e-16,8.881784197001252e-16,0.7368459231237352,0.25268368907506805,1.4814890408084525,0.1983327297494577,1.3636821934624614,0.09853710977668226,1.5591401060897483,0.07547497918670205,1.1998051617651186,0.08567305163164521,0.8277524490433191,0.0948217353839046,0.22288026117970244,0.04858080838021188,0.006963571777198517,0.006963571777198517,0.1983327297494577,0.09853710977668226,6.838615836366508,0.34469909946489186,16.32534690830989,0.8228759316792223,26.484556145032627,1.3349488948293724,25.071720122329303,1.2637351702438209,16.115588319292065,0.8123030908486302,6.218299927175576,0.313432196863814,1.1246480406368695,0.056687665471856385,3.135040977691248,3.2689361979282268,0.13389522023697864,1.5770567446760513,1.582079636260973,0.005022891584921502,1.862277316815848,2.4765321715323667,0.6142548547165183,2.465322372331713,3.767451624038755,1.302129251707043,-0.9100431583294939,-1.439400105226702,-0.5293569468972076,1.8488904143951406,2.0688859964569866,0.21999558206184577,0.0971342355161483,0.23600031334852395,0.13886607783237598,4.416218923025789,2.5314119919055384,-1.8848069311202513
softplus_cnn,20260922,82,1566,8,Bag,8,True,11.78372213903214,19.839378307000864,True,True,128,1.9839378307000865e-07,2.696267653590212e-10,13.006496946627056,287.5455698518821,5.137035775944487,282.4085340759376,0.9821348811647816,14.493678451124339,0.2589312878887815,14.234747163235557,382.65457159625953,0.7514494564964264,0.7380247226574573,0.8426594699820451,0.5714285714285715,0.5,False,4.987885486058717,1.2759602263656689e-09,2.6645352591003757e-15,8.881784197001252e-16,3.552713678800501e-15,6.776392780238893e-10,2.3869795029440866e-15,8.881784197001252e-16,0.9760653331593917,0.33764870137129754,2.1723873158951226,0.19560239844120916,3.22791431081724,0.18425259707383695,4.668554224099622,0.188687004305588,5.017617274039762,0.22259647577933103,3.2499834208062186,0.2976792113414697,0.9021001287332064,0.4020914870767507,0.049072487921314405,0.049072487921314405,0.4020914870767507,0.4020914870767507,12.70318925778524,0.6403017806915137,35.703698809128255,1.799637985456895,68.46842380468362,3.4511375681829044,83.54968999828748,4.211305853712397,60.804114139958244,3.0648195320970246,22.99650351694906,1.159134281381898,3.3199503248334366,0.16734144958876568,0.34943722990632575,-0.5514452050420453,-0.9008824349483714,2.7331711966899395,2.0906719562815033,-0.6424992404084373,2.799047474138147,3.804691798076122,1.0056443239379749,3.4651136642674167,5.0949753303899215,1.6298616661225036,-3.3908906402236116,-2.498438488306779,0.8924521519168305,1.9093440163873832,2.1473441132443276,0.23800009685694684,0.021640422670791026,1.3927179601198418,1.37107753744905,5.119633582790662,1.525979482541803,-3.59365410024886
softplus_cnn,20260922,83,2304,8,Bag,8,True,21.48720330239383,19.839378307000864,True,True,128,1.9839378307000865e-07,6.880753744553658e-10,22.709977992424818,223.55946587731557,4.017924287492034,219.54154158982354,0.9820274920065475,11.268471341081618,0.20252269125158018,11.065948649830037,237.02662712686373,0.9431829182535677,0.9262315557159675,0.920313637068849,0.38095238095238104,0.5,False,2.7056219846760508,3.1159833602245612e-09,2.6645352591003757e-15,4.440892098500626e-16,3.552713678800501e-15,1.1835190605324897e-09,2.9976021664879227e-15,8.881784197001252e-16,1.0523629490634896,0.24292820814024935,1.8124223690408088,0.2972284369568896,2.856168985369288,0.1624354309658333,3.300046096267312,0.16362228607602838,2.365448578314968,0.10316197873866,1.1487340167359064,0.13262251508554798,0.37626014828130677,0.13104954657639625,0.08820078723075536,0.08820078723075536,0.2972284369568896,0.16362228607602838,14.106406951093255,0.7110306952569893,29.48773970196458,1.486323777169924,57.25441476140232,2.8858976261972153,59.76413385716269,3.012399528470773,39.600928591114766,1.9960770936627839,18.217183510200222,0.9182335871770636,5.128658503957762,0.2585090331256991,-0.6193097092626472,-0.6336886153817638,-0.014378906119117074,3.62544879187189,3.7482092451485616,0.12276045327666874,4.14693944383134,3.6861335281514926,-0.4608059156798473,0.32674375636191666,2.3503408253107865,2.0235970689488694,3.544503528436707,2.8554258422087604,-0.6890776862279473,4.002578156737069,5.874144922595324,1.8715667658582522,3.1341406581691182,2.660392363789902,-0.4737482943792176,4.548933366279421,2.169019881785276,-2.3799134844941467
softplus_cnn,20260922,84,4575,8,Bag,8,True,20.479144254467993,19.839378307000864,True,True,128,1.9839378307000865e-07,4.175393364391766e-10,21.70191884253303,58.903804081881816,1.257236923802218,57.6465671580796,0.978656099662858,2.9690347736902627,0.06337078230715364,2.905663991383109,88.64719816813816,0.6644745158234815,0.6502920379811744,0.9976934003895329,1.0,1.0,False,0.9469216041902124,2.070420723754296e-09,1.7763568394002505e-15,8.881784197001252e-16,3.552713678800501e-15,1.533798865693825e-09,3.3306690738754696e-15,1.7763568394002505e-15,1.126688815837578,0.35118762193253167,1.1610360552596688,0.2758832631727889,1.1678734262122477,0.09825072025199248,0.9583920572558564,0.05845994398551302,0.6834818288481537,0.07350488044421956,0.3840113145852224,0.06933047547544267,0.10199080326326929,0.027357156456584816,0.011459274889295231,0.011459274889295231,0.2758832631727889,0.09825072025199248,4.665556894566484,0.23516648668976262,10.909783665486358,0.5499055210634571,16.3261942993256,0.8229186442583465,14.208480562665397,0.7161756957702423,8.87855397501965,0.44752178408164184,3.288047135827399,0.16573337555981388,0.627187548827315,0.0316132662587514,-0.9320791207141335,-1.252092299644757,-0.3200131789306235,5.684483136907039,5.980488370925879,0.2960052340188407,9.300888952207043,9.364065449757742,0.06317649755070298,0.021112604080758796,-0.06714473306519997,-0.08825733714595876,-1.4088325248016116,-1.7836551392071478,-0.3748226144055363,3.724167342103221,4.415404129251576,0.6912367871483539,5.161105460976541,5.367923866827762,0.20681840585122002,0.15107299177417532,-0.3230708007790248,-0.4741437925531998
softplus_cnn,20260922,85,5972,8,Bag,8,True,25.585078723160372,19.839378307000864,True,True,128,1.9839378307000865e-07,4.030387690256987e-10,26.807852961661865,59.15438630889585,2.5448317861812875,56.60955452271456,0.956979829477183,2.9816653220439684,0.12827175059630141,2.853393571447667,87.41406447312619,0.6767147445372679,0.6476023608319701,0.9923832528180117,0.9047619047619048,1.0,False,1.0340563786327066,2.5663703384637415e-09,3.552713678800501e-15,8.881784197001252e-16,0.0,1.6506476185895735e-09,2.886579864025407e-15,1.7763568394002505e-15,0.9468070119877312,0.30907123647812773,0.890062778747726,0.1708090146642066,1.0173195035087932,0.11648352739501143,0.9014183022060018,0.04558256181284114,0.85608304474178,0.06765895199185333,0.5737799873277957,0.07982954656675428,0.13383384583907434,0.0706304485210255,0.03359143418864562,0.03359143418864562,0.1708090146642066,0.11648352739501143,3.9917199856529457,0.20120186852046462,10.383492623706665,0.5233779235936323,14.170844518699562,0.7142786583034708,15.54996354319091,0.7837928841602704,9.89622711681817,0.4988174006100795,3.8804660120255483,0.19559413364562037,1.2816725084702882,0.06460245319370796,0.13301989863340574,-0.15915567287647475,-0.2921755715098805,6.661798667928454,7.378100027088447,0.7163013591599916,8.648219043020053,9.093105935742468,0.44488689272241644,0.8280855801703497,0.9012204712862696,0.07313489111592,0.34817390158887473,-0.9680388245248822,-1.316212726113757,6.659299823094926,7.650743642462965,0.9914438193680415,2.9700518988350915,3.2891167234753325,0.31906482464024155,0.5592041483907135,-0.37723933934161163,-0.9364434877323254
softplus_cnn,20260922,86,6624,8,Bag,8,True,28.057521293243585,19.839378307000864,True,True,128,1.9839378307000865e-07,3.2364422253294833e-10,29.280295628206304,119.10531766118635,3.9691239133662872,115.13619374782006,0.9666755104532185,6.0034803418793015,0.20006291789726466,5.803417423982037,132.9077631714766,0.8961501933300733,0.866286445580099,0.9704884582308366,0.9761904761904763,1.0,False,1.4653677838544232,2.2950908951102633e-09,1.7763568394002505e-15,6.661338147750939e-16,0.0,1.873488031378656e-09,2.3037127760972e-15,1.7763568394002505e-15,1.053484476642226,0.36084019641369197,1.1630958929515898,0.14832942195639406,1.5367437161075428,0.08146742720475501,1.5168876306857437,0.08844918259893177,1.3331635410211082,0.07140813631205763,0.8419192793534584,0.0823693514235607,0.27043327833719677,0.07283843009684135,0.03694658145009904,0.03694658145009904,0.14832942195639406,0.08844918259893177,7.276876920859963,0.3667895640808522,14.863952763769236,0.7492146444187763,28.165446161593593,1.419673828773891,33.86634466348733,1.7070265075562712,24.65167086189318,1.2425626690728595,9.044486010044444,0.4558855559930954,1.2365402791749553,0.06232757196522678,1.5081364721578765,2.230216499310128,0.7220800271522514,5.92801974841932,6.838795494474942,0.910775746055622,8.604194503921608,8.448700947649339,-0.15549355627227132,1.7220968883274896,2.6602088877568972,0.9381119994294081,0.9988518226687784,-0.5289552329442971,-1.527807055613076,4.978406733956843,6.163124953599187,1.1847182196423445,3.938847748600081,4.1522856706234865,0.21343792202340428,1.601741710154305,-0.6840815903898898,-2.2858233005441964
softplus_cnn,20260922,87,8070,8,Bag,8,True,8.866098295516494,19.839378307000864,True,True,128,1.9839378307000865e-07,2.0024904179294367e-08,10.08887284271653,100.04505567572346,1.887646435450853,98.15740924027261,0.9811320367338363,5.042751548339589,0.09514645097446152,4.947605097365128,142.0353053377699,0.7043675193136616,0.6910775388333726,0.9825231505514982,0.8571428571428572,1.0,False,2.172749436139078,1.975680508081723e-09,1.7763568394002505e-15,8.881784197001252e-16,0.0,4.2666670196922496e-10,1.0547118733938987e-15,8.881784197001252e-16,0.8771508909022231,0.3110050241824023,1.2828388346137376,0.2368506892048521,1.641050257240771,0.12342826877368233,1.7359622740502691,0.10357219495635911,1.4818638043776151,0.10661955011129758,0.7964576321509279,0.1193455383948942,0.21879026497371912,0.07292678298648633,0.002298837873979337,0.002298837873979337,0.2368506892048521,0.12342826877368233,6.22200293619647,0.31361884631238,16.281925063773336,0.8206872620614234,27.075498519874305,1.364735230151843,28.468127344455837,1.43493041485126,16.790626851375897,0.8463282765998201,4.773680181217666,0.24061641989724766,0.4331947786792595,0.02183509845801947,-0.5128952526249975,-0.4547714384067862,0.058123814218211556,1.9562182712187728,3.193624161470737,1.237405890251965,4.056196297156447,4.570414666160342,0.5142183690038964,2.0956602262074444,2.173558588397559,0.07789836219011465,-4.175076466331131,-4.791849192804146,-0.6167727264730158,2.5880074787637484,2.2463697418311663,-0.3416377369325825,-0.5977569190139536,-0.7782577213403834,-0.1805008023264288,4.6785192073402,3.9297840378347084,-0.7487351695054916
softplus_cnn,20260922,88,9290,8,Bag,8,True,31.104366525095813,19.839378307000864,True,True,128,1.9839378307000865e-07,4.68425298549846e-10,32.32714106253345,75.07305559291117,1.4603440522902762,73.6127115406209,0.9805476939661402,3.7840427472679226,0.07360835756506312,3.710434389702859,141.27786035034825,0.5313858477665295,0.521049167633713,0.9982105256734579,0.9761904761904763,1.0,False,1.376043624411964,3.691098982017138e-09,7.105427357601002e-15,1.7763568394002505e-15,7.105427357601002e-15,2.4087825067908852e-09,2.3314683517128287e-15,1.7763568394002505e-15,1.3855129619747972,0.39984389158645406,1.0746740346491273,0.1496500263341212,1.0944677768890387,0.09896417077015537,1.4077726685699194,0.10755181727596205,1.7794013638123352,0.09211709658602836,1.3380054379688064,0.13247748391052158,0.4194450263311335,0.12220534528664577,0.007316729976180069,0.007316729976180069,0.1496500263341212,0.13247748391052158,4.589545123900199,0.23133512819202873,12.619240837383135,0.6360703769094465,18.59244354012075,0.9371484959062403,19.503783346214956,0.9830844013560907,12.729251502964445,0.6416154430843523,5.682616829383377,0.2864311946397086,1.3561744125620734,0.06835770716078893,0.7110958299501208,0.28541454601466965,-0.425681283935451,7.213914218862572,7.820706361138709,0.6067921422761356,10.422860039549501,10.921589997591907,0.4987299580424074,2.1478704397779285,1.7561708456779828,-0.39169959409994604,0.8113427201826173,0.31408799395342346,-0.4972547262291934,7.379100125202643,7.368568096746873,-0.010532028455767672,4.780414757181859,5.13523671035798,0.35482195317612375,-1.1394570681737861,-1.2746334865393139,-0.1351764183655273
softplus_cnn,20260922,89,9833,8,Bag,8,True,18.112157689834152,19.839378307000864,True,True,64,1.9839378307000865e-07,6.2809459855373e-08,19.33493172792546,25.065554233643375,1.7692988122378246,23.29625542140555,0.9294131382156695,1.2634243798253655,0.08918116207368652,1.1742432177516788,45.336864045331424,0.5528735778588663,0.5138479670343341,0.9832905092898373,0.9523809523809524,1.0,False,0.5346744438804816,1.3059737735687804e-09,1.3322676295501878e-15,4.440892098500626e-16,0.0,4.3165115926058206e-10,8.881784197001252e-16,8.881784197001252e-16,0.6309075855343821,0.17165789455979533,0.5979382047685395,0.10406406532930541,0.4359805828534875,0.05551516999289149,0.5149761876637517,0.023588314342138542,0.4565747082668234,0.03314670139518832,0.21715391088135824,0.033076082249673476,0.051577714683187316,0.02049678679805651,0.010994494086678946,0.010994494086678946,0.10406406532930541,0.05551516999289149,2.8642219064396945,0.14437054740918853,4.741045807958436,0.23897149066840612,7.013546316330295,0.3535164362411182,6.105669434344904,0.3077550788065951,3.332418249410572,0.16796989289904501,0.883570907524492,0.0445362195252207,0.12508161151826247,0.00630471426990855,1.680795341480825,1.4638441475902166,-0.21695119389060885,4.249594956864567,5.0101225297840815,0.7605275729195133,4.074485359275284,3.3509823378189147,-0.7235030214563696,0.29355486605805137,0.6225640039430315,0.3290091378849802,1.7517914906960306,1.5917927005311268,-0.15999879016490376,2.9789541710945384,3.6587162727436953,0.6797621016491564,2.0238672691636097,1.8732079063345202,-0.15065936282909015,2.2818882732925543,1.7637018296115263,-0.5181864436810272
softplus_cnn,20260922,90,428,9,Ankle boot,9,True,25.930752696988897,19.839378307000864,True,True,128,1.9839378307000865e-07,1.6071169728348877e-08,30.96679380878156,181.15099599026408,3.141136209407318,178.00985978085677,0.9826601217827358,9.13088067514394,0.15832835892336822,8.972552316220572,268.41577401263135,0.6748895315732797,0.6631870292856925,0.9801780370934484,0.9285714285714287,0.5,False,3.055340533326754,2.465789794570128e-09,3.552713678800501e-15,8.881784197001252e-16,7.105427357601002e-15,1.2985950093025167e-09,3.1086244689504383e-15,5.329070518200751e-15,0.9658031451832788,0.24020336191015096,1.8521775604542186,0.3102582803517292,2.1513531538476456,0.17105252835139745,3.1918364316407444,0.18834512480478918,3.084900380630664,0.14765125721521283,1.945438796575586,0.1734033479696129,0.9995721326492464,0.21913850961589595,0.3041663614275199,0.3041663614275199,0.3102582803517292,0.3041663614275199,9.760898981955156,0.49199621232640933,22.959666823062527,1.1572775350002062,42.37406139664287,2.1358563126794166,49.203436410905354,2.480089630305733,38.635136207395206,1.9473965166419427,15.864123793349483,0.7996280703892519,2.3536723764954606,0.11863639777789324,4.862663569567641,4.32726108364107,-0.5354024859265709,4.902254675685507,6.942941508559286,2.040686832873782,0.8088308146085776,1.2837349035370194,0.47490408892844105,5.863856368634232,5.435804085490349,-0.4280522831438821,8.808894506013704,7.271840242043401,-1.537054263970305,2.116895159224055,2.7424404474784505,0.6255452882543946,5.55926569361208,5.145141529840996,-0.4141241637710862,-1.9558669785642424,-2.1823699905104172,-0.22650301194617384
softplus_cnn,20260922,91,623,9,Ankle boot,9,True,12.845940009434429,19.839378307000864,True,True,128,1.9839378307000865e-07,1.3703843060319798e-09,17.881981256755918,154.29940050537726,2.5972729635832374,151.70212754179403,0.9831673165606841,7.7774312338672695,0.13091503793073592,7.646516195936534,217.8482478248415,0.7082884624779723,0.6963660670053609,0.9765742106001656,0.880952380952381,1.0,False,2.033126028598798,1.527885706842369e-09,1.7763568394002505e-15,4.440892098500626e-16,3.552713678800501e-15,8.987335320398415e-10,1.5543122344752192e-15,5.329070518200751e-15,1.0500327517060064,0.3019470274598424,1.5001897849562447,0.163408969969854,2.257433665018366,0.16952813545658565,2.620830978758674,0.13545090595223863,2.4508009496586216,0.1573098922892489,1.6211882828517847,0.22039017707284445,0.4686705848774918,0.17409966438665045,0.06148426124070546,0.06148426124070546,0.22039017707284445,0.22039017707284445,8.38814980858474,0.42280305757488146,19.02470172005303,0.9589363852868136,35.633056538200336,1.796077275547805,44.24544286862047,2.2301829313374837,33.376165056082755,1.6823190999037034,11.767309448435029,0.5931289411565187,1.8645750646571453,0.09398354302257442,3.40220377292055,3.2997096916190896,-0.1024940813014601,3.182203785390058,3.339048831077237,0.15684504568717855,-0.17207257293920325,0.3640991394147666,0.5361717123539704,3.6980347648815064,2.987790843306797,-0.7102439215747096,5.341804955404644,3.9422862608145244,-1.3995186945901195,0.6213916211795202,2.2273513689417728,1.6059597477622527,6.149348390340471,6.447644848569675,0.29829645822920603,-4.340933460421633,-4.72594972608921,-0.3850162656675782
softplus_cnn,20260922,92,995,9,Ankle boot,9,True,20.769018987985532,19.839378307000864,True,True,128,1.9839378307000865e-07,6.158622101182232e-08,25.805060258414535,162.46076193237482,2.966614557079236,159.4941473752956,0.9817395011460422,8.18880306723352,0.1495316290245035,8.039271438209017,242.87450810388754,0.6689082489582793,0.6566936506447738,0.9777401119459528,0.4761904761904762,0.2,False,2.8306118134241207,2.3895441181309707e-09,1.7763568394002505e-15,8.881784197001252e-16,7.105427357601002e-15,1.4144525550818798e-09,2.220446049250313e-15,7.105427357601002e-15,1.071128122475007,0.2437415734017469,1.5989272507164003,0.31556923257525893,1.8778024211471065,0.11405651132454633,2.4432880129837207,0.1294017341845589,2.7437878077208726,0.1669154821403487,2.3179059518211944,0.1882676026316096,1.0331060319537353,0.2859215564212773,0.22722480671493908,0.22722480671493908,0.31556923257525893,0.2859215564212773,8.416536920504258,0.42423390442301584,18.293017593665674,0.9220559893860427,37.43893715376002,1.8871023362939088,45.11719791845758,2.274123574857018,35.05298978081308,1.7668391236051826,15.536530374330166,0.7831157878998496,2.605552190489129,0.13133235075061242,4.699778852276069,4.186811354938278,-0.5129674973377907,3.2140032568620542,4.916213599596966,1.7022103427349138,-0.4230434321205315,0.21385578026019042,0.636899212380722,4.382577683152956,4.462154796739976,0.0795771135870198,7.368274188870464,7.189162736692504,-0.17911145217795899,4.393141953141797,4.941069842225606,0.5479278890838097,5.220616590580761,3.477070199803325,-1.7435463907774382,-3.0502888343490393,-3.5812780504278585,-0.5309892160788192
softplus_cnn,20260922,93,2043,9,Ankle boot,9,True,22.942383933534984,19.839378307000864,True,True,128,1.9839378307000865e-07,6.153317855250862e-10,27.97842506132512,141.90163615238285,2.4907706035828765,139.41086554879996,0.9824472030688346,7.1525243360226165,0.1255468072154227,7.026977528807193,191.99728115306004,0.7390814875094976,0.7261085402436598,0.991775355105383,0.9761904761904763,1.0,False,2.1377991838649475,3.1354900897895277e-09,3.552713678800501e-15,1.7763568394002505e-15,7.105427357601002e-15,1.988652797990653e-09,2.220446049250313e-15,5.329070518200751e-15,1.0259575239263052,0.31457361321332517,1.6044465435778086,0.23493674396836642,2.0455703272513013,0.13992423833874357,2.305999160512065,0.10673526018508318,2.1393137893206857,0.12712493251574117,1.1599778075173093,0.12427101059981224,0.3141699460925656,0.10943379638227012,0.10810799227339254,0.10810799227339254,0.23493674396836642,0.13992423833874357,6.066101683266609,0.3057606740190049,20.75077698303119,1.045938872777516,34.96947974913729,1.7626298167214929,38.42585645341664,1.936847811398255,28.266182580580015,1.4247514283552687,11.312622660062438,0.5702105421353083,2.110616042483299,0.1063851905953379,4.142951166931548,3.732739675773917,-0.4102114911576315,5.27810009915428,6.197579678622122,0.9194795794678414,-0.4974730442480756,-0.12480946441687484,0.3726635798312007,7.387531531442486,6.8205989056070555,-0.5669326258354324,8.597620534196947,9.101509343277016,0.5038888090800677,3.2986025552399485,3.993341191438044,0.6947386361980956,2.0807558939078574,1.0671913338072816,-1.0135645601005763,-2.3096636752998796,-2.8097256007947884,-0.5000619254949074
softplus_cnn,20260922,94,2087,9,Ankle boot,9,True,27.48663827842462,19.839378307000864,True,True,128,1.9839378307000865e-07,5.832009097872515e-09,32.52267925717142,146.0141106209902,2.6088701108649746,143.40524051012522,0.9821327534731431,7.3598128107404035,0.1314995898810178,7.228313220859385,183.90538616780896,0.7939632093632977,0.7797772729683491,0.9867672628185554,0.9761904761904763,1.0,False,2.594971934114421,1.795308124385997e-09,2.6645352591003757e-15,8.881784197001252e-16,1.4210854715202004e-14,1.3112355645716889e-09,1.5543122344752192e-15,5.329070518200751e-15,1.0616750017018315,0.34115501676875454,1.6784210105015804,0.3178819786637258,1.9421841686797436,0.14763949580687735,1.7717862606019914,0.14550318582749566,2.0644566192187876,0.11553684910590116,1.2797908479804412,0.12858296483524176,0.4939447497780595,0.1352639629794673,0.039131518886453893,0.039131518886453893,0.3178819786637258,0.14763949580687735,6.60439497832704,0.3328932427281,19.279074771014617,0.9717580093833622,35.604652766254304,1.7946455889542787,42.02625819934721,2.118325360251692,29.636588403313112,1.493826466974272,10.778310313657894,0.5432786323679545,2.0848311886603534,0.10508551005979175,4.4135738951884385,3.778782165863947,-0.6347917293244923,4.8127291864424535,6.587005721449146,1.7742765350066927,1.1465514388388587,1.6327224159265696,0.4861709770877112,5.955140808348731,5.319243166194229,-0.6358976421545035,9.420278584502288,8.95154378783441,-0.4687347966678791,4.438142016163463,4.716084492313303,0.27794247614983925,3.2336021191862323,2.3641561771237556,-0.8694459420624758,-0.8973387914990578,-0.8268586682227029,0.07048012327635528
softplus_cnn,20260922,95,4442,9,Ankle boot,9,True,22.987604850592326,19.839378307000864,True,True,128,1.9839378307000865e-07,1.3108714114196118e-09,28.023646071170788,77.13859328593175,2.426343059615495,74.71225022631626,0.968545666231925,3.888155772437249,0.12229934940850913,3.7658564230287404,107.88620462979708,0.7149996012059808,0.6925097651056074,0.9870170645203592,0.8333333333333335,0.5,False,1.3421512632191952,1.9108935545020245e-09,1.7763568394002505e-15,1.7763568394002505e-15,7.105427357601002e-15,1.6768240129749756e-09,2.3314683517128287e-15,5.329070518200751e-15,1.0228268456212581,0.35040130440646167,1.5842833683262274,0.31152026270784416,1.278825101346542,0.11554021842542554,1.1970807624275936,0.0744897834756525,0.8519351808864201,0.09275220327638524,0.4284691620450335,0.0792472042682336,0.09679929781940255,0.03549857777209043,0.0005902615157729088,0.0005902615157729088,0.31152026270784416,0.11554021842542554,5.571378421775538,0.28082424436704884,11.874436668348098,0.5985286678140453,19.209606747882496,0.968256487205744,21.687925860311804,1.0931756794344019,13.8367684156233,0.6974396173866305,4.274341763481292,0.2154473641935128,0.6841354082469704,0.034483712022647134,4.54755394159992,3.7790452246210378,-0.7685087169788835,4.079747268344006,5.716429723747697,1.6366824554036894,-0.2038848961090248,0.54769030758819,0.7515752036972149,4.568156460550089,4.124870465507627,-0.44328599504246313,9.577558337123612,9.202308482308066,-0.3752498548155442,4.393288352168576,3.9755960826559793,-0.4176922695125975,2.187038551687955,2.2251239530409612,0.038085401353005296,-1.125811944194354,-1.5474181666219458,-0.42160622242759166
softplus_cnn,20260922,96,4850,9,Ankle boot,7,False,16.78919195128902,19.839378307000864,True,True,128,1.9839378307000865e-07,9.236738662821153e-08,21.825233108375542,158.27343476518263,3.8482287226735457,154.42520604250907,0.9756861994662411,7.977741656820544,0.19396921935379363,7.78377243746675,259.8427429335692,0.6091123922812286,0.594302555072662,0.967654919217119,0.8095238095238096,0.5,False,2.7047823288327266,3.03949043711782e-09,1.7763568394002505e-15,8.881784197001252e-16,7.105427357601002e-15,1.3472032378558652e-09,1.9984014443252818e-15,5.329070518200751e-15,1.0898490774425902,0.3068106484844274,1.3909219835355164,0.31813141907900244,2.0613765415458616,0.11716021714736623,3.0782399667174216,0.13257965753667308,3.0467200069629743,0.14054988711215485,2.345377994776516,0.25164290948668666,0.988190187077219,0.2210198787667457,0.18649617460100953,0.18649617460100953,0.31813141907900244,0.25164290948668666,9.940119825682903,0.5010298040526432,20.5111281094888,1.0338594179763634,39.3877897730185,1.985333873043766,41.703483726996886,2.1020559758306883,30.32954093477735,1.5287546043756193,13.849059305217637,0.698059137283078,2.5523130893499952,0.1286488442255946,4.960180208042982,4.308441195689333,-0.6517390123536491,3.228754406982744,5.360952958527854,2.1321985515451107,-0.683897978129742,0.5861856090563619,1.2700835871861045,2.7256723336929527,2.3395805756881316,-0.3860917580048211,6.749826732930687,5.949254241530454,-0.800572491400233,2.487512438570959,2.933459023186895,0.44594658461593595,6.472890598604604,5.156659748420792,-1.3162308501838096,-4.115705632319648,-4.809300242377077,-0.6935946100574266
softplus_cnn,20260922,97,6965,9,Ankle boot,9,True,16.319765472532737,19.839378307000864,True,True,128,1.9839378307000865e-07,1.3846079838231162e-10,21.35580663413687,112.28947594302127,2.491180680881052,109.79829526214021,0.977814655737238,5.659929167407271,0.12556747708177787,5.534361690325492,176.9966999686481,0.634415647087835,0.6203409175515084,0.9824537346634165,0.9047619047619048,0.5,False,1.173900494659827,9.68765845321684e-10,8.881784197001252e-16,8.881784197001252e-16,3.552713678800501e-15,9.177405502214242e-10,1.4432899320127035e-15,5.329070518200751e-15,0.7662012446582099,0.21502200108886976,1.2507017331641739,0.275304876357517,1.9540473603847084,0.14212593074323793,2.4016325634399136,0.09749727607061916,2.1282632461868785,0.122039984266604,1.0157331119698454,0.09881985064004756,0.12009057438654241,0.046743211159732394,0.051015603659113125,0.051015603659113125,0.275304876357517,0.14212593074323793,4.670339073284138,0.23540753147673393,12.419684210005364,0.6260117639685686,27.759077084144366,1.399190874562275,33.49964204149126,1.6885429333070383,23.206349243831845,1.169711514379604,9.121797207422226,0.459782411841169,1.6125870824946387,0.08128213785436984,4.217045766707615,3.553797198818001,-0.6632485678896152,3.9973203652111304,4.9614955520604145,0.9641751868492834,0.7710177116590686,1.5927956471277072,0.8217779354686384,4.640207804911142,4.443917491931248,-0.19629031297989508,5.959005211107952,5.216154941565975,-0.7428502695419755,1.8196273381361583,2.5248548971581606,0.7052275590220021,1.747023710775367,1.3360550639510922,-0.41096864682427414,-1.7954412743715689,-2.273264157557991,-0.4778228831864209
softplus_cnn,20260922,98,9272,9,Ankle boot,9,True,22.768197201171866,19.839378307000864,True,True,128,1.9839378307000865e-07,3.7396187479998844e-08,27.804238258485903,194.75728594484755,3.246838475212794,191.51044746963476,0.9833287958421629,9.816703070585742,0.16365626104660036,9.653046809539141,285.95405279552233,0.681078949715439,0.6697245434971277,0.9785309986404094,0.9285714285714287,0.5,False,2.1527372552547104,2.3889734634963133e-09,3.552713678800501e-15,1.7763568394002505e-15,7.105427357601002e-15,1.414235839547473e-09,2.220446049250313e-15,7.105427357601002e-15,1.0215263862336073,0.38136426311360677,1.888941433275444,0.3174980067529412,2.021272183669565,0.15544004484485893,3.2878275242438697,0.19338370149858616,3.2326255817319676,0.17398391548339404,2.485988837968987,0.21796014838871186,1.2577323335865753,0.2728487216342891,0.23907044935766697,0.23907044935766697,0.3174980067529412,0.2728487216342891,8.384708136487603,0.4226295807630641,19.633263561334804,0.9896108263839434,43.40249473071789,2.1876942946040874,56.63942320110759,2.854899096365375,43.83255186353331,2.2093712406333723,19.33211761631594,0.9744316236710945,3.5327268348021423,0.17806640813717048,4.334181209442768,3.2848258753147888,-1.049355334127981,5.971484856503281,8.607558375833712,2.63607351933043,0.10714984835110646,0.5669973702618448,0.4598475219107378,4.607697654769181,4.758615089447926,0.15091743467874508,10.659749775420137,9.576813742026916,-1.0829360333932185,4.919640629165432,4.361671296754335,-0.5579693324110975,0.7962197101860469,0.46794666164493215,-0.3282730485411143,-3.5918854253520553,-3.8201901513843195,-0.22830472603226326
softplus_cnn,20260922,99,9528,9,Ankle boot,9,True,20.84281017895303,19.839378307000864,True,True,128,1.9839378307000865e-07,4.914184614790429e-10,25.878851577592364,143.7741756217332,3.028236256019894,140.74593936571333,0.9789375508993555,7.246909323312746,0.15263765875926155,7.094271664553485,183.82958879855775,0.7821057347807178,0.7656326725505767,0.9827758535126384,0.9285714285714287,1.0,False,1.4131184960305097,3.850417762407687e-09,1.7763568394002505e-15,2.42861286636753e-16,1.0658141036401503e-14,1.5656311802558776e-09,2.6645352591003757e-15,7.105427357601002e-15,0.8091106100551614,0.32335196418157847,1.810567372804894,0.27818536162409413,1.9551043155080814,0.11967871497446896,2.2279261302955784,0.12726630628144628,1.814220027030477,0.10685490228008218,1.0399120953370593,0.14041502480042176,0.3551721358046472,0.10057569789692553,0.06299254723016007,0.06299254723016007,0.27818536162409413,0.14041502480042176,8.750799167044233,0.44108232786489465,21.59416821524096,1.088449843593177,33.15045350289816,1.6709421530210007,39.90488685262464,2.0113980506406857,28.427742603376267,1.4328948298417579,10.579655639056933,0.5332654821811434,1.3664696409760921,0.068876636144082,4.136642961703187,3.4817119773333074,-0.6549309843698798,4.831633342962366,6.1202517643276355,1.288618421365269,-1.248867144370596,-0.9652539521468901,0.2836131922237056,6.512364634738653,5.802676209364203,-0.7096884253744492,7.760165825866429,8.649288727912845,0.8891229020464131,3.8744083879419144,4.388969596849695,0.5145612089077807,0.10931638802639176,-1.554300457466354,-1.6636168454927465,-0.09681281927599078,-0.044492287016446176,0.05232053225954425
softplus_cnn,20260923,0,280,0,T-shirt/top,0,True,16.138565755681746,20.979337059984488,True,True,128,2.0979337059984488e-07,3.5195124592490856e-11,14.98865923117846,66.49795629377343,1.5080466700555646,64.98990962371786,0.9773219095126271,3.1696881604810154,0.07188247492014314,3.0978056855608727,95.80272062684425,0.6941134433205279,0.678372275844403,0.9856438686847969,0.9047619047619048,0.5,False,0.8413816479693463,5.172155759236574e-10,1.7763568394002505e-15,4.440892098500626e-16,3.552713678800501e-15,5.468692165777611e-11,1.609823385706477e-15,4.440892098500626e-16,0.7116110192864312,0.2477080710601779,0.8376330693279215,0.10468167879404197,0.8517832890562522,0.05369413230963971,1.1181158598213885,0.051933707262629185,0.9643097056144639,0.060551215507565335,0.5845722667250031,0.07821381786955975,0.1750883675796809,0.059110136941111426,0.0350249900491631,0.0350249900491631,0.10468167879404197,0.07821381786955975,3.3763858527902046,0.16093863419689494,8.289574257840837,0.39513041971436663,15.660950278484279,0.7464940495357988,19.087919069626327,0.909843767467476,13.622192831460143,0.6493147420488709,5.522395499129807,0.263230219493594,0.9385385042525445,0.04473632801499203,2.952041200571922,3.001338361214385,0.049297160642464644,-1.0128026311333476,-1.65378474497973,-0.6409821138463826,-0.08583449981616495,-0.13761488417996767,-0.051780384363802806,3.3327127389511095,2.7908148378724915,-0.5418979010786189,2.413732833086401,3.3809035483687886,0.9671707152823881,1.8572912257630718,2.3049112443079616,0.4476200185448902,-0.30074050299704863,-0.25678172743857036,0.043958775558478436,5.832258866752518,5.558872595958414,-0.27338627079410327
softplus_cnn,20260923,1,1403,0,T-shirt/top,0,True,19.603422716142287,20.979337059984488,True,True,128,2.0979337059984488e-07,9.407230550095846e-11,18.453516220546994,45.22583052466056,1.3408621448335976,43.88496837982696,0.970351851380541,2.155732108948442,0.06391346594984298,2.0918186429985983,86.6536672779058,0.521914789591275,0.5064409823427792,0.9935564614449789,0.9761904761904763,1.0,False,0.5626084547638828,4.637479844582515e-10,2.6645352591003757e-15,4.440892098500626e-16,0.0,2.461391090946563e-10,2.6645352591003757e-15,1.7763568394002505e-15,0.9039574639184845,0.2522919025223975,0.8661290559590356,0.11754044175831835,1.0470812432829015,0.06465185646189404,0.8634479557265708,0.04786404812901633,0.7451295755702262,0.04308007679680316,0.468404126449268,0.03733450965589174,0.09094316965922082,0.04168484855823221,0.049294115713682626,0.049294115713682626,0.11754044175831835,0.06465185646189404,3.656536503912127,0.17429228070731187,8.318121494093408,0.3964911508075822,12.0978449199398,0.5766552529924768,11.29665151274002,0.5384656093012108,6.912898351296835,0.3295098568430144,2.6921993915612585,0.12832623756716788,0.25157835089938707,0.011991720719299654,5.299327458102772,5.213955918809155,-0.08537153929361696,-0.48538716604619314,-1.0750273772979844,-0.5896402112517916,-0.6646059238755169,-0.7968615565952927,-0.13225563271977583,5.1723113988756815,4.663645171619536,-0.508666227256148,1.8714875328319995,2.396005026437222,0.5245174936052232,1.602539484907697,2.1538326479059915,0.5512931629982943,-0.2514501019608289,-0.27637863615002556,-0.024928534189196494,5.909293537711382,6.174345026064529,0.26505148835314846
softplus_cnn,20260923,2,1512,0,T-shirt/top,0,True,17.796679310442933,20.979337059984488,True,True,64,2.0979337059984488e-07,1.5004410602870166e-08,16.646772786738783,38.39344950490773,0.9550508939376376,37.43839861097009,0.9751246395868765,1.830060187084678,0.04552340673143958,1.7845367803532384,67.03660812378814,0.5727236293639937,0.5584769226664522,0.9936197644955984,0.9761904761904763,1.0,False,0.6103725585509062,1.526710702304257e-10,8.881784197001252e-16,4.440892098500626e-16,0.0,3.6131098113401094e-12,1.5126788710517758e-15,4.440892098500626e-16,0.6528477591215833,0.20779193484441597,0.6672143533777922,0.08108760301918648,0.6990767961787848,0.042908978247198734,0.7145251459434504,0.02807420295334849,0.5819377269932999,0.038166066280886035,0.3621748877494957,0.038994666939772625,0.14310847822269074,0.05263590270728606,0.02732612240787153,0.02732612240787153,0.08108760301918648,0.05263590270728606,3.360562552772635,0.16018440159305586,5.816228478511961,0.277236047158311,8.617697104257271,0.41077070641543156,9.709665074887987,0.46282039547417264,7.259273229652839,0.3460201439586484,3.10837860418025,0.14816381448530616,0.5216444605492669,0.02486467799519937,3.319525345341394,3.3839621632669177,0.06443681792552353,0.39789504356135313,0.14730943898043963,-0.2505856045809135,0.5914866622376733,0.6322746403498336,0.04078797811216042,2.637042926749656,2.718634397641677,0.08159147089202223,1.8806217429913616,2.322570415848262,0.4419486728569006,0.27235988561020186,-0.3881564170186945,-0.6605163026288963,1.8344590421508253,2.1607449963000502,0.3262859541492254,5.713382138096318,5.669433151366686,-0.04394898672963317
softplus_cnn,20260923,3,3341,0,T-shirt/top,0,True,19.313350682494626,20.979337059984488,True,True,128,2.0979337059984488e-07,3.283746607962712e-10,18.163444349312105,86.37821961469612,2.196296730390441,84.18192288430568,0.9745734892408366,4.11729976823014,0.1046885668556042,4.012611201374535,120.63724353175051,0.7160161910692384,0.6978103976832812,0.9854336594897051,0.8571428571428572,0.5,False,0.9292829639112906,1.2046668107501546e-09,1.7763568394002505e-15,4.440892098500626e-16,0.0,1.090821655225227e-09,2.220446049250313e-15,0.0,1.156305320268053,0.36164802817100955,1.0436785843447416,0.11394810868812595,1.1290904223257368,0.0552519420510936,1.4137851137399433,0.072212921438438,1.2994468567748134,0.060440364103602935,0.683168296876368,0.05709404950628054,0.17914228891795286,0.05253598084012953,0.001977075161029986,0.001977075161029986,0.11394810868812595,0.072212921438438,5.1965004170874955,0.24769612129447038,13.346137184236603,0.6361562877834077,23.356664656210395,1.1133175747845898,23.51984849409162,1.1210958871981158,14.483864423284668,0.6903871357742215,5.84565256446844,0.27863857412436094,0.6295518750636593,0.03000818725890306,4.725162486324968,5.470264749019794,0.7451022626948267,-0.36206517777623054,-1.2310898785226851,-0.8690247007464547,0.5508924292341085,0.1333855344366363,-0.4175068947974729,5.6219411539554045,5.315510228571526,-0.3064309253838764,1.7241919080406336,2.33166315576635,0.607471247725716,3.0188451806427947,3.862568401158104,0.8437232205153086,-0.385002342449913,-0.6619500850382006,-0.2769477425882872,3.2694787113403394,2.943092245011401,-0.32638646632893914
softplus_cnn,20260923,4,4116,0,T-shirt/top,0,True,19.452661553639416,20.979337059984488,True,True,64,2.0979337059984488e-07,1.8341769036922528e-07,18.302755055418068,36.09271557431737,1.8303879022842495,34.262327672033116,0.949286500803317,1.72039352202219,0.08724717549705086,1.633146346525139,76.76508535148635,0.47017098214714004,0.4463269664217174,0.9881122105329998,0.8333333333333335,1.0,False,0.5211861727626863,4.204050996214903e-10,4.440892098500626e-16,1.1102230246251565e-16,0.0,1.2015277661703294e-11,4.440892098500626e-16,8.881784197001252e-16,0.6322467398941217,0.25300490676502757,0.6720931282580608,0.08154516940987838,0.6812664499387769,0.046530441503652056,0.8208956863436961,0.0416643038659021,0.7520363295091436,0.04400694771526674,0.4927698232546469,0.0441944498206187,0.20142265224953562,0.0441353416804984,0.038596535900844435,0.038596535900844435,0.08154516940987838,0.046530441503652056,3.904017779124869,0.186088710427905,6.0859171955157905,0.2900910156557774,8.815298863170355,0.4201895816805602,8.270248490268092,0.39420923867239716,5.919615508998914,0.28216408802973353,2.5701501840334706,0.12250864632589925,0.5274675530664381,0.025142241223270956,2.195502641648565,2.396874601682727,0.20137196003416238,1.4607394919025076,0.8805894186478189,-0.5801500732546886,1.1860910918147005,1.2488722515526671,0.06278115973796694,0.6968421140600856,0.9251721758363141,0.22833006177622833,2.3135127273581486,3.006820362487786,0.6933076351296371,0.15615485765903192,-0.9015206242902455,-1.0576754819492775,3.0472431562185953,2.8546808091443188,-0.192562347074277,7.246668974756434,7.891266060368696,0.6445970856122614
softplus_cnn,20260923,5,5544,0,T-shirt/top,0,True,21.99760535716033,20.979337059984488,True,True,128,2.0979337059984488e-07,2.220144068587615e-10,20.847698811504657,79.94021340912292,1.618086659597655,78.32212674952527,0.979758789843148,3.8104260959512906,0.07712763539530317,3.7332984605559876,167.59388406393197,0.4769876529541386,0.46733284562847033,0.9914959822204849,1.0,1.0,False,0.7843668087921578,6.872121205425685e-10,1.7763568394002505e-15,4.718447854656915e-16,0.0,9.410996426595375e-10,1.6653345369377348e-15,1.7763568394002505e-15,0.9236352681363806,0.2473603348363047,0.958870376413631,0.10715464357780567,1.5961043831687152,0.08981763733918623,2.463808561009272,0.09712953912436388,1.9240008934408983,0.08915710335786228,0.8337193905341089,0.09274667288374229,0.2014662292637577,0.07748923851191865,0.010551613951526878,0.010551613951526878,0.10715464357780567,0.09712953912436388,5.460390140736978,0.2602746752733194,12.8905917370875,0.6144422819572656,21.297893814134618,1.0151843098396915,21.389646603211045,1.019557793559129,13.620733249503866,0.6492451696905019,4.60591914575924,0.2195455048264831,0.6750387184688105,0.03217636079437248,5.620439235320429,6.091574559363324,0.4711353240428967,-0.4323110442966085,-1.6116154874103654,-1.179304443113757,-0.26263266541323094,-0.15167440416959707,0.1109582612436337,5.15850912562572,4.84828266163181,-0.31022646399390963,1.8922804111788314,2.4441538630896176,0.5518734519107866,2.153240523755065,2.4948351045290846,0.34159458077401966,0.2535676590750654,0.12501190705562795,-0.12855575201943736,6.4646055662593875,6.607130608356257,0.1425250420968689
softplus_cnn,20260923,6,6708,0,T-shirt/top,0,True,14.779586880976195,20.979337059984488,True,True,64,2.0979337059984488e-07,6.373049643570994e-09,13.629680465493609,16.979641367254175,0.9052177056322469,16.07442366162193,0.9466880550623413,0.8093507110689764,0.04314806054376421,0.7662026505252123,36.2878590172558,0.46791521536665814,0.4429697451695382,0.9942838207809259,0.9523809523809524,1.0,False,0.3476349078577934,4.008935405863667e-10,8.881784197001252e-16,2.220446049250313e-16,1.7763568394002505e-15,3.5432989875516796e-11,1.8041124150158794e-15,4.440892098500626e-16,0.5818243529384005,0.24734127805554154,0.4976848593040929,0.06455678411092684,0.4431623262731157,0.03923312412892637,0.34201648917516797,0.013740125810611866,0.26934575412334205,0.021683587802381447,0.13986790809450853,0.014540969326847277,0.031615673860343384,0.00982616589396325,0.006002208494087344,0.006002208494087344,0.06455678411092684,0.03923312412892637,2.0191929888781597,0.0962467490323859,3.6247887887026704,0.17277899574894148,4.142340439314912,0.19744858607643606,3.9247871009530666,0.18707869985268108,2.3678400815189713,0.11286534339711506,0.7666433924448981,0.03654278446706385,0.13404857529081435,0.006389552487170606,1.702914848985529,1.5885674574513664,-0.11434739153416186,0.8518243912750073,1.0624350255924306,0.21061063431742344,1.0739489888470675,0.9022501865562943,-0.17169880229077272,-0.4280780081904578,-0.4592514473333712,-0.03117343914291329,1.9496592591672173,2.491144171947216,0.5414849127799978,0.6963945757955095,0.22484254627970038,-0.4715520295158091,1.6065778255037626,1.4901317823374571,-0.11644604316630558,6.176438584109972,6.329560742627084,0.15312215851711028
softplus_cnn,20260923,7,7346,0,T-shirt/top,0,True,11.324319993641865,20.979337059984488,True,True,64,2.0979337059984488e-07,1.199059980194761e-07,10.174413648500723,19.93991173080795,1.5887526891486603,18.35115904165929,0.9203229828397899,0.950454805783205,0.0757294038703926,0.8747254019128123,43.628861068320084,0.45703489026640615,0.42061971347183497,0.972303027498421,0.9761904761904763,1.0,False,0.970549689924358,4.2830317070752244e-10,8.881784197001252e-16,2.7755575615628914e-17,3.552713678800501e-15,5.970335337224242e-12,6.661338147750939e-16,4.440892098500626e-16,0.6093839838113276,0.25364752051065126,0.45357901195882583,0.0600697790756922,0.6025496202168884,0.06282217722128024,0.45014868162844196,0.05606749785471581,0.3276423864238838,0.02841736127670589,0.19224594173792822,0.030847711225126626,0.046386075560102845,0.01343877901772969,0.007059327550123753,0.007059327550123753,0.06282217722128024,0.06282217722128024,2.969971078827174,0.14156648850892573,4.71314138189808,0.22465635441301998,5.39436845915111,0.25712768919854034,3.6446689194202695,0.1737266010360274,2.3684422132343674,0.1128940445764552,0.7735445079499196,0.036871732683363044,0.07577517017816807,0.003611895359777593,-0.17657429713498615,-0.12301115842369922,0.05356313871128708,-0.6717722257273152,-0.6782317878631701,-0.006459562135854802,1.469189666998553,1.2871882659033114,-0.18200140109524157,-0.24298622886912674,0.3868845598672085,0.6298707887363355,-0.1585346774961932,-0.2396237858188206,-0.08108910832262738,0.3926624930769874,0.3997365183881419,0.007074025311154489,3.6118732989169207,2.29267068132497,-1.31920261759195,5.950555618735884,6.848800355128754,0.8982447363928696
softplus_cnn,20260923,8,7393,0,T-shirt/top,6,False,7.6871142928679,20.979337059984488,True,True,128,2.0979337059984488e-07,1.6781576128721554e-11,6.537208088920886,36.3536142238263,1.6475345582837155,34.70607966554258,0.9546803091395542,1.7328295036150765,0.07853129741769513,1.6542982061973814,69.91137371449972,0.5199957073120208,0.4964296626078811,0.9567703194414836,0.7142857142857144,0.5,False,0.9750993218125835,4.5096759659912777e-10,4.440892098500626e-16,6.661338147750939e-16,0.0,1.2003376070879312e-10,6.661338147750939e-16,1.7763568394002505e-15,0.5744982367532614,0.1626215387414918,0.7419457397008532,0.10365726932038224,1.0007963512449347,0.0599307559734745,0.8738965824198265,0.03542845544502625,0.41748682433355433,0.030918881239543814,0.21831640167350588,0.02564536567720865,0.06407739266890501,0.018021812097729167,0.015872647446684655,0.015872647446684655,0.10365726932038224,0.0599307559734745,3.7904490744851587,0.180675350400608,6.004556105799649,0.2862128621429417,9.505116972927365,0.45307041617903215,8.961150307413941,0.4271417291114616,5.8035205287167555,0.27663031067775057,2.0340215231223375,0.09695356518209454,0.2547997112498973,0.01214526991588769,-0.28661814628735377,-0.37751659766802576,-0.09089845138067196,-1.1371446102575993,-1.2437455660236088,-0.10660095576600935,1.5474788066753569,1.4385594007010372,-0.1089194059743199,-0.3875774667682358,-0.4096303244982975,-0.022052857730061437,1.4302435105422606,1.5123206808335807,0.08207717029132039,3.0103521915013802,4.5703129753759635,1.5599607838745826,-0.17488940985320767,-1.493952297225844,-1.319062887372636,2.535363213368285,2.5408598175461146,0.005496604177829378
softplus_cnn,20260923,9,8134,0,T-shirt/top,0,True,23.23880181088287,20.979337059984488,True,True,128,2.0979337059984488e-07,6.682321362916355e-11,22.088895385654602,45.48707584266671,1.6755905890939513,43.81148525357276,0.9631633698571969,2.1681846148240655,0.0798686147375903,2.0883160000864756,71.36868814953999,0.6373533971558633,0.6138754457945735,0.9933433182195139,0.9761904761904763,1.0,False,0.427251063570622,1.091424173260691e-09,1.7763568394002505e-15,4.440892098500626e-16,0.0,7.731379980668862e-10,1.4988010832439613e-15,1.7763568394002505e-15,0.7829308020129524,0.2495403005218765,0.7757968774361462,0.09323168836250052,0.752906406071932,0.05822280595576637,0.7333331010595321,0.037901707831699216,0.6349722163844684,0.030801251875129887,0.30996006203963794,0.04277831115268155,0.14778114474216764,0.03436724643560335,0.04710640657266758,0.04710640657266758,0.09323168836250052,0.05822280595576637,3.4507509583081757,0.16448331748718886,7.815039911997723,0.3725112900208822,11.622338603028854,0.5539897933761234,12.117691742173438,0.5776012705990815,7.554067718942505,0.36007180290510526,2.4745699539989356,0.11795272400284156,0.4526169540493408,0.021574416424847483,5.109191683836356,4.824613571178201,-0.28457811265815325,-0.1555808955475586,-0.5668790979049274,-0.41129820235736886,-0.9703435735475684,-1.5162011032293916,-0.5458575296818238,4.384058383813272,4.104624657041551,-0.27943372677171957,2.176863068067581,2.9994825025295944,0.8226194344620127,2.456118030584907,2.94088966170591,0.48477163112100335,1.8781850594433367,1.72376204220502,-0.15442301723831686,7.210403629004278,7.578603152901782,0.36819952389750427
softplus_cnn,20260923,10,555,1,Trouser,1,True,26.745784185671887,20.979337059984488,True,True,128,2.0979337059984488e-07,1.021970774672809e-07,34.20052750306385,97.16196441331054,3.098090061335941,94.0638743519746,0.968114168131089,4.631317192507244,0.14767340133188325,4.4836437911753615,138.38146253776983,0.7021313594426793,0.6797433169656002,0.9890046874841278,0.9285714285714287,1.0,False,1.3332601574497522,1.6101902033938131e-09,3.552713678800501e-15,6.661338147750939e-16,0.0,2.0951773649358074e-09,1.7763568394002505e-15,3.552713678800501e-15,1.3421948916748219,0.4649594869208162,1.7180946433594826,0.37511796192638724,1.6935064372516515,0.18063946999801983,1.5631814877122843,0.11249739629523045,1.0693849870872494,0.07714962779767809,0.3985207715850834,0.04867827480571338,0.11376719450561272,0.02809014098323704,0.03962814606673527,0.03962814606673527,0.37511796192638724,0.18063946999801983,4.646536872830177,0.22148158731349413,18.526022919942655,0.8830604545306997,24.34576233024139,1.1604638535827685,23.536936859389183,1.1219104203384482,17.02603411365997,0.8115620653302265,7.306876689001511,0.3482892080006895,1.7737946280510086,0.08454960340163963,-1.352026573259754,-1.9484419114454152,-0.5964153381856618,2.730462581960016,1.724089409202479,-1.0063731727575373,3.6852038438937313,3.2293770511812063,-0.45582679271252613,1.9514578055509526,2.1417395329867297,0.1902817274357771,-0.5508743319688709,-1.0518833868536785,-0.5010090548848073,10.636735607284376,11.298611470732084,0.6618758634477091,12.550776786184699,12.01231108443688,-0.5384657017478176,4.548791783418703,6.794724254918748,2.245932471500045
softplus_cnn,20260923,11,1680,1,Trouser,1,True,17.266498540092517,20.979337059984488,True,True,256,2.0979337059984488e-07,1.1739376137853696e-10,24.721241850255907,120.93467763427374,2.65699890103551,118.27767873323823,0.9780294705124141,5.76446611675551,0.1266483727983669,5.637817743957143,176.1777755939201,0.6864354895308782,0.6713541383668145,0.9753599527610013,0.9285714285714287,0.5,False,1.4656169415778475,8.780220994708543e-10,1.7763568394002505e-15,1.7763568394002505e-15,3.552713678800501e-15,8.305001131247991e-10,1.7763568394002505e-15,8.881784197001252e-16,0.9689750452168356,0.30845733268379133,1.4343917509936264,0.16362058034718116,1.7672162555511388,0.1858508130195137,2.052148073222014,0.15449567956591365,1.7048864835160427,0.13766659589944322,0.96123894423062,0.08269286099713728,0.4123724331235769,0.08084518927232591,0.0654268387979795,0.0654268387979795,0.1858508130195137,0.1858508130195137,5.86210633947722,0.27942285891666563,17.664764271803485,0.8420077441577911,27.02871984211844,1.2883495681888066,30.74371760659551,1.4654284603318273,26.05659420140939,1.2420122774570006,11.72170581007021,0.5587262255501831,1.8570695626828306,0.08851898214767534,-0.7902658068836632,-0.9094245760310826,-0.11915876914741919,3.5301097452256913,2.331641215263065,-1.1984685299626268,5.558591515813629,5.904881719277663,0.3462902034640355,1.5690131269566525,1.6673953657887821,0.09838223883212899,0.3815227833039508,0.2674380239418664,-0.11408475936208495,4.199719279562781,2.974432437414652,-1.2252868421481282,6.884301301127376,7.299327168140331,0.4150258670129565,3.3882499051494923,5.185550497291131,1.7973005921416394
softplus_cnn,20260923,12,2586,1,Trouser,1,True,26.482356814922767,20.979337059984488,True,True,128,2.0979337059984488e-07,7.552786285280888e-08,33.93710018404087,98.82302169861862,3.3198099038857114,95.5032117947329,0.9664065129073854,4.710493063534949,0.15824188792971164,4.552251175605237,142.82275781662625,0.6919276956232703,0.6686834315113275,0.9844876119844888,0.9523809523809524,0.5,False,1.3306016814798558,8.079930058357832e-10,1.7763568394002505e-15,1.7763568394002505e-15,0.0,1.88203586048985e-09,1.887379141862766e-15,3.552713678800501e-15,1.1522407220114743,0.39665018637255733,1.4088251645348018,0.2832812835127102,1.4271751408717985,0.1388710115505334,1.5221210787172987,0.10134301711977145,1.39020580718418,0.08937126191697438,0.7799376782060801,0.09555603595139063,0.2719448527251738,0.05607141568773322,0.0075724973925322195,0.0075724973925322195,0.2832812835127102,0.1388710115505334,5.19852262896342,0.24779251194161725,16.29623293074219,0.7767753997253447,24.018869491666194,1.1448821963721267,25.189189375327665,1.200666603682771,18.855191377463314,0.8987505812768164,7.457817307951242,0.3554839357710742,1.807198586198259,0.08614183475059699,-1.2334856915693302,-1.8311011648380702,-0.5976154732687405,3.6452138593414056,2.2536147752517626,-1.3915990840896435,5.332408476644299,4.850684427352149,-0.48172404929214946,2.1799643393817374,2.453372969652242,0.2734086302705047,-0.40241130220798993,-0.9769699514229866,-0.574558649214997,7.935386136395248,8.552322360266167,0.6169362238709182,11.915961096499867,11.641648449420702,-0.2743126470791636,4.564063269555636,6.993528320240942,2.4294650506853053
softplus_cnn,20260923,13,3766,1,Trouser,1,True,28.06513396874342,20.979337059984488,True,True,128,2.0979337059984488e-07,4.2062574451273704e-08,35.519877169083585,108.9800696259768,4.1039770421351935,104.8760925838416,0.9623419487965076,5.19463838701762,0.19561995836193635,4.999018428655683,163.30970086479277,0.6673214698752249,0.6421914437934738,0.9796028012919912,0.9285714285714287,0.5,False,1.7758684390937804,1.2036749374999545e-09,2.6645352591003757e-15,8.881784197001252e-16,7.105427357601002e-15,2.0735413386319124e-09,3.1086244689504383e-15,1.7763568394002505e-15,1.2861587583202962,0.4292712113057878,1.644591134593946,0.22616264551665233,1.8379828363179975,0.2794843227375488,1.7665292426216244,0.21251385340948784,1.5084686824850408,0.09943943317429782,0.8271322457275109,0.12978411700811768,0.1689576444245637,0.05678928080637628,0.03065000584899908,0.03065000584899908,0.2794843227375488,0.2794843227375488,7.036693169541957,0.33541065427484773,18.120512163256876,0.8637313996837169,25.302468600264984,1.20606616538548,27.731770113141224,1.3218611262048015,20.68852989609873,0.9861384007009241,8.067600443487317,0.3845498273096186,2.03249523989496,0.09688081344437215,-1.2864131997715287,-1.9609308531266563,-0.6745176533551277,5.862407699346338,3.8509065919778283,-2.0115011073685123,7.603085757613115,7.619007060664075,0.015921303050961566,2.031546589565683,2.3892837195629495,0.3577371299972664,-0.7367315698267223,-1.3153567533258743,-0.5786251834991512,5.932862440455225,5.09352934357959,-0.8393330968756353,11.510075194647989,12.732205714865641,1.222130520217649,4.6030442570534795,7.111232346959568,2.5081880899060853
softplus_cnn,20260923,14,4718,1,Trouser,1,True,11.193869051340094,20.979337059984488,True,True,128,2.0979337059984488e-07,1.653521763955723e-11,18.648612323581833,62.972579472643766,1.9692653989086195,61.00331407373515,0.9687282081280457,3.0016477304593305,0.09386690309984827,2.9077808273594825,98.86623590851937,0.6369472742030161,0.6170287916107308,0.974745297019804,0.9285714285714287,0.5,False,1.0805571626602932,1.3578804747282902e-10,2.6645352591003757e-15,8.881784197001252e-16,3.552713678800501e-15,3.26458859944978e-11,2.3314683517128287e-15,8.881784197001252e-16,0.8071449714307533,0.18331040296387335,0.9063407811362166,0.16675274864505152,1.146668048294511,0.08427058441903373,1.1418727319099125,0.07539976943784107,0.8689342198548937,0.05248496439791212,0.45037485424047047,0.046939173759710684,0.173113141090771,0.04094491130412203,0.02524913331204806,0.02524913331204806,0.16675274864505152,0.08427058441903373,4.475147943507971,0.21331217143385178,10.721079582708542,0.511030427322591,14.212259387137305,0.6774408241071376,15.495751268166117,0.7386196820166621,10.047276623709106,0.478912970175452,5.843292850602932,0.27852609612475776,2.1777718167580074,0.10380555927631478,-0.7101871526233215,-0.8875609971070381,-0.177373844483717,2.107961065414571,1.157400084486696,-0.9505609809278751,3.577724499959324,3.188878341615111,-0.3888461583442152,1.8346344627980842,1.9687078775811946,0.13407341478311013,-0.025599033372107033,-0.34588019931863434,-0.3202811659465278,3.157259979198127,3.2667645514967694,0.10950457229864238,4.6987531407225385,4.566549891499931,-0.13220324922260784,4.008065361484612,5.733752773295156,1.7256874118105432
softplus_cnn,20260923,15,4831,1,Trouser,1,True,27.777094089699084,20.979337059984488,True,True,256,2.0979337059984488e-07,2.530313736315293e-10,35.23183756120237,131.95155111744933,3.4742215199274495,128.47732959752187,0.9736704760913718,6.2895958409062755,0.16560206406874986,6.123993776837525,170.477304056442,0.774012422637576,0.7536330440501647,0.9851310512253086,0.9285714285714287,1.0,False,1.8842324453161297,1.0444400899700668e-09,1.7763568394002505e-15,8.881784197001252e-16,0.0,1.8244392663291364e-09,1.3322676295501878e-15,8.881784197001252e-16,1.3628370055583603,0.5262717218222273,1.4592348917981088,0.2162805590664449,1.7021527565236072,0.23576779287884658,2.0139289663502753,0.22245600383838826,1.7520146171001088,0.14938347949048342,0.9840991058104372,0.16511789562642978,0.19579459511993738,0.05638144057179204,0.01873746396479466,0.01873746396479466,0.23576779287884658,0.23576779287884658,8.717007578140011,0.41550443434967416,20.14802597303374,0.9603747685365915,32.40546347045681,1.5446371531093923,34.0224441650047,1.6217120716315836,23.434880469645094,1.1170458057201558,10.984994281678734,0.5236101717737909,2.238735179112674,0.10671143576709041,-1.4814990886228752,-2.347532209047981,-0.866033120425106,4.6707055018807555,2.7092176254373324,-1.9614878764434238,7.246171662665688,7.28128889339158,0.035117230725893345,2.147405172189054,2.013722185656123,-0.13368298653293142,-0.2287054942002381,-0.04917883015218735,0.1795266640480513,3.7472926889386917,3.2342751533249237,-0.5130175356137688,14.11778609155093,15.01382200908781,0.8960359175368802,5.01268102680036,7.376222735329203,2.3635417085288437
softplus_cnn,20260923,16,6080,1,Trouser,1,True,25.042272322377716,20.979337059984488,True,True,256,2.0979337059984488e-07,2.1399504390728907e-10,32.497015133255154,125.90422435870549,4.422385565532791,121.4818387931727,0.9648750025024319,6.00134427502251,0.2107972026422107,5.7905470723803,163.0627079277009,0.7721215105450671,0.7450007444193529,0.9731910343887643,0.9047619047619048,1.0,False,2.140033588095986,1.8438903737205692e-09,2.6645352591003757e-15,8.881784197001252e-16,7.105427357601002e-15,8.768168413553212e-10,2.6645352591003757e-15,8.881784197001252e-16,1.1490780245463301,0.4142693582757228,1.3199552072635354,0.15998513679933976,1.5956738327951443,0.16483285902948078,1.8225308326757172,0.1602199063777023,1.650027632357263,0.12668414098103245,1.0167302469293984,0.1362603704473723,0.3001392834594027,0.08472907522625267,0.06748160391835013,0.06748160391835013,0.16483285902948078,0.16483285902948078,8.249011296598741,0.3931969476925331,20.545406287990936,0.9793162781668053,31.732501145293888,1.5125597655714176,31.79589727790941,1.515581602364175,22.043396567870815,1.0507194057106737,9.665014488140393,0.4606920829054805,1.8729972947674445,0.08927819260504456,-1.3306439491875544,-2.0998946087875905,-0.7692506596000364,4.439186796411592,2.4615164181008464,-1.977670378310747,7.199925284363083,7.0318993013659,-0.16802598299718507,2.2393999357977963,2.429703508909107,0.19030357311131052,0.3695122189697536,0.552081948190458,0.1825697292207048,2.7939932891628914,1.2865547449764783,-1.507438544186413,12.119510118651831,13.233227983146362,1.113717864494531,4.6661314390857545,7.60192583823041,2.9357943991446542
softplus_cnn,20260923,17,6208,1,Trouser,1,True,25.94093557418441,20.979337059984488,True,True,256,2.0979337059984488e-07,2.795097486796294e-10,33.395678753585145,121.83220359812016,4.72500293366035,117.10720066445981,0.9612171265550904,5.807247543131386,0.22522174652852656,5.58202579660286,181.54430882353938,0.6710879806016985,0.6450612603796229,0.9840092212761862,0.880952380952381,0.5,False,1.9472712970558286,9.6718588693534e-10,3.552713678800501e-15,1.7763568394002505e-15,7.105427357601002e-15,1.338534616479592e-09,2.220446049250313e-15,1.7763568394002505e-15,1.5195601785917636,0.42656491964882776,1.8319475999987251,0.3981963109646121,2.0662746866548742,0.1540305838155702,2.121668657239237,0.11282425955133782,1.7288074717612893,0.11246508938672402,0.7499587259652049,0.10261079336919565,0.11955401833202478,0.041848140957004544,0.035270516064655554,0.035270516064655554,0.3981963109646121,0.1540305838155702,5.199738740694717,0.24785047906077934,20.962805794459662,0.9992120215487478,30.138103073531482,1.436561269184059,32.92733152649264,1.5695124889955405,23.049908757031012,1.0986957638902655,8.068961445986767,0.3846147007846745,1.485354259766872,0.07080081965983583,-1.5593352993211254,-2.3775960785767785,-0.8182607792556528,4.331811858268068,2.561242127376979,-1.7705697308910902,2.297149833471423,1.0264662552972312,-1.2706835781741919,1.1853398932579349,0.6771369716086453,-0.5082029216492897,-1.2132571300286452,-1.5705430530495026,-0.35728592302085754,12.089140269753882,14.013168270314418,1.9240280005605357,12.567963369011377,12.962074390937433,0.39411102192605396,3.6968659591722264,6.103729871015256,2.4068639118430286
softplus_cnn,20260923,18,7156,1,Trouser,1,True,12.473056548046749,20.979337059984488,True,True,128,2.0979337059984488e-07,1.0810539130545749e-09,19.9277996824803,95.80417620357528,2.097862346820033,93.70631385675524,0.9781026002210773,4.566596929619382,0.09999659859707616,4.466600331022306,124.71535255182391,0.7681826995899727,0.751361495913799,0.9831820557622108,0.9761904761904763,1.0,False,1.241823606136026,7.695377668426318e-10,2.6645352591003757e-15,5.551115123125783e-16,0.0,5.891962473469903e-10,1.7763568394002505e-15,3.552713678800501e-15,1.0419274513642762,0.3209112887799299,1.2014145582284024,0.18992567050105655,1.3147713188735968,0.0811641129654743,1.444084123718296,0.10973847459973288,1.1350143768511805,0.07409371425946261,0.6373336751523763,0.07093051890968362,0.20356006941847551,0.052623937781258796,0.008497450452633353,0.008497450452633353,0.18992567050105655,0.10973847459973288,5.456433798521886,0.26008609246902104,16.29073636348957,0.7765134006337194,25.18235610111286,1.2003408891859177,23.89324769995561,1.138894314517166,17.228265588838706,0.8212016204124729,6.921131161575262,0.329902281553809,0.8320054899926274,0.03965833084304536,-1.395428302642563,-1.574312266540156,-0.17888396389759342,0.8058065871344118,0.25234964402627047,-0.553456943108142,1.9442527371039748,1.7580206187343281,-0.18623211836964754,1.3461199688341288,0.6523156526766267,-0.6938043161575016,-0.11116699854667347,-0.11598545844641746,-0.004818459899744609,6.994549007333969,7.2731886947698845,0.2786396874359156,6.1751919203415575,5.694525375248754,-0.48066654509280493,4.168474762921491,5.987697422600205,1.819222659678716
softplus_cnn,20260923,19,8365,1,Trouser,1,True,13.713585369286408,20.979337059984488,True,True,128,2.0979337059984488e-07,1.174997532604749e-08,21.168329121242408,113.81837530783095,3.2134923013122645,110.60488300651869,0.9717664894388001,5.425260816507188,0.15317415856011996,5.272086657947068,163.53221246649915,0.6959997274613253,0.6763492118054537,0.9546716822488202,0.7857142857142858,0.5,False,1.691877857476328,5.999121199806723e-10,8.881784197001252e-16,8.881784197001252e-16,0.0,6.605205271625891e-10,2.886579864025407e-15,1.7763568394002505e-15,0.9831317452898884,0.27352146957290485,1.5558133681486754,0.22362480675304597,1.6904780664041092,0.09938185053180927,1.7687099993452025,0.09052697656569057,1.5629800928882527,0.07397020938991102,0.7888600789064488,0.08412881688757881,0.3901831559983063,0.1179355251452662,0.037893256877704735,0.037893256877704735,0.22362480675304597,0.1179355251452662,6.982125001576547,0.3328096107905189,18.069527054103695,0.8613011460962273,26.34250493985641,1.2556404839932482,27.60538543488257,1.3158368806389245,22.541686362265832,1.07447086139158,10.527810434405975,0.5018180700517216,1.749336080556992,0.08338376353624806,-0.715555570306521,-0.25384667190700183,0.4617088983995194,3.240595161313166,3.2835668359173424,0.042971674604176446,3.6624889358580366,4.281119993452918,0.6186310575948839,1.5574860217942736,1.8198409885593905,0.26235496676511666,-0.3485731959405425,-1.226023217956698,-0.8774500220161561,4.1783540826376235,5.02640378902845,0.8480497063908266,6.403016662588953,4.066974383623105,-2.336042278965849,3.1905170232974194,4.170293021185421,0.9797759978880015
softplus_cnn,20260923,20,368,2,Pullover,2,True,12.909826596995417,20.979337059984488,True,True,128,2.0979337059984488e-07,1.021911444354373e-09,7.627165385929654,135.19285424421355,4.160186778358227,131.03266746585533,0.9692277613220354,6.4440956288403095,0.19829924875430277,6.245796380086007,218.34094275980453,0.6191823326188453,0.6001287060943193,0.7280968782189291,0.7380952380952381,0.5,False,1.6828791648920574,6.765841220612856e-10,8.881784197001252e-16,8.743006318923108e-16,8.881784197001252e-16,4.391260688407783e-10,1.3322676295501878e-15,8.881784197001252e-16,0.5466421634386233,0.12352695331562932,1.256622989845097,0.14627993272565878,2.0988395763383183,0.10012269898025009,2.446781970252814,0.10327204856922649,2.2360502047820887,0.10661500674366044,1.5782684804001001,0.12832439392424155,0.6783574275235416,0.10725658441877163,0.11250748528956848,0.11250748528956848,0.14627993272565878,0.12832439392424155,6.713769778391425,0.3200182045407487,17.90794383255233,0.8535991285782589,30.946664897870985,1.4751021354672809,39.30670992405592,1.8735916111967452,27.68826924607186,1.3197876161150888,11.238982443303819,0.5357167584070518,1.3905141213557117,0.06628017450598793,2.0926485971476376,2.981791366362521,0.889142769214883,0.2785792023212148,0.07410594593689233,-0.20447325638432268,0.2703093903571716,-0.5798143898294719,-0.8501237801866435,0.3435950212349087,1.5404267886772902,1.1968317674423818,2.388769034335888,0.9017627532255358,-1.4870062811103506,1.5406956659672435,2.9205067284396082,1.3798110624723643,-0.3076962164114635,0.3867049630366987,0.6944011794481623,1.020264690977053,-0.5983187694802948,-1.618583460457347
softplus_cnn,20260923,21,750,2,Pullover,2,True,19.865568868318427,20.979337059984488,True,True,128,2.0979337059984488e-07,1.8214540986605243e-10,14.582907905506573,56.75777957156031,2.762289275916478,53.99549029564383,0.9513319707577041,2.7054133983965976,0.13166713838566454,2.5737462600109327,76.02351375643272,0.746581902980744,0.7102472330947083,0.9304386853068906,0.28571428571428575,0.2,False,1.1765282848147263,1.7610246039190258e-09,8.881784197001252e-16,6.661338147750939e-16,0.0,1.3519123598371152e-09,5.551115123125783e-16,8.881784197001252e-16,0.5849046019149077,0.11014042986184881,0.84484690703805,0.1921372339474761,0.9004409780268529,0.05871066995683357,0.925855835215343,0.16856161634778458,0.6106120148508939,0.07146903937635879,0.2492255648222275,0.031311254411086904,0.06893448626910573,0.016794745896673444,0.02381710576858303,0.02381710576858303,0.1921372339474761,0.16856161634778458,5.054787069665778,0.24094122017359473,10.826041421530899,0.5160335329270364,14.110276825508137,0.6725797285759691,14.036613972818113,0.6690685188328106,8.910617089701258,0.42473301535810526,3.3393662308404006,0.15917405880330854,0.4800769607664731,0.022883323691012192,1.3758240306035336,1.6496912756307864,0.27386724502725246,1.4995476417015952,1.026088620137448,-0.47345902156414665,1.9254596855193806,0.6939040694483656,-1.2315556160710155,0.8992803177326791,0.8408272497508826,-0.05845306798179678,1.7135940009730748,1.0081298670368086,-0.7054641339362658,3.509054397213449,5.229178865452691,1.7201244682392423,1.769319638065479,2.537617201391419,0.76829756332594,1.8908281936973819,1.5974707580100844,-0.2933574356872976
softplus_cnn,20260923,22,1640,2,Pullover,2,True,10.294152651784275,20.979337059984488,True,True,64,2.0979337059984488e-07,2.365494355949238e-09,5.011491391731074,15.462774995392696,1.9240731484386902,13.538701846954005,0.8755674095359992,0.7370478366967106,0.09171277161605948,0.6453350650806511,36.52064882196847,0.42339814582076335,0.37071361773863104,0.9625387618697732,0.8571428571428572,0.5,False,0.6756271228069015,1.2045129893500928e-09,4.996003610813204e-16,8.881784197001252e-16,8.881784197001252e-16,1.106226221736506e-11,3.7470027081099033e-16,8.881784197001252e-16,0.36213324991096646,0.11112894428867535,0.5532850400817849,0.14031932809272776,0.43804932574889477,0.07470851396884087,0.4182309324758037,0.07372844993544696,0.23068868040450843,0.03937759572727922,0.07658611046968417,0.010446210024824768,0.020950009029638013,0.0066681692354661586,0.003001267958597406,0.003001267958597406,0.14031932809272776,0.07470851396884087,2.63469660187846,0.12558531255517222,3.111165897831958,0.14829667348098075,4.668333451678402,0.22252054191848966,3.151813375517187,0.1502341740592406,1.5154480144714717,0.07223526702195003,0.33137078355186184,0.015795102705314316,0.04994687025141639,0.002380764945460737,0.09651615950037913,0.09044369730913757,-0.0060724621912415285,0.20535165825128932,0.06774772776427569,-0.13760393048701364,0.3677566469993106,-0.41683147221059197,-0.7845881192099026,0.883719673339801,1.75867370135512,0.8749540280153192,1.0499231744291726,0.9605021349806181,-0.08942103944855488,2.920139522934544,3.969258643352384,1.04911912041784,-0.9323925916337703,-1.6891892961958628,-0.7567967045620925,0.4204771479103463,0.27088625536493044,-0.14959089254541583
softplus_cnn,20260923,23,2633,2,Pullover,2,True,14.960539346332041,20.979337059984488,True,True,128,2.0979337059984488e-07,8.721334765482425e-11,9.67787837505144,48.52476338840677,1.8395382780638032,46.68522511034296,0.9620907316262505,2.3129788729578973,0.08768333683777343,2.225295536120124,76.59285120524211,0.6335416768645593,0.6095245754103454,0.9542766344510043,0.880952380952381,1.0,False,0.9682252770209909,7.965336723536609e-10,8.881784197001252e-16,4.440892098500626e-16,1.7763568394002505e-15,5.367049027427129e-10,7.771561172376096e-16,8.881784197001252e-16,0.3677936754051934,0.08636920254168746,0.6755838626901751,0.20073492226283612,0.977097095190983,0.08047375123130572,1.037729313122628,0.140640992942996,0.6386188543581364,0.032269047952554614,0.25178973662995996,0.02619924779569845,0.05598666326108968,0.01586433945583108,0.014065376255808061,0.014065376255808061,0.20073492226283612,0.140640992942996,4.244267102629546,0.20230701716142238,8.893550439861318,0.42391951730565763,13.757095420800797,0.6557450019257648,12.698458992188844,0.6052840924325296,6.7718156950223385,0.3227850182138856,1.9014810582621295,0.0906358982090512,0.25809467905275063,0.0123023276815088,0.9204791621848676,1.3902273824575984,0.4697482202727308,0.7309808880339366,-0.027770607910424013,-0.7587514959443604,-0.2876357163744147,-1.1067303071124086,-0.8190945907379938,0.627151717471812,1.0941048177370032,0.4669531002651913,1.8259352474938007,1.752953635195091,-0.07298161229870961,2.6397325811557124,3.506468018282015,0.8667354371263033,1.8511906102885645,1.6624800314741783,-0.18871057881438635,1.3700438847971603,1.4061454054650913,0.03610152066793071
softplus_cnn,20260923,24,2999,2,Pullover,6,False,7.369511300204123,20.979337059984488,True,True,64,2.0979337059984488e-07,1.0856213483734223e-08,2.0868502415583388,3.912262829377146,0.7866387078888326,3.125624121488314,0.79892999468697,0.18648171856866286,0.03749588014338401,0.14898583842527888,13.575793566465574,0.28817931049283735,0.23023509500093722,0.9844906372519605,0.9047619047619048,1.0,False,0.3370646186932118,1.0136304053054435e-09,4.440892098500626e-16,2.0816681711721685e-17,4.440892098500626e-16,1.8024071124500551e-10,1.1102230246251565e-16,8.881784197001252e-16,0.24350402159722292,0.0835697229131937,0.21832298332928454,0.0759120533550668,0.18278533355239593,0.022319889619877534,0.1252254016000478,0.021940593165153868,0.08042822177688565,0.011716284941782142,0.034052513441114214,0.007728099296446083,0.00558998974527899,0.0012747706762518815,0.000698633627896864,0.000698633627896864,0.0759120533550668,0.022319889619877534,0.9104870273988898,0.04339922776375675,0.9406297702934632,0.04483601019441168,0.8729340012018274,0.04160922715078742,0.7043961195574757,0.03357570916294705,0.3423090394188252,0.01631648504621901,0.12463308160530319,0.0059407540499945306,0.01687378979905967,0.0008043051956700936,-0.1945037100136904,-0.21717824020288967,-0.022674530189199217,0.7449938971440686,0.7264810090461681,-0.0185128880979005,1.4085485206598518,1.8492911746310725,0.44074265397122075,0.09628565040595116,0.1370967859631005,0.04081113555714934,0.03609043397022246,-0.02920943230074026,-0.06529986627096274,0.06157486495950436,0.3666597834100875,0.3050849184505831,-1.7586297279452534,-2.3588350778847893,-0.6002053499395358,1.6924903123776835,1.6125442390765699,-0.07994607330111372
softplus_cnn,20260923,25,6288,2,Pullover,2,True,8.807173170001862,20.979337059984488,True,True,64,2.0979337059984488e-07,7.101467304482245e-08,3.524512016315576,50.708516536484325,1.763935044464247,48.94458149202008,0.9652142250464947,2.4170695380648897,0.08407963699809833,2.3329899010667914,92.58937192429383,0.5476710283545978,0.5286198672136999,0.9273260685155184,0.8095238095238096,0.5,False,0.9974076661559468,4.267759479148481e-10,8.881784197001252e-16,4.440892098500626e-16,1.7763568394002505e-15,1.5303358580354143e-10,4.440892098500626e-16,8.881784197001252e-16,0.23255166912166858,0.051786061108047114,0.5060440428930414,0.05588728469069705,0.9595243590189909,0.05173379757744866,1.135663557893946,0.07935368557813713,0.966300298248363,0.08635810595981055,0.6153686952802258,0.08151752745015739,0.17300698235679918,0.04075556786536956,0.057452298693575654,0.057452298693575654,0.08635810595981055,0.08635810595981055,2.8149575477714066,0.13417762151982357,7.296133361709087,0.3477771171151812,13.401357409722012,0.638788412207908,12.855756177752763,0.6127818119798237,9.694112222736806,0.4620790540244065,4.240294731224507,0.20211767031058142,0.4059050854241935,0.019347850900322663,1.0890938001603887,1.4864251778332265,0.3973313776728373,0.9553652535744976,0.9821329865882271,0.026767733013729728,1.1143730459501722,1.1371333053036827,0.022760259353510504,0.2846723773056993,1.1057980792570345,0.8211257019513354,0.6525256741198593,-0.04986128139698258,-0.7023869555168418,1.0182953153464747,1.4669765197111895,0.44868120436471465,-0.1828196873011,-0.13555091911646294,0.0472687681846372,-1.4069937628404174,-2.4685418517113047,-1.0615480888708875
softplus_cnn,20260923,26,6518,2,Pullover,2,True,14.07809678126199,20.979337059984488,True,True,128,2.0979337059984488e-07,2.5462232322581713e-10,8.795435980345411,15.916603732321803,0.36323396191383306,15.55336977040797,0.9771789278653576,0.758680013901906,0.017313891324366837,0.7413661225775392,35.86643113030263,0.4437743937916999,0.43364698633947235,0.9968582887159972,0.9523809523809524,1.0,True,0.6819528417694436,2.041195157342912e-09,4.440892098500626e-16,4.440892098500626e-16,1.7763568394002505e-15,2.885531813490161e-10,7.632783294297951e-16,8.881784197001252e-16,0.2814850752617736,0.07641175872883069,0.48903211639202543,0.12894215417685337,0.49841686065964036,0.05990203357277134,0.43920813046465174,0.07869779332339173,0.18528622081750337,0.012171871414178758,0.08189057902732065,0.00976475665016966,0.01527440773853809,0.00829346651768628,0.0004991442663000879,0.0004991442663000879,0.12894215417685337,0.07869779332339173,1.610256866287804,0.07675442087057992,4.382915504157488,0.20891582472915035,4.5770814158440185,0.21817092707730218,3.186712785931107,0.15189768755893487,1.6551746663310976,0.07889547041446511,0.45030484836075635,0.02146420771415402,0.05415764502012092,0.00258147551875793,0.1140967829290636,0.1719515127972567,0.05785472986819316,1.1660577650695647,1.0048786373425815,-0.16117912772698295,0.1644551045126925,0.13020247754040004,-0.03425262697229246,0.20836201823063644,0.38430318100967364,0.17594116277903715,1.5169513814357793,1.4759157889061358,-0.0410355925296438,1.806571080692084,1.6798044661514473,-0.1267666145406367,1.7706260733070707,1.7967047473376556,0.026078674030584184,2.048315774168518,2.151675169548814,0.10335939538029566
softplus_cnn,20260923,27,7013,2,Pullover,2,True,10.44893247221453,20.979337059984488,True,True,128,2.0979337059984488e-07,6.612879355216705e-09,5.166271254300931,47.30468229865181,1.089879871000456,46.21480242765136,0.9769604229847768,2.2548225505599837,0.05195015780928885,2.202872392750695,75.38064503633518,0.6275441431397925,0.613085791523471,0.9758370813879246,0.9285714285714287,1.0,False,1.0800934155991941,8.433608256197545e-10,1.3322676295501878e-15,8.881784197001252e-16,0.0,1.106350566715264e-10,6.661338147750939e-16,8.881784197001252e-16,0.40968302431106174,0.15295163944510975,0.7285893474479929,0.10597671820818229,0.8852277574263796,0.07828903395869496,0.8540889094220738,0.07842930863346112,0.6064206172441154,0.03604421226083908,0.3424784038813417,0.023050837117541797,0.15156946151030673,0.03912488824615828,0.024715447750289686,0.024715447750289686,0.10597671820818229,0.07842930863346112,5.288119702894136,0.25206324145392445,9.480237865067291,0.4518845299048883,11.96302243978062,0.5702288115957018,10.559637777736864,0.5033351505600279,6.90356057815535,0.3290647630292878,2.7234818329834067,0.12981734480915103,0.38662210160711674,0.0184287091866478,0.10189187657006543,0.026038343211310305,-0.07585353335875519,-0.7356285655148181,-0.0671465782102046,0.6684819873046133,-1.5023482832750228,-1.8349606014351427,-0.33261231816011927,0.2755118468742541,0.2102483636398976,-0.06526348323435668,2.8154024195897955,2.5201026856623803,-0.2952997339274158,1.403055640990665,1.8244535247418252,0.4213978837511606,0.4691696832793417,0.29658942939871585,-0.1725802538806258,2.339216635786649,2.190946087402784,-0.14827054838386516
softplus_cnn,20260923,28,7633,2,Pullover,2,True,13.666170538559477,20.979337059984488,True,True,128,2.0979337059984488e-07,6.506617467039177e-11,8.383509164288153,28.708991425510824,3.2065481853945355,25.50244324011629,0.8883085742069924,1.3684413069595847,0.15284316068836287,1.2155981462712218,53.93778522221096,0.5322612210945731,0.4728122064161929,0.9370334206872885,0.7142857142857144,0.5,False,1.2287425521726822,8.359965497639621e-10,1.7763568394002505e-15,4.440892098500626e-16,0.0,1.389253156958148e-10,1.3322676295501878e-15,8.881784197001252e-16,0.4070029407313057,0.10703850893996897,0.6589440155155301,0.19410857239131005,0.6428155473671281,0.06687753187344575,0.6049383262015952,0.045839574804246705,0.38695349775586635,0.03509398234563743,0.19036565658628216,0.01952095376106635,0.07750320494312868,0.023926585289387643,0.009475444582591672,0.009475444582591672,0.19410857239131005,0.06687753187344575,3.5972229620625207,0.17146504447577526,5.693992245812254,0.2714095411848283,8.491791819186098,0.4047693115805432,6.113178612531293,0.2913904569554503,3.5298069087565875,0.16825159435038875,1.180783571499909,0.05628316891633859,0.10221530543281515,0.004872189485328319,0.2788518239677316,0.4294894921614337,0.15063766819370206,0.9265150013810786,-0.2955781611523277,-1.222093162533406,3.0434390301518706,3.850783657631055,0.8073446274791831,-0.03193895321478701,0.39313463057615117,0.4250735837909383,-0.06257556769200709,-0.23181150304417195,-0.1692359353521648,0.5422577443868171,-1.1565111354547362,-1.6987688798415534,4.073039328605164,5.896531634605338,1.8234923060001749,-0.3860792432977154,-0.5025294508956631,-0.11645020759794797
softplus_cnn,20260923,29,8675,2,Pullover,2,True,8.80518366717003,20.979337059984488,True,True,64,2.0979337059984488e-07,1.4864576236561788e-10,3.5225225949015027,16.84556449278098,1.6812784898746371,15.164286002906342,0.9001945888726297,0.8029598096744357,0.08013973392331208,0.7228200757511236,35.05988682324541,0.48047971682589785,0.4325252411497266,0.9856140130063794,0.9047619047619048,1.0,False,0.72035840361877,4.0022635205971824e-10,1.7763568394002505e-15,1.1102230246251565e-16,3.1086244689504383e-15,1.1072032179981761e-11,1.5543122344752192e-15,8.881784197001252e-16,0.42455617717962824,0.1312663085129916,0.5474379000680002,0.1721583137986264,0.37233840442836086,0.0366922780586467,0.35041399474354257,0.028208906123945283,0.2614898204795692,0.02343897021939307,0.11187309235597763,0.015391257915284166,0.024642863250596822,0.006106181965749653,0.0029666846315983667,0.0029666846315983667,0.1721583137986264,0.0366922780586467,2.109301089972753,0.10054183713917186,3.904303904703685,0.1861023488750112,5.0327459990765915,0.23989061163786424,3.4414826504395837,0.16404153480158293,1.729714861727193,0.0824484995298737,0.5785573615174207,0.027577485402098232,0.049458625226828694,0.0023574922832602253,-0.2479940651160115,-0.34072951605939084,-0.09273545094337922,-0.07689869482761318,-0.46672218464458637,-0.3898234898169734,1.9716117436425857,2.342575525201968,0.3709637815593815,0.36454756153977996,0.261955285312338,-0.10259227622744205,-0.8934035873503292,-0.9677867261221716,-0.07438313877184238,-1.0031006737616475,-2.0248448078821815,-1.0217441341205356,2.978061044000495,4.084160759517711,1.1060997155172156,0.42969926677423975,0.6339142595667443,0.20421499279250444
softplus_cnn,20260923,30,1852,3,Dress,8,False,5.079034422906936,20.979337059984488,True,True,128,2.0979337059984488e-07,1.204379374009079e-10,5.0960235006452566,71.26263820209346,1.1247974776158578,70.1378407244776,0.9842161684440303,3.3968012429724577,0.05361453864818593,3.343186704324272,87.63313107346173,0.8131928795555062,0.8003575801220881,0.976349405974612,0.9285714285714287,1.0,False,0.9537452092141386,2.1168988784125986e-10,8.881784197001252e-16,2.220446049250313e-16,3.552713678800501e-15,3.779732082875853e-11,7.771561172376096e-16,3.9968028886505635e-15,0.4436888475278807,0.1876757342411207,0.6429037593415527,0.08613968102729437,0.9615571364761432,0.0683359383092175,0.9729142572614184,0.05783984412774256,0.9890714211673315,0.06265998655661464,0.4884890568940081,0.05623399865529712,0.0857990102893132,0.028909929695519768,0.03638167177400757,0.03638167177400757,0.08613968102729437,0.0683359383092175,5.0190401473223645,0.23923730921391068,10.195690057326445,0.4859872372599167,16.495334439047028,0.7862657619677532,19.220513591907267,0.9161640111387522,13.368792966777082,0.6372361971473548,5.755993907076909,0.2743649091779817,1.207273092584713,0.057545817064326515,-0.3881968538802076,-0.6393089945477162,-0.2511121406675087,1.135982981456133,0.7827978048819162,-0.35318517657421655,0.7868725116557778,0.5023688640499393,-0.2845036476058384,-0.12321861156329376,-0.07588839073131824,0.04733022083197534,2.605661015465956,3.1086395736492793,0.502978558183323,-0.9647970538802141,-0.6174248448490285,0.3473722090311858,0.3212675154239264,0.0852710026745336,-0.23599651274939293,1.722451995967175,1.949568485555449,0.2271164895882748
softplus_cnn,20260923,31,3313,3,Dress,4,False,4.23241947147327,20.979337059984488,True,True,128,2.0979337059984488e-07,2.091218309629994e-09,4.249408591476828,122.4865457695763,1.903799585603229,120.58274618397307,0.9844570718061991,5.838437383381592,0.09074641301390277,5.74769097036769,174.15779428572188,0.70330786096559,0.6923763973844661,0.9315143326129468,0.7857142857142858,0.5,False,2.512708954711081,5.270288649938948e-10,8.881784197001252e-16,4.996003610813204e-16,6.217248937900877e-15,9.821032875834135e-11,1.4432899320127035e-15,3.9968028886505635e-15,0.7088442383258342,0.19004213448758212,1.0821991081683309,0.1719998123951381,1.5230918962331979,0.11591485818946051,1.7656122061456747,0.11205888558316816,1.8218383429225018,0.09782398203690253,1.3933973041194299,0.11905061240400706,0.6152130016553278,0.11095458685565608,0.10004459517003389,0.10004459517003389,0.1719998123951381,0.11905061240400706,5.382782822928604,0.2565754488589443,18.400902910100935,0.8770964905844618,32.802613698609505,1.563567695433831,33.66522752389419,1.6046850016107745,21.59647365004046,1.029416400923034,8.224715180267358,0.39203885026257546,2.413829983648117,0.1150574957038181,-0.6745131996600029,-0.4115121379279399,0.2630010617320633,2.212730800833311,1.9868474991536544,-0.2258833016796561,-0.8805985886820175,-1.5130518322886084,-0.6324532436065912,-1.516632946436549,-2.1564899099182986,-0.6398569634817495,2.2389584985437443,1.8333524217576196,-0.4056060767861238,0.08077606294580185,1.3647587179900116,1.2839826550442095,1.5563979316815706,1.64015273236468,0.08375480068310803,1.2322900322509645,1.5053511004439204,0.2730610681929564
softplus_cnn,20260923,32,5269,3,Dress,3,True,11.70563347652368,20.979337059984488,True,True,128,2.0979337059984488e-07,8.850007637839497e-08,11.722622286586441,147.68192241121886,2.8983528981263493,144.78356951309252,0.9803743555690188,7.039398908981925,0.13815273999551692,6.9012461689864075,155.07883221948669,0.9523022600673262,0.933612714520425,0.9432786387094597,0.4047619047619048,0.2,False,2.0871301197455896,1.2309908647978318e-09,3.1086244689504383e-15,4.440892098500626e-16,7.105427357601002e-15,2.9693403291730647e-10,1.9984014443252818e-15,4.440892098500626e-15,0.6739813209365336,0.19666782674368447,1.1482102512087922,0.2632214659931132,1.844293260339468,0.12856042841103035,1.7166460578402507,0.1005659984855034,1.5583730678538705,0.0854080073646544,0.7281554170596307,0.08772605090518963,0.3421327753996171,0.11206814176067029,0.054168801307804215,0.054168801307804215,0.2632214659931132,0.12856042841103035,7.291964188428137,0.34757838951625714,18.80441198960979,0.8963301335902029,35.75624904440886,1.704355525733438,40.66272671553978,1.9382274377534525,28.88743250133147,1.3769468700910814,12.810590797275491,0.6106289612797213,3.4685471745207463,0.16533159101278633,0.7127829715875135,0.13044980287810645,-0.5823331687094069,3.8060733828006263,2.947755750706539,-0.8583176320940886,2.1254778111252968,2.8270523014503293,0.7015744903250323,2.8069624712321763,1.7574576460352154,-1.049504825196963,0.49602983031048764,1.0335135495981582,0.53748371928767,1.7734938097406274,2.967724711774628,1.1942309020340005,-2.152405199024318,-2.5606024710017405,-0.4081972719774223,2.1542072088140234,2.6192709954421383,0.46506378662811465
softplus_cnn,20260923,33,5365,3,Dress,3,True,9.28852100760378,20.979337059984488,True,True,128,2.0979337059984488e-07,8.866385403649701e-11,9.30550999699562,80.70834068095266,2.119444817746024,78.58889586320663,0.9737394574109213,3.847039610936702,0.10102534754487572,3.7460142633918263,114.98385673333901,0.7019101896027433,0.6834776471749722,0.8820137854838415,0.4523809523809524,0.5,False,1.256099720479918,5.458846707995235e-10,4.440892098500626e-16,4.440892098500626e-16,3.552713678800501e-15,3.659472724848456e-11,8.881784197001252e-16,3.9968028886505635e-15,0.4654818579345422,0.10715201620376548,0.8755392755925563,0.18423110075420895,1.214776522872143,0.07823618003910916,1.4071727317928728,0.06237955154700506,1.2330753026257195,0.12015477583241754,0.5231776904617735,0.0421458787899147,0.21953187102151525,0.05955758812383772,0.007541199754060531,0.007541199754060531,0.18423110075420895,0.12015477583241754,4.6939231710106615,0.22374030016247484,11.737026283232634,0.5594564904350372,19.922311219419687,0.9496158607136853,21.222079842505515,1.0115705649719517,14.43767710393199,0.6881855733883073,7.516749154004131,0.3582929781104193,1.1785739068151007,0.05617784315325606,0.4939075402748433,-0.01474071522020111,-0.5086482554950442,2.378300868925714,2.2705907759599753,-0.10771009296573852,1.0668907592916783,2.383046634234754,1.3161558749430746,2.528841800388033,1.0436232221440547,-1.4852185782439775,0.7230133826953627,1.116997640788503,0.3939842580931405,1.4077320700763332,1.3898641790533695,-0.01786789102296349,-0.9694257970661809,-0.5892177749105612,0.3802080221556199,1.6762493724098322,1.7053460349823206,0.02909666257248844
softplus_cnn,20260923,34,6132,3,Dress,3,True,5.690470267571692,20.979337059984488,True,True,128,2.0979337059984488e-07,9.194867089945546e-12,5.707459276114011,10.886355116103957,0.3818852040341673,10.504469912069789,0.9649207471223079,0.5189084423867875,0.018202920470855415,0.5007055219159321,31.90137679021176,0.341250322445149,0.3292795160895017,0.9930307681345748,0.9047619047619048,0.5,True,0.1964315409726662,8.227241110603245e-11,4.440892098500626e-16,1.1102230246251565e-16,2.6645352591003757e-15,2.0907719999740948e-11,3.885780586188048e-16,3.9968028886505635e-15,0.3570972024046466,0.09549118325738111,0.31414974938805335,0.043477960483527735,0.39262560333477586,0.029570613263769883,0.3643340997885583,0.021372368644409636,0.312373083375578,0.02145554771045216,0.10888607942873367,0.016648352585284878,0.02596556339126861,0.006379449362721999,0.0022752046590931467,0.0022752046590931467,0.043477960483527735,0.029570613263769883,1.2560525225663381,0.05987093486200307,2.533828355066647,0.12077733189670772,2.871592650966508,0.13687718743237692,2.239333031213777,0.10673993295455604,1.4433959944992758,0.06880083914817198,0.47586232584741656,0.022682429119987094,0.0662902359006349,0.003159786970917942,0.7074343419790855,0.9529021209108326,0.2454677789317472,1.67341966482569,1.800017287306847,0.1265976224811573,0.9026119490591514,0.9124317516699626,0.009819802610811106,1.3996435869519086,1.2877869886521613,-0.11185659829974696,-0.10440886292651233,-0.10671121707199019,-0.002302354145477907,-0.5057580522325588,-0.5916272128594682,-0.08586916062690934,0.5583529262226579,0.5006821219350666,-0.057670804287591096,1.0761637222345857,0.9519774355496916,-0.12418628668489376
softplus_cnn,20260923,35,6433,3,Dress,6,False,5.262321004691827,20.979337059984488,True,True,64,2.0979337059984488e-07,1.398659632556587e-08,5.279309910087472,39.59452994157,1.4927321569290393,38.101797784640965,0.962299535841646,1.8873108253306874,0.07115249412605333,1.8161583312046343,66.08075450207943,0.5991839869250288,0.5765944725017021,0.9839646117933766,0.7380952380952381,1.0,False,0.6417662349791363,7.696931980660793e-11,8.881784197001252e-16,2.220446049250313e-16,5.329070518200751e-15,7.65520979939538e-12,6.661338147750939e-16,4.440892098500626e-15,0.7043798775261929,0.18715287620085883,0.7053907118089685,0.0852373796937236,0.6435645582915381,0.06719454166430142,0.788374976312594,0.0639148068263215,0.5928730679956755,0.050297298448660745,0.2986773830714209,0.04703360666874547,0.10042558445838666,0.028555342415648572,0.020495559422760233,0.020495559422760233,0.0852373796937236,0.06719454166430142,2.9529786300157213,0.1407565273188811,8.005286831866435,0.38157958990684876,11.274521980388936,0.537410784151693,9.82950723374662,0.46853278564722617,5.480572404782846,0.2612366820320727,1.8131493860362795,0.08642548526924808,0.23851347468118475,0.011368971002240102,-0.12673220982516067,-0.6373832186890914,-0.5106510088639309,3.271233222155599,3.5483186834663436,0.27708546131074485,3.738383991419158,4.310431855666734,0.5720478642475755,-1.7178922241512238,-2.145070581550968,-0.4271783573997441,0.8733226390103322,0.6204589155451569,-0.25286372346517527,-0.3279153277831851,-0.3280996501176152,-0.00018432233443022028,-1.1345301404204067,-0.4909313090535133,0.6435988313668931,0.7034399596823537,0.40158521481276876,-0.30185474486958497
softplus_cnn,20260923,36,8177,3,Dress,3,True,16.392505194583528,20.979337059984488,True,True,128,2.0979337059984488e-07,3.3808191801654175e-09,16.40949425974472,115.04043345642333,3.5208803280554886,111.51955312836785,0.9693944101019997,5.48351137728984,0.16782610041435178,5.315685276875489,134.33876097426332,0.8563457979075959,0.8301368296059601,0.9450847481082848,0.7857142857142858,1.0,False,1.352439820008628,4.6554693433620287e-10,8.881784197001252e-16,3.3306690738754696e-16,7.105427357601002e-15,3.2452263099003176e-10,8.881784197001252e-16,5.329070518200751e-15,0.7536707498384694,0.3108896746233601,0.7819466698863204,0.13515570813280797,1.4971823901842132,0.1341618930771943,1.5329553784171672,0.0777068153278261,1.4598454221661845,0.08173194639934635,0.8102917840051563,0.07668857185206335,0.30095805307204726,0.06972102710257713,0.020204765284095313,0.020204765284095313,0.13515570813280797,0.1341618930771943,7.082203963420538,0.33757996943235036,16.975726327611387,0.8091640969909627,28.284671292612558,1.3482156853546197,31.797967894560912,1.515680300270862,20.979439471463266,1.000004881540274,8.47204998039252,0.40382829810918647,1.4483745261966599,0.06903814558369704,-0.05432341828812626,-0.7754563236038697,-0.7211329053157434,5.7815688870777375,5.457631584188608,-0.3239373028891289,1.6183939657275939,0.8795624889161031,-0.738831476811491,1.7465787295876163,0.7002475830890939,-1.0463311464985225,0.9665399055638654,1.1655357824524124,0.19899587688854747,3.1206706791786125,5.158245818066072,2.0375751388874583,0.43413690579368713,-0.25651059058465137,-0.6906474963783387,2.795928605103727,4.080237917545474,1.284309312441747
softplus_cnn,20260923,37,8415,3,Dress,3,True,8.392503424005184,20.979337059984488,True,True,64,2.0979337059984488e-07,2.317875669177738e-09,8.409492294386697,16.827348971137784,0.5769388517662721,16.250410119371512,0.9657142160208458,0.8020915495577736,0.027500337599642852,0.7745912119581307,29.201705248368107,0.576245422245612,0.5564883961795225,0.9928064385311967,0.9523809523809524,0.5,False,0.5022721369136761,4.1163183972514616e-11,2.220446049250313e-15,2.220446049250313e-16,3.552713678800501e-15,1.396447402157719e-10,1.3877787807814457e-15,4.440892098500626e-15,0.42206765309112954,0.15163894319422208,0.2888602282616691,0.03381307283726135,0.39373281284909867,0.040273201899037936,0.3497260354638808,0.02798444416459676,0.21359101749909426,0.017999423598187046,0.12377354899009582,0.014345292131754608,0.01989766211955219,0.011218001483846359,0.002345673484909132,0.002345673484909132,0.040273201899037936,0.040273201899037936,1.720888014788796,0.08202775949823404,3.9987757616585897,0.19060543954392933,4.217411347437516,0.2010269121173381,4.168512877671303,0.19869612017541918,2.0859026849508835,0.09942652997026713,0.5768226048736573,0.027494796581245443,0.05903567972886541,0.002813991669997463,0.2555388848368601,0.2952432833223711,0.0397043984855108,2.816470270610646,3.0290092228187273,0.21253895220808255,0.5406393515598714,0.7248617661235187,0.18422241456364705,0.540412660923529,0.3404742105300889,-0.19993845039344027,1.1148274450255966,0.851549301503686,-0.26327814352190965,1.447690573320361,1.5725720492989463,0.12488147597858462,0.8723969837543496,0.8879885943546204,0.01559161060027077,0.8215161243554793,0.707793866574381,-0.11372225778109837
softplus_cnn,20260923,38,8439,3,Dress,3,True,17.609952834537708,20.979337059984488,True,True,128,2.0979337059984488e-07,4.0433745240875396e-10,17.626941741275157,137.81866726871746,3.3652144932949946,134.45345277542248,0.975582302746162,6.569257497253794,0.16040614075044957,6.4088513565033445,178.8832982208823,0.7704389880968157,0.7516266421329143,0.9430366325544395,0.7380952380952381,1.0,False,2.5838899226600973,1.4175267626370669e-09,1.7763568394002505e-15,8.881784197001252e-16,3.552713678800501e-15,4.3452175191305287e-10,3.3306690738754696e-15,6.217248937900877e-15,0.7048519380419194,0.20082325302389364,1.0430151834624892,0.1663464863665425,1.5823281229761579,0.11948421320249769,2.077535639857092,0.12697717582641024,2.089209228086785,0.1258161129693602,1.2514743142877645,0.1421718339050378,0.42289035909086314,0.09823313590317159,0.06018923389357622,0.06018923389357622,0.1663464863665425,0.1421718339050378,6.778885021594736,0.3231219843702606,15.766460866651764,0.7515233117982719,28.840174024988467,1.374694249991224,36.30708254843303,1.7306115271718636,30.54743020039968,1.4560722349356385,15.819698608423245,0.7540609392561494,3.7589359981345822,0.17917324972600263,1.030800242453725,0.40321389404812696,-0.6275863484055978,6.153808646794568,6.924214485343604,0.7704058385490391,1.7371023501544864,0.08369100974511351,-1.6534113404093729,2.3342497736031294,1.8035346533050576,-0.5307151202980711,0.7701849029312254,1.2174202994845145,0.44723539655328903,2.4918920927468386,4.639465351156771,2.1475732584099303,1.6744826873378895,1.3108291053313543,-0.36365358200653447,1.434421045253292,1.2445729432951373,-0.18984810195815482
softplus_cnn,20260923,39,8661,3,Dress,3,True,14.306933547826485,20.979337059984488,True,True,128,2.0979337059984488e-07,5.841460648525754e-11,14.32392245355168,39.65261712410164,1.3751093545112216,38.277507769590414,0.9653210946907359,1.8900796059821234,0.0655458916828251,1.8245337142992981,63.82387440819882,0.621281886939284,0.5997365112117556,0.9912328679859285,0.9761904761904763,1.0,False,1.0948940775764304,1.2883560884802137e-10,4.440892098500626e-15,3.885780586188048e-16,7.105427357601002e-15,1.1013767675649433e-10,3.0531133177191805e-15,5.329070518200751e-15,0.67806071073775,0.3738257353864238,0.4395004439960111,0.06106551805352294,0.7468105134922095,0.060545830666159504,0.8096368371241861,0.06182979600945587,0.5999518615852474,0.06529682620121004,0.3022217633640417,0.04482448627727153,0.12058739522236996,0.023543934985622732,0.023516696237206022,0.023516696237206022,0.06529682620121004,0.06529682620121004,3.5706289100711506,0.17019741376297765,8.524380065253354,0.40632266123949945,11.569612018104468,0.5514765306941983,9.30229916599773,0.44340291303773965,5.066773366313415,0.24151255837238364,1.5059447934495054,0.07178228697807189,0.11297880479750225,0.0053852418917943535,0.37539288816765765,0.25015589007696726,-0.1252369980906904,6.904926240140314,7.295674161391631,0.39074792125131325,0.6638956434105618,0.44061222647212955,-0.22328341693843237,0.5125800255554438,0.3139814278197163,-0.19859859773572752,1.0279660631456502,0.34245530930866463,-0.6855107538369858,2.0303765482373115,2.7628250748098293,0.7324485265725176,1.5342957174299023,1.7862086241723631,0.25191290674246125,1.274489327464831,1.1320097396105155,-0.14247958785431525
softplus_cnn,20260923,40,239,4,Coat,2,False,8.95716390269049,20.979337059984488,True,True,128,2.0979337059984488e-07,7.041223160086929e-10,1.508813642397346,143.63292282998864,2.081192850586201,141.55172997940244,0.9855103355861552,6.846399503440498,0.09920203124796642,6.747197472192532,231.2061925643186,0.6212330268361295,0.6122315687544768,0.9620446765537095,0.8333333333333335,1.0,False,1.7205122793654126,8.286153985181954e-10,1.3322676295501878e-15,5.551115123125783e-16,3.552713678800501e-15,6.91229296023721e-10,8.881784197001252e-16,3.552713678800501e-15,0.7771168003008083,0.2716276434235574,1.9578465572864687,0.20542261721644492,2.599243127311536,0.14627463398450954,2.827918933577935,0.16269094756099026,2.139734455347707,0.13554315299176836,1.137002654017927,0.12864682216131443,0.327279395231941,0.11136327433884714,0.031637346362179866,0.031637346362179866,0.20542261721644492,0.16269094756099026,7.865962634933183,0.37493856991013036,23.61576828852339,1.1256679951802468,37.57992915813929,1.7912829681266904,37.87595906698277,1.8053935145179836,26.199201493222457,1.248809789285202,9.759597858015024,0.4652004889434881,0.7365043290310196,0.03510617742234626,0.9613531947165462,-0.006057688943754169,-0.9674108836603003,-3.7630189462053654,-3.0257950502630133,0.7372238959423518,-0.5403133431300267,-0.703916098303469,-0.16360275517344147,-2.059392208272338,-2.321010917436796,-0.26161870916445884,2.1255724564778475,2.5056515704213913,0.3800791139435439,2.7108875283448075,2.8296484027368196,0.1187608743920121,-0.12247707461507552,-0.8110375768574635,-0.6885605022423879,2.1962020350809537,3.04133100173486,0.8451289666539064
softplus_cnn,20260923,41,1142,4,Coat,6,False,5.106836475949207,20.979337059984488,True,True,64,2.0979337059984488e-07,7.928988621230815e-08,-2.34151392506009,10.904454822840382,0.362376547353505,10.542078275486876,0.9667680270824291,0.5197711820760672,0.017273021846085587,0.5024981602299816,26.662679470002725,0.40897820622674524,0.39538705355354137,0.9966970008189835,0.9285714285714287,1.0,True,0.1777897931236018,1.0589669696692283e-09,8.881784197001252e-16,1.1102230246251565e-16,3.1086244689504383e-15,7.817568814516562e-11,6.38378239159465e-16,3.552713678800501e-15,0.47859777480793,0.1430940021363665,0.33911353237377423,0.03563854524175605,0.28656301927119465,0.017642012189241957,0.26857624639311667,0.015001380911460716,0.22024169192874604,0.02392458714135557,0.11604381360766501,0.01240826133391199,0.037168668230338896,0.01537648225043219,0.0031949348554332615,0.0031949348554332615,0.03563854524175605,0.02392458714135557,0.9765716338050169,0.04654921320977809,2.0466764496393735,0.09755677425780807,2.752755143254447,0.1312126849091428,2.6662457936518678,0.12708913470566258,1.7016227338807979,0.08110946161051173,0.6127322483994894,0.029206463800431567,0.14785082018539908,0.007047449581588847,-0.7581549845332762,-0.5603375844399999,0.19781740009327642,0.2854359274296357,0.09699768477770199,-0.1884382426519337,-2.95101175399246,-2.8871678648765133,0.0638438891159466,-0.3118849813020993,-0.42914596931378934,-0.11726098801169017,-1.5749944601609862,-1.6316717768117817,-0.05667731665079505,0.7482204447165298,0.7654809277950423,0.017260483078512176,1.5486544038389591,1.5563540690391224,0.007699665200162659,0.6722214789436103,0.7479765888483034,0.0757551099046932
softplus_cnn,20260923,42,3916,4,Coat,4,True,11.134830967148217,20.979337059984488,True,True,128,2.0979337059984488e-07,1.386601944375343e-10,3.686480528292961,40.74474101402113,1.2650740097613693,39.47966700425976,0.9689512320295267,1.9421367270816543,0.06030095260609272,1.8818357744755616,87.82866101959013,0.46391167235184244,0.44950778647819584,0.9592225644552954,0.30952380952380953,0.5,False,0.5730808292933298,7.655891476332499e-10,2.220446049250313e-15,2.220446049250313e-16,5.329070518200751e-15,3.589333275044737e-10,2.3037127760972e-15,3.552713678800501e-15,0.5443703002102965,0.19820852344750106,0.8368332196202525,0.07453647251888847,1.0820908093790589,0.05904567707138166,1.0796191778738229,0.0609414181657728,0.7086293357377605,0.04399180150657271,0.335404926676804,0.02554303840727206,0.12579747951764522,0.01999616746943435,0.018061484742049817,0.018061484742049817,0.07453647251888847,0.0609414181657728,4.203016140441811,0.20034075092194162,7.220873504094573,0.34418978461752747,10.399357350580853,0.49569523197262283,9.678486484042796,0.4613342383684431,6.373848042852302,0.30381551259832873,2.543868368100175,0.12125589864096764,0.32529112342933164,0.01550530993897727,-0.7565799716686232,-0.6749019684661656,0.08167800320245755,-0.31754326286263385,-0.5820144957044805,-0.2644712328418465,0.9743410978703282,1.3395109456403804,0.36516984777005235,0.4331173435831847,0.5619738765684691,0.12885653298528432,-0.5888538811231212,-0.42929517677023044,0.15955870435289093,3.7306404930457333,3.7166339987205395,-0.014006494325191549,-0.06584476050626539,-1.0524410429211313,-0.9865962824148659,0.27720346995436407,0.8070143915845134,0.5298109216301495
softplus_cnn,20260923,43,5343,4,Coat,4,True,8.275149889314179,20.979337059984488,True,True,64,2.0979337059984488e-07,3.1865006050457723e-09,0.8267994591320651,17.964726901401836,0.43068190018181224,17.534045001220022,0.9760262484063587,0.8563057474140757,0.020528861276712367,0.8357768861373633,54.50771114261482,0.3295813844466638,0.32168008220605104,0.9178025309010881,0.4523809523809524,0.5,False,0.38397691649156634,2.226911488545369e-09,4.440892098500626e-16,1.6653345369377348e-16,2.886579864025407e-15,4.6354031724149536e-11,4.3021142204224816e-16,3.552713678800501e-15,0.16444248407384415,0.03893048067605328,0.5039647191518023,0.07741739033565258,0.6562248647249155,0.07061983222489002,0.7554701543598767,0.05773457925780191,0.450703105758431,0.045069564620717144,0.19439535550423112,0.02863505001827935,0.030357987319711472,0.020483323389202068,0.0070455657075975805,0.0070455657075975805,0.07741739033565258,0.07061983222489002,1.5745687929428498,0.07505331500422607,3.3675101664896836,0.16051556619073518,4.827143411706706,0.23009036929550503,4.507242694122416,0.21484199816396624,2.715609111748936,0.12944208408418334,0.8594194225632781,0.0409650419413164,0.11323330164450934,0.005397372725398839,-0.29590172943459925,-0.22423700874919664,0.07166472068540267,-0.2099860040813058,-0.3137585532517145,-0.10377254917040864,-0.25430356579901525,-0.1379549604506138,0.11634860534840141,0.011616726006037435,0.0034559189656543847,-0.008160807040383106,0.6511980859795329,0.5899616027160978,-0.061236483263435545,0.5001415690683286,0.24708024890050942,-0.25306132016781924,0.09415383716386874,0.33682241133505203,0.24266857417118326,0.3298805402292207,0.32542979971263036,-0.004450740516590501
softplus_cnn,20260923,44,6289,4,Coat,4,True,11.075609675490156,20.979337059984488,True,True,64,2.0979337059984488e-07,1.8272652801964995e-07,3.6272592727578647,41.45166257947243,0.8552103677215234,40.59645221175091,0.9793684905621846,1.9758328140185324,0.04076441334996864,1.9350684006685637,86.96861861212354,0.4766278140434212,0.46679426279965897,0.9708267078774115,0.523809523809524,0.5,False,0.44894024919935505,1.2677693339568918e-09,2.220446049250313e-15,1.1102230246251565e-16,5.773159728050814e-15,1.8427925851938198e-10,2.3869795029440866e-15,3.552713678800501e-15,0.3905461951676028,0.11319024135444376,0.8095842856670277,0.09044117886066914,1.1237549576504227,0.07266268325926957,0.9483592467468257,0.059782127327294876,0.6994055626499435,0.03617335391992854,0.42218032083360285,0.03646655190021896,0.12557885777083133,0.03200310679840899,0.016578465121101796,0.016578465121101796,0.09044117886066914,0.07266268325926957,2.479167637593818,0.11817187695232402,6.559017263335488,0.3126417791268538,10.341655797758737,0.49294483272706346,11.32331222684038,0.5397364175266629,7.56907780578949,0.36078727293183055,2.754954125912189,0.13131750150327323,0.4244777217622695,0.020233133227641815,-0.5962785983083837,-0.8314694046045388,-0.23519080629615505,0.1626102846592121,0.009689113375174866,-0.15292117128403737,0.4310389206797941,0.4085555673169805,-0.022483353362813638,0.4871116914372257,0.5229676418567479,0.035855950419522276,-0.4353034025750386,-0.24063356841555933,0.19466983415947925,3.045961751382155,2.7532705848062915,-0.292691166575861,0.529458915341173,0.37753504523065434,-0.15192387011051864,0.0026597101417331903,0.6273442933763925,0.6246845832346596
softplus_cnn,20260923,45,6993,4,Coat,4,True,6.958387704725535,20.979337059984488,True,True,64,2.0979337059984488e-07,1.7774000388159905e-07,-0.48996254288541863,23.84789475719988,0.8227845568779695,23.02511020032191,0.9654986502894741,1.136732523483157,0.039218806320020956,1.097513717163136,47.685731856675574,0.5001054577263742,0.48285114443721394,0.9796248321998305,0.9285714285714287,1.0,False,0.4904511480892885,8.962709602267083e-10,4.440892098500626e-16,1.1102230246251565e-16,4.440892098500626e-15,1.1925038734261761e-10,3.3306690738754696e-16,3.552713678800501e-15,0.33025411589905107,0.11910853563204188,0.6521462032620647,0.12011075291350513,0.6225540843384951,0.08622468619465387,0.5482622487567901,0.083982012437842,0.29187836056039623,0.043702365876967283,0.1299884971684853,0.01810558964776776,0.023679829409324466,0.005927202270929882,0.0044764156755813175,0.0044764156755813175,0.12011075291350513,0.08622468619465387,2.2306899986419997,0.10632795460905041,4.948539384304054,0.2358768234742167,7.2491219880060065,0.34553627539703424,5.764678730817683,0.2747788795391967,2.69496864789373,0.12845823679691254,0.8600943156093528,0.04099721135849794,0.09980169170794723,0.004757142297804382,-0.09304299787583335,-0.2601880779040881,-0.16714508002825473,-2.1191806056047366,-2.373181824815782,-0.2540012192110457,-1.6671834839120938,-1.821168738309271,-0.1539852543971772,-0.7002733348756108,-0.8009919118339169,-0.1007185769583061,2.0082890285572095,1.9747470905060434,-0.03354193805116579,0.48237266671428475,0.3689801785418881,-0.11339248817239689,0.5095643927973357,1.3070591043218207,0.7974947115244849,1.0894917913140298,1.1147816367271375,0.025289845413107727
softplus_cnn,20260923,46,7594,4,Coat,4,True,8.37501676145979,20.979337059984488,True,True,64,2.0979337059984488e-07,7.257705658680891e-09,0.9266663410924885,33.667333908240145,0.6691854745934844,32.99814843364666,0.9801235976564898,1.6047854044185437,0.03189736037321569,1.572888044045328,72.1925118537001,0.4663549313323219,0.45708547308228065,0.9925965407377155,1.0,1.0,False,0.5115803479253199,1.41548861520846e-09,2.220446049250313e-16,4.440892098500626e-16,3.3306690738754696e-15,4.3552372819277707e-10,1.1102230246251565e-16,3.552713678800501e-15,0.23625909270831277,0.08014807208053817,0.6251026630661013,0.06955122883487522,0.8201549067639833,0.05863840574110185,0.9201439649075205,0.048531485152708026,0.6769681413130603,0.04532475342881888,0.3215082214388925,0.044374262706113284,0.07692877449669207,0.02000903699061868,0.0003178805811642906,0.0003178805811642906,0.06955122883487522,0.05863840574110185,2.5577615643040414,0.12191813101581069,4.955885766881214,0.23622699576784809,8.000854553739888,0.38136832116590264,8.221806892059359,0.3919002239466111,6.251543285377471,0.29798574032644354,2.966858929623224,0.14141814496522598,0.7126229158811486,0.033967847212884025,0.3272599082997526,0.18173554632704655,-0.14552436197270607,-0.9883462881054157,-0.6982813568365697,0.29006493126884597,-0.07099635556436282,0.017173075018848287,0.08816943058321122,0.08487511089858725,0.023822288262538443,-0.061052822636048845,1.3387735599390174,1.0093229445478347,-0.3294506153911827,0.36638135112354775,0.43370712032617414,0.06732576920262645,-1.1638960792144912,-0.9402707354579302,0.223625343756561,1.0326151337158564,0.8994574593400699,-0.13315767437578652
softplus_cnn,20260923,47,8085,4,Coat,2,False,9.789370504799273,20.979337059984488,True,True,64,2.0979337059984488e-07,3.988554209133355e-09,2.341020207299895,25.303650466750344,1.1516082395187706,24.152042227231576,0.9544884545005863,1.2061225001725129,0.054892499044467996,1.151230001128045,52.72167972867555,0.4799477292258498,0.45810456630984725,0.9198595234874668,0.8333333333333335,0.5,False,0.6238672905324363,7.292248471735263e-10,6.661338147750939e-16,2.220446049250313e-16,2.6645352591003757e-15,3.353761712787673e-10,3.0531133177191805e-16,3.552713678800501e-15,0.28176792357416236,0.09973364398750234,0.5684476851792091,0.09832401079887862,0.5474892426776619,0.03655079091424603,0.6879498093222891,0.04516854394783945,0.49961426200250886,0.031642220240121414,0.17150919551206228,0.03206426871409725,0.03675640281071391,0.014405098445970661,0.0012622736144466717,0.0012622736144466717,0.09832401079887862,0.04516854394783945,2.2987666609151045,0.10957289328744901,5.259760087482878,0.25071145348606966,7.537788954198268,0.35929586014305837,5.9857019080454545,0.2853141589236605,3.2132031945152097,0.15316037801041868,0.8842552101443875,0.04214886331327389,0.12417445090650393,0.005918892982722103,0.7253280598059453,0.46902863220909596,-0.2562994275968492,-1.7052735734228148,-1.7410636617419444,-0.03579008831912961,0.5746861819153369,1.0901066198643132,0.5154204379489761,0.31834829606545567,0.348899053494142,0.030550757428686154,0.7998456430951106,0.6163621971566149,-0.18348344593849591,0.33100650812052546,-0.2966222112442261,-0.6276287193647515,-0.16965184727745683,0.43598519703133765,0.6056370443087944,1.4667309389977956,1.4183243808659376,-0.04840655813185832
softplus_cnn,20260923,48,8903,4,Coat,4,True,8.192169427907807,20.979337059984488,True,True,64,2.0979337059984488e-07,8.185807276461787e-08,0.7438190403274234,11.84502929572098,0.2810390482898808,11.5639902474311,0.9762736721646265,0.5646045564668447,0.01339599280407808,0.5512085636627667,28.93446746189338,0.40937436679354317,0.39966141635960106,0.9972531736779048,1.0,1.0,True,0.30208074715489175,1.2766768059391254e-09,1.3322676295501878e-15,1.3877787807814457e-17,2.4424906541753444e-15,1.4853740459841447e-10,1.27675647831893e-15,3.552713678800501e-15,0.37815527120584125,0.09670435863183253,0.28054322931096926,0.0504339126362036,0.29816218560286006,0.024750470561458734,0.4416968819525118,0.032455682016831106,0.2575431064265884,0.02492286253111628,0.07558315861273461,0.016149549618308567,0.02292826371364515,0.004947665792637581,0.0027320104799176633,0.0027320104799176633,0.0504339126362036,0.032455682016831106,1.0921668445407304,0.0520591685722951,2.9934109250977845,0.142683771014259,3.485387861479583,0.16613431833017894,2.5087454657448682,0.11958173218590365,1.327578139709788,0.0632802712456525,0.39105201481118324,0.018639865201320733,0.0466880442572454,0.002225429913431207,0.19034305037059865,0.12314715944972854,-0.06719589092087014,-1.4879947932699984,-1.4459878627402587,0.04200693052973968,0.08205096920152412,-0.04466640975354522,-0.12671737895506927,0.3364920195442842,0.2876066839706871,-0.04888533557359712,2.1327785713919623,2.293751544880464,0.16097297348850065,-0.7339344258548052,-0.6558752815088974,0.0780591443459075,-0.9666767434352175,-0.9704684616379031,-0.0037917182026855623,1.1907603923790777,1.1563116678156855,-0.03444872456339175
softplus_cnn,20260923,49,9143,4,Coat,4,True,12.404684989847167,20.979337059984488,True,True,128,2.0979337059984488e-07,1.060205256919744e-10,4.956334605672392,31.21615288569315,1.0228085598937224,30.193344325799426,0.9672346376685484,1.4879475360179102,0.04875314014781736,1.439194395870093,68.5859672390063,0.45513906331468723,0.44022626699398404,0.9796011629523795,1.0,1.0,False,0.40552690150361087,1.7069310409567606e-09,8.881784197001252e-16,1.1102230246251565e-16,2.6645352591003757e-15,6.079456937868599e-10,4.996003610813204e-16,3.552713678800501e-15,0.4916832111539447,0.13833397490583588,0.8358915593225378,0.09651852303829375,0.8100640423963736,0.05117219741351593,0.7546006323143186,0.04438846843141843,0.557545528737818,0.047396785670197644,0.2509516674045559,0.03627556488461886,0.06013923381328366,0.026475988490449597,2.2518688434693513e-05,2.2518688434693513e-05,0.09651852303829375,0.05117219741351593,3.0225630075375087,0.14407333267468575,5.728950966407334,0.2730758817605636,8.81556230515456,0.4202021388926137,8.169102518339141,0.3893880199828002,4.213216921141957,0.20082698080952,1.1270926058335426,0.05372393811162573,0.13966456048783876,0.006657243748384775,1.057201536136854,0.9254745391133753,-0.13172699702347876,-2.5836872496215144,-2.4257899390308997,0.15789731059061424,-0.06679791132934072,-0.04792614910821699,0.018871762221123682,-0.0396073944586203,0.02501392088522597,0.06462131534384627,1.7257060078024737,2.1088999917661044,0.38319398396363075,2.7784920460552933,2.597327484000959,-0.1811645620543344,0.47948127284027553,-0.23043572767166198,-0.7099170005119377,1.6055462982469744,2.003770486325453,0.398224188078479
softplus_cnn,20260923,50,1325,5,Sandal,5,True,24.804726435279733,20.979337059984488,True,True,256,2.0979337059984488e-07,1.0403722328078402e-10,28.75817765508478,124.6462405490645,3.654055241027171,120.99218530803734,0.970684593254228,5.941381283530256,0.17417400895840668,5.76720727457185,177.9224142793186,0.7005651370792644,0.6800277851338783,0.9765639598278909,1.0,1.0,False,2.078882726429342,2.2632429264035636e-09,3.552713678800501e-15,2.220446049250313e-16,3.552713678800501e-15,6.586446943401825e-10,6.217248937900877e-15,2.6645352591003757e-15,1.4019612731323328,0.3260826514266609,1.7567894523313374,0.3081081165017498,1.8745163409164025,0.13171998614936598,2.088615601679499,0.118525132844183,1.7546787741444785,0.09418207239733449,0.7910804011722693,0.07294844442070358,0.2132364404878178,0.05838186320318464,0.0019236264437025134,0.0019236264437025134,0.3081081165017498,0.13171998614936598,6.892609286762967,0.32854275933769966,16.073322111949146,0.7661501441152322,27.86507990368555,1.3282154638162886,34.25934123957505,1.633003995389375,26.336550743443745,1.255356671573645,11.100574739855443,0.52911942394159,2.118762522996837,0.10099282531849478,2.7292042414095694,2.5654300866716477,-0.1637741547379219,8.055013705485223,6.648095590568009,-1.406918114917217,6.218070913662514,4.700168087553507,-1.5179028261090064,3.3503136114925405,3.6992694226059926,0.3489558111134532,0.8871766424543108,1.1102798696310565,0.22310322717674624,-1.7218446784920132,-2.2873048234257167,-0.5654601449337009,9.762718433638256,12.266221823152243,2.5035033895139938,-0.5224752145656169,0.056017598986686026,0.5784928135523025
softplus_cnn,20260923,51,1435,5,Sandal,5,True,26.690681055535315,20.979337059984488,True,True,128,2.0979337059984488e-07,1.0794915628054014e-08,30.64413239675675,109.04515006766403,2.026539118961,107.01861094870303,0.9814155960379393,5.197740507999859,0.09659690929063601,5.101143598709222,160.21616850862756,0.6806126440465464,0.6679638637278992,0.9966592192735922,0.9285714285714287,1.0,False,1.5614578633087732,3.94030230665976e-09,1.7763568394002505e-15,1.7763568394002505e-15,0.0,5.452811535633373e-10,2.886579864025407e-15,3.552713678800501e-15,1.609978262427894,0.37494777313138017,1.3378043082074924,0.23716450423154117,1.3805388346769207,0.08945313024676228,1.8391373886941387,0.08512890558544267,1.6302182719036933,0.0934700683563402,1.0053842272516882,0.12237195870271429,0.3653324129168339,0.1285179559652616,0.0784401943770066,0.0784401943770066,0.23716450423154117,0.1285179559652616,7.162318414054086,0.341398700710869,13.750611319448742,0.6554359310846074,25.502972031600052,1.2156233516188575,30.486699574762692,1.4531774520612633,21.672477597785402,1.0330392011825291,9.088358328913404,0.43320522011385826,1.381712800003565,0.06586065117562807,3.769356546857801,3.3911127573938695,-0.3782437894639296,9.219352677582783,10.04162184230986,0.8222691647270797,9.336136799358698,9.185836567387794,-0.1503002319709017,5.158099852401113,6.147906253718113,0.9898064013169989,-1.5475976589600704,-2.126521745893673,-0.5789240869336028,-4.864794092238331,-4.956256597200857,-0.09146250496252817,9.381315209908758,9.595778763098325,0.21446355318956484,0.19226306184599573,-0.6353454435113985,-0.827608505357394
softplus_cnn,20260923,52,3703,5,Sandal,5,True,12.354405145143936,20.979337059984488,True,True,128,2.0979337059984488e-07,9.216307317316819e-08,16.3078563406521,114.29870978865256,2.4013999738950162,111.89730981475755,0.9789901392733532,5.448156415135887,0.11446500749899252,5.333691407636896,142.53466020664487,0.8019011630079574,0.7850533312566242,0.9870952803640627,1.0,1.0,False,1.7606978257196328,2.6917017503791385e-09,4.440892098500626e-15,1.7763568394002505e-15,0.0,3.184652541676769e-11,3.4416913763379853e-15,2.6645352591003757e-15,1.3075191581111167,0.4178468584045902,1.457938789923019,0.32597882983780796,1.5616193911457603,0.13452497571213154,1.564888096256115,0.11830339481480306,1.2923634263165191,0.11001241023739028,0.7418316950458663,0.13028640646056103,0.15252561867847286,0.05649372770186517,0.022882756423919362,0.022882756423919362,0.32597882983780796,0.13452497571213154,6.389557412722066,0.30456431461360917,16.449146380681515,0.7840641643560914,27.15930545810969,1.294574055436324,30.02106443671185,1.4309825115481531,21.890145557823587,1.0434145509572061,10.645927640679234,0.5074482387236647,1.7435629011466087,0.08310857946375441,3.6600438262613255,3.4444623938432404,-0.21558143241808575,9.693631158249993,9.327525389013372,-0.3661057692366214,4.910461766449076,4.056904751937761,-0.8535570145113139,0.16142023640759112,-0.2776166499303242,-0.4390368863379154,0.2200835135280419,0.3523510570905537,0.13226754356251114,-5.540845564693735,-6.067964436100742,-0.5271188714070033,6.424879901390598,8.673819424954752,2.2489395235641525,-3.221818496940791,-3.201625590188362,0.02019290675242874
softplus_cnn,20260923,53,4857,5,Sandal,5,True,10.743184840432862,20.979337059984488,True,True,256,2.0979337059984488e-07,8.923395355964203e-11,14.696636180609843,106.67708440150214,2.2162003560982706,104.46088404540387,0.9792251506635002,5.0848644118967705,0.10563729205368462,4.9792271198430855,134.34210437660315,0.7940703690516321,0.7775736767720057,0.9924867061384429,0.9523809523809524,0.5,False,1.4598113142656817,3.2957545026413015e-09,1.7763568394002505e-15,1.7763568394002505e-15,7.105427357601002e-15,3.33475469460609e-11,1.7208456881689926e-15,2.6645352591003757e-15,1.4751583692446375,0.5095947778793937,1.663892662856446,0.34603543572841616,1.434024916963904,0.160603478729026,1.5139390464625169,0.13754091847334746,1.0584280374670154,0.12319361128103738,0.5205498996464603,0.09305692783368302,0.1455527459498151,0.05556123709012089,0.06715652011279288,0.06715652011279288,0.34603543572841616,0.160603478729026,6.485577861293992,0.3091412203708017,15.529381622113432,0.7402227047361674,27.691586678585708,1.3199457446824672,29.230796130954275,1.3933136231796586,18.43507442543455,0.8787253082747402,7.813291798215968,0.3724279645193777,1.4913758841315061,0.07108784609672546,3.1612605324602443,3.3673191694315143,0.20605863697126914,9.727253971910987,8.943824578181955,-0.783429393729032,5.354848768716974,4.538707826379718,-0.8161409423372569,0.6805853060581027,0.4079527620613572,-0.2726325439967456,1.2011183776226384,0.8889012169490907,-0.31221716067354754,-6.29560032879235,-6.3273806441707094,-0.03178031537836107,4.746746308101497,5.5081230347557355,0.761376726654238,-3.879576755468255,-2.6308117630121646,1.2487649924560913
softplus_cnn,20260923,54,4983,5,Sandal,5,True,28.721587763210483,20.979337059984488,True,True,128,2.0979337059984488e-07,8.44776426589533e-09,32.6750388743348,84.87062380395608,1.317838448883358,83.55278535507271,0.9844723840851287,4.045438783946914,0.06281601964425146,3.9826227643026626,117.67527206046769,0.7212273429913562,0.7100284018220832,0.9983150705890232,1.0,1.0,False,1.419223169458771,1.6216681331115979e-09,5.329070518200751e-15,2.220446049250313e-16,7.105427357601002e-15,1.1969021329605312e-09,2.1649348980190553e-15,3.552713678800501e-15,1.442466015750864,0.5258286822827174,1.126155545912531,0.17640723003718245,1.3684654983578979,0.08823430071762435,1.242069500204126,0.05180046457822557,1.0995518283361418,0.08448565951617695,0.5519895215366992,0.06492855673071331,0.19141794506739107,0.043528831015940024,0.02945361909815371,0.02945361909815371,0.17640723003718245,0.08823430071762435,5.0196886401324905,0.23926822023880492,12.261792382310986,0.5844699642916197,22.153495914446573,1.055967395495144,22.11453793519495,1.054110426462222,14.944965143439717,0.7123659389574042,7.055105982429029,0.33628831846578117,1.3210378054303982,0.06296852000867634,3.4966253311615585,3.150477367399476,-0.3461479637620818,8.218300996696286,8.004009307158704,-0.2142916895375841,11.07206501942764,11.647943713896316,0.5758786944686738,2.481214769351322,2.9240400058749363,0.4428252365236161,-1.3214207178063986,-1.6768609087284458,-0.35544019092204715,0.4323536687789445,0.731488187268467,0.29913451848952216,7.9030036370654475,7.706330799868394,-0.1966728371970543,0.3928961696599968,0.18761040279385904,-0.20528576686613734
softplus_cnn,20260923,55,6323,5,Sandal,5,True,15.516759898855836,20.979337059984488,True,True,128,2.0979337059984488e-07,5.701837979543711e-08,19.470211255803964,187.83684664549492,4.027400911217207,183.80944573427772,0.9785590474758229,8.953421459812029,0.19196988444877888,8.761451575363251,226.70507629670712,0.8285515689099867,0.8107866340571551,0.9674031308346214,0.9523809523809524,0.5,False,3.6083941356780165,1.1989351733632247e-09,3.552713678800501e-15,4.440892098500626e-16,3.552713678800501e-15,8.685674401931465e-11,4.884981308350689e-15,2.6645352591003757e-15,1.52239266158175,0.42457920805502564,2.0179544860826426,0.31868059433734824,2.152661349137562,0.18189522322137097,2.3828206944930663,0.1015401762673466,2.219588684930134,0.12234023290226892,1.5120113202126584,0.1368981361812821,0.43250012050268677,0.18155370186579425,0.08857583754357568,0.08857583754357568,0.31868059433734824,0.18189522322137097,9.424233849036579,0.44921504536061574,21.18202939528409,1.0096615224170364,40.08852684260941,1.9108576561779618,48.80341319543888,2.326260980311213,42.845305238378074,2.0422621132342758,21.98243769328767,1.0478137431337844,3.5109004309781624,0.1673503991541646,2.609295909620951,2.0592740951717228,-0.5500218144492288,4.860932443278246,2.8489458048981677,-2.011986638380077,7.655964600835632,6.190572142491162,-1.46539245834447,2.340716865174359,2.3642185760503605,0.023501710876003834,0.5851075266896869,1.513797833981262,0.9286903072915759,-4.8031851326311,-4.369762252905872,0.43342287972522897,8.326695434015326,10.48938593700273,2.162690502987409,-2.1053163911791337,-1.626220880798713,0.47909551038041964
softplus_cnn,20260923,56,6699,5,Sandal,5,True,12.060337730487408,20.979337059984488,True,True,128,2.0979337059984488e-07,7.971752147284406e-10,16.013789215831363,96.83720531276188,3.0985440028012734,93.7386613099606,0.9680025462032522,4.615837241943502,0.1476950388823947,4.468142203061107,147.5716248374917,0.656204777980866,0.6352078959162181,0.9789046243899362,0.9523809523809524,1.0,False,1.187842487429208,2.1362718261030977e-09,2.6645352591003757e-15,1.887379141862766e-15,3.552713678800501e-15,1.2949641359227826e-11,2.6645352591003757e-15,2.6645352591003757e-15,1.2332515437793197,0.370619842341019,1.4310188928613148,0.25522401343921175,1.437330526443514,0.09649345295883847,1.7190658425844725,0.06302266675358278,1.487874910880615,0.08629412372964343,0.8007446347266295,0.080441769471217,0.13368334734481596,0.045025198801300036,0.024423315670901148,0.024423315670901148,0.25522401343921175,0.09649345295883847,5.119404551735908,0.2440212737465639,11.888712150179412,0.5666867411580737,20.954147263794805,0.9987993044719354,25.045409209518866,1.1938131857030845,21.339934371255666,1.0171882128706047,10.16120978326775,0.48434370229214785,2.328387982653088,0.11098482168410376,2.190747492495718,1.8839448344988703,-0.3068026579968479,4.181749596365204,3.48371748759879,-0.6980321087664141,7.822870098309963,6.735024038320891,-1.0878460599890696,1.1863109524870084,0.5360843547682753,-0.6502265977187324,2.4460261022601877,3.7637910912011785,1.3177649889409901,-4.3236717972630885,-4.6793083755997715,-0.35563657833668183,4.774559466267096,5.91327635180755,1.1387168855404546,-2.264802695090724,-1.6227405667773689,0.6420621283133563
softplus_cnn,20260923,57,6794,5,Sandal,5,True,17.403476084008158,20.979337059984488,True,True,256,2.0979337059984488e-07,1.7168355626040466e-10,21.356927268921865,135.41661907228126,5.114854529364273,130.301764542917,0.9622287532770692,6.454761591612533,0.2438043926144945,6.210957198998038,212.31390390531266,0.6378132405905649,0.6137222393170667,0.9643516505462223,0.9523809523809524,0.5,False,1.874232669060595,1.7159490495188834e-09,2.6645352591003757e-15,1.7763568394002505e-15,3.552713678800501e-15,1.8599877193992143e-10,1.9984014443252818e-15,2.6645352591003757e-15,1.2070285815594615,0.36013522860361435,1.6148178009807639,0.39773669581043414,1.8307342143983725,0.14123323116042755,2.2809151668047383,0.10550489039586579,2.222626576321903,0.10280817139903647,1.6608583728078936,0.14976653886681426,0.5097254147646347,0.1757523605153947,0.00046606466882997033,0.00046606466882997033,0.39773669581043414,0.1757523605153947,8.27736929955522,0.39454865880120144,16.432527495748836,0.7832720094426562,28.97019326642757,1.380891740458504,35.43702923245213,1.6891396106144803,31.35368985519537,1.494503366123932,11.876290652832996,0.5660946587051868,3.0695192696586897,0.1463115474470078,2.7570526554112265,2.29227164529009,-0.46478101012113715,6.0740227336362,4.671934857486254,-1.4020878761499445,7.565352521165439,6.079902358906076,-1.4854501622593643,-0.36958974162278135,-0.6744937481216952,-0.304904006498914,-1.3966461703085304,-0.9752509543974598,0.42139521591107,-3.584929649392195,-5.042561123634105,-1.4576314742419119,9.628380906477211,12.973142677124313,3.3447617706471036,0.6832840135552907,2.0319815564543884,1.3486975428990984
softplus_cnn,20260923,58,7277,5,Sandal,5,True,36.10959920862105,20.979337059984488,True,True,128,2.0979337059984488e-07,8.409868712533353e-08,40.063050249775074,136.65875529165595,2.0050549477586914,134.65370034389727,0.985328016902543,6.513969192683203,0.09557284589240371,6.418396346790799,180.17393615041902,0.7584823765939473,0.747353935984842,0.9933831013445619,0.9761904761904763,1.0,False,1.4054506066041137,1.8193351269957247e-09,3.552713678800501e-15,4.440892098500626e-16,1.4210854715202004e-14,1.1786482900788542e-09,3.885780586188048e-15,3.552713678800501e-15,1.562399408309787,0.4330995858427569,1.527218704740917,0.17568332802326989,1.7639767267690265,0.10491850153278168,2.2804226470209694,0.11363616537211056,1.6493024670214713,0.13707834198991523,0.9845063083700638,0.07636015858213036,0.3484940598284443,0.09822581179295302,0.0342406489935622,0.0342406489935622,0.17568332802326989,0.13707834198991523,9.325714791796706,0.4445190410513192,20.98394795833234,1.000219782843217,35.16799817758012,1.6763159902063236,37.31117912249249,1.7784727427664522,23.726608263074755,1.1309512876996648,8.683435982312613,0.4139042123916871,1.4598709955621594,0.06958613570047856,4.477265774037753,4.329943821784707,-0.14732195225304606,8.223664367122765,7.959794029414091,-0.26387033770867807,5.241491468316894,3.729296087052376,-1.512195381264517,6.463019462641527,6.833620385934984,0.37060092329345606,2.2269874716560585,2.670983743285051,0.4439962716289928,5.590834006940786,6.328812036358725,0.7379780294179381,8.33384629568925,8.252179019746126,-0.08166727594312628,-0.4940585966299702,-0.041578872622341646,0.45247972400762854
softplus_cnn,20260923,59,7584,5,Sandal,5,True,18.09391956133621,20.979337059984488,True,True,256,2.0979337059984488e-07,2.177378277679054e-10,22.04737090253896,97.32571366469269,3.4032099180564286,93.92250374663625,0.9650327771571119,4.63912245589159,0.16221722871060754,4.476905227180982,159.09711722312466,0.6117377571851218,0.590346986708221,0.9796973138384008,0.9285714285714287,0.5,False,1.6324786646417881,1.1213658890341094e-09,1.7763568394002505e-15,4.440892098500626e-16,0.0,8.311680232964136e-10,2.6645352591003757e-15,2.6645352591003757e-15,1.0446150590706964,0.24741438703431684,1.4652843537479285,0.29428639909541565,1.2270895832443074,0.06760229208264908,1.7821417499586965,0.1245428884895692,1.5109341398032878,0.076649850111283,1.061212837254803,0.14429689775756524,0.4679662890912481,0.09929158165892504,0.06888604397668097,0.06888604397668097,0.29428639909541565,0.14429689775756524,5.914164999565381,0.281904284327741,13.716406515411698,0.6538055266567055,26.599592060434354,1.2678947854443796,27.853765936411428,1.327676172834797,17.119776716409874,0.8160303954057608,5.4169608676188785,0.2582045777772009,0.7050465684038943,0.0336067134241665,3.4964151074217313,3.1598373066502523,-0.33657780077147836,8.15113508477118,5.974432177536833,-2.1767029072343442,8.449436602046937,8.04772370232271,-0.4017128997242272,1.7858319570922292,2.631645324663624,0.845813367571395,-3.133565258364979,-2.1535401644969117,0.9800250938680681,-1.2028214484095414,0.3745500086230087,1.577371457032549,3.376432579146125,3.278896793238727,-0.09753578590739742,1.1245062788352806,0.7338257548318832,-0.39068052400339726
softplus_cnn,20260923,60,430,6,Shirt,6,True,11.779734847489454,20.979337059984488,True,True,64,2.0979337059984488e-07,2.8887953473777372e-08,-2.3929310183818746,20.643310024357813,0.9985858369613277,19.644724187396484,0.9516266608512366,0.9839829526230548,0.04759854108383662,0.936384411539218,34.632543684559515,0.5960668154317921,0.5672330732135866,0.960361540623858,0.8571428571428572,1.0,False,0.888798342112679,4.670802078443614e-10,4.440892098500626e-16,4.440892098500626e-16,3.1086244689504383e-15,1.1657119713959219e-10,4.440892098500626e-16,3.552713678800501e-15,0.39782886881828494,0.1355721789809464,0.48631015806534356,0.13812510038819123,0.41843726918644725,0.03671386724231428,0.4015894669368972,0.02939636634804048,0.19195039207195722,0.015922968251603324,0.10209631010033608,0.010216673000583864,0.041756711468941506,0.009009988346090387,0.008652736084550647,0.008652736084550647,0.13812510038819123,0.03671386724231428,2.1708419059597373,0.10347523850505037,5.339055790919227,0.2544911584028468,5.650935803979696,0.269357215045568,4.482690448702309,0.21367169209805448,2.1552009777691943,0.10272969882732738,0.728514642908271,0.03472534145503688,0.1160704538912394,0.005532608278296341,-0.24532026913314925,-0.1385990270038894,0.10672124212925989,-1.3322347792979008,-1.1746802080887397,0.15755457120916128,-0.7253107686767973,-1.009778124003508,-0.28446735532671064,-0.4722027470807342,-0.47388818298498475,-0.0016854359042505207,-0.947449804321411,-1.1826911059100014,-0.23524130158859058,1.0065025384912492,1.272555036247939,0.2660524977566895,0.531504556411565,0.9997620823360659,0.4682575259245013,-0.208419744774693,-0.6856114888581848,-0.47719174408349185
softplus_cnn,20260923,61,3174,6,Shirt,2,False,7.599197800686348,20.979337059984488,True,True,128,2.0979337059984488e-07,5.657652124568813e-11,-6.573468060380238,23.543013165490052,1.1859920219146434,22.35702114357541,0.9496244591302739,1.1222000532321617,0.05653143464560554,1.065668618586556,67.5034223775886,0.34876769704800065,0.33119833567131884,0.9930182273615134,0.9761904761904763,1.0,False,0.7159024447841915,5.427698221427413e-10,1.7763568394002505e-15,4.440892098500626e-16,2.6645352591003757e-15,2.5127011582526393e-10,1.3877787807814457e-15,3.552713678800501e-15,1.1193879642211328,0.37351871648726354,1.1653367861130866,0.21257149451738172,0.870794007258539,0.11197783821451147,0.5711405594578132,0.048429508071802525,0.38463588317441494,0.04987136604221707,0.1638699931987999,0.02949309802764669,0.06066726274522606,0.027809098763143674,0.0011701631092195207,0.0011701631092195207,0.21257149451738172,0.11197783821451147,3.4760316966859093,0.1656883478609061,5.529864764594281,0.26358624911660433,6.244736100537424,0.2976612694043842,5.106449752349462,0.2434037709460986,2.430079717931795,0.11583205470142686,0.6801189256507736,0.03241851368830986,0.07573220742542389,0.003609847499417595,-0.0970170172943555,-0.07163971434697149,0.02537730294738398,-2.0353432181120175,-2.288255174664431,-0.2529119565524138,-4.062217604102003,-4.781478569586975,-0.7192609654849724,-0.5348110914884279,-0.6213626234739488,-0.08655153198552083,1.3542737474072286,1.6525001362446876,0.29822638883745967,-1.2818808801236952,-1.4091484478897986,-0.12726756776610298,-1.1469207820115392,-0.6556421520223651,0.49127862998917277,1.2304487853445738,1.6015584856108347,0.37110970026626033
softplus_cnn,20260923,62,4412,6,Shirt,6,True,12.963134779936222,20.979337059984488,True,True,32,2.0979337059984488e-07,1.8853368033422413e-09,-1.2095312257917818,0.5903139963379439,0.13274545307152963,0.4575685432664143,0.7751273832315924,0.02813787655206205,0.006327437930568612,0.021810438621493438,3.2310253064394328,0.18270175574343173,0.1416171338412238,0.9977513680241086,0.9761904761904763,1.0,False,0.05539379133051864,1.39385929881497e-10,1.1102230246251565e-16,2.220446049250313e-16,3.552713678800501e-15,4.6218140425935417e-11,7.632783294297951e-17,3.552713678800501e-15,0.12302985014986074,0.04790533154056166,0.08435236752791798,0.020951645040218785,0.03895756581103201,0.0027815023456035713,0.01646268738955825,0.0018021756590388001,0.009531558646098406,0.0008712994327152569,0.004159862652423366,0.0008988593898191789,0.00044927189591107076,0.0001291031274979783,9.657195673322076e-05,9.657195673322076e-05,0.020951645040218785,0.0027815023456035713,0.1934640533986285,0.009221647607141859,0.18288666352675598,0.008717466286176881,0.12518240866713357,0.005966938245436919,0.059781786257725206,0.0028495555453823956,0.022586731132284134,0.001076617963079756,0.005916333296389886,0.0002820076382525245,0.0004960200133176506,2.364326441295173e-05,0.1332930392973754,0.1363383641636641,0.003045324866288723,-0.5705329875122723,-0.5799913318757063,-0.00945834436343388,-1.0586648870788975,-1.107549270798189,-0.04888438371929163,-0.22422439362655164,-0.22713093595178815,-0.002906542325236474,0.49102994569618674,0.5926958143021501,0.10166586860596336,-0.1664398392162298,-0.2252099336207226,-0.05877009440449284,0.07782828617810317,0.06510219794213569,-0.012726088235967499,0.10817961047050771,0.13621387009289254,0.028034259622384813
softplus_cnn,20260923,63,4542,6,Shirt,0,False,7.704817414484856,20.979337059984488,True,True,128,2.0979337059984488e-07,3.125455450003756e-11,-6.467848550669439,31.816580586149826,0.8188218055931693,30.997758780556655,0.9742643052613387,1.516567491869705,0.03902991802133593,1.477537573848369,59.560466055043946,0.5341895840228302,0.5204418439558461,0.9976145446781425,0.9761904761904763,1.0,False,0.3139920114876251,5.384666601493393e-10,1.7763568394002505e-15,2.220446049250313e-16,7.105427357601002e-15,1.8901591403164275e-10,2.220446049250313e-15,3.552713678800501e-15,0.8503435944241483,0.23531394432269434,0.6202941640082722,0.06086139210996935,0.605722513946124,0.03549532440178262,0.6668697101549943,0.029142901665477932,0.5368302471167284,0.03587132075870391,0.31363413714137367,0.029730837275303453,0.09241612687164873,0.01898944869198975,0.0032392087588197296,0.0032392087588197296,0.06086139210996935,0.03587132075870391,2.3969685098599065,0.11425377756248695,5.350554955835466,0.2550392770056111,7.249530195930058,0.345555733014922,8.37411457362106,0.39916011405306306,5.816833268042474,0.2772648750249297,2.2357406836409757,0.10656870030013374,0.3928383990374495,0.018725014899862617,0.5213174719549408,0.6200737937435021,0.09875632178856125,-1.093348445546875,-1.3261251446407656,-0.23277669909389012,-2.851673600762971,-2.922742612803719,-0.07106901204074839,0.636155812835475,0.8086933883511943,0.17253757551571952,0.7521520507721826,1.0709219514616666,0.31876990068948374,-2.9166002060463265,-3.290630794881421,-0.3740305888350921,-2.940156405186061,-3.081101910714994,-0.14094550552893234,1.4243047713102026,1.6530627790041132,0.22875800769391108
softplus_cnn,20260923,64,5260,6,Shirt,6,True,9.894885081992706,20.979337059984488,True,True,128,2.0979337059984488e-07,7.471945284720505e-11,-4.27778093821777,113.89086591425547,5.558341255910909,108.33252465834457,0.9511958995895633,5.428716150020218,0.26494360808534617,5.163772541934872,245.26711447614957,0.46435440869236677,0.4416920095045156,0.8541558968811774,0.523809523809524,1.0,False,1.739333332424587,6.2590166383103e-10,2.220446049250313e-15,4.440892098500626e-16,2.6645352591003757e-15,2.433955259562026e-10,1.9984014443252818e-15,3.552713678800501e-15,1.3344007500756279,0.3385413185966326,2.521702659167338,0.2227942971506293,3.0495416675295455,0.2077919900195408,2.484144273879261,0.13343131255475957,1.908283407219952,0.09499173419520825,1.2374819502311898,0.11230798056385703,0.43522638626393806,0.11378721345746552,0.054509304646563485,0.054509304646563485,0.2227942971506293,0.2077919900195408,9.87097057356299,0.47050917506781736,16.671863767328723,0.7946801998395011,29.666743055036804,1.4140934468145077,31.669033834250317,1.5095345359913739,19.134470060626803,0.9120626646074274,5.985318643388867,0.28529589025027524,0.8924659797593448,0.0425402374349385,1.7521075415955225,-0.32975792579341834,-2.081865467388942,-1.4123244859342523,-2.0309744206024187,-0.6186499346681656,-2.678277413453379,-3.582569966193122,-0.9042925527397422,-0.646943821617602,-1.9511300366855855,-1.304186215067984,2.168325912854729,5.481822235793297,3.3134963229385677,-2.579177050778572,-2.957089136383279,-0.3779120856047091,-1.5450028280454078,-1.8164378283650797,-0.2714350003196715,0.6635112071611947,2.908356140255232,2.2448449330940368
softplus_cnn,20260923,65,5777,6,Shirt,2,False,8.142921048096252,20.979337059984488,True,True,128,2.0979337059984488e-07,3.1353697416136583e-10,-6.0297449533181595,174.63483205528587,4.654222701615916,169.98060935366996,0.9733488294010987,8.32413491217415,0.2218479396326243,8.102286972541526,315.6804968524243,0.553201207539042,0.5384577477814008,0.9019479432252033,0.38095238095238104,0.2,False,2.569056708174182,1.017033790517985e-09,2.6645352591003757e-15,4.440892098500626e-16,9.769962616701378e-15,5.918767698176453e-10,3.9968028886505635e-15,4.440892098500626e-15,1.7848011315860801,0.49937839128868017,3.200721736176702,0.30046264676413886,3.45759218566203,0.18744230817986549,3.3935252929678397,0.16860417234745284,2.7827727268573694,0.12708614083597053,1.5215025926149108,0.17912792351079732,0.5853691912401168,0.19240049717775723,0.10572658192902876,0.10572658192902876,0.30046264676413886,0.19240049717775723,11.840110484368118,0.5643700966581864,21.23629159433061,1.0122479816026329,42.561401803199374,2.028729586712253,50.184264161216134,2.392080551340989,34.09858581705244,1.6253414356972846,12.315743412370185,0.5870415913122896,2.39843478246513,0.1143236688369839,1.7157506822250648,0.16629049665201456,-1.54946018557305,-0.6346638671914384,-1.3194949456509266,-0.6848310784594885,-2.1469662346850877,-2.9757905072756166,-0.8288242725905272,0.569260116372495,0.4231671230073398,-0.14609299336515547,0.7116741032823333,3.2679120865666182,2.5562379832842854,-5.7288681199634865,-6.275225690902233,-0.5463575709387425,-1.51916608051529,-2.417822680908306,-0.8986566003930142,1.0032344471572596,3.1012191657848263,2.0979847186275675
softplus_cnn,20260923,66,6206,6,Shirt,6,True,13.56736125800255,20.979337059984488,True,True,64,2.0979337059984488e-07,1.102937730035336e-07,-0.6053043798965643,67.58193098488249,3.100203356638692,64.4817276282438,0.9541267419936229,3.22135684228968,0.14777413355696303,3.0735827087327174,121.39468888758863,0.556712419663296,0.531174207200727,0.9660245079509333,0.9047619047619048,1.0,False,0.6956952101215265,5.122062773921243e-10,1.3322676295501878e-15,3.3306690738754696e-16,3.3306690738754696e-15,4.578286638690088e-10,1.7763568394002505e-15,3.552713678800501e-15,1.0915390654183754,0.2612525572596063,1.219422647813053,0.13006212428215472,1.2545792941979517,0.07257694503966976,1.2947693446047006,0.0706433369140618,1.1750051126449874,0.07883749385978825,0.6365135791464366,0.08053402304354854,0.18572206088169307,0.04539716031212438,0.02038095017956975,0.02038095017956975,0.13006212428215472,0.08053402304354854,4.782048109448791,0.22794085894019794,10.942193182792046,0.5215700167982399,15.832983596505649,0.7546941808139935,16.708325381040495,0.7964181772411473,12.968082274629326,0.6181359419294689,5.280257687275746,0.2516884910223017,1.0680407527358025,0.050909175522660305,0.6160827411035116,0.3344057249577699,-0.28167701614574164,0.4704118297831771,0.1971412398607542,-0.2732705899224225,-1.9062025279124037,-2.6912832366374184,-0.7850807087250145,-0.6796097467069703,0.5350066563152089,1.2146164030221793,2.814706596506326,3.381703093752736,0.5669964972464085,-1.4530792537882047,-2.7834872685025753,-1.3304080147143706,-3.2554840294075973,-3.6852510563098275,-0.42976702690223,2.7878700105256007,4.1064604671246165,1.3185904565990167
softplus_cnn,20260923,67,6466,6,Shirt,6,True,10.450686147771512,20.979337059984488,True,True,128,2.0979337059984488e-07,1.0635066161057694e-09,-3.7219797705690514,83.33260020310159,5.343360809896062,77.98923939320554,0.9358791061736583,3.972127430186929,0.25469636121571576,3.717431068971214,118.33546049451121,0.7042064978229144,0.6590521477441915,0.9443081785971332,0.6190476190476191,0.5,False,2.1225957618388587,8.091585179670346e-10,1.3322676295501878e-15,8.881784197001252e-16,1.7763568394002505e-15,3.86764842374987e-10,1.3322676295501878e-15,3.552713678800501e-15,1.183426166796118,0.27131540047622565,0.9732784554160049,0.10449538784949547,1.1121632328322941,0.06739923036623721,1.5075390161060371,0.07291875080001264,1.2307402925474942,0.06731736340280575,0.6018933738343749,0.06371374254985587,0.17131204098853553,0.03736106801053716,0.04364555468985083,0.04364555468985083,0.10449538784949547,0.07291875080001264,10.66860331175031,0.5085290960932871,14.741218541727036,0.70265416393181,19.152796348871135,0.9129362045191954,19.783174602120766,0.9429837818781579,12.994336749691806,0.6193873863858601,5.139894687951391,0.2449979555243006,0.8525759606648593,0.04063884183886074,2.168889693289004,0.9532217379939408,-1.2156679552950627,-2.1822811698508593,-2.472039838599799,-0.2897586687489394,-2.2144091735749702,-3.7408065581340515,-1.526397384559082,0.2230233035451165,1.0901314190418598,0.8671081154967432,1.5404140768372816,3.9630546091246037,2.4226405322873212,-3.8240579892081645,-5.3769896630237275,-1.5529316738155643,-1.8338633222351988,-2.5924684495192314,-0.7586051272840328,2.400304810628741,4.453916972934119,2.0536121623053774
softplus_cnn,20260923,68,7419,6,Shirt,6,True,13.939691255228487,20.979337059984488,True,True,64,2.0979337059984488e-07,4.652719121089888e-08,-0.23297420806585833,31.032441857305244,2.0467584121393063,28.98568344516594,0.9340445582223017,1.4791907755987115,0.09756068107810932,1.3816300945206021,70.32107721026568,0.4412964517667405,0.4121905493355344,0.9629537729736836,0.9047619047619048,0.5,False,0.6906630437217891,6.935559904164279e-10,8.881784197001252e-16,2.220446049250313e-16,2.220446049250313e-15,2.3113622127368671e-10,7.771561172376096e-16,3.552713678800501e-15,0.8502726609384521,0.1594598121375538,0.8645342040268046,0.09176557548228674,0.8294779721930319,0.050377660536020184,0.8383947757573911,0.04344649949259364,0.5158459591685741,0.03430408631934535,0.20982238533730252,0.026729772695016616,0.0752681719163314,0.01742055127438191,0.018577376820908063,0.018577376820908063,0.09176557548228674,0.050377660536020184,3.6116522318509894,0.17215282930649764,5.730096306622343,0.27313047548827457,7.5403823203720615,0.3594194754015567,7.679602567466627,0.366055540530617,4.741078570835974,0.2259880070223477,1.5574917009087574,0.07423931921468967,0.17213815888110315,0.008205128617216203,0.026205967545712524,-0.2454990341948742,-0.27170500174058676,-0.45705506932904494,-0.3663785922607554,0.09067647706828975,-1.4508578345159662,-2.0302942163076905,-0.5794363817917243,0.04844312552273844,1.2241362494348498,1.1756931239121113,2.4226871976431688,2.284741378541909,-0.1379458191012606,-1.474609560540201,-2.3452264134991254,-0.8706168529589251,-1.967110193333009,-2.154164549764253,-0.18705435643124355,2.6193221589407454,3.3997109702152177,0.7803888112744716
softplus_cnn,20260923,69,9004,6,Shirt,6,True,10.506235152895034,20.979337059984488,True,True,64,2.0979337059984488e-07,4.8643644667834e-10,-3.6664309014893472,6.436670112380337,0.6285957302590903,5.808074382121247,0.9023414717106528,0.30680998612951865,0.029962611709883798,0.27684737441963486,19.68971649846292,0.32690516965456645,0.29498009189592217,0.997153989540123,1.0,1.0,False,0.257436350297927,3.965909961545222e-10,4.440892098500626e-16,8.326672684688674e-17,1.7763568394002505e-15,3.191162889493171e-10,7.771561172376096e-16,3.552713678800501e-15,0.6809592927838173,0.14683933963639437,0.24243980936233944,0.04063836301082076,0.2664224564489172,0.022986402030455915,0.2121167455561054,0.014357637546338467,0.14019456921348925,0.012815359837020904,0.05972099315650542,0.008143429321230678,0.017202252704683122,0.006231214311008592,0.0004321862796556842,0.0004321862796556842,0.04063836301082076,0.022986402030455915,0.9890040308184849,0.04714181520563339,1.475819213707332,0.07034632264535547,1.6256690494571036,0.07748905719989922,1.4253990572365747,0.06794299806333483,0.6962622454059988,0.033188000336485064,0.19879882181284148,0.0094759344036674,0.025717693774047035,0.0012258582671375437,0.0027436668557315955,-0.2110079071336797,-0.21375157398941133,-2.1707840165578656,-2.2117107434589167,-0.04092672690105149,-2.784697786860831,-2.9512971970490263,-0.1665994101881953,0.31802551711269944,0.28421243064998586,-0.033813086462713506,2.242590978512967,2.6877328638556106,0.4451418853426434,-1.7621612448577075,-1.9356661774158692,-0.17350493255816246,-1.3499549371428994,-1.2864231509156694,0.06353178622722966,1.8378069214485602,1.9577289802973339,0.11992205884877369
softplus_cnn,20260923,70,60,7,Sneaker,7,True,14.75716665668535,20.979337059984488,True,True,128,2.0979337059984488e-07,2.5614049992128685e-08,24.918701950796482,111.33514061328499,2.101945970431199,109.23319464285379,0.9811205522456546,5.30689507942761,0.10019124838984561,5.206703831037765,183.3767296991164,0.6071388708696197,0.5956764242774045,0.9857935405616308,0.9523809523809524,1.0,False,1.7084727548939798,5.482672094103691e-10,1.7763568394002505e-15,8.881784197001252e-16,0.0,1.3642420526593924e-12,1.4432899320127035e-15,1.7763568394002505e-15,0.8933732107419124,0.19909635306462325,1.1042330850052193,0.12693857092855568,1.812852333277999,0.1216612073907555,2.0835023879754497,0.10420988114188116,1.9346980295867748,0.10193612096871435,1.2774352439046193,0.12285890939161917,0.46679900040090605,0.11930843873254769,0.06130567496237991,0.06130567496237991,0.12693857092855568,0.12285890939161917,6.5394428019001225,0.3117087438560348,15.738813808387635,0.7502054885427,23.2335991919849,1.107451542703899,29.167419155804005,1.3902926995456535,24.011317336841582,1.1445222157491441,10.816970110399858,0.5156011402777785,1.8275782077654368,0.08711324874279837,2.698895037862856,2.1899308593965046,-0.5089641784663503,6.2801383000880175,7.970024092943883,1.6898857928558644,1.8650670288718167,1.0148461106142972,-0.850220918257521,3.955558339369311,3.7290551550221838,-0.22650318434712785,5.137230220863115,4.819011780970437,-0.31821843989267884,1.160339269082631,1.3025837431270797,0.14224447404444862,-0.7429164214564266,-0.9409556709232672,-0.19803924946684015,4.56439017611516,4.834205879646727,0.26981570353156686
softplus_cnn,20260923,71,1722,7,Sneaker,7,True,14.316291501713666,20.979337059984488,True,True,128,2.0979337059984488e-07,1.4520949109808612e-07,24.477826691481987,114.61776172177838,5.380371689089771,109.23739003268861,0.9530581333271015,5.463364328151136,0.25646051987754037,5.206903808273595,190.84163090747785,0.6005909778529736,0.5723981162456535,0.9522747957706154,0.880952380952381,1.0,False,2.2586678787984917,7.728373496718177e-10,1.7763568394002505e-15,8.881784197001252e-16,3.552713678800501e-15,2.7682744985213503e-11,1.4432899320127035e-15,1.7763568394002505e-15,0.9091671119287693,0.205358807402147,0.857657574473096,0.10526095259189917,1.711303974525919,0.1423097733542945,2.1289631229222423,0.11796745275235619,2.3881405274380167,0.18058317444156052,1.47993511864343,0.14324370832643765,0.4994984307582683,0.1398629002164081,0.031148602955629674,0.031148602955629674,0.18058317444156052,0.18058317444156052,9.49497585104283,0.45258702998548656,16.42267783721219,0.7828025161260427,24.51826576012225,1.1686863931886502,29.0576668383349,1.385061251232711,21.808101344641123,1.0395038357164013,10.45092200799763,0.49815311027780196,2.865152082098373,0.13657019160835637,3.244843426433436,2.7741471890238776,-0.4706962374095576,6.160072613169422,8.26382862843684,2.103756015267418,2.2871047782131377,-0.9588951313077707,-3.2459999095209096,4.278011974369246,5.11351321272124,0.8355012383519946,6.366926043605321,7.344483604580758,0.9775575609754382,1.1354570849633645,2.3908239973153105,1.255366912351946,-2.5598471371944895,-4.223522679339953,-1.6636755421454628,3.565257907922552,3.7734478700793677,0.2081899621568159
softplus_cnn,20260923,72,2164,7,Sneaker,7,True,14.706948385185378,20.979337059984488,True,True,128,2.0979337059984488e-07,9.420300983720153e-09,24.868483526832343,134.3758444973134,2.230166992163108,132.1456775051503,0.9834035127332152,6.4051520843153265,0.10630302500915904,6.298849059306168,185.66979780913954,0.7237356106535212,0.7117241418067913,0.9881482820616182,0.9047619047619048,0.5,False,1.8744418548572028,1.325072718216802e-09,1.7763568394002505e-15,4.440892098500626e-16,3.552713678800501e-15,1.7790924289329269e-10,2.886579864025407e-15,1.7763568394002505e-15,0.969035505969887,0.2502289919746003,1.2582555275670246,0.2267796072827622,2.2516810748687157,0.18931857022979715,2.227002878754411,0.10849742466504729,1.8389190040243164,0.09504461357932006,1.0518209328824653,0.12100098095365577,0.16850870462209505,0.0462137015425581,0.053938898848390364,0.053938898848390364,0.2267796072827622,0.18931857022979715,5.663985080523084,0.2699792211893311,16.146594478817157,0.7696427409813061,32.4065013560669,1.5446866249114384,39.88270507169386,1.9010469662440017,28.424516863851455,1.3548815571521435,10.12711613482728,0.4827185962011884,1.7244255110453106,0.08219637761263872,2.9881202305259977,2.48991939253038,-0.49820083799561743,7.587188099287578,8.379350049293578,0.7921619500059998,2.711014640306196,1.8549404125503388,-0.8560742277558575,3.91880310532812,4.082156448348866,0.16335334302074578,4.866463099723777,4.697279791516615,-0.16918330820715943,0.9944424414399347,2.0690289199989165,1.0745864785589818,-2.6115206385177463,-2.4114554178514114,0.2000652206663347,4.413972548738488,3.707263930622968,-0.7067086181155199
softplus_cnn,20260923,73,5110,7,Sneaker,7,True,18.90347075490992,20.979337059984488,True,True,128,2.0979337059984488e-07,5.7987813217863504e-08,29.065006199945806,131.0008547058821,2.689385267381408,128.3114694385007,0.9794704754146872,6.244279994707275,0.12819209966892045,6.116087895038356,269.72147211495997,0.4856893805252822,0.4757184084469631,0.9868118110578044,0.8333333333333335,1.0,False,2.112938024812078,1.5059082869584017e-09,1.7763568394002505e-15,2.6645352591003757e-15,0.0,1.7770318549992226e-10,2.220446049250313e-15,3.552713678800501e-15,0.952421995233517,0.2296981465859961,1.1203615595644631,0.106682899029242,1.9883319918048323,0.14318320994210804,2.628761156390972,0.13904469561875293,3.375528378880291,0.16958967871730193,2.548476965708937,0.28589519869774216,1.03236162426256,0.3182108675887622,0.16270812429478845,0.16270812429478845,0.3182108675887622,0.3182108675887622,7.836773389725273,0.37354723685110897,17.976429313903914,0.8568635540058007,29.234500405199924,1.3934901909251054,34.37390955448373,1.6384650027882792,26.312115680981485,1.2541919511445678,12.505663549883812,0.5960943148073459,2.761462811295373,0.13162774416559256,2.5261264617294628,2.0526543189442013,-0.47347214278526184,6.6354024516757715,7.868897385020404,1.2334949333446343,2.9929479267075663,1.4779155723710857,-1.5150323543364812,4.504028341111571,4.941919086326229,0.4378907452146605,5.298896225154202,5.656978594884117,0.35808236972991325,2.206429050840633,2.535995201810757,0.3295661509701232,-0.8043282840405217,-1.505209054211336,-0.7008807701708141,5.705504026767122,6.03585509497805,0.330351068210927
softplus_cnn,20260923,74,5313,7,Sneaker,7,True,11.54040530623846,20.979337059984488,True,True,128,2.0979337059984488e-07,6.403673591393044e-09,21.701940647896535,101.97784053885117,4.445938849332024,97.53190168951915,0.9564028927672946,4.86087049592055,0.21191989225494198,4.648950603665608,159.97830945924653,0.6374479195558032,0.6096570342516638,0.9587895054477573,0.9523809523809524,0.5,False,1.9988442579904833,6.718224865309708e-10,8.881784197001252e-16,8.881784197001252e-16,3.552713678800501e-15,3.1093350116861984e-11,8.881784197001252e-16,1.7763568394002505e-15,0.9872876296054268,0.2248617942948859,0.894343170830461,0.12569750441946256,1.7253877669298532,0.14795999060779327,1.8962109302717218,0.11554113928726377,1.8042776381494694,0.11958870219309077,0.9901066150314441,0.1447032826116948,0.28765980111989814,0.09521606269204007,0.027531938495345146,0.027531938495345146,0.14795999060779327,0.14795999060779327,8.888895540298044,0.42369763710277203,12.93123660901821,0.6163796583297648,22.157721369763763,1.0561688058307095,26.40678484095988,1.2587044464492438,20.74562155287434,0.9888597286729364,9.180270594502458,0.4375863054325343,1.6673100311458549,0.07947391408883192,2.5124546327584554,2.5940167885329477,0.0815621557744921,5.484754961486093,7.901299453695744,2.4165444922096513,1.047536498184328,-2.020467981408447,-3.068004479592776,4.509088190292143,5.768526270659,1.259438080366856,6.070445965070302,6.447504916949801,0.3770589518794981,0.017745970639020836,0.3290811397560922,0.31133516911707115,-2.708128150740935,-4.067158750691912,-1.3590305999509762,4.768042580207131,4.7491388104344034,-0.018903769772727147
softplus_cnn,20260923,75,5523,7,Sneaker,7,True,17.638713217263476,20.979337059984488,True,True,128,2.0979337059984488e-07,4.515574136831901e-09,27.800248496703887,105.57304438996314,2.8704099307907107,102.70263445917243,0.9728111475104567,5.0322392975577275,0.13682081195337986,4.895418485604348,212.1902436727662,0.4975395784585408,0.48401204825212196,0.9806895849052626,0.9761904761904763,1.0,False,1.3986563966313752,6.121919637891438e-10,3.552713678800501e-15,1.7763568394002505e-15,3.552713678800501e-15,2.2953372535994276e-10,3.1086244689504383e-15,1.7763568394002505e-15,0.879862760506288,0.22472094426070363,0.9740859730959828,0.12037971743505893,1.6275744905462775,0.1347958182679356,2.23267775027401,0.11520155107903658,2.755061478493377,0.179120004122999,1.8821748047754305,0.16302991908947725,0.6154347676253408,0.18017516436767397,0.02723996365986898,0.02723996365986898,0.18017516436767397,0.18017516436767397,5.88543294487074,0.28053474368818265,14.952735878885216,0.7127363384330063,23.60791772374003,1.1252937905635367,28.288579794725067,1.3484019878150517,21.687344959080207,1.0337478680604335,9.49589335317852,0.45263076359504095,1.6551397351213577,0.07889380538522038,2.4764983055101037,2.0392482613140177,-0.4372500441960869,6.667534407676031,7.38585946199337,0.7183250543173423,4.269548467375843,2.4669115476762857,-1.8026369196995593,3.570851537511324,4.500452177571806,0.9296006400604816,4.32287088344143,5.051672778501159,0.7288018950597284,1.5685668766164516,1.873792183020152,0.30522530640370105,-0.7124328709368182,-1.3429558377171165,-0.630522966780297,5.636810889509526,5.825267924573748,0.18845703506422415
softplus_cnn,20260923,76,7928,7,Sneaker,7,True,16.836476375843507,20.979337059984488,True,True,128,2.0979337059984488e-07,1.947889316511464e-08,26.998011591099022,133.3126064805797,1.548112362951045,131.76449411762866,0.9883873520755402,6.3544718357596315,0.07379224417457306,6.280679591585058,201.9878912377296,0.6600029618789249,0.6523385798535243,0.9942943586971064,0.9761904761904763,0.5,False,2.1813614732179403,6.069469371539071e-10,1.7763568394002505e-15,8.881784197001252e-16,0.0,2.8528290840768022e-11,1.9984014443252818e-15,1.7763568394002505e-15,0.9086581294167844,0.22750044476523446,1.143656583909805,0.1417623859373457,1.9732372379571936,0.1509298836130491,2.3242208310332573,0.117237647975426,2.3762982875936394,0.11778884996632459,1.3866599212578545,0.138911103122476,0.3947538139703352,0.11358440936858218,0.029117746935421445,0.029117746935421445,0.1509298836130491,0.1509298836130491,6.610809029393828,0.3151104827808471,15.693523536950119,0.7480466847965177,27.498137651097746,1.3107248132996094,35.68317312543491,1.7008722927425666,30.55826252008346,1.4565885677278907,14.793692727402297,0.7051553957641231,2.4750078900126815,0.11797359863832187,2.5961094286916464,2.049409620468741,-0.5466998082229053,6.283564082305043,7.255144718249991,0.9715806359449471,2.516804038903316,1.929772414522137,-0.5870316243811791,5.384382050099788,5.16277947508371,-0.22160257501607972,4.951496264943418,5.283063500954781,0.33156723601136506,1.1124573794609116,1.357421870469907,0.24496449100899553,-1.6283172906864158,-1.7356753006424053,-0.10735800995598987,5.7815156373813155,5.696095292020687,-0.08542034536062787
softplus_cnn,20260923,77,8612,7,Sneaker,7,True,12.869801453954771,20.979337059984488,True,True,256,2.0979337059984488e-07,2.0291990310283836e-11,23.031336812096256,135.73017787530625,2.709865711139617,133.02031216416663,0.9800349063593716,6.469707669371256,0.12916831944648782,6.340539349924767,211.09037876539426,0.6429955674396544,0.6301581007252127,0.9793318831893135,0.9047619047619048,0.5,False,2.6812984758160097,7.08786807024353e-10,1.7763568394002505e-15,8.881784197001252e-16,3.552713678800501e-15,7.177192173912772e-11,1.9984014443252818e-15,1.7763568394002505e-15,0.9077707130514892,0.22846072717750576,1.0853145132896678,0.16546533617851178,1.807136690649112,0.15989820691994838,2.120960595925681,0.10038451479190927,2.7447643907651686,0.13221305652589516,1.851744885586496,0.18157249205904713,0.4365359486422811,0.20421291841054667,0.01536609957307274,0.01536609957307274,0.20421291841054667,0.20421291841054667,7.054065892812682,0.33623874160768635,14.773671674914775,0.7042010733072086,30.777102282862913,1.4670197725916927,38.342397070604,1.8276267243800293,28.54014049882381,1.3603928673828607,13.02352930200819,0.6207788770813438,3.2192711529098554,0.15344961300279694,2.7845278261058626,2.3444066917604163,-0.4401211343454471,6.155073551165037,7.018376552734585,0.8633030015695502,1.8881673658584008,-0.04572731415179586,-1.9338946800101962,3.908494581401476,4.63104386627857,0.7225492848770942,4.892270446088486,5.647477007869007,0.755206561780522,0.8693138519912272,1.2148145229256944,0.34550067093446735,-1.7775935455622005,-2.113443442310289,-0.3358498967480883,4.31108273504797,4.33438892706184,0.023306192013868854
softplus_cnn,20260923,78,8934,7,Sneaker,7,True,14.464125286328224,20.979337059984488,True,True,128,2.0979337059984488e-07,7.528136336532043e-09,24.62566058713839,115.28769445518287,2.356904499674279,112.9307899555086,0.9795563220271484,5.495297307324358,0.11234408851601824,5.38295321880834,151.86462108125878,0.7591478096369493,0.7436280362829358,0.9857743711638887,0.9285714285714287,1.0,False,2.4309947131504535,7.929705780895802e-10,1.7763568394002505e-15,5.551115123125783e-16,3.552713678800501e-15,2.730971004893945e-11,2.55351295663786e-15,1.7763568394002505e-15,0.9538672351905949,0.24211517740937513,1.0587912591863415,0.11779819399356764,1.6644629184704904,0.10208418836371304,1.6568745208755862,0.0999347866201946,1.7266274969892415,0.09576581205013587,0.885341552434128,0.13215779637200414,0.22167978842360775,0.09665979560961731,0.0249936720265129,0.0249936720265129,0.13215779637200414,0.13215779637200414,6.882410091871488,0.32805660503919554,14.69206286078925,0.7003111117754315,25.130061479459414,1.1978482164430222,32.52106728716853,1.5501475186839184,25.317686163939825,1.2067915249919983,9.468841137967239,0.4513412940977955,1.275565433684246,0.06080103627855956,2.7532997001859476,2.359400777255903,-0.39389892293004414,7.424299464481266,8.60056196386833,1.1762624993870616,1.6685207128234996,0.2794080648783669,-1.389112647945132,3.00177540073976,3.1538853241710876,0.15210992343132845,5.905173307191324,6.182910271597346,0.27773696440602424,1.0038492849043696,1.569945183572468,0.5660958986680984,-1.0014065592038914,-0.8167073454084713,0.18469921379542065,3.870149276016119,3.2962563472306696,-0.573892928785449
softplus_cnn,20260923,79,9879,7,Sneaker,7,True,14.628046414810717,20.979337059984488,True,True,128,2.0979337059984488e-07,4.810137732569331e-09,24.78958154388804,99.25509797507613,2.9603104147884665,96.29478756028766,0.9701747267880202,4.731088389079417,0.14110600379431892,4.589982385285098,144.92297733973882,0.6848817199110891,0.6644549354968503,0.981203863223783,0.7857142857142858,0.5,False,2.9806227368303166,1.1302618840858258e-09,3.552713678800501e-15,8.881784197001252e-16,7.105427357601002e-15,1.0054179711005418e-11,2.6645352591003757e-15,1.7763568394002505e-15,0.8897548664530823,0.2292071851280516,0.8380611371425973,0.09918672139401093,1.494367805897332,0.12508615716146967,1.6150844885654707,0.09151021769838814,1.6909469934050463,0.11515011350742853,0.9391339622221033,0.11657822014231349,0.2700630371001598,0.125295767121894,0.06023375094001242,0.06023375094001242,0.125295767121894,0.125295767121894,7.154024496970978,0.34100336328626907,14.144956368869988,0.6742327619040812,23.82251989155158,1.1355230064438078,27.36115943569019,1.304195616737492,18.420905572043303,0.878049936438598,6.990425905893137,0.3332052812682302,1.3611063036183797,0.06487842298003416,2.9707323122945772,2.602867292883654,-0.36786501941092153,7.071297813516031,7.820910343143647,0.7496125296276149,2.1364785676159594,0.6949614021735442,-1.4415171654424146,3.7928203364258435,4.141203949516443,0.34838361309059973,5.43406394835419,5.705544278619843,0.27148033026565327,1.6727534810483364,3.1252949998980806,1.452541518849743,-2.125245857768576,-3.276174087698683,-1.1509282299301042,3.836680942401686,3.9749733653615666,0.1382924229598812
softplus_cnn,20260923,80,298,8,Bag,8,True,13.500649180666155,20.979337059984488,True,True,128,2.0979337059984488e-07,6.564535581787823e-10,15.05962143668349,86.80173239718579,2.1436426584422166,84.65808973874357,0.9753041489006996,4.137486906712102,0.10217876057346693,4.035308146138635,123.68326612524938,0.7018065993607004,0.6844748880823823,0.9533038070009502,0.8333333333333335,1.0,False,1.1200326426246863,2.4127050357591884e-10,8.881784197001252e-16,1.5543122344752192e-15,3.552713678800501e-15,6.699707455481985e-11,6.938893903907228e-16,1.7763568394002505e-15,0.8938272204021401,0.2228142939494642,0.9166818561974781,0.14455924653259516,1.3023861421169993,0.06763756168146455,1.4833762683134621,0.0801203723934946,1.312633112520664,0.09436039378824274,0.5243145408595098,0.06002113291745704,0.277737203003338,0.06965782834136686,0.07835107122023599,0.07835107122023599,0.14455924653259516,0.09436039378824274,5.7524347256297235,0.2741952574183951,13.576355986235608,0.6471298853447015,21.181595151997453,1.0096408237988963,22.84426601855034,1.088893607707127,15.727572525430908,0.7496696621281386,6.785922503778778,0.32345743263365995,0.933585485418802,0.04450023767431154,4.446917988020225,4.263840130663908,-0.18307785735631676,2.0621883268420005,0.8119526175205738,-1.250235709321426,2.708160066377881,4.512520440774901,1.8043603743970202,3.852801850715586,3.6390155280463112,-0.21378632266927536,-0.052175878933310604,0.2871064050783889,0.33928228401169896,0.521059245055894,0.2709481504329048,-0.2501110946229893,-0.40868480556455256,-0.49825992173019,-0.08957511616563729,1.929354644169763,1.7724980858296937,-0.15685655834006967
softplus_cnn,20260923,81,523,8,Bag,8,True,17.76450885677807,20.979337059984488,True,True,128,2.0979337059984488e-07,7.379835631482479e-11,19.323480918523188,105.51065456226473,3.3623084455757954,102.14834611668894,0.9681329960512035,5.029265427243331,0.16026762122950902,4.868997806013822,147.397046810613,0.7158261094459571,0.6930148759895912,0.935366119586504,0.9523809523809524,1.0,False,1.318688416524933,4.054803159903031e-10,1.7763568394002505e-15,8.881784197001252e-16,0.0,7.129941081984725e-11,1.5543122344752192e-15,1.7763568394002505e-15,0.6173738078343723,0.18218723366631778,1.1288089798753504,0.20677392674165987,1.3049441669882205,0.07553908878913693,1.7580598171247983,0.09303952392358535,1.5505080174333963,0.08500329571003018,0.9477755611438301,0.09854175479499186,0.2814610791322118,0.0904137891629592,0.054262421574903005,0.054262421574903005,0.20677392674165987,0.09854175479499186,7.190952218712377,0.3427635581692539,16.788475631453785,0.8002386149501236,25.110647786314328,1.196922844345249,27.574225580639812,1.3143516166311215,18.975263057483442,0.9044739117937348,7.983861918161172,0.38055835107341923,1.8872283693325274,0.0899565302724548,2.0454422727324273,2.0298106731479866,-0.015631599584441103,2.7894183780765225,2.257158449982268,-0.532259928094253,3.783258222232095,6.793751603741602,3.0104933815095074,3.3866740927841645,3.7384891568148038,0.3518150640306397,0.8550263095958501,-0.43705765727339463,-1.2920839668692445,1.9697520401239155,1.691936264601182,-0.27781577552273357,0.22241764679920856,-0.8079350134236045,-1.0303526602228128,4.2714919561790055,4.057327440861045,-0.21416451531795933
softplus_cnn,20260923,82,1566,8,Bag,8,True,16.631945082815655,20.979337059984488,True,True,128,2.0979337059984488e-07,3.726524644420692e-09,18.190917559138125,189.76774556458355,4.5316344665169055,185.23611109806666,0.9761201016904391,9.045459588260405,0.21600465513090222,8.829454933129504,228.88529160514452,0.8290954138370604,0.809296699665708,0.8500278100145545,0.523809523809524,0.5,False,2.386724654533783,1.8466923545901182e-09,8.881784197001252e-16,2.220446049250313e-15,3.552713678800501e-15,3.696278838560829e-10,2.6645352591003757e-15,1.7763568394002505e-15,0.7770168267438213,0.18441933663775617,1.5613220600543884,0.1504660192493527,2.1888329467864147,0.15468078619674688,2.7266722824937153,0.13957738837744063,2.228676934842953,0.14293823207535147,1.5450389403951372,0.16411700189427864,0.589422592454383,0.23190342612851564,0.07006876650021567,0.07006876650021567,0.23190342612851564,0.23190342612851564,13.791523854656033,0.6573860658810651,26.91128038885347,1.2827517052568567,46.4708427274402,2.2150767964959974,46.14995882894683,2.1997815611138742,36.42409633553184,1.7361891003222565,17.069769471632714,0.813646752651265,2.9502739573279997,0.14062760652982145,2.0477497192661147,2.4857683033543525,0.43801858408823857,2.9954174711745156,2.4751499597108064,-0.5202675114637072,2.5618898991802292,5.731685660286118,3.1697957611058887,3.073234465758288,2.7532837564089823,-0.3199507093493059,0.05355153852018091,-0.4955040452318329,-0.5490555837520137,4.459116541111996,4.721946520036859,0.2628299789248656,-0.7058625789279714,-0.04487243634524268,0.6609901425827287,3.705820503054775,0.5634598412877104,-3.1423606617670625
softplus_cnn,20260923,83,2304,8,Bag,8,True,30.240356385210198,20.979337059984488,True,True,128,2.0979337059984488e-07,2.648414976214042e-08,31.799328657841077,258.2922727138098,5.2829000593957085,253.00937265441408,0.9795468133680901,12.31174617078204,0.2518144421957066,12.059931728586335,304.32923562166593,0.8487264530671378,0.8313672925231168,0.9475353836227385,0.7380952380952381,0.5,False,3.131275987232516,3.321175334747295e-09,1.7763568394002505e-15,1.7763568394002505e-15,7.105427357601002e-15,1.4940759740511567e-09,1.3322676295501878e-15,1.7763568394002505e-15,1.366511818554984,0.32466098507583185,1.9856322181329005,0.1847123646520548,2.9159870760550852,0.13785011526097915,3.7489325046547353,0.15039787553999054,3.281134341331262,0.19726700250208593,1.88287193392384,0.18739596602056052,0.5794654575644913,0.1260510456193225,0.11211814247745655,0.11211814247745655,0.19726700250208593,0.19726700250208593,14.946858844027307,0.7124562039920989,33.124273431705085,1.5788999117081528,58.2259292608567,2.7753941458863123,72.0649644462274,3.435044884410694,51.44453858838666,2.4521527272904544,23.185485211790294,1.105158144201504,5.300222930655222,0.25264015328514583,2.1479096258741484,3.5670639505332162,1.4191543246590683,2.3782601508949752,2.027238968011349,-0.3510211828836268,5.776980273709039,6.881758884232329,1.1047786105232884,1.1380242880628577,2.0731624180029553,0.9351381299400976,9.729161482833048,7.388501101204181,-2.3406603816288674,2.526096136534714,3.8889391488204175,1.362843012285702,3.112813531215994,3.5737995139505867,0.460985982734592,4.9900831687162945,2.3988646745801194,-2.591218494136174
softplus_cnn,20260923,84,4575,8,Bag,8,True,20.278172842923837,20.979337059984488,True,True,128,2.0979337059984488e-07,8.356959568800448e-10,21.83714498196368,53.52436513538147,1.0541351445369307,52.470229990844544,0.9803055086805671,2.5512896323817893,0.050246351518302465,2.501043280863487,92.7327590764607,0.5771893952950238,0.5658219437597172,0.9984905987812106,0.9523809523809524,1.0,False,1.0721252467468256,6.747336023238404e-10,1.3322676295501878e-15,4.440892098500626e-16,7.105427357601002e-15,8.147154062498885e-10,4.052314039881821e-15,1.7763568394002505e-15,1.3259370549782277,0.5614975443566624,1.2489720056467677,0.3156521329249603,1.0837558399776182,0.10889064154613982,0.9003919231860849,0.03933773859068195,0.6657063447454217,0.03406302974235948,0.3709414428573463,0.032866910960391627,0.14045925295240977,0.0419848462899046,0.009968109630960953,0.009968109630960953,0.3156521329249603,0.10889064154613982,4.607233145190689,0.21960813785572,8.733898227431187,0.4163095431690273,13.107732892852797,0.6247925211065982,13.304848819953513,0.6341882387375758,8.95010173620929,0.4266150884853512,4.053880594460806,0.19323206366673457,0.7666697191506895,0.03654403935446644,-2.1152145844164787,-2.6391779959078163,-0.5239634114913375,4.659139825296794,4.257343603207647,-0.4017962220891479,13.578754989413845,13.878470800750446,0.29971581133659647,-0.18797315647730847,0.15537402291829291,0.34334717939560133,-1.1368872740638456,-1.142179023432811,-0.005291749368966037,2.4289925091994164,2.3059087480192955,-0.12308376118012096,3.7889738299720648,3.8619687253600214,0.07299489538795612,0.821358843039184,1.1594361018633188,0.33807725882413514
softplus_cnn,20260923,85,5972,8,Bag,8,True,22.9275003051684,20.979337059984488,True,True,128,2.0979337059984488e-07,6.820677356245142e-11,24.486472424996265,58.57299070417397,1.0744793639405148,57.498511340233456,0.9816557196239607,2.791937158772036,0.051216078032796965,2.740721080739239,129.32326182431922,0.45291921869201823,0.44461074155663516,0.9964086618861023,0.9761904761904763,1.0,False,0.6703889794072696,1.7040676092427987e-09,2.220446049250313e-15,8.881784197001252e-16,7.105427357601002e-15,8.443450383310847e-10,2.7755575615628914e-15,3.552713678800501e-15,0.9554492762246058,0.2486760716377885,0.9618436706238942,0.09705700704507479,1.2685127288526663,0.09839726374571857,1.6128427460668464,0.13613373787603072,1.2925691273227293,0.11648313204425119,0.6801718216738065,0.06413052852668916,0.28609303295089583,0.08863432080717411,0.06228281130912898,0.06228281130912898,0.13613373787603072,0.13613373787603072,4.222198075545395,0.2012550760528425,9.602390274051576,0.4577070403414681,14.508945748190405,0.6915826609156511,15.776617428616555,0.7520074339578879,10.400496516299341,0.49574953138710054,3.3757576649287397,0.160908691026638,0.6865849965010713,0.032726725088499005,-0.32885042492905303,-0.29480587599883273,0.03404454893022049,4.745348401573413,4.264843956488859,-0.4805044450845555,6.756297685901329,7.252560547870241,0.4962628619689098,1.5875820237016676,1.7763011834100149,0.1887191597083473,3.542428646252069,3.459786661281375,-0.08264198497069686,3.936272251557239,3.642278286339869,-0.29399396521737087,2.3471651163728033,2.1298261481270835,-0.21733896824571952,1.9002287245667888,2.255681518321999,0.35545279375520966
softplus_cnn,20260923,86,6624,8,Bag,8,True,23.83910545510339,20.979337059984488,True,True,128,2.0979337059984488e-07,3.0679370155439756e-10,25.398077553848587,90.35248087321295,1.6729306951984375,88.67955017801452,0.9814843966758813,4.306736700729654,0.0797418283721342,4.22699487235752,196.64057183547885,0.4594803606897929,0.4509728045960377,0.9916514436173756,0.9285714285714287,1.0,False,1.3905940590879045,2.119155073643242e-09,2.6645352591003757e-15,8.881784197001252e-16,7.105427357601002e-15,7.930793799459934e-10,1.9984014443252818e-15,3.552713678800501e-15,1.1527559848804245,0.24859518453827473,1.1909359480721682,0.15101979288335285,1.882148400068011,0.10729584437596904,2.2658239354263356,0.10157073301768753,2.1075286813516763,0.10732189331478015,1.23306140819494,0.13335526697493166,0.524538826982468,0.12514874219557504,0.16902217128685723,0.16902217128685723,0.16902217128685723,0.16902217128685723,4.4799624921204035,0.21354166146009362,13.715197457248186,0.6537478957525423,21.408785481820612,1.020470066361403,25.118049319171234,1.197275645429275,17.886341972919958,0.8525694554493793,6.411859992200534,0.3056273882185901,1.332284157662209,0.06350458805504287,2.114705558058456,2.6256925556083885,0.5109869975499315,4.296739255130588,4.312510767546737,0.015771512416146688,6.999213656935343,7.381640390135881,0.3824267332005383,2.1670091846462904,2.7560602551406697,0.5890510704943799,1.2450288538271137,0.5614868700082121,-0.6835419838189004,3.7264464315981316,3.901140813532116,0.17469438193398257,3.3153495628309697,2.5487095041222854,-0.7666400587086833,1.5335850508216915,1.3108363985473805,-0.22274865227431195
softplus_cnn,20260923,87,8070,8,Bag,8,True,7.933440368371276,20.979337059984488,True,True,128,2.0979337059984488e-07,8.939342599489919e-10,9.492412703827593,94.6090553665851,5.124723189688404,89.48433217689669,0.9458326354720332,4.5096303613444615,0.24427479166933186,4.265355569675129,166.85286761568696,0.5670208532735476,0.5363068280193205,0.8307845619356606,0.4761904761904762,0.5,False,2.574596981899769,7.184539629889741e-10,3.1086244689504383e-15,7.771561172376096e-16,5.329070518200751e-15,6.993161605350906e-11,2.6645352591003757e-15,2.220446049250313e-15,0.9245187648209784,0.20902216100161028,1.3985624519261064,0.25101219079233666,2.113044346062509,0.23528164558338208,2.0112811114240143,0.14885647164788746,1.5309284805615178,0.13056546872238348,0.7145365133228577,0.09248581888001063,0.1726013435552382,0.06543160856166093,0.012245949065212354,0.012245949065212354,0.25101219079233666,0.23528164558338208,8.629291099916138,0.41132334521549074,13.769005890426282,0.6563127257576205,21.297276625268697,1.0151548909469899,26.697278811570644,1.2725511170938013,16.68495665785686,0.7953042848852153,6.952924157665976,0.3314177248683337,0.5783221237461229,0.02756627257060479,-0.8248757839254449,-0.8014575266690921,0.023418257256352687,2.076743902790249,1.175489520983389,-0.9012543818068605,3.5080753792053994,6.670582082589203,3.1625067033838006,2.83167523961343,2.415993541605306,-0.4156816980081235,-2.454485027156675,-3.3434336661290702,-0.8889486389723964,2.9235663985918303,2.8394890714742274,-0.08407732711760357,-2.6709043476405885,-0.7321061186273036,1.9387982290132852,4.102616942349388,1.2678557985310013,-2.834761143818386
softplus_cnn,20260923,88,9290,8,Bag,8,True,28.34279495521856,20.979337059984488,True,True,128,2.0979337059984488e-07,3.68736152722704e-10,29.901767172154027,69.6303235673407,2.1544599947145437,67.47586357262615,0.9690585956759066,3.318995417646061,0.10269437916720028,3.2163010384788606,125.14157379808692,0.5564124012031976,0.5391962201266297,0.9903916031498893,0.9285714285714287,0.5,False,1.0914021648466776,2.2656181375424467e-09,2.6645352591003757e-15,1.7763568394002505e-15,0.0,7.518217159940832e-10,3.219646771412954e-15,3.552713678800501e-15,1.2349441882927685,0.30378120894602584,1.5033615138286966,0.23515931701312556,1.3011813857334495,0.09819465004604835,1.2578071960322708,0.06386004714307397,1.0408736809385082,0.06249226264112834,0.5926293090662164,0.07050161614451181,0.21595490002141846,0.09472346858302631,0.05318382705111593,0.05318382705111593,0.23515931701312556,0.09819465004604835,4.924399110336965,0.23472615441837064,10.272712031735429,0.489658562725958,18.09153695366912,0.8623502688355443,17.306165006229975,0.824914770030525,11.884062442466004,0.5664651084296365,5.740478426426353,0.27362534907624,1.4109695963462874,0.06725520412356303,0.9290693695336376,0.7512712096255602,-0.17779815990807724,6.920944388485394,6.594000700478762,-0.3269436880066344,8.923021826701845,10.467572049669188,1.5445502229673453,4.2133193943255485,4.112260377448918,-0.10105901687662852,0.8386658372868323,0.43180576322451153,-0.4068600740623206,4.50344734575849,5.075088908124352,0.5716415623658611,4.598985043985756,3.457185988500785,-1.1417990554849706,-1.0256860339234766,-0.9874178241662263,0.038268209757250427
softplus_cnn,20260923,89,9833,8,Bag,8,True,16.968180180647906,20.979337059984488,True,True,128,2.0979337059984488e-07,7.8008710602262e-12,18.527152047835703,35.75554195759874,0.37913670887430156,35.37640524872444,0.9893964211387454,1.7043218217699572,0.018071910842095116,1.6862499109278621,70.8728397788682,0.5045027413768143,0.49915320677290603,0.9991390459623846,0.9761904761904763,1.0,True,0.4947261583214013,9.744849371884357e-11,1.3322676295501878e-15,4.440892098500626e-16,3.552713678800501e-15,7.252509703903343e-11,1.8596235662471372e-15,3.552713678800501e-15,1.0248737581396936,0.26047417857121935,0.8226614161114688,0.12123707085095466,0.8049905299214988,0.047459750217709686,0.6754479005943949,0.04873723276295348,0.5379923931636957,0.03485860717232579,0.33571181987791915,0.03439420920041317,0.16709950865346895,0.03394423893111733,0.03431756308067348,0.03431756308067348,0.12123707085095466,0.04873723276295348,2.7543816571338855,0.1312902142359651,6.053221764613227,0.28853255692998064,7.875102971027072,0.37537425269971303,9.468626132511975,0.4513310456588363,5.590404163102602,0.26647191696851147,3.1746270157971974,0.15132160786207155,0.8391782533666265,0.040000227412679126,3.2547193529800627,3.3303666897281743,0.07564733674811136,3.5758438437707185,3.530865255231407,-0.04497858853931033,3.465827688626667,3.421134452696868,-0.04469323592979704,0.7652453106829935,0.896359444756087,0.1311141340730933,1.7695185937747522,1.9418938318641128,0.1723752380893604,2.009952867414367,1.9326775211403495,-0.07727534627401797,1.5304933105273575,1.452374224395935,-0.07811908613142238,2.1555510800587836,2.021480628095294,-0.13407045196349032
softplus_cnn,20260923,90,428,9,Ankle boot,9,True,18.910457080013487,20.979337059984488,True,True,128,2.0979337059984488e-07,7.594055517756715e-08,23.818348883374707,160.5468293452712,3.3831279226457758,157.16370142262542,0.9789274697205634,7.652616900440318,0.16126000135145727,7.491356899088862,203.78834285894027,0.7878116436542187,0.7712104589388225,0.9802714834952705,0.9285714285714287,0.5,False,2.4608330386553714,9.970390069113932e-10,2.6645352591003757e-15,8.881784197001252e-16,3.552713678800501e-15,5.296634242313303e-10,1.1102230246251565e-15,3.552713678800501e-15,0.6359071073152561,0.18254415299633908,1.3225594796887012,0.15580137082296025,2.16513842979665,0.15144402425240897,2.522065727989786,0.12016693848717958,2.1446491666905896,0.14251582890695236,1.2226953715028648,0.17441613560945846,0.31962896939976876,0.09854016900450455,0.0170275118540714,0.0170275118540714,0.17441613560945846,0.17441613560945846,9.822452303120887,0.46819650568730364,21.480047095039055,1.0238668187475575,41.55971206032048,1.9809830950087803,44.885019862221256,2.1394870454621717,29.619015512644673,1.4118184682365065,11.578837807967172,0.5519162867187251,1.6017447037651502,0.07634868057009683,3.193866846799359,2.5665642947629395,-0.6273025520364189,3.096861514098565,4.394558637078224,1.2976971229796583,-0.4278578403667822,-0.9238876364859815,-0.4960297961191987,3.702096541087824,2.6974055773038916,-1.0046909637839312,6.615912397038855,7.530323789342321,0.9144113923034666,1.4731312011882358,1.0801430361023783,-0.39298816508585716,5.771370816750084,6.942390224377569,1.171019407627484,0.39296740677856357,-0.46914903857697304,-0.8621164453555366
softplus_cnn,20260923,91,623,9,Ankle boot,9,True,10.006504610925273,20.979337059984488,True,True,128,2.0979337059984488e-07,1.709707975194874e-08,14.91439639067531,195.95431097891668,2.7716480643678105,193.18266291454887,0.9858556412945362,9.340348096731592,0.1321132339140682,9.208234862817525,198.35735555050329,0.9878852762232214,0.9739122725164739,0.9667592349776896,0.7619047619047621,0.5,False,3.118933905985643,1.2223111411913123e-09,1.7763568394002505e-15,8.881784197001252e-16,5.329070518200751e-15,3.70382835512828e-10,2.220446049250313e-15,3.552713678800501e-15,0.8360894352665479,0.23824861783846632,1.4560899887163827,0.1320364644421808,2.064237289183162,0.13827055353546486,2.0681932117841613,0.1329094037516458,2.1031874876180985,0.16090337613225247,1.2689753345759567,0.17916864452322667,0.41790198755428154,0.10514161545067953,0.0763061961074228,0.0763061961074228,0.17916864452322667,0.17916864452322667,7.797930107324101,0.3716957349523544,23.087045427720167,1.1004659185230345,45.6091870184431,2.1740051598406813,55.86776784121129,2.662990145087673,43.84035469877415,2.0896920895748536,17.63475651433611,0.8405773959355582,2.117269370776894,0.10092165280166672,2.452374360851827,2.2046489620650673,-0.24772539878676025,3.6214604917078503,3.4734070559668306,-0.14805343574102137,0.34446586529641965,0.8227312892614296,0.4782654239650097,4.813755002637849,3.549839552313407,-1.2639154503244412,2.974750507057699,4.551720506637329,1.5769699995796296,-1.0121417081730715,-0.9632162943434389,0.04892541382963134,5.077834870366578,3.965881091036185,-1.1119537793303955,-3.358102999069847,-2.6906157718911143,0.6674872271787321
softplus_cnn,20260923,92,995,9,Ankle boot,9,True,15.624417045702842,20.979337059984488,True,True,128,2.0979337059984488e-07,2.620277217424416e-09,20.532308770413657,128.5113091281784,2.2234252539043644,126.28788387427403,0.9826986024110399,6.125613443396071,0.10598167366047402,6.019631769735597,210.47078129345869,0.6105897851397982,0.6000257285033368,0.9820735773526515,0.8571428571428572,0.5,False,1.3451542148936826,7.388590850254673e-10,1.7763568394002505e-15,8.881784197001252e-16,0.0,3.5780090001935605e-10,1.7763568394002505e-15,3.552713678800501e-15,0.6053722895990029,0.14986248554474488,1.3805603742327857,0.2264537805930092,2.266145743838955,0.2072459533081144,2.4185582486846067,0.16467686274468618,2.097676253252536,0.1494883015688049,1.3012092993348436,0.14584666252545958,0.4952496679664599,0.16366103841775215,0.07288983592930624,0.07288983592930624,0.2264537805930092,0.2072459533081144,6.791914056052395,0.3237430256558077,18.848169008028897,0.8984158533769624,33.95796505680363,1.6186386137803317,36.95145621817393,1.7613262093326247,22.928604731485134,1.0929136924549745,7.403543594850645,0.3528969277571691,1.629656462544356,0.07767912102679,2.3349002909398955,1.9885854456560816,-0.3463148452838143,2.290546151416917,3.3036921697815296,1.013146018364613,-0.007395285479000688,0.38050401500717423,0.38789930048617477,3.140225557352768,3.11411348395425,-0.026112073398517066,5.606398772029614,6.195280205352196,0.5888814333225838,2.6886139972185736,2.003677931107524,-0.6849360661110486,4.680379704980893,4.91387820689079,0.2334985019098973,-0.20136041804600474,-1.3674226869780848,-1.1660622689320799
softplus_cnn,20260923,93,2043,9,Ankle boot,9,True,23.70073033527356,20.979337059984488,True,True,128,2.0979337059984488e-07,3.9845108434910514e-08,28.608622298930534,149.8952776794573,2.7006459705023564,147.19463170895494,0.9819831150633208,7.144900587224186,0.12872885176402962,7.016171735460157,198.8132714523242,0.7539500586881218,0.7403662272327354,0.9852586275749361,0.9047619047619048,1.0,False,1.8549509437534244,1.2319045783470983e-09,1.7763568394002505e-15,8.881784197001252e-16,7.105427357601002e-15,1.0240199799227412e-09,8.881784197001252e-16,2.6645352591003757e-15,0.47448997569295565,0.13745812310362243,1.5145896446495197,0.20165951409250987,2.575536620749329,0.18375180687772638,2.2822656429796324,0.16828137518209937,1.9089221847843152,0.1403702387803718,0.9531394857332148,0.16587683479784748,0.23318460777686847,0.09590271738967796,0.008984972766036919,0.008984972766036919,0.20165951409250987,0.18375180687772638,9.49389755817889,0.45253563213335923,22.93463818890123,1.0932012829254856,36.44728841249856,1.7372945726687088,39.86252818785868,1.9000852159380939,27.888700241604308,1.3293413496272284,10.748892814346316,0.5123561713896342,2.519332275832543,0.12008636253038997,3.105025878725254,2.4835577442624457,-0.6214681344628086,3.80246353128733,5.219489253413677,1.4170257221263465,0.50391754685466,0.9955720014965689,0.4916544546419091,6.190334193709125,5.550708722039942,-0.6396254716691842,8.010275858430482,8.627213909143428,0.6169380507129456,2.8448031814866974,2.1988133853988883,-0.6459897960878089,2.6211250437015154,2.796152787234682,0.17502774353316575,1.5306770647354644,0.7371144969649203,-0.7935625677705442
softplus_cnn,20260923,94,2087,9,Ankle boot,9,True,25.558360608962175,20.979337059984488,True,True,128,2.0979337059984488e-07,2.0822779500662136e-08,30.466252247979796,125.72493285449428,3.191263669006236,122.53366918548805,0.9746170978456629,5.992798175415141,0.15211460971725269,5.840683565697888,156.85578611882852,0.8015320057064992,0.7811867972320816,0.9785553213467505,0.880952380952381,0.5,False,1.6709038205815556,6.146134712281537e-10,3.552713678800501e-15,1.7763568394002505e-15,7.105427357601002e-15,9.36211108637508e-10,3.941291737419306e-15,4.440892098500626e-15,0.58183666740619,0.15338949496149157,1.286612393577887,0.22731778290202048,1.8951141984530315,0.18589933736306344,1.9407970986522172,0.14142780616375406,1.2196411289379472,0.10280891450686222,0.697392233156017,0.09863929962122062,0.36694038269347906,0.1310598741073159,0.07018238860316238,0.07018238860316238,0.22731778290202048,0.18589933736306344,6.0558440422197215,0.28865755027934137,18.861172610478704,0.8990356824217328,32.461539521422274,1.5473100712671555,33.72505335345572,1.6075366565220082,23.967292164349935,1.142423714144171,9.252470297383256,0.4410277727522291,1.4015608650616171,0.06680672802263722,2.9718225223909696,2.436288432782799,-0.5355340896081715,3.653390399276496,5.373332215681953,1.7199418164054574,0.6914324355815307,1.3504116802433141,0.6589792446617839,3.580536663844445,3.2905148911219984,-0.29002177272244567,8.797065727939366,8.372974309371195,-0.42409141856817495,4.857444627866737,4.281228770040325,-0.5762158578264125,4.0556553374896875,4.8679979458967875,0.8123426084071015,1.8589045335905592,0.493504003777635,-1.3654005298129241
softplus_cnn,20260923,95,4442,9,Ankle boot,9,True,23.890281966354816,20.979337059984488,True,True,128,2.0979337059984488e-07,9.69158170383011e-10,28.798173966715044,88.12468197939319,2.616809324435561,85.50787265495762,0.9703056026341466,4.200546553374187,0.124732698509659,4.075813854864528,132.80339388281644,0.6635725142472864,0.643868128328169,0.9756272984662359,0.8333333333333335,0.5,False,1.2087431004387819,5.64534696767538e-10,1.7763568394002505e-15,8.881784197001252e-16,3.552713678800501e-15,5.235207822806842e-10,1.2490009027033011e-15,2.6645352591003757e-15,0.4944939082591038,0.14114437321514342,1.225801941383462,0.22305722294088942,1.5880050994026922,0.143266613925136,1.5660908522784247,0.10439488083677108,1.1847371235858706,0.07189491059975743,0.5361027193422074,0.05278874947494541,0.207391181709181,0.0748169820505555,0.02207081659399142,0.02207081659399142,0.22305722294088942,0.143266613925136,4.282649921945968,0.20413657065049007,13.820629071065733,0.658773393627718,20.948278891691917,0.9985195829494626,23.284615085951426,1.1098832636787161,17.583732449308958,0.8381452854793858,6.983379308866221,0.33286939853719977,1.221397250460338,0.05821905844632257,3.115454654878352,2.4050658221727947,-0.7103888327055572,3.340863486835383,5.640358179698677,2.299494692863295,0.11619767247406365,0.12769580276083642,0.011498130286772601,4.070425975921852,3.8592314021152623,-0.21119457380658843,8.460180486476162,7.939358395879062,-0.5208220905971002,4.22950123833307,3.799472076732209,-0.4300291616008599,2.477852487223656,2.7836689887709123,0.30581650154725676,2.987697964572504,2.243323299108811,-0.744374665463693
softplus_cnn,20260923,96,4850,9,Ankle boot,7,False,11.612267704854512,20.979337059984488,True,True,128,2.0979337059984488e-07,2.0733716965537496e-08,16.520159438329042,127.9255124863982,1.9621845745305855,125.96332791186762,0.9846615070255106,6.097690890833745,0.0935293888896619,6.004161501944083,160.69248905407838,0.7960889350798904,0.7838781305420988,0.9852448323827495,0.9047619047619048,0.5,False,1.2484494056056599,7.659446410457349e-10,8.881784197001252e-16,8.881784197001252e-16,3.552713678800501e-15,6.303615407432517e-10,1.2212453270876722e-15,3.552713678800501e-15,0.697455071613987,0.1939490604754968,1.3758916022876204,0.1708102700723543,2.048081919619533,0.14748385119384994,1.9118382281091315,0.12416477400063108,1.2981502424313398,0.11562412023343244,0.720031356783515,0.07996634418792484,0.2523560340811175,0.09816426224104748,0.05321052530752484,0.05321052530752484,0.1708102700723543,0.14748385119384994,7.149121459021599,0.34076965533184894,18.099853762222054,0.8627466974037662,32.28252716308933,1.5387772774128448,36.98997280208283,1.7631621388378695,24.071953554490367,1.1474124985772152,8.121078193760576,0.38709889500038286,1.21100555151708,0.05772372825959903,2.4751197128315745,2.006229742378481,-0.46888997045309283,2.4723358863496903,3.144387409194736,0.6720515228450452,-0.547013026440084,-0.9310261997562319,-0.38401317331614804,2.3782760765159106,2.0133950387073023,-0.3648810378086081,5.082273869447502,6.372406921448222,1.290133052000721,1.46030762742111,1.267541351393591,-0.19276627602752028,4.172064777477324,4.000945871993648,-0.17111890548367703,-0.9732054852739874,-1.3537206964003463,-0.380515211126359
softplus_cnn,20260923,97,6965,9,Ankle boot,9,True,14.45351406197069,20.979337059984488,True,True,128,2.0979337059984488e-07,1.7469486413013158e-09,19.361405934542635,111.30280035193786,1.72957196432939,109.57322838760847,0.9844606608381774,5.305353550195554,0.08244168818986833,5.222911862005685,155.37459018069438,0.716351368795227,0.7052197419164821,0.9816489379770912,0.9523809523809524,1.0,False,1.7991977455450303,6.36121377795007e-10,8.881784197001252e-16,8.881784197001252e-16,3.552713678800501e-15,2.0388313259900315e-10,6.661338147750939e-16,2.6645352591003757e-15,0.5011717057451657,0.11255285789547727,1.0623615410857532,0.13792494338573405,1.7709077367579327,0.1057328881328618,1.6522859239032457,0.08797716078575593,1.4574835179999048,0.0677989070461673,1.059584694564207,0.1164904518833991,0.36392529540600616,0.1264126463480098,0.03952850504167385,0.03952850504167385,0.13792494338573405,0.1264126463480098,6.37083404588568,0.3036718475741192,16.717604152034514,0.7968604586615511,28.818903821050817,1.373680385545611,29.852910978447255,1.422967317465337,20.61593375501177,0.9826780367781085,7.823640739016273,0.372921256598661,1.1029728602246527,0.05257424755944448,2.721022825804319,2.502849272850645,-0.21817355295367363,2.367455650351845,2.341722138662917,-0.025733511688928568,0.6713801289628423,0.48360606794912275,-0.18777406101371963,3.8248357075829893,3.5548498456487336,-0.2699858619342558,4.3852640440792765,4.759191884223214,0.37392784014393793,1.184913669018141,1.4963590902788482,0.31144542126070734,3.1581597031603437,4.202358406187033,1.0441987030266886,1.0483742055828755,0.020469228946006446,-1.0279049766368686
softplus_cnn,20260923,98,9272,9,Ankle boot,9,True,15.930121207039589,20.979337059984488,True,True,128,2.0979337059984488e-07,7.454250994243239e-09,20.838012999715144,90.53271655311167,2.17563811126399,88.35707844184768,0.9759684874805713,4.315327805366725,0.1037038541801091,4.211623951186616,142.28728671540006,0.6362670807982532,0.6209766204803496,0.9837459739874135,1.0,1.0,False,1.3574089842636359,9.751736085306106e-10,1.7763568394002505e-15,8.881784197001252e-16,3.552713678800501e-15,8.298179920984694e-10,8.881784197001252e-16,2.6645352591003757e-15,0.4216413280461203,0.09189132849921583,1.3743635906473302,0.19385317165964594,1.6713045375691091,0.1290215018841075,1.6716614026590484,0.08758347035352496,1.1584455797648971,0.07965908811634337,0.6504947598497094,0.07358077473023547,0.18850066057918113,0.06203306623706931,0.06748795062486697,0.06748795062486697,0.19385317165964594,0.1290215018841075,4.416793233156497,0.2105306388151315,13.87477004952558,0.6613540747190721,21.282067522866793,1.014429934655072,23.140697227123706,1.1030232824306803,17.86098461874351,0.8513607731109458,8.282856477878703,0.3948102103606141,1.6745474237654208,0.07981889127275688,2.91519839155172,2.7218755361328246,-0.19332285541889513,3.7311899937768382,5.033563582871446,1.3023735890946084,-0.21168369218445643,0.6319733146094612,0.8436570067939178,3.627202697786935,3.656810213577309,0.029607515790373795,6.535326743316389,5.67601683096164,-0.8593099123547505,5.62460228340686,5.261150076300908,-0.36345220710595216,0.21094404925936383,-0.04165088951149575,-0.2525949387708595,-1.5947674671985077,-2.101725664397131,-0.5069581971986237
softplus_cnn,20260923,99,9528,9,Ankle boot,9,True,17.315806588226618,20.979337059984488,True,True,128,2.0979337059984488e-07,2.266745280365967e-08,22.223698332003522,137.5740759934948,2.967373633668385,134.60670235982641,0.9784307209607667,6.557598822123912,0.14144267882173867,6.416156143302173,178.10705036943318,0.7724235267954633,0.7557629082095432,0.9760508221865998,0.8095238095238096,0.5,False,1.9644346445753662,1.2683633032750663e-09,1.7763568394002505e-15,1.3322676295501878e-15,3.552713678800501e-15,8.602540901847533e-11,1.6653345369377348e-15,2.6645352591003757e-15,0.42030013923958015,0.10897687293839281,1.5232818316388492,0.1999785692742238,2.34837878780217,0.17383821174112926,1.8243303492465381,0.09678782602571039,1.5399470409822489,0.09331222633286188,0.9270634993041538,0.10457338560036913,0.29853646651013804,0.12323573650499516,0.02810351605523877,0.02810351605523877,0.1999785692742238,0.17383821174112926,8.03970864495094,0.38322033827683233,20.873435201682433,0.9949520874754403,34.84546069819413,1.6609419353225214,35.666776289651544,1.7000907220124484,25.1430273330087,1.1984662461506441,10.889593349030934,0.5190627958307366,2.116074476744283,0.10086469704423766,2.5948285559745696,1.648659878115218,-0.9461686778593521,2.5510533972013287,3.5044666663150816,0.9534132691137538,-0.19451116472459098,0.15305336847951204,0.3475645332041025,6.220351036186864,5.244884191909501,-0.9754668442773652,5.781901031909748,6.908274199414132,1.1263731675043842,2.5968541574403083,2.2163425210672507,-0.38051163637305696,-0.01095531123624098,-0.6761817863518358,-0.6652264751155945,2.684176629251532,3.2241992931406918,0.5400226638891612
softplus_cnn,20260924,0,280,0,T-shirt/top,0,True,13.866346071602866,18.85007781711846,True,True,128,1.885007781711846e-07,1.1944634170646395e-10,13.899071765105536,62.134978177955716,1.5042580063625732,60.63072017159314,0.9757904798476897,3.296271706715641,0.07980115631122224,3.2164705504044186,94.16187869870531,0.6598740279680725,0.6438987943899933,0.9887618657393445,0.8095238095238096,0.5,False,0.8749737033056215,1.23787480266202e-09,1.7763568394002505e-15,4.440892098500626e-16,0.0,3.6209968357070466e-10,1.3322676295501878e-15,1.7763568394002505e-15,0.7008592003904268,0.22894019074298266,0.9558893701820658,0.13205314244950606,1.002850182374093,0.06462937982847881,1.1387114790633732,0.0661759273777183,1.0929108308290458,0.06867750391437241,0.5820023665183585,0.05867365338003372,0.20305993005316791,0.07184669593097513,0.019880349123272828,0.019880349123272828,0.13205314244950606,0.07184669593097513,2.84106499024601,0.15071900592717621,9.308473515562845,0.493816185050943,15.940300421448834,0.8456357886741905,18.699434000784176,0.9920083185970999,11.21104481023188,0.5947479325549898,3.6820114269784687,0.1953313648198681,0.4526490126202919,0.02401311108695925,1.832266161333838,1.719871798255458,-0.11239436307838005,-1.5841729963003919,-2.3117641911799054,-0.7275911948795137,1.0365693429835814,1.2538925841156419,0.21732324113206067,1.3255854331507282,0.9235677796749346,-0.40201765347579355,1.954066536721657,1.9951108082872713,0.04104427156561344,2.062114648827549,2.866043850987588,0.8039292021600388,2.027798967987544,1.765544173239708,-0.2622547947478364,5.244843670401031,5.686804962086939,0.4419612916859097
softplus_cnn,20260924,1,1403,0,T-shirt/top,0,True,16.767726309126637,18.85007781711846,True,True,128,1.885007781711846e-07,1.0099676650554557e-10,16.800452083049226,54.579176597945676,1.0104423587808844,53.56873423916479,0.9814866690601757,2.895435081354427,0.05360414787589173,2.8418309334785357,92.43777891894746,0.5904423195390981,0.5795112654765932,0.9961361393697263,1.0,1.0,False,0.7141251872100214,1.38137556948692e-09,1.7763568394002505e-15,4.440892098500626e-16,3.552713678800501e-15,4.738289760553016e-10,1.5543122344752192e-15,1.7763568394002505e-15,0.7477028855180572,0.23280113652633525,0.9902210896238689,0.12079880386040723,0.9728609586262823,0.05545878013356365,1.2929028275430838,0.04824028999496817,0.9437394292659478,0.0639955974335574,0.45779073806530823,0.0511160727940673,0.19436379043023957,0.04865397001575103,0.0519618728746748,0.0519618728746748,0.12079880386040723,0.0639955974335574,3.434795785451011,0.1822165308162147,9.436446753925878,0.5006051882372755,13.74190251804548,0.7290103866608946,14.949616716479403,0.7930798409173195,9.52012996155792,0.5050445973709633,3.1171065276795216,0.16536305886486902,0.3791783347466289,0.02011547848371654,4.058078846319054,3.8874914237520746,-0.17058742256697795,-2.0519907398672403,-2.7999507647137336,-0.7479600248464917,0.28013812684136913,0.3300457163954811,0.04990758955411201,4.178603152553217,4.287533960430917,0.10893080787769971,1.7998696015552502,2.016456099586956,0.2165864980317056,1.674694037621348,1.5827991264908474,-0.09189491113050055,0.9142497205831605,1.226845846749,0.3125961261658394,5.946809337443073,6.269230674831514,0.32242133738844175
softplus_cnn,20260924,2,1512,0,T-shirt/top,0,True,14.646098694530291,18.85007781711846,True,True,128,1.885007781711846e-07,1.922861869729786e-11,14.678824367326332,39.751401685589556,1.1842357858908532,38.5671658996987,0.970208955265088,2.108818969940263,0.06282392027132135,2.045995049668942,72.81688179737964,0.5459091450276855,0.5296459412669682,0.9918520428845958,0.9285714285714287,0.5,False,0.42942609858113806,5.197307584303701e-10,4.440892098500626e-16,1.7763568394002505e-15,0.0,7.02087277204555e-11,4.440892098500626e-16,8.881784197001252e-16,0.5011583473420805,0.19305943571354028,0.5107408630043296,0.0761753104277718,0.8895671784235389,0.05700653070491699,0.9183775071183906,0.04833113265343887,0.8959792662149499,0.09214287630249589,0.5323100597367347,0.073813543652886,0.11174309452422375,0.031817839362744356,0.004230635426133436,0.004230635426133436,0.09214287630249589,0.09214287630249589,2.1407385839809248,0.11356656480414314,5.397491078902055,0.2863378672103089,10.309840215114534,0.5469388675813202,11.176290873255866,0.5929042299818125,7.295022916571194,0.38700227061907994,2.922625025329002,0.15504578037735509,0.5093929923202194,0.0270233893601023,2.2313920697858,2.375792136526076,0.1444000667402765,0.7816307213671171,0.5463593102309985,-0.23527141113611874,1.2419879417360276,1.6065954541816585,0.3646075124456312,2.0303696263743007,1.8268995580918685,-0.20347006828243214,1.9752202151184781,2.4954058233577068,0.5201856082392289,0.7584581832061572,0.514887078331145,-0.24357110487501243,0.3029924393832727,-0.1989307621789127,-0.5019232015621853,5.356773170355179,5.5118157688560006,0.1550425985008213
softplus_cnn,20260924,3,3341,0,T-shirt/top,0,True,20.50991409293597,18.85007781711846,True,True,128,1.885007781711846e-07,5.970594629811643e-08,20.54264013149331,127.1092349571298,1.7145668108770065,125.3946681462528,0.9865110759933747,6.743167651101002,0.09095807600963558,6.652209575091367,169.67171648264656,0.7491480465462852,0.7390428454767105,0.9855956301095189,0.8571428571428572,1.0,False,1.4952323828948715,2.3559869610778605e-09,8.881784197001252e-16,4.440892098500626e-16,3.552713678800501e-15,9.790177557533752e-10,1.3322676295501878e-15,8.881784197001252e-16,0.8169417257196723,0.1617828707994405,1.4028784887635966,0.16334601913588226,1.7753089839740293,0.1635497818270283,2.157256537344273,0.11834232522212045,1.9742748163402086,0.08881127569457946,1.2597463389303618,0.1233901684877753,0.37824918577374234,0.11128715342349511,0.05340055825423303,0.05340055825423303,0.1635497818270283,0.1635497818270283,6.1139069564984005,0.32434385766546453,17.21885774219533,0.9134634832413392,31.875090902658982,1.69097927403313,35.04983631640117,1.8594000861137614,24.940152311339084,1.323079541278604,10.005711308072618,0.5308047746617819,1.9056794198756601,0.10109663410222325,3.4653024426252013,4.1237387104657826,0.6584362678405804,-0.9586837783644157,-2.283678635961541,-1.3249948575971253,2.3860251480801034,2.94141041617812,0.5553852680980171,4.124435125878849,3.9025961187125175,-0.2218390071663317,1.615770965280752,1.7023308900974208,0.08655992481666891,3.130851412182672,2.963118466558632,-0.16773294562404062,2.8960930348383997,3.2689497566105428,0.3728567217721417,3.882845780971747,3.9241744098108557,0.041328628839107484
softplus_cnn,20260924,4,4116,0,T-shirt/top,0,True,16.168679523206563,18.85007781711846,True,True,64,1.885007781711846e-07,1.0721108001376933e-07,16.20140526226472,30.18922515899385,1.7920404406121655,28.397184718381684,0.9406397338396647,1.601543794772979,0.09506806592515743,1.5064757288478214,54.956038380145614,0.549334086823488,0.516725469218701,0.9865187789417476,0.8571428571428572,0.5,False,0.5791766879464817,6.582081546468999e-10,8.881784197001252e-16,4.440892098500626e-16,0.0,2.7493030074765556e-10,5.551115123125783e-16,8.881784197001252e-16,0.5171250969507903,0.23346038726521237,0.5543966555630679,0.08849411087724007,0.714566970767088,0.054832639050002865,0.6391989906839407,0.042080052266335585,0.5302983397115628,0.028530474170048503,0.3443677326349123,0.0422482582121691,0.12397830273892628,0.04447273768097229,0.008620674211671108,0.008620674211671108,0.08849411087724007,0.054832639050002865,2.1792932691945177,0.11561189775118169,5.198133641380542,0.27576191948979234,7.354227374516289,0.3901430777032464,7.635416718192243,0.40506022268291303,5.632788104858346,0.2988204165259732,1.8587580114318456,0.0986074449912264,0.33060803933111904,0.017538815623927107,1.7591681894535032,1.8955189627192017,0.1363507732656985,1.7756470677140264,1.3416987679767314,-0.4339482997372949,1.6515634640197345,1.6373014944352717,-0.014261969584463352,0.3526162163920268,0.5077887703911929,0.15517255399916607,2.183344707477257,2.686681811081383,0.5033371036041263,0.5198650926759553,0.1050033669845488,-0.4148617256914064,1.3584833321765166,0.4295148867149811,-0.9289684454615353,6.600717192355702,7.597897202236343,0.99718000988064
softplus_cnn,20260924,5,5544,0,T-shirt/top,0,True,18.431697309149875,18.85007781711846,True,True,128,1.885007781711846e-07,1.5329171265676678e-10,18.46442298312436,87.82745878905789,1.3740692514345936,86.4533895376233,0.9843549014126117,4.65926239886917,0.07289461957481946,4.586367779294351,122.94051959820423,0.7143898453991955,0.703213145838096,0.9932042869869175,0.8333333333333335,1.0,False,1.3542398521486039,2.1315387233045158e-09,1.7763568394002505e-15,8.881784197001252e-16,7.105427357601002e-15,5.725233620523795e-10,2.942091015256665e-15,2.6645352591003757e-15,0.7613401775650137,0.22924356631159293,1.108988775922925,0.12684545800559377,1.206519279819033,0.07634396004822981,1.7508200891810453,0.08388900454136825,1.4937623044773387,0.07648633971803175,0.7567801501192805,0.06922338900512813,0.18108870730845086,0.05757458640315105,0.02405724880425233,0.02405724880425233,0.12684545800559377,0.08388900454136825,4.008818598653958,0.21266854373478503,15.428522099971099,0.8184858571756071,22.583061255052417,1.1980354391186594,23.40134675362407,1.241445631188452,15.51168845793349,0.8228978473418685,6.056682646449001,0.3213080977813631,0.8373389773286782,0.044420982526038134,3.8441575589108945,4.001062951418129,0.156905392507236,-1.6298295338894244,-2.795643668402537,-1.1658141345131119,0.909157945416154,1.2303926859436431,0.3212347405274893,3.562469779918152,3.7486086495705218,0.18613886965237045,1.7795436037936174,1.9249021175397854,0.14535851374616782,1.9295839690037893,1.7213288523685686,-0.20825511663522073,1.5977891348134288,1.747723816173207,0.14993468135977803,6.471550525157756,6.886047579085566,0.4144970539278126
softplus_cnn,20260924,6,6708,0,T-shirt/top,0,True,11.600547316573303,18.85007781711846,True,True,128,1.885007781711846e-07,3.994227171233433e-11,11.633273086044852,18.28224774362755,0.6226379220537881,17.659609821573763,0.9659430322362406,0.9698765130308776,0.03303105313912006,0.9368454598917576,35.279269978842535,0.518215024137168,0.5005661917654326,0.995816192455352,1.0,1.0,False,0.3745548157946276,5.663694790936091e-10,1.1102230246251565e-15,3.3306690738754696e-16,1.7763568394002505e-15,4.1297099073744903e-10,7.771561172376096e-16,8.881784197001252e-16,0.580895336633007,0.2293000818721975,0.36982986950652064,0.04286661423865636,0.45600886565046744,0.031008407592788022,0.4745690391899994,0.03126327325588429,0.3027122826066123,0.018817277203680392,0.18683537131284342,0.022130819161672293,0.07477614948529075,0.01550274556146257,0.0068400051944175035,0.0068400051944175035,0.04286661423865636,0.03126327325588429,1.3668682742732852,0.07251260644833948,3.5470629744345223,0.18817232527354882,4.570212774036329,0.24245060515803005,4.78992901572607,0.2541065910813459,2.9879340340580223,0.15851043497255846,0.8845298789589828,0.04692446829878379,0.13571079204354328,0.007199481793136113,1.0892305835953615,1.1464670446628447,0.057236461067483445,1.3495895955489194,1.4989979358872705,0.14940834033835163,0.7265335305475847,0.6598653425438894,-0.0666681880036951,-0.9210512347363926,-0.8442390303362686,0.0768122044001239,1.9500289157426933,2.094551188575489,0.14452227283279567,1.5760405472897967,1.6749950395906434,0.09895449230084657,0.33248953284247906,-0.22348020100112942,-0.5559697338436086,5.530411615214411,5.626115766535083,0.09570415132067123
softplus_cnn,20260924,7,7346,0,T-shirt/top,0,True,8.63581760899422,18.85007781711846,True,True,128,1.885007781711846e-07,6.771028182583905e-12,8.66854340503746,47.78078364876949,1.2536600237489295,46.527123625020565,0.9737622548645408,2.534779119340185,0.06650688850793146,2.468272230832254,69.06505900569765,0.691822816582662,0.6736709458422706,0.9845958608560655,0.9523809523809524,1.0,False,0.9678727770984955,2.8220048520211094e-10,2.6645352591003757e-15,2.220446049250313e-16,0.0,1.0898304481088417e-10,5.551115123125783e-16,1.1102230246251565e-15,0.6990600040799917,0.23354482986915848,0.5883532467849999,0.11034746514836517,0.5885818329312377,0.04637567291426276,0.8328794483634266,0.05140903754375145,0.7649262111532946,0.07349278881274739,0.5788315696100382,0.07778490954879377,0.26325551284816273,0.053737372390023706,0.047085912552265,0.047085912552265,0.11034746514836517,0.07778490954879377,1.976968953341148,0.10487855660446073,7.611141974761266,0.4037724432017625,11.061145001610223,0.5867957208943287,12.447476477772096,0.6603408536843322,9.263162633132396,0.4914124346330375,4.1532249699186945,0.22032932756102447,1.2676636381136146,0.06724978275487022,0.021577022764699146,-0.07855860371551933,-0.10013562648021854,-0.6522121110491811,-0.9395338157461227,-0.28732170469694146,1.0651355299038374,1.0571728459873337,-0.007962683916503677,-1.0119496385023983,-0.7865634999111877,0.22538613859121004,0.33018621870449866,0.1289893728433386,-0.20119684586116007,0.0912928785659532,0.1826139134258285,0.09132103485987532,4.043858677733958,3.386815514994344,-0.6570431627396145,4.780654826916093,5.717607677268428,0.9369528503523352
softplus_cnn,20260924,8,7393,0,T-shirt/top,6,False,6.2970928660579215,18.85007781711846,True,True,128,1.885007781711846e-07,1.1516968090319324e-07,6.329818920023701,86.45110631633058,0.9501280766982516,85.50097823963233,0.9890096481446788,4.586246653996362,0.050404464422709426,4.5358421895736525,97.17225169112177,0.8896686534663194,0.8798908819300747,0.9913697999288918,0.9047619047619048,1.0,False,0.8818677930262504,6.544655928308885e-10,1.3322676295501878e-15,4.440892098500626e-16,8.881784197001252e-16,1.0748912870894856e-10,1.3322676295501878e-15,1.3322676295501878e-15,0.6077976784516705,0.13244946564252688,0.8718933320841413,0.24642077566702522,1.3091096560704092,0.13940857275030163,1.1211167849191763,0.06736679510782013,1.0165699211805612,0.09696504353959169,0.5841478937425482,0.05953481960349896,0.21594144397821174,0.06540118081672838,0.036226301895564264,0.036226301895564264,0.24642077566702522,0.13940857275030163,3.1606586433824555,0.16767350639328094,10.397823347854542,0.5516063885111334,19.942784973436062,1.057968310100305,24.13837108500801,1.2805449038033707,18.552551454883016,0.9842161732634732,8.478475818825217,0.4497846587734294,1.7804409927297211,0.09445271314014608,-0.08047897498216403,0.09771646699834743,0.17819544198051174,-1.3059640206001348,-1.3875251700535918,-0.08156114945345738,0.38763610066142484,0.5462488926093627,0.15861279194793793,-0.6261585262244729,-0.7682991931188062,-0.1421406668943332,0.9319832466414211,0.7424796837279,-0.18950356291352066,3.8799269740767235,4.103377278828639,0.22345030475191452,0.541364454926696,0.004441757543500382,-0.5369226973831958,2.6015096655242083,2.9913792035958395,0.38986953807163216
softplus_cnn,20260924,9,8134,0,T-shirt/top,0,True,18.226375316500015,18.85007781711846,True,True,128,1.885007781711846e-07,2.0299695258074735e-10,18.259101028953562,42.483837089068835,0.8952833316502165,41.588553757418616,0.9789264955099695,2.2537751568583806,0.04749494088757428,2.206280215970806,71.91861493310509,0.5907210133090726,0.5782724513827484,0.9973959491759553,0.9761904761904763,0.5,False,0.4600838505618893,1.5824047627788218e-09,1.7763568394002505e-15,4.440892098500626e-16,0.0,8.811369411887426e-10,2.1649348980190553e-15,8.881784197001252e-16,0.7927128274515743,0.23109960805328528,0.7442685937620688,0.10487019004727187,0.8185348106058191,0.04989639660075596,0.8890832195474957,0.05178851016149716,0.8037063358884455,0.05775126612480842,0.4142949897614391,0.036036981948803816,0.13263141392364594,0.026625384996435478,0.01277602313241373,0.01277602313241373,0.10487019004727187,0.05775126612480842,3.1608356325687677,0.16768289570127368,6.969757636940527,0.3697468893529463,11.372177549217334,0.6032960531807372,11.26477084553687,0.5975981083381475,6.83946621164603,0.36283490593523465,2.4285144495023476,0.12883312594587396,0.4483147635985758,0.02378317840106975,3.467011559177238,3.2231095549133064,-0.24390200426393185,-1.7043420538786578,-1.954096037768898,-0.2497539838902403,-0.3734338498796172,-0.5459094309017732,-0.172475581022156,2.0836878929040097,2.1042073450659533,0.020519452161943452,2.1685626131748483,2.175418178031657,0.006855564856809104,2.620342188543126,3.084361803708494,0.4640196151653686,3.2433317425113595,3.01417998047804,-0.22915176203331955,6.753940936401255,7.1578296363079215,0.40388869990666404
softplus_cnn,20260924,10,555,1,Trouser,1,True,23.097954614256988,18.85007781711846,True,True,256,1.885007781711846e-07,2.851514580015646e-10,30.316909471916276,176.22650830242793,4.6928837525840486,171.5336245498439,0.9733701598142634,9.348847787906214,0.2489583225127201,9.099889465393495,212.91072325229743,0.8277014215653243,0.8056598649875327,0.99394569976689,0.9761904761904763,1.0,False,2.2361092072924,1.5468444303223805e-09,1.7763568394002505e-15,8.881784197001252e-16,7.105427357601002e-15,2.587547953680769e-09,2.4424906541753444e-15,1.2434497875801753e-14,2.193115293471795,0.8534827286063499,1.4785981310352192,0.23309373445932868,2.027741979622628,0.11896239330341143,2.8885079613491715,0.14427602874702364,2.76742421799008,0.1863716822544572,1.6424653491052676,0.21186387813472105,0.4730022913634992,0.21704349723734745,0.017212022408580684,0.017212022408580684,0.23309373445932868,0.21704349723734745,7.577885704173682,0.40200819209838595,21.13662761174874,1.1213018756110267,40.22478622552666,2.13393210446044,50.71584193624224,2.690484486498262,36.91722176507026,1.9584652181936537,16.872201095621538,0.8950732861324987,2.7819439632207086,0.14758262486822846,-1.3772854017787095,-2.5455584280560366,-1.1682730262773275,-0.36970093911368523,-1.9794375810876326,-1.6097366419739463,2.7585114264783717,2.761542493976803,0.003031067498428852,0.10507830190550864,-0.8059995272373177,-0.9110778291428268,-1.3120051645205113,-2.315801418416679,-1.0037962538961673,13.786815821739335,15.007400374685561,1.2205845529462283,13.760094296238274,16.003647622318205,2.2435533260799323,2.9654011309676824,4.191115938320923,1.2257148073532398
softplus_cnn,20260924,11,1680,1,Trouser,1,True,16.834971501716073,18.85007781711846,True,True,128,1.885007781711846e-07,6.786308404116426e-08,24.053926208041602,195.49923260161682,2.5790400643323723,192.92019253728446,0.986807927427583,10.37126925938081,0.1368185367378298,10.23445072264298,216.88352995776205,0.9014019305186068,0.8895105708342886,0.9799624401925998,0.9047619047619048,0.5,False,2.384612948235085,2.585631264651056e-09,1.7763568394002505e-15,1.7763568394002505e-15,1.4210854715202004e-14,1.2942145133365557e-09,2.3314683517128287e-15,1.3322676295501878e-14,1.5284535895514197,0.5518985209307881,1.5237797373693227,0.1862524334278999,2.398969525496986,0.14269678853002588,2.7781390947559768,0.10812344767548693,2.3392769114380303,0.1622647722275463,1.6747917050552443,0.15629465727320718,0.6238551090999859,0.12812492690847505,0.16689797601837292,0.16689797601837292,0.1862524334278999,0.16689797601837292,7.4496185721925166,0.3952035978030414,23.566463962858048,1.2502051286736047,42.5692363016281,2.258305600360407,56.47584487835776,2.996053672896243,45.17506389665796,2.39654522039335,18.3357327909335,0.9727139043575795,1.9272721981816363,0.10224213485375686,-0.6962147830768247,-0.7470154020680614,-0.05080061899123689,0.26722305126490675,0.0668899082701519,-0.2003331429947558,3.4145876655486838,5.346073247898506,1.9314855823498203,0.6488075571261269,-0.10204885965460195,-0.7508564167807292,-0.027880415389247737,0.13516463849503704,0.16304505388428447,9.32773280317507,9.716199328970031,0.38846652579495833,6.372934974416232,6.468977877366653,0.09604290295042084,4.746735354976639,3.169685470058101,-1.577049884918539
softplus_cnn,20260924,12,2586,1,Trouser,1,True,23.97584753836516,18.85007781711846,True,True,128,1.885007781711846e-07,6.263808915996094e-08,31.194802610737412,157.20665083499324,3.4154474824838723,153.79120335250937,0.9782741540237456,8.339840947087657,0.18119009988288626,8.15865084720477,196.87768666066228,0.7984990757533336,0.7811510078213352,0.9955172552834585,0.9047619047619048,1.0,False,2.1233938114854074,1.620186651507538e-09,5.329070518200751e-15,8.881784197001252e-16,7.105427357601002e-15,2.1404247263490106e-09,3.1086244689504383e-15,1.4210854715202004e-14,2.0446600967333683,0.746365276950593,1.284969155571047,0.1866411000461948,1.998686872001877,0.11077580790765977,2.512396490240657,0.11793071332095466,2.550703941584532,0.1254847372986821,1.5507960117797466,0.12068694374464217,0.4917613042149164,0.0942485852566825,0.05508271839094231,0.05508271839094231,0.1866411000461948,0.1254847372986821,6.906464064036436,0.3663891539887659,17.276168485125183,0.9165038284052095,35.08195205595048,1.8611038318415454,43.29871091864648,2.29700435927778,33.656684765824174,1.785493147156097,16.46738364373619,0.873597647898384,4.519286901205546,0.23974897849500718,-1.1099098092241755,-1.8886273681980714,-0.7787175589738969,1.2456611635828836,0.5645461850024899,-0.6811149785803944,4.569737469229597,4.747547968574417,0.17781049934482207,0.6151798331682152,0.07152402959330684,-0.5436558035749086,-0.9633498089451552,-2.375308949229609,-1.4119591402844542,10.90702472489131,11.920828665267258,1.0138039403759498,12.235850262121165,13.962609212588195,1.7267589504670329,3.694608775913564,4.191682869279852,0.49707409336628605
softplus_cnn,20260924,13,3766,1,Trouser,1,True,23.398176869815018,18.85007781711846,True,True,256,1.885007781711846e-07,2.5510082934943057e-10,30.617131829342178,181.23840260008325,2.289416021805216,178.94898657827804,0.9873679309188297,9.614729676897879,0.1214539294753527,9.493275747422526,206.94866518638193,0.875765023354253,0.8647022990803693,0.9932657584870006,0.9761904761904763,1.0,False,1.9831670737506835,1.422235662573712e-09,3.552713678800501e-15,8.881784197001252e-16,2.1316282072803006e-14,1.8571100213193859e-09,5.440092820663267e-15,1.7763568394002505e-14,2.0114192723198303,0.6737651235342256,1.2119614634194125,0.16265824850701716,2.2184426603379213,0.1546298152852487,3.077301028005189,0.2190970888748475,2.7285639024207184,0.16873758271638986,1.2339802263813793,0.12271472729801294,0.40278877622247106,0.08802658891864759,0.10562564922923598,0.10562564922923598,0.2190970888748475,0.2190970888748475,11.130772279900452,0.5904894604621834,25.36046114867554,1.345377000281917,44.751977225694525,2.374100396819242,52.0926100772225,2.763522282646242,33.94127947682947,1.8005909474817194,12.44285984665801,0.6600959405779314,1.5184425446209797,0.08055364860308561,-0.8897046749103678,-1.2005836339101421,-0.31087895899977436,2.6777506223186327,3.7038446190308982,1.026093996712262,6.601713618706548,6.367575117846124,-0.2341385008604252,0.9938078793699815,1.239826015506772,0.24601813613678997,-0.8160399034805009,-0.6661849349774188,0.14985496850308133,8.738319946426028,7.644885068044353,-1.0934348783816743,10.50272999496386,9.851766312329081,-0.6509636826347834,2.808554345947978,3.676003267329619,0.8674489213816414
softplus_cnn,20260924,14,4718,1,Trouser,1,True,14.299699482891231,18.85007781711846,True,True,128,1.885007781711846e-07,1.5665958974508953e-08,21.51865415007061,115.94061690005071,2.1668386368135675,113.77377826323715,0.9813107891371534,6.15067046538984,0.11495117727555375,6.035719288114287,164.54353062093435,0.7046197225896887,0.6914509360160895,0.9936568858474245,1.0,1.0,False,1.78801549079309,5.611273667938121e-10,8.881784197001252e-16,1.7763568394002505e-15,1.4210854715202004e-14,2.622577710553742e-10,1.1102230246251565e-15,1.2434497875801753e-14,1.1861428711720443,0.525055360913003,1.1361231778995806,0.13306293262953983,1.5411355173790986,0.1244898488355191,1.8477027797015946,0.0794472287216708,1.980446646453902,0.11610715790196534,1.391248552204431,0.10697062914066895,0.6856213848183071,0.1853449309871227,0.1467856736570293,0.1467856736570293,0.1853449309871227,0.1853449309871227,5.6581860139125,0.30016778014433926,13.634800520884461,0.7233286065536657,25.11952092103733,1.332595078107601,31.47948632988179,1.6699923806836539,24.301749398753465,1.2892121525718125,12.942630765633673,0.6866088772259595,2.804242949761507,0.14876559009294218,-1.09168291440376,-1.1624717865982275,-0.07078887219446672,1.432371314671401,1.320698250147324,-0.11167306452407744,2.7899008593751025,3.2562205653020735,0.4663197059269705,0.6563231811178023,0.2501871118666968,-0.40613606925110535,-1.567721743660007,-3.1459623743727887,-1.5782406307127816,4.542768246655054,4.67999953650127,0.13723128984621646,9.888613144878663,10.875351043552019,0.9867378986733555,4.868082061436341,5.444631803934502,0.5765497424981616
softplus_cnn,20260924,15,4831,1,Trouser,1,True,21.4840103336966,18.85007781711846,True,True,256,1.885007781711846e-07,5.480931264401079e-10,28.702965531618823,201.94916304462953,3.571097860154002,198.37806518447553,0.9823168474366749,10.713439223111957,0.18944738026020003,10.523991842851757,195.4933298191921,1.0330232915435442,1.0147561830777114,0.9956755065993679,0.9761904761904763,1.0,False,1.7263176468955792,1.46971990133693e-09,2.6645352591003757e-15,1.7763568394002505e-15,1.7763568394002505e-14,2.426684631018361e-09,3.219646771412954e-15,1.1546319456101628e-14,2.009576590336269,0.8379342326823961,1.5846627300530447,0.20542936479911672,2.209490583867814,0.13164788692974877,2.6789610031874513,0.11976932831546018,2.2026771214253236,0.12262477295295503,1.3310915880936112,0.10172430743248011,0.3571278622936529,0.1011061938220288,0.006945226796423199,0.006945226796423199,0.20542936479911672,0.13164788692974877,10.22473223937859,0.5424238742448653,26.838872227063778,1.4238069724407394,52.15407319618977,2.766782912101652,57.503789794636475,3.0505863345781594,37.90797630130754,2.0110249235619544,14.900970087886236,0.7904991285688013,2.4187491973641637,0.12831507757318683,-1.3877028759857113,-2.09748069713914,-0.7097778211534291,0.8906213269840222,-0.12320243149884613,-1.0138237584828662,5.364701615426893,6.067385910766476,0.7026842953395803,-0.33989301719564713,-1.2555091363255149,-0.9156161191298675,-1.547107436816636,-2.478987596991124,-0.9318801601744879,8.988651777021962,9.787856671257845,0.7992048942358805,13.667447616067875,14.875241711859767,1.2077940957918922,3.0662465261160463,3.9276611021160464,0.8614145760000008
softplus_cnn,20260924,16,6080,1,Trouser,1,True,21.557440147271805,18.85007781711846,True,True,128,1.885007781711846e-07,1.7027650478507184e-07,28.776394884842112,173.842882841907,4.107307122953537,169.73557571895347,0.9763734525347885,9.22239603085531,0.21789337756598212,9.004502653289327,187.87298239968135,0.925321356064244,0.9034592071246182,0.9948413782462139,0.9523809523809524,1.0,False,2.076614418612595,1.8808470336750815e-09,7.105427357601002e-15,3.552713678800501e-15,1.7763568394002505e-14,2.4655157915276504e-09,3.552713678800501e-15,2.1316282072803006e-14,1.9545378714886794,0.7809600180818926,1.3662820115813512,0.16437096186969424,2.369999020967426,0.14579539702125174,2.5573250229918365,0.12708036714022283,2.1822098530177025,0.09858496173465806,1.0387454736263098,0.1180785082023629,0.2986084587110996,0.061409919053226576,0.15352548112925168,0.15352548112925168,0.16437096186969424,0.15352548112925168,8.290421038909617,0.4398083190606659,22.078589276967975,1.1712731104440102,43.142322552500524,2.288707928479816,48.50029926352493,2.5729495514060954,34.87637302146972,1.8501978272894544,15.011270953263585,0.796350609207103,1.9436067344569936,0.10310868492499971,-1.3244617319363008,-2.1103142797494194,-0.7858525478131191,0.8275700934711472,-0.17183698669105602,-0.9994070801622057,5.3117461401359805,6.136493717296305,0.8247475771603233,-0.2538917551013615,-1.2169197325561496,-0.9630279774547876,-1.1766811351382822,-2.5357006514289435,-1.3590195162906615,9.11641219088872,10.469154827761702,1.3527426368729818,13.151447585341176,14.688202889922492,1.5367553045813125,3.124253497181016,3.517315102752699,0.3930616055716811
softplus_cnn,20260924,17,6208,1,Trouser,1,True,24.740152779845687,18.85007781711846,True,True,128,1.885007781711846e-07,1.1031499358438168e-07,31.959107666911002,171.05423374928813,5.4082282688160905,165.64600548047204,0.9683829616474571,9.07445769767313,0.28690747705586,8.78755022061727,165.98691723933734,1.0305284090712052,0.9979461528382159,0.991735161659988,0.9047619047619048,1.0,False,2.5225033096079525,2.258353615225417e-09,2.6645352591003757e-15,8.881784197001252e-16,1.4210854715202004e-14,2.3013946304217825e-09,1.3322676295501878e-15,1.1546319456101628e-14,2.2813201467031763,0.9562557792933346,1.2881349380817866,0.1891680178456344,1.7631911420596111,0.09539710082063492,2.798751233992501,0.15265910021933762,1.9551612360137935,0.14297847099955593,0.6924243916410939,0.09821328769566512,0.276570414621532,0.06477209917083039,0.03140229399524059,0.03140229399524059,0.1891680178456344,0.15265910021933762,8.611247553119131,0.4568282230272246,20.151691183453444,1.069050821909761,44.48705314622762,2.3600461270153095,49.82005494514529,2.6429628263869462,33.59235656834032,1.7820805247728921,12.348862149273799,0.6551093459178898,2.0429682024491296,0.10837982857523451,-1.5406404361855448,-2.0875546325345806,-0.5469141963490358,0.21691111076548608,-1.4897744891210407,-1.7066855998865273,1.1082319650586834,0.40347972886750616,-0.7047522361911769,0.2835188795770307,-1.4139521418213927,-1.697471021398423,-1.5892370917398526,-2.3416423055800757,-0.7524052138402234,14.024196680599733,16.471375301120766,2.447178620521034,15.795879318645522,16.992957481399028,1.1970781627535059,3.660247240189933,5.424218726882189,1.763971486692255
softplus_cnn,20260924,18,7156,1,Trouser,1,True,15.110791395745172,18.85007781711846,True,True,128,1.885007781711846e-07,1.7665680474010514e-08,22.329746129495454,147.71273756111026,2.9038161199682615,144.808921441142,0.9803414643319643,7.83618714968735,0.15404796458353065,7.682139185103819,184.64153941071874,0.7999973247219109,0.7842705487795322,0.9944383386637451,0.880952380952381,1.0,False,2.184834949477675,1.4279546434181611e-09,3.552713678800501e-15,8.881784197001252e-16,7.105427357601002e-15,1.0401102201740287e-09,5.329070518200751e-15,1.4210854715202004e-14,1.3602774921715475,0.5438563392279362,1.168899107515177,0.14773463874735254,2.256383758554896,0.168670390903314,2.679489875022726,0.13704336200980957,2.0285992337622174,0.1450559731995355,1.0557844522850062,0.17049589765881967,0.5187234954976347,0.1124659946525438,0.08738677079948431,0.08738677079948431,0.17049589765881967,0.17049589765881967,7.616184616757424,0.40403995626165967,20.64004059484252,1.0949578455373021,34.89950362769754,1.8514249100873206,41.55129038702586,2.204303387505996,28.992488873824563,1.5380567207789138,12.067483920373949,0.6401821805433087,1.9457455399324508,0.10322214893805089,-1.539067944149982,-2.530664403269404,-0.9915964591194214,-0.7901380708591627,-0.4784714093115611,0.3116666615476022,0.7591242279588892,1.0303970367991027,0.2712728088402139,0.8041952679250617,0.4135544014161798,-0.3906408665088821,-1.5369785985956006,-2.93395900483864,-1.396980406243039,9.503598458081838,10.391621892519543,0.8880234344377111,10.28568060119651,11.718533816859306,1.4328532156627953,4.843332187937893,4.718733800361036,-0.1245983875768582
softplus_cnn,20260924,19,8365,1,Trouser,1,True,14.788561584157673,18.85007781711846,True,True,256,1.885007781711846e-07,3.8066616525611607e-10,22.007516516850522,195.79694051084874,2.1217856422247765,193.67515486862396,0.9891633360731333,10.387062717217974,0.11256110785377786,10.274501609364197,211.16715682827441,0.927213035643014,0.9171651395871409,0.9909961092817827,0.9761904761904763,1.0,False,2.4576284299578752,1.1181113812597232e-09,1.7763568394002505e-15,1.3322676295501878e-15,1.0658141036401503e-14,1.1442082836765621e-09,4.996003610813204e-16,1.4210854715202004e-14,1.3621301544706774,0.6800789233662986,1.3593878823084014,0.13398570054385311,2.047686278063094,0.14346120819517516,2.46390435009681,0.1304387387165163,2.523733758131667,0.2605216916192332,1.7695308579454416,0.23441806103042379,0.7791273293402372,0.2001608802654827,0.2590849863144658,0.2590849863144658,0.2605216916192332,0.2605216916192332,6.902717330390103,0.3661903890986321,25.94260743342047,1.376259964818873,46.05213638888956,2.4430740729923084,54.1843301031478,2.874488404177355,41.37043274027501,2.1947088569950077,18.250224406201077,0.9681776692522386,3.094492107718831,0.16416335984080696,-1.0971057506552424,-1.4370304079204106,-0.3399246572651677,1.3188143895430584,2.1721320875754144,0.8533176980323558,1.705638768148792,2.55287460515152,0.8472358370027285,0.8446308886606945,0.5500219746165469,-0.29460891404414713,-0.14638150737820005,-0.44060050943363854,-0.2942190020554387,11.774234263123269,12.026557884792124,0.25232362166885536,3.599668652488114,3.768577138581061,0.16890848609294706,4.008016812920026,2.814983744632113,-1.193033068287913
softplus_cnn,20260924,20,368,2,Pullover,6,False,11.076358066599314,18.85007781711846,True,True,128,1.885007781711846e-07,4.449187629429474e-09,6.526229781809934,117.81572365869607,2.530802763136773,115.2849208955593,0.978518972811572,6.250145214345121,0.13425953928097084,6.11588567506415,121.03237759104883,0.9734231947155383,0.9525130646040073,0.8758308705230283,0.6428571428571429,0.5,False,1.7665356536190164,1.2137011395907393e-09,6.661338147750939e-16,4.440892098500626e-16,3.552713678800501e-15,6.412230746377645e-10,9.992007221626409e-16,3.552713678800501e-15,0.5173304890086989,0.15817074161457853,0.9380853737037077,0.09777475493537145,1.2954800815944358,0.06661860387623425,1.5433514713143206,0.08961076996393212,1.239876401801329,0.07982342519468447,0.8865919093574242,0.07893704947315054,0.42772182319641117,0.09572653402734685,0.08968221986678843,0.08968221986678843,0.09777475493537145,0.09572653402734685,3.744765825967107,0.19866049691138915,13.837565792176331,0.734085340465275,26.135645253314067,1.3865006556938089,33.83602825026702,1.7950073510858007,26.78913683173369,1.4211685008220747,10.957637159661806,0.5813046113640319,2.5149445452376433,0.13341825798478815,1.8840883020539736,2.735058278555772,0.850969976501798,-0.07243966405333851,-0.820893039998305,-0.7484533759449665,-0.04205141031669937,-0.15695820922958295,-0.1149067989128838,-0.08188907340251994,0.4824876884100527,0.5643767618125736,1.2287227344413725,0.4450567743445251,-0.7836659600968471,0.21347101036935678,0.7471618586563845,0.5336908482870278,1.8485931947907992,2.4303583716467827,0.5817651768559835,1.547734687926993,0.6639580600655282,-0.883776627861465
softplus_cnn,20260924,21,750,2,Pullover,2,True,14.96016505474714,18.85007781711846,True,True,128,1.885007781711846e-07,5.447761797228168e-09,10.410036422895324,53.267279780185596,1.1460723463056375,52.12120743387996,0.9784844964669671,2.825838720507116,0.06079934297485214,2.7650393775322635,88.19242966809271,0.6039892537336145,0.5909941208109949,0.9843715888934695,0.9285714285714287,1.0,False,0.5419507248810844,1.0035509090400296e-09,4.440892098500626e-16,3.608224830031759e-16,3.552713678800501e-15,8.012985830418984e-10,7.771561172376096e-16,3.552713678800501e-15,0.5770447167042433,0.22631349170932352,0.8487323594424705,0.09029285100770709,0.9179155897221356,0.07581915657441199,1.0672989061358085,0.059723351954712296,1.0229190716817314,0.06967045204567231,0.5876675499813058,0.04752276667701448,0.19818527908146433,0.047426930628316266,0.035905413241105015,0.035905413241105015,0.09029285100770709,0.07581915657441199,3.9043931317012044,0.20712875403386818,9.539969994338424,0.5060971146588488,13.793489258760758,0.7317470724834024,13.876749582207623,0.7361640475354233,8.51946115444019,0.451958938159043,3.2710836040569644,0.17353157030929448,0.3621330542069469,0.019211223302117105,1.4704359903355821,1.648326591401,0.17789060106541765,0.9531086060751945,0.3541788083647461,-0.5989297977104484,0.2577586332718852,0.0285339440974402,-0.2292246891744448,0.45687483702842163,0.48158000582431865,0.02470516879589693,0.7775549999370072,0.4909689601643808,-0.28658603977262637,0.9825860906802867,1.399192727889154,0.4166066372088675,3.8184667563341956,4.345336695970299,0.5268699396361027,1.6932505092327554,1.6619186899852838,-0.03133181924747086
softplus_cnn,20260924,22,1640,2,Pullover,2,True,9.589372655558337,18.85007781711846,True,True,128,1.885007781711846e-07,8.539230433868283e-11,5.0392440051576655,12.649313326218488,0.7998825499129643,11.849430776305525,0.9367647453039976,0.6710483345979174,0.042433912351627585,0.6286144222462898,31.343184252336385,0.40357460889684754,0.37805446571441587,0.9608945146010067,0.5000000000000001,0.5,False,0.27635066532356023,3.9677629931622604e-10,3.3306690738754696e-16,4.440892098500626e-16,3.552713678800501e-15,3.16246584475266e-10,2.220446049250313e-16,3.552713678800501e-15,0.2646012752016017,0.10643509313593638,0.3639867170728512,0.06620220755533102,0.42878976754992176,0.03413644907971379,0.4489731173108039,0.05355111264314996,0.2646131438650428,0.05063229211025615,0.11843147104717328,0.03799036041691611,0.030780715926205793,0.008115757932463913,0.007186598316879235,0.007186598316879235,0.06620220755533102,0.05355111264314996,1.230745132203807,0.06529124941256854,2.2991142071166686,0.12196841994088518,3.3934037743050878,0.18002067722094023,3.178098973810658,0.16859871904213083,1.8718507941027906,0.0993020194538875,0.5824185115823466,0.03089740621937542,0.09368193287689275,0.004969843296446059,0.21073239962119233,0.23751849401617103,0.026786094394978657,-0.13994396532904357,-0.48754050336539223,-0.3475965380363486,0.5020242427119234,0.4754366723252252,-0.026587570386698123,0.09273235250171774,0.5748945173634186,0.4821621648617009,0.5769257048260199,0.6104781963047935,0.033552491478773636,0.973168471698955,1.057634764476631,0.08446629277767626,2.0478103360480304,2.220725842605987,0.1729155065579565,0.775794463078874,0.350096021747078,-0.4256984413317958
softplus_cnn,20260924,23,2633,2,Pullover,2,True,13.699302439939153,18.85007781711846,True,True,128,1.885007781711846e-07,6.5330043597100484e-09,9.149173923800301,38.80557614449049,1.298878769145313,37.506697375345176,0.9665285534143597,2.058642755800705,0.06890575103969876,1.9897370047610063,77.28570428601198,0.5021054864284125,0.4852992894590669,0.9624970879678988,0.8571428571428572,0.5,False,0.6035693983329408,7.215642527924615e-10,8.881784197001252e-16,4.440892098500626e-16,3.552713678800501e-15,7.297380477666593e-10,3.0531133177191805e-16,3.552713678800501e-15,0.34649344220920425,0.15955739866745483,0.6553724654778372,0.11962487812692264,0.7464399639603816,0.05489993998124084,1.0189088826470911,0.051674522897201335,1.0466725058431712,0.07337002680247333,0.5046674592497233,0.05132562287064417,0.11464168016591901,0.03510773309101157,0.013317479485370388,0.013317479485370388,0.11962487812692264,0.07337002680247333,2.0370662389968537,0.10806672835837938,6.066807617361434,0.32184522929936865,9.537478244180413,0.5059649268672552,10.212919876796981,0.5417972262969782,7.277600567274817,0.38607801187248975,2.998347328829151,0.1590628621228417,0.6753562706889273,0.035827770964192575,1.214669020517054,1.76990033735485,0.5552313168377963,0.7241152596095426,-0.15230006250514913,-0.8764153221146918,0.7635353811959986,0.749767867741564,-0.013767513454434499,0.14686792504668567,0.45533733549060545,0.3084694104439198,0.6924599959513756,0.6108582362018179,-0.08160175974955788,1.2469313401266096,0.9198371666648484,-0.3270941734617611,3.0569052523677254,3.3984823456571975,0.3415770932894723,1.303689748985314,1.3972906979243063,0.09360094893899248
softplus_cnn,20260924,24,2999,2,Pullover,6,False,6.286734167464763,18.85007781711846,True,True,64,1.885007781711846e-07,6.4026642876413575e-09,1.736605619856352,5.20657467610641,0.50691701487519,4.699657661231219,0.9026390580353159,0.27620971789188714,0.02689203831375379,0.24931767957813333,14.213957692019942,0.36630013884377227,0.330636812284148,0.993644245016444,0.8095238095238096,1.0,False,0.20373238964126705,7.511857802455779e-11,8.881784197001252e-16,8.326672684688674e-17,2.6645352591003757e-15,4.9640513921644924e-11,8.326672684688674e-16,3.552713678800501e-15,0.2844899099976981,0.09185047005689621,0.2111195689485451,0.03403851282548451,0.22567595847268165,0.03207635516873838,0.16066425927513403,0.017246769679394577,0.10312024410298119,0.014840485903154543,0.040656529676175585,0.007005633574729833,0.011478530546942292,0.003306443377625733,0.0013379070565038265,0.0013379070565038265,0.03403851282548451,0.03207635516873838,0.6866896140838694,0.03642900685854256,1.4836053647184904,0.07870552997776874,1.3615553171455348,0.07223075312235876,1.0531459849596705,0.055869582883274316,0.4732016869547483,0.025103434136755455,0.12922651827037482,0.0068554899095970515,0.019150189902240194,0.0010159209997981648,-0.09489858570539829,-0.07508464521163395,0.01981394049376433,1.2899021464258835,1.3028127805686935,0.012910634142810344,1.0184633617402545,1.1675376694981408,0.14907430775788608,-0.02052266439571175,-0.08803917851046737,-0.06751651411475565,0.07493266236125053,0.07110133409180266,-0.0038313282694478965,-1.495134857675346,-1.9307040301415133,-0.43556917246616805,0.050730692833824156,0.1993730529540765,0.14864236012025234,0.9131328642715982,1.0896086366568936,0.17647577238529538
softplus_cnn,20260924,25,6288,2,Pullover,2,True,10.447458164933316,18.85007781711846,True,True,128,1.885007781711846e-07,2.058671011440083e-10,5.8973294591673495,39.51085785671118,1.3271996090814966,38.18365824762969,0.9664092434060866,2.096058076791062,0.07040817666419483,2.0256499001268673,91.61069900040278,0.43129086763695,0.41680348108097953,0.8738772453280095,0.5000000000000001,0.5,False,0.7565448095038284,3.7941641495287115e-10,3.3306690738754696e-16,2.220446049250313e-16,4.440892098500626e-15,3.1096725194856845e-10,4.440892098500626e-16,3.552713678800501e-15,0.27490736365013035,0.07295366568296761,0.5339018692761641,0.07584134513169866,0.8499449518803082,0.10007277917908487,1.1003563043171671,0.0656142552901712,1.3638600065738202,0.07266249773207452,0.7834580106677712,0.08316821801124301,0.21559297138155187,0.07746110193602099,0.012849854710160537,0.012849854710160537,0.10007277917908487,0.10007277917908487,2.0406407344223565,0.10825635598008908,5.585929785525999,0.29633457430362475,8.876453723423646,0.47089745780055114,10.282103725510646,0.5454674418464779,8.33456183102129,0.44214999597786075,3.8596620965707302,0.20475576461894637,0.53150596006366,0.02819648625434212,0.8485516921469922,1.1137553417624468,0.26520364961545456,0.755907531066497,0.9001062525596534,0.1441987214931564,1.319805290820087,1.3381313614906054,0.01832607067051864,0.28074189723039306,0.8456901832154466,0.5649482859850536,1.1999720413977721,0.39362039850003333,-0.8063516428977388,0.1358449478838069,0.3970365321077107,0.26119158422390376,0.7947946350215008,0.8681259322703921,0.07333129724889148,0.5617114236003041,0.04086345757202865,-0.5208479660282759
softplus_cnn,20260924,26,6518,2,Pullover,2,True,8.997511685678619,18.85007781711846,True,True,128,1.885007781711846e-07,3.507886203735211e-10,4.4473831577225456,14.40869236560982,0.7631046672957975,13.645587698314023,0.9470385897670249,0.7643837073460115,0.04048283910015446,0.723900868245857,33.91372810399628,0.42486312095873496,0.40236177091677733,0.9058552401260771,0.7619047619047621,1.0,False,0.29256852921795845,2.581702351900361e-10,6.661338147750939e-16,2.220446049250313e-16,4.440892098500626e-15,5.503588695887629e-10,5.412337245047638e-16,3.552713678800501e-15,0.2034330498208933,0.06670667016665423,0.5029257101177724,0.1279175096952974,0.37135867906152864,0.0331529668756297,0.409087774992322,0.033904813398753,0.3149745859761199,0.02937826394703452,0.1422999087686863,0.015287184053815111,0.052862390616087315,0.012231005512197739,0.005620292692158666,0.005620292692158666,0.1279175096952974,0.033904813398753,1.7183591019624864,0.0911592577300652,2.326319341053768,0.12341165716255827,3.5946418566424736,0.19069639348533857,3.959567308651981,0.2100557539903708,2.0684876657824462,0.10973364066985311,0.6688736299340956,0.03548386571256838,0.07244346129986994,0.003843138580259935,0.2708228414178059,0.2933266950858673,0.022503853668061367,0.4238749258464225,0.527120242445633,0.10324531659921043,0.18385195441466012,0.6484124917689431,0.464560537354283,0.057333727221477004,-0.010405250921826491,-0.06773897814330349,0.6606329262954199,0.8334278862448403,0.1727949599494204,0.30110440128929344,0.2923287145918368,-0.008775686697456708,1.3566977868704213,0.6701523369767127,-0.6865454498937085,1.1930645943670495,1.1930200420808978,-4.455228615109219e-05
softplus_cnn,20260924,27,7013,2,Pullover,6,False,7.366624964858411,18.85007781711846,True,True,256,1.885007781711846e-07,5.1443849180543566e-11,2.816496336252161,85.41814109302317,1.0223251673562281,84.39581592566694,0.9880315217086861,4.531447664128567,0.054234532996347444,4.47721313113222,119.83005039960517,0.7128273818476556,0.7042959228025578,0.9642368195554444,0.8095238095238096,0.5,False,1.5347124352645105,8.255471861673414e-10,8.881784197001252e-16,4.440892098500626e-16,2.220446049250313e-15,4.986349111391064e-10,1.4432899320127035e-15,3.552713678800501e-15,0.3261686548078078,0.1243052505959205,1.3429498278764462,0.13238817339219067,1.2876102438249717,0.12083329404932347,1.3911044154976016,0.09816981777258904,1.2178569816187688,0.10904166516130341,0.7628263805427116,0.0805521549617716,0.2795247542773177,0.07782212759257857,0.07513300462460731,0.07513300462460731,0.13238817339219067,0.12083329404932347,6.115371630231321,0.32442155886898905,13.916033402739128,0.738248061241501,21.35012085489614,1.1326277303485346,21.840277070371663,1.158630605256053,15.648173648526967,0.8301384111165989,5.842010762673169,0.3099197159476881,0.7061537232649149,0.03746158133223356,0.48447277657688265,0.35547558676998126,-0.12899718980690117,-1.2861282977839246,-1.4720216500926515,-0.18589335230872694,-1.717832212620182,-1.102176778256993,0.6156554343631888,0.5758822669433215,0.5982222759313361,0.022340008988014526,1.1409514906735894,1.5252812149279291,0.38432972425433953,0.8440897256046554,0.44660690992026436,-0.3974828156843917,1.0710342165840872,0.8252572876187537,-0.24577692896533387,1.7040263702737337,1.6398514899321754,-0.06417488034155971
softplus_cnn,20260924,28,7633,2,Pullover,2,True,12.149829232905617,18.85007781711846,True,True,128,1.885007781711846e-07,2.336553173165612e-10,7.599700481988296,31.009985172361006,1.419742344388851,29.590242827972155,0.9542166067962439,1.6450852602953012,0.07531758532580327,1.569767674969498,60.03695384784088,0.5165149659483635,0.49286715816672494,0.9650521390581237,0.5714285714285715,0.5,False,0.5633513566828044,1.6389312129660993e-10,4.440892098500626e-16,2.220446049250313e-16,2.6645352591003757e-15,1.4454126784357868e-10,6.661338147750939e-16,3.552713678800501e-15,0.3241780781242918,0.12648401733097503,0.5098676770299226,0.15510511714772338,0.6472409625988955,0.049712877854020295,0.7761783163082117,0.09533657289728781,0.590612548793648,0.03912211876100771,0.4728570087368796,0.04320544177645719,0.15101952453149814,0.03898439755869087,0.037195102720537186,0.037195102720537186,0.15510511714772338,0.09533657289728781,1.8462764979806825,0.09794529847001532,4.139499841342631,0.21960120703498615,6.8066853610250515,0.3610958759461272,8.23421399400458,0.4368265252744359,6.2690213703796855,0.33257270506790976,2.9233232872284747,0.1550828232960235,0.7909648202715345,0.04196082519899359,0.2395351215924013,0.26733095545480734,0.02779583386240595,0.9544439155804509,0.9691293272584555,0.014685411678004773,3.0015200117442524,4.348674756800765,1.347154745056512,0.33690803549946324,0.36060528388247765,0.02369724838301447,-0.311875979722892,-0.635181822003223,-0.3233058422803311,1.0037816240447803,0.25878119183857695,-0.7450004322062034,2.634024348132223,2.640433453613406,0.006409105481182675,-0.25863659488238133,-0.6100726647124289,-0.35143606983004777
softplus_cnn,20260924,29,8675,2,Pullover,2,True,8.745838877246465,18.85007781711846,True,True,64,1.885007781711846e-07,3.284926164415225e-08,4.195710335129722,27.971239171965053,1.1261342928148437,26.84510487915021,0.9597395637035794,1.4838792414195408,0.05974162567075235,1.4241376157487884,46.75681124561861,0.5982281175041877,0.5741431924886827,0.9218990907014533,0.4047619047619048,0.5,False,0.6396530859867389,1.3870526949233408e-10,6.661338147750939e-16,4.440892098500626e-16,2.6645352591003757e-15,4.993339075554104e-12,4.996003610813204e-16,3.552713678800501e-15,0.17245045393095348,0.0946252632869975,0.44908873325339776,0.09537635805049986,0.47747925317061873,0.036513474884502455,0.5494846042061228,0.03317622046689068,0.4973319642501164,0.0355755706504001,0.3240524593302714,0.027377316508810937,0.14739101640579338,0.03857126754419313,0.035629169573962303,0.035629169573962303,0.09537635805049986,0.03857126754419313,2.197937152826375,0.11660095911277067,3.163658065184561,0.1678326262564033,5.749915916240873,0.30503406787101744,7.340344573358672,0.38940659261855304,6.515071151773575,0.34562568998293447,2.6118086241837473,0.13855691469941128,0.3925036883419485,0.02082239087551677,-0.11419779440094259,-0.10277884574423682,0.011418948656705757,-0.20987891182669174,-0.2803845688224273,-0.07050565699573558,1.6439284095395736,1.9962582739437083,0.3523298644041344,0.4881225616045226,-0.0012092633667005193,-0.48933182497122335,-0.2120447493338906,-0.22999344963339918,-0.017948700299508624,0.6467643212122502,0.09841621066636864,-0.5483481105458816,1.6066747246560633,1.6332721493860418,0.026597424729978003,0.3463417736788402,1.0821298287053605,0.7357880550265202
softplus_cnn,20260924,30,1852,3,Dress,8,False,3.8313326779124406,18.85007781711846,True,True,128,1.885007781711846e-07,6.223521586967706e-09,8.960862012933482,126.55668226476192,3.264789428135621,123.2918928366263,0.9742029470928644,6.713854631933193,0.17319766315079843,6.540656968782395,210.9349740377266,0.5999796043406568,0.5845018987442786,0.9493366020389598,0.7857142857142858,0.5,False,1.221834264221406,5.519940060594308e-10,1.3322676295501878e-15,2.220446049250313e-16,1.7763568394002505e-15,1.0114398207861086e-10,6.661338147750939e-16,8.881784197001252e-16,0.9948173141034761,0.23417289812730405,1.9894477518763225,0.2235800920358354,2.609182022606833,0.1899896338516783,2.6740539919449873,0.1393547683855233,2.3746561878239008,0.12509360297047248,1.1107488997613544,0.11627667063262713,0.3683745597502293,0.08848121050544144,0.06367468986630402,0.06367468986630402,0.2235800920358354,0.1899896338516783,7.653691340475553,0.4060296946639101,17.285109942991454,0.9169781743444156,32.249302291374,1.7108312551414087,36.063250987924945,1.913161915712335,22.965055081253396,1.2183002799276494,8.827781242276878,0.46831537396944,1.5124913780032645,0.08023793814950272,-0.02604396442682061,-1.2101845589628593,-1.1841405945360384,2.333688591810863,2.9883135507665055,0.6546249589556432,1.830644062776619,1.9306092634637155,0.0999652006870971,0.9752738818553383,0.11744537495981787,-0.8578285068955207,2.6438583215053724,2.6573993031307785,0.013540981625406512,-1.4716732864122504,-2.694493613065741,-1.2228203266534905,-0.6239092584679721,-0.30650033789081665,0.3174089205771552,3.299023664292335,5.4782730306332255,2.1792493663408905
softplus_cnn,20260924,31,3313,3,Dress,4,False,6.452070134041955,18.85007781711846,True,True,128,1.885007781711846e-07,2.4094740647129242e-08,11.581599539441045,269.5993582213846,3.945313858637317,265.6540443627473,0.9853660116824257,14.302294178146646,0.20929960591751137,14.092994572229136,240.80634862802503,1.1195691465669633,1.1031853847553854,0.9414290768515114,0.4761904761904762,0.5,False,3.2272477007219313,8.566110043517483e-10,1.1102230246251565e-15,6.661338147750939e-16,1.7763568394002505e-15,2.2216362083327112e-10,1.4432899320127035e-15,8.881784197001252e-16,1.3542549698484132,0.2283753959526817,1.9921371820259637,0.16646669089590335,2.64398349327014,0.16464291921609606,3.2460457762793635,0.14013669193233594,2.9117294536412173,0.1448868420918714,1.43814962965574,0.16533162006711963,0.4743928312392612,0.12758243855462792,0.06838150276651193,0.06838150276651193,0.16646669089590335,0.16533162006711963,11.077030717375816,0.587638460957246,32.47706285104648,1.7229139935726339,62.948998368684165,3.3394556234413963,77.80141932065936,4.127379211665906,58.27867379771801,3.091694069548772,23.76430681194293,1.2607007272066364,3.251866353760726,0.17251209174359933,-0.45274968658665216,-1.4805842867652126,-1.0278346001785614,2.2478472925395385,2.7081853015254973,0.46033800898595734,1.653951370837246,1.8831849108948615,0.2292335400576162,-1.3191457553307424,-3.1841750322547324,-1.8650292769239898,2.4362697778337394,1.3838197964100543,-1.0524499814236843,2.561743956756323,3.2124933529957023,0.6507493962393799,1.5382174339580608,2.538207037283911,0.9999896033258511,2.9154651494335346,4.520468459573128,1.605003310139594
softplus_cnn,20260924,32,5269,3,Dress,3,True,13.698516261617687,18.85007781711846,True,True,128,1.885007781711846e-07,1.4123117353381787e-07,18.828045131986073,221.0099621940206,3.903948291894778,217.10601390212582,0.9823358718623391,11.724618027481732,0.20710515520256667,11.517512872279166,316.12508816435496,0.6991218681103742,0.6867724898482317,0.9100214732743926,0.9047619047619048,1.0,False,2.824233060962331,1.6004335634534073e-09,2.6645352591003757e-15,1.3322676295501878e-15,3.552713678800501e-15,7.63453300578476e-10,2.886579864025407e-15,5.329070518200751e-15,1.1798391581593988,0.2961216845171965,2.4840033332794587,0.28030961000948273,3.535204231780896,0.2672144940752232,4.35563229291276,0.18578347011144739,3.2570489236394993,0.2232732460088297,2.0144342226642116,0.2739990929155731,0.897358700866816,0.18983743846406356,0.2268107687532019,0.2268107687532019,0.28030961000948273,0.2739990929155731,11.094420517640794,0.5885609929718982,27.93905915854584,1.4821720859514615,50.861144757146775,2.6981928271382447,64.62393424961456,3.428311271528394,46.62830707905048,2.4736400311677,17.409435155511304,0.9235736491072278,2.4536612760805823,0.13016716959398017,0.4167555259646537,-0.4146381560382799,-0.831393682002934,1.317285714663333,0.4969165343282237,-0.8203691803351103,3.6585392710941265,3.5340132497755437,-0.12452602131858448,2.621567576100735,1.5315575950339653,-1.0900099810667714,2.377192843737242,2.597796490940208,0.22060364720296477,3.5710172906072595,6.82701475540372,3.255997464796461,-0.04617845123525868,0.3811687290418185,0.42734718027707674,4.911865361053978,3.8742159342643276,-1.0376494267896537
softplus_cnn,20260924,33,5365,3,Dress,3,True,8.24589196852358,18.85007781711846,True,True,128,1.885007781711846e-07,2.7195512508626507e-10,13.375421448838619,123.72647350690724,1.3212177698003527,122.40525573710688,0.9893214626397107,6.563711551076283,0.07009083902033049,6.493620712055952,199.69028069989474,0.6195918653289392,0.6129755304468927,0.9894728095212038,0.9285714285714287,1.0,False,1.5002729115664915,4.678866183382979e-10,1.7763568394002505e-15,4.440892098500626e-16,0.0,2.291322687142383e-10,9.992007221626409e-16,8.881784197001252e-16,0.9159087885957177,0.29285167562947667,1.862276381548355,0.16333870099192196,2.2598887696004772,0.1415465962374622,2.5138084203312903,0.10163628338152088,2.1729892047890367,0.10094040189415153,1.2519614491913083,0.10841997718738518,0.4703571526969694,0.1244083028842388,0.06232373250945449,0.06232373250945449,0.16333870099192196,0.1415465962374622,5.762832335485036,0.3057192862223408,18.14430376961724,0.9625585605349447,30.00290596415322,1.591659528158895,33.91666915213573,1.7992853653545524,24.280613797778734,1.288090905159479,10.300602480817552,0.5464488041244684,1.318546006628385,0.06994910150614678,0.40234225869202506,0.23887942815783297,-0.16346283053419242,1.4315805044852228,0.9926546382361395,-0.43892586624908325,2.0375504474675434,1.8905998477388282,-0.14695059972871627,3.4315296071653236,3.8123341402567847,0.38080453309146045,2.918419181026798,3.5151322170747643,0.5967130360479667,0.10666541075088967,-0.46521306242290483,-0.5718784731737947,-0.1550930331737436,-0.1499247484542925,0.00516828471945141,3.202427072424559,3.540958988480599,0.33853191605604027
softplus_cnn,20260924,34,6132,3,Dress,3,True,5.593540349908915,18.85007781711846,True,True,128,1.885007781711846e-07,5.20580467622267e-10,10.723069822161278,28.803508742788555,0.6950768614200749,28.10843188136848,0.9758683267505006,1.5280312910236906,0.03687395182999455,1.4911573391936963,59.23942944743513,0.4862219135372792,0.4744885651930512,0.993172941227811,0.9047619047619048,1.0,False,0.5924809334305594,1.9104451354223784e-10,1.7763568394002505e-15,2.220446049250313e-16,1.7763568394002505e-15,2.816733513100189e-10,8.881784197001252e-16,1.7763568394002505e-15,0.937452149596283,0.24711989503643597,0.5176299025785832,0.04974210964162727,0.686766662262195,0.04908962149547057,0.9013473588178025,0.07060321936302692,0.7119020348931823,0.0939001814892143,0.27342144338029895,0.07482979048097306,0.04455613845730975,0.02214312446518937,0.007038788231764877,0.007038788231764877,0.0939001814892143,0.0939001814892143,1.8884914677087634,0.10018481016527972,4.68902761342995,0.24875375364082944,7.704803018351847,0.40874117831783313,8.307411724157175,0.44070967795225247,4.6255612349503075,0.24538685090995552,1.29323550152428,0.06860637468296521,0.29497818239031054,0.015648645339937525,1.1366469080608756,1.089995545756824,-0.046651362304050814,1.4154538158576435,1.4185377627971114,0.0030839469394683405,2.2343407908584374,2.3534247906242425,0.11908399976580578,3.713991038367306,4.231214525648761,0.5172234872814547,-0.35554878134624296,-0.41577476576332967,-0.06022598441708715,0.24900054742129324,0.09154745212914944,-0.15745309529214369,1.0979651041957261,1.153650531769909,0.05568542757418317,1.2312203987462413,0.8004739794802856,-0.43074641926595614
softplus_cnn,20260924,35,6433,3,Dress,2,False,0.17400284343973937,18.85007781711846,True,True,128,1.885007781711846e-07,6.909472993754662e-11,5.303532315787226,55.87640416857906,1.8512445287923804,54.02515963978668,0.9668689394684888,2.9642532360177105,0.09820885339323088,2.8660443826244797,106.6748832149786,0.5238009406204183,0.5064468599502606,0.991780653239785,0.6904761904761906,1.0,False,0.7070436827545215,6.115370432269174e-10,1.3322676295501878e-15,1.1102230246251565e-16,8.881784197001252e-16,2.3576696150939824e-10,1.3322676295501878e-15,1.7763568394002505e-15,0.8744831664549159,0.23664445189469116,0.9944848158578056,0.14085305165946785,1.5797024089512015,0.11110123032534185,1.350650648513311,0.0686521480396646,1.0952321273138725,0.07153439866380101,0.5262310884519111,0.08669800251610728,0.10578002412809175,0.025204505109566525,0.007040522775312972,0.007040522775312972,0.14085305165946785,0.11110123032534185,4.705396200693139,0.24962211012306765,7.744360623498522,0.4108397163467186,14.233021314813728,0.7550643266781737,15.444074139920083,0.819310895676767,9.702280181286467,0.5147076991096272,3.557156492607854,0.18870778821811904,0.49011521544451697,0.026000699848539883,0.519088709311724,0.35159291159357936,-0.1674957977181448,3.090561822791382,4.12546398557672,1.0349021627853374,3.4532775213264997,4.096033081105159,0.6427555597786583,-0.16646815655682098,-0.6339887431149708,-0.46752058655814976,0.3741017861028123,0.5476885924490803,0.17358680634626775,-0.16456452033010288,-0.5397242111528834,-0.37515969082278083,-2.6264974375696584,-3.183656960694926,-0.5571595231252665,0.8240325907113899,0.5401236602612347,-0.2839089304501554
softplus_cnn,20260924,36,8177,3,Dress,3,True,15.484980751869937,18.85007781711846,True,True,256,1.885007781711846e-07,7.399503232363713e-11,20.61451027195472,174.13724059391595,2.1743866895799493,171.962853904336,0.9875133734624256,9.238011762252537,0.11535160282496593,9.12266015942757,283.4335811458506,0.6143846466248739,0.6067130549920495,0.9812496317310041,0.9523809523809524,1.0,False,1.7109878767828954,2.110521313269942e-09,3.552713678800501e-15,4.440892098500626e-16,3.552713678800501e-15,7.962803749705927e-10,2.9976021664879227e-15,1.7763568394002505e-15,1.8775302242058787,0.45512507067589114,2.802703657329262,0.2829905972846764,3.101934906861639,0.17659485208218326,3.2365344317233347,0.17526619953343545,3.1724043904026105,0.14258833022298897,1.9212443098251484,0.23877643765784037,0.6665979052779184,0.2002946233602635,0.13478257746202024,0.13478257746202024,0.2829905972846764,0.23877643765784037,8.909616087691742,0.47265672715688134,25.580574897628455,1.3570540740366481,39.63552847770657,2.1026718755352864,47.41045638874488,2.515133191953705,35.15478112644222,1.8649674270584096,14.42734571345362,0.7653732707857369,3.0189379019183304,0.16015519570835512,-0.5032164819893593,-1.3804560236045167,-0.8772395416151572,1.9918277351803981,1.6038367935996838,-0.38799094158071346,4.051383419089515,3.4048038980241135,-0.6465795210654041,2.0461346389228905,1.7835579540023552,-0.26257668492053576,2.0504351429011787,2.9707595251656937,0.9203243822645129,5.137023580148362,5.374342003423818,0.23731842327545505,2.2487621748364806,2.3140564146570015,0.06529423982051963,3.5921600628652524,4.543609707482853,0.9514496446176004
softplus_cnn,20260924,37,8415,3,Dress,3,True,8.235895037923097,18.85007781711846,True,True,128,1.885007781711846e-07,1.2223999590332824e-11,13.365424236231949,30.91562806464154,1.2447507917572525,29.670877272884287,0.959737166291605,1.6400795988526848,0.06603425215713686,1.574045346695548,72.77666369547663,0.4248013922979967,0.40769768448080773,0.9765282456221207,0.9523809523809524,1.0,False,0.6405595202380978,4.059066971429104e-10,1.3322676295501878e-15,4.440892098500626e-16,3.552713678800501e-15,3.02071256896852e-10,6.661338147750939e-16,8.881784197001252e-16,1.0192753179800629,0.20825797525093204,1.0207362791535788,0.07876940179135973,1.0173015659483204,0.053593547591110874,0.7666966845960437,0.03765351187606709,0.5724841176023404,0.03416951013980919,0.31377855117245773,0.03944693990543534,0.15726059371275303,0.043696526470769395,0.012557234762852573,0.012557234762852573,0.07876940179135973,0.053593547591110874,2.735999420503033,0.14514525865873984,5.49583404964099,0.29155497939907804,7.762092492139474,0.4117803951499037,7.742806920827878,0.4107572921421229,5.042641806136025,0.2675130498165166,1.8856654728220636,0.10003489063104133,0.25058790232056527,0.01329373304193986,0.30353741045629956,0.2915849800732757,-0.01195243038302371,2.903662103771198,3.3320562166520147,0.42839411288081664,1.5806840090374792,1.919819512680327,0.3391355036428477,1.9497653929251293,2.0449130726854703,0.09514767976034089,2.4063898660184706,2.717500070311013,0.3111102042925429,1.4902440837763715,0.5140247598314511,-0.9762193239449205,0.8056653389987324,0.8766286303304719,0.07096329133173945,1.92547603124827,1.6688969939699965,-0.25657903727827336
softplus_cnn,20260924,38,8439,3,Dress,3,True,15.963341152192733,18.85007781711846,True,True,256,1.885007781711846e-07,1.0357825708240398e-10,21.0928704571967,236.18891869520374,2.089364047374552,234.0995546478292,0.9911538438851536,12.529864385000668,0.11084113644757065,12.419023248553097,449.11993153114383,0.5258927562844656,0.5212406268627064,0.9824921747973647,0.9047619047619048,1.0,False,2.6864245498275188,2.061248061124843e-09,2.220446049250313e-15,1.3322676295501878e-15,0.0,1.0538556693973078e-09,2.6645352591003757e-15,8.881784197001252e-16,1.6829329884242874,0.3972075570924231,2.8127786397135583,0.2942729765267633,4.05664256308229,0.23539346622151805,5.0803934269258635,0.18340276985677564,5.712901609180954,0.25660635726016534,4.106334350831868,0.30875287240608734,1.716601890486348,0.28200240434915375,0.34024022369576734,0.34024022369576734,0.34024022369576734,0.34024022369576734,9.317408778357578,0.4942902023404959,31.66739618854359,1.6799610322979805,56.16039263386642,2.9793188748995547,64.93704110231626,3.4449216460711107,51.48716566853879,2.7314033484668894,18.59870982367403,0.9866648829844006,4.0208044995932095,0.21330439792358663,0.14733554099701457,-0.7400676854177798,-0.8874032264147946,3.9637084242426193,3.5982349251784425,-0.36547349906417614,5.627852566274725,5.266085722500539,-0.3617668437741861,2.8425527127417842,2.558107711778676,-0.2844450009631101,1.1734655486117271,1.7159105558746002,0.5424450072628726,3.418925319488934,4.016025828734389,0.5971005092454571,1.9393838585837055,2.8892023899768553,0.9498185313931499,1.979646486256192,1.7893710096248332,-0.19027547663135802
softplus_cnn,20260924,39,8661,3,Dress,3,True,15.114003332779905,18.85007781711846,True,True,128,1.885007781711846e-07,4.58450077900352e-09,20.24353275689953,75.65532274195542,2.0517724809784257,73.60355026097699,0.9728799983052534,4.013528404283297,0.10884689712607629,3.90468150715722,165.9866342038095,0.4557916551826742,0.44343058472166874,0.9670699017620256,0.6190476190476191,0.5,False,1.0391104411902359,6.457454571062726e-10,2.6645352591003757e-15,4.440892098500626e-16,0.0,1.1247855979945598e-09,2.220446049250313e-15,1.7763568394002505e-15,1.5176949435658333,0.3711587963905046,1.6620340375892764,0.24167689025626007,2.309421279814157,0.21608742769682743,2.1310124884914097,0.128474973170715,1.533854555329405,0.1238431466332677,0.8768492085100051,0.09136785259879097,0.26059563716818945,0.07637033511992065,0.0318534284177365,0.0318534284177365,0.24167689025626007,0.21608742769682743,6.070750296384288,0.3220543891267766,12.267819628989788,0.6508100257203672,17.886565490324948,0.9488854987156333,19.312693416202617,1.0245418402816373,13.853104603314577,0.7349096771756589,5.032974513402724,0.267000198207781,1.2314147929855905,0.06532677503682753,0.3889169607262512,0.43927224033295564,0.0503552796067043,4.651318906620001,5.448946786210833,0.797627879590832,3.0345607880823002,3.4003168781030295,0.3657560900207295,1.5963667100878491,1.6960602028826457,0.09969349279479622,2.788237514117707,3.526577253645463,0.7383397395277553,3.4132603557834105,1.6745850599297314,-1.7386752958536813,1.9549643747228032,1.8172659472774266,-0.1376984274453763,2.4159071467592055,2.2405083896422293,-0.17539875711697622
softplus_cnn,20260924,40,239,4,Coat,6,False,8.492946662589437,18.85007781711846,True,True,128,1.885007781711846e-07,1.1642024189129074e-07,-1.471075413779026,253.8925967856811,3.4044859961371534,250.48811078954395,0.9865908417998852,13.469047674440459,0.18060859107146032,13.288439083369,253.05337281961442,1.0033163911498817,0.9898627629361847,0.9574088265801298,0.3571428571428572,0.2,False,3.4962569098130314,1.9165280473742996e-09,1.7763568394002505e-15,1.5543122344752192e-15,4.440892098500626e-15,9.42184996688411e-10,3.552713678800501e-15,3.552713678800501e-15,1.142875703718463,0.2374000718437168,1.94586792098137,0.1711204863688075,2.644629702369012,0.14281951483935076,3.6020586923933284,0.13444867577073136,2.903851176284102,0.19226037147545139,1.7505377615365434,0.16458761221999846,0.5340387947358031,0.10747966613674777,0.04354264462453465,0.04354264462453465,0.19226037147545139,0.19226037147545139,9.926227016292625,0.526588118765125,32.41112401440519,1.719415926494024,58.732248995626435,3.115756314930938,71.21838412382762,3.7781480169355874,55.22890607968836,2.9299033465810376,22.70389615826951,1.2044457523486325,3.671810397144443,0.19479019836246694,2.0914463177102025,3.049870977891932,0.958424660181731,-2.8237577243173195,-3.203723809252022,-0.37996608493470374,-2.158101145250531,-4.109909300030559,-1.9518081547800268,-2.689381141981581,-2.400371155985643,0.2890099859959375,1.4892030927736906,3.1873041991971243,1.6981011064234328,1.4119734560870125,1.769568257072876,0.3575948009858607,-1.3283023951463357,-2.4010141510976637,-1.0727117559513277,2.535844126345831,2.637199569367114,0.10135544302128663
softplus_cnn,20260924,41,1142,4,Coat,6,False,9.207903105845405,18.85007781711846,True,True,64,1.885007781711846e-07,1.072513730604463e-09,-0.7561194079599911,16.268324242728113,0.4487342860030796,15.819589956725034,0.9724166866047275,0.8630375110682164,0.023805434139670616,0.8392320769285457,33.414971402756564,0.48685734447122886,0.4734282057598888,0.9956870987673664,1.0,1.0,False,0.29447420037675853,1.8043311289517305e-10,1.3322676295501878e-15,1.1102230246251565e-16,4.884981308350689e-15,2.0882318096937524e-10,1.0824674490095276e-15,3.552713678800501e-15,0.4132847394222162,0.13546662801854628,0.272858814102312,0.030604941691933587,0.4318915026952789,0.02577875226700118,0.471893084265323,0.02640638850108088,0.3144835181406631,0.021844565187792212,0.17936586831833642,0.019397215162480448,0.08314625330385485,0.01960722884086056,0.01903116918318855,0.01903116918318855,0.030604941691933587,0.02640638850108088,1.5884398361140581,0.0842670174375374,3.1486470093885064,0.16703628706132462,4.08850275480248,0.216895802471943,3.7580857127831777,0.19936711928957235,2.469339011897813,0.13099887628343443,1.0359178307402948,0.054955626220255654,0.17939208674190582,0.009516782290362385,-0.8838707875538463,-0.9407605877362814,-0.05688980018243497,0.6781646211032685,0.5916403167374371,-0.08652430436583143,-2.655367770021501,-2.5742106754413725,0.08115709458012724,0.5507812722093108,0.48384886934276905,-0.06693240286654137,-0.9344562853697712,-1.0198553293540977,-0.08539904398432656,1.4551477999177915,1.5992479023738688,0.14410010245607668,1.1169744726059418,1.3404515614684078,0.22347708886246573,-0.08349273085119019,-0.2364814655595453,-0.15298873470835517
softplus_cnn,20260924,42,3916,4,Coat,4,True,11.38809858411734,18.85007781711846,True,True,128,1.885007781711846e-07,4.3886005940407813e-10,1.424076153372182,103.51815771753627,1.631762611890398,101.88639510564587,0.9842369430844887,5.491656783693888,0.0865652984418204,5.4050914852520675,110.48684487247681,0.9369274490281286,0.9221586083233935,0.8644744397182069,0.7142857142857144,0.5,False,1.2039555989754982,7.608712548901053e-10,4.440892098500626e-16,7.216449660063518e-16,2.6645352591003757e-15,3.3837244117762566e-10,5.689893001203927e-16,3.552713678800501e-15,0.44435629670244575,0.12180667092074561,1.0328648509594531,0.0968047522380773,1.202761226481878,0.06051491562730655,1.2335840841818069,0.060175831768701456,1.3986988287847595,0.07718337388501083,0.7923487358041268,0.08069766073797593,0.19130912496414548,0.06709810167532536,0.009780032609082353,0.009780032609082353,0.0968047522380773,0.08069766073797593,4.627776232232893,0.24550435691200365,13.657455529628617,0.7245304588199509,23.697997350955454,1.2571829984401666,28.51249499111598,1.5125929594424654,21.620394051384146,1.1469657717672581,9.346594681969437,0.4958385197477246,2.0554448800198464,0.1090417185521229,-0.7529917106200675,-0.8292361389074044,-0.07624442828733748,1.0572313652034082,1.789512758286112,0.7322813930827039,-0.08618882382251065,-0.47082151462699157,-0.3846326908044811,0.6807456166544769,0.6866542674404135,0.005908650785936609,-0.06398239383393663,0.44195294504460203,0.5059353388785387,1.5950561193934296,1.1096334368189364,-0.48542268257449295,-0.3339639778972946,-1.0194267879521934,-0.6854628100548992,-0.6718300417053261,-0.28419281239292016,0.38763722931240585
softplus_cnn,20260924,43,5343,4,Coat,4,True,9.115139720005393,18.85007781711846,True,True,128,1.885007781711846e-07,9.009459844833145e-12,-0.8488827160071128,24.926544508105845,0.5124545627043218,24.414089945401525,0.9794414118436001,1.3223576448829892,0.02718580621661639,1.2951718386663729,61.13725401755124,0.407714492720755,0.3993324583795135,0.982051203307098,0.9285714285714287,1.0,False,0.31241639780834995,1.5051204727001277e-10,8.881784197001252e-16,5.551115123125783e-17,3.9968028886505635e-15,5.246247880563715e-12,3.3306690738754696e-16,3.552713678800501e-15,0.47735847902073286,0.1750014663756096,0.5470290644902599,0.060175122186635045,0.7528721802656071,0.07292251276448711,0.7673487084521557,0.07930314230432486,0.6574342811967414,0.03692748111526346,0.39254127784419873,0.03579902193455181,0.11930674049069302,0.02960151627003623,0.006810008798926016,0.006810008798926016,0.07930314230432486,0.07930314230432486,1.9973690252643839,0.10596078406904498,4.511273611570272,0.23932387204648117,6.203567506437402,0.32910036587773184,6.248528219815826,0.331485539764791,4.073256557468746,0.21608698897622952,1.6356274725369893,0.08677032999044783,0.2569221148321398,0.0136297641487092,-0.18108978002712708,-0.09938701791573436,0.08170276211139268,0.49411024435375056,0.6580581135844848,0.16394786923073423,-0.1020253509549455,-0.11505237987993927,-0.0130270289249938,0.031307495129391995,0.027568949828468147,-0.0037385453009239067,0.425738404365696,0.34133730221802855,-0.08440110214766752,-0.44129057168271435,-0.18424851020008592,0.2570420614826282,-1.6194081150542108,-2.0306960013875686,-0.4112878863333581,0.5437749578630422,0.5535368277399875,0.009761869876945183
softplus_cnn,20260924,44,6289,4,Coat,4,True,12.383093770413819,18.85007781711846,True,True,128,1.885007781711846e-07,1.7039247790506806e-10,2.419071285469844,77.22918214117291,1.3903356259952764,75.83884651517764,0.981997276321614,4.0970219269354,0.07375755365490644,4.023264373280494,86.52785876019601,0.8925354590734352,0.8764673898305748,0.9690345157333292,0.9523809523809524,1.0,False,0.6382470060679559,7.024067993910421e-10,6.661338147750939e-16,4.440892098500626e-16,3.9968028886505635e-15,2.399835885569246e-10,8.326672684688674e-16,3.552713678800501e-15,0.533528339362403,0.13927089649327953,1.0239810772448164,0.09441310142477956,1.0125112433958905,0.05740151302238888,1.0667117548965281,0.042792169610091614,0.8471915595871027,0.0699182689610276,0.48588457720316985,0.08553808743659799,0.13623512572538296,0.04251315554593776,0.017803046819601192,0.017803046819601192,0.09441310142477956,0.08553808743659799,3.5112380628910085,0.1862718073079954,11.468970563472833,0.6084309399008121,18.710189107004098,0.9925788789058831,20.993025867589044,1.113683777396637,15.116472190575,0.8019315536643125,6.326677081505586,0.33563135085628637,1.102609267950278,0.058493618893655557,-0.8003160005052293,-0.8834186920848645,-0.0831026915796351,0.7331052422760065,1.0234757701422876,0.29037052786628126,-1.1329920713926664,-1.7377108071576985,-0.6047187357650317,1.6878213462900484,2.0374874892509927,0.3496661429609434,0.23774770524184602,0.7787682980334962,0.5410205927916498,2.323729967798162,2.5231320933194508,0.19940212552128894,0.10300354030720234,-0.599510658223414,-0.7025141985306161,-0.7330284445455296,-0.7231522075704231,0.009876236975106534
softplus_cnn,20260924,45,6993,4,Coat,4,True,6.557763923659867,18.85007781711846,True,True,128,1.885007781711846e-07,2.1878048261925187e-09,-3.4062584496674733,40.41952218356407,1.5030335407585862,38.91648864280548,0.9628141685116265,2.1442628818676592,0.07973619819190482,2.0645266836757545,67.22837996620157,0.6012270741000244,0.5788699454362931,0.9615658605614545,0.9285714285714287,0.5,False,0.7704515188161913,6.100543681331061e-10,6.661338147750939e-16,1.6653345369377348e-16,4.440892098500626e-15,1.9524115657532093e-10,8.881784197001252e-16,3.552713678800501e-15,0.7764132932273219,0.17435503673673067,0.7675929815474036,0.11081171705551682,0.9638169229533804,0.0763038060358496,0.9906572071071215,0.11976644829356184,0.5900471511626546,0.06129967771842105,0.1974419181151004,0.03660490100620623,0.05292852560382609,0.014066607078443207,0.0039928761732738365,0.0039928761732738365,0.11976644829356184,0.11976644829356184,4.203149639197861,0.2229778401965441,7.212325313757984,0.3826151479973309,11.192556546301212,0.5937671268463853,9.869170135789933,0.5235612410484253,5.406135952312427,0.2867964792910782,2.013913305129941,0.10683846107526575,0.5222712908744409,0.027706585402005438,-0.181067619061747,-0.3376652234821406,-0.15659760442039372,-1.2760924959271898,-1.0295059075802657,0.2465865883469237,-1.8207300515570046,-2.370725336214118,-0.5499952846571143,-0.9952770401292632,-0.8290978429776836,0.16617919715157944,1.1548327310262452,1.0039748913391389,-0.15085783968710623,-0.8364725971810875,-0.37117039898664655,0.46530219819444135,-1.0320695946913605,-1.6776524067829512,-0.645582812091591,1.5806182178539299,2.205583774821953,0.6249655569680227
softplus_cnn,20260924,46,7594,4,Coat,4,True,10.316302104748313,18.85007781711846,True,True,128,1.885007781711846e-07,1.2356504708321836e-10,0.3522795339615694,66.29324642701411,1.2364640910545002,65.05678233595961,0.9813485662915031,3.5168685811371416,0.06559464120257481,3.451273939934567,87.29848375456041,0.7593860004876775,0.745222362840421,0.9772584349800414,0.9047619047619048,1.0,False,1.138562287115756,2.4499247075482344e-10,1.3322676295501878e-15,2.220446049250313e-16,5.10702591327572e-15,5.766054300693213e-12,7.771561172376096e-16,3.552713678800501e-15,0.5582968821979779,0.18650467555516612,0.6235853746119524,0.055047414568558314,1.021682829058272,0.06419815159184206,1.3611358378186234,0.07368558903686824,0.9989400370903434,0.060450967879869554,0.5040575984172515,0.0772093955819127,0.11101119743662084,0.042234946369025,0.010787304235768735,0.010787304235768735,0.0772093955819127,0.0772093955819127,3.399210615498186,0.180328731184931,8.817498029558614,0.46776984769532964,14.527725873706165,0.7706984562426047,17.856340828135156,0.9472820749800378,13.817158051093958,0.7330027061504266,6.480070485962378,0.3437688984009172,1.3952425427682864,0.07401786646743784,1.4290654612284142,1.8773748897886977,0.44830942856028344,0.06844213046502978,0.44853119143777964,0.3800890609727501,-0.6388935159176766,-1.0816635431849955,-0.44277002726731907,-0.27391987711135873,-0.31266267730099284,-0.038742800189633664,1.0444371938876134,0.8023439913665878,-0.24209320252102517,-0.24829183521191345,0.10227635619673897,0.35056819140865225,-2.214142417798888,-2.727000478872524,-0.5128580610736367,1.185582394420344,1.2430798045360438,0.05749741011570014
softplus_cnn,20260924,47,8085,4,Coat,2,False,8.909395333339216,18.85007781711846,True,True,128,1.885007781711846e-07,5.5464299819618645e-11,-1.0546269388203644,72.12726313970524,0.9602589721162393,71.167004167589,0.9866866018435181,3.826364211303349,0.05094191023679447,3.7754223010665546,97.15174045329795,0.7424186412221582,0.7325345262527733,0.9773322571697272,0.9047619047619048,1.0,False,0.8487855370200489,5.638170208488447e-10,6.661338147750939e-16,4.440892098500626e-16,4.440892098500626e-15,3.568878526039043e-11,9.992007221626409e-16,3.552713678800501e-15,0.4787347208065503,0.1583121174499034,0.8788492741970557,0.1437398613367896,1.106105122832975,0.09058074881316293,1.4005973561690017,0.08539316198879573,1.080824819526388,0.10640047163499748,0.5498504090015396,0.13052060897477732,0.1224605674046247,0.04506593331525288,0.015229659903532885,0.015229659903532885,0.1437398613367896,0.13052060897477732,3.7502949158273005,0.19895381611748666,9.835264002903099,0.5217625146338296,17.280912076443133,0.9167554767731352,20.133319025703635,1.0680761756548196,14.724192678064204,0.7811210553567378,5.564909919940876,0.29521946667441196,0.8383705205162348,0.044475706076654985,1.043310277968983,1.3113263476759367,0.2680160697069537,-0.2066879052391267,-0.013044916394863777,0.19364298884426248,-0.6797357266508004,-0.9031343569402452,-0.22339863028944565,-0.4946198380606101,-0.5929275923254275,-0.09830775426481728,0.4961442899464256,0.5126920991915478,0.01654780924512214,-0.6145444345243626,-0.30873078392588194,0.30581365059848065,-1.388698592383728,-2.027251179927858,-0.638552587544131,0.7902049901228505,0.9664434438621166,0.17623845373926583
softplus_cnn,20260924,48,8903,4,Coat,4,True,7.524163660978152,18.85007781711846,True,True,128,1.885007781711846e-07,1.6487788911945245e-10,-2.439858694424492,17.115468601921197,0.27364472778956483,16.84182387413163,0.9840118471685403,0.9079786708560958,0.014516901757352844,0.893461769098743,34.39070204935035,0.49767720872230675,0.4897202694485202,0.9977026343961332,1.0,1.0,True,0.2514814590601352,5.590745366657046e-10,8.881784197001252e-16,1.6653345369377348e-16,2.220446049250313e-15,7.876677088347606e-11,6.800116025829084e-16,3.552713678800501e-15,0.5958474988487268,0.15418882122953645,0.466724610565945,0.06212011194282357,0.45794709348609175,0.040513012034975746,0.3646352919239601,0.03634719449085776,0.29908716049387407,0.022138765569965847,0.16642080189797914,0.01634588671588809,0.06432762094692696,0.018849851956898533,0.005290316029499373,0.005290316029499373,0.06212011194282357,0.040513012034975746,1.2864569363831937,0.06824677058971683,3.672016804907411,0.19480114833121354,4.890095405875966,0.2594204359960301,4.044662941356695,0.21457009252681095,2.36723022700503,0.12558198698019485,0.7739137236202269,0.04105626147163206,0.08109256252252997,0.004301974947227368,0.31689080297890204,0.3727398069828706,0.05584900400396853,-1.8673333024236636,-1.9782366125931687,-0.11090331016950476,-0.7873706897151919,-0.5695749658902106,0.21779572382498147,-0.0036232758593018853,-0.03674389037176846,-0.03312061451246662,0.8922869791671718,0.8616223264773352,-0.03066465268983641,-1.0992561865828414,-1.1891531188757178,-0.08989693229287575,-2.0961220350259793,-2.0966711851325575,-0.0005491501065788551,2.2046690130364093,2.196158945057492,-0.00851006797891727
softplus_cnn,20260924,49,9143,4,Coat,4,True,14.148298230483809,18.85007781711846,True,True,128,1.885007781711846e-07,3.9530123618902735e-10,4.1842759267949035,44.57753793493829,1.3224317306222233,43.25510620431607,0.9703341235993712,2.3648463612418493,0.0701552398590776,2.2946911213827716,96.2158390892121,0.4633076877665188,0.4495632591657761,0.9798077255972053,0.7619047619047621,0.5,False,0.9582624025368232,7.175453564656209e-10,8.881784197001252e-16,4.440892098500626e-16,5.329070518200751e-15,7.991296513409907e-10,8.881784197001252e-16,3.552713678800501e-15,0.5199007202129909,0.11833625045145607,0.7018517962947202,0.12639177572860313,0.897109235537631,0.06717014148365053,1.4381268768659143,0.09048850164962643,1.3176286638309689,0.11699373638783427,0.5847605827445589,0.12053373274608872,0.1478445576179189,0.04087649617238786,0.0169457613695817,0.0169457613695817,0.12639177572860313,0.12053373274608872,4.340256254941799,0.2302513706866637,8.350058034527967,0.44297207234576863,12.989006510435384,0.6890691187831375,10.749243234470734,0.5702492763562463,5.493045782267576,0.2914070613161679,2.313840800583965,0.1227496683585401,0.3420873173397667,0.018147793375638186,2.1084974808377086,2.4862228979796535,0.37772541714194446,-2.1032286035815346,-2.144063934100205,-0.04083533051866953,-0.9027305914655793,-1.3935188501753517,-0.49078825870977216,-0.19223555952079907,-0.10720025888018053,0.08503530064061848,1.6483392853150207,2.334591715348784,0.6862524300337622,2.1509202108823464,2.1320087514388484,-0.018911459443498202,-0.2009941036136919,-0.9728907851644084,-0.7718966815507164,1.6757078079414283,1.8491263911468934,0.17341858320546483
softplus_cnn,20260924,50,1325,5,Sandal,5,True,21.20162107815848,18.85007781711846,True,True,128,1.885007781711846e-07,6.309868183507206e-10,23.076561835496804,185.2543793647952,3.619843226726105,181.63453613806908,0.9804601476135791,9.827777962622456,0.19203333067616252,9.635744631946292,208.0257582413315,0.8905357727377246,0.8731348351936021,0.9726744766459285,0.8333333333333335,1.0,False,2.378262466136131,1.8646140187428273e-09,1.7763568394002505e-15,8.881784197001252e-16,3.552713678800501e-15,9.585363613950904e-10,1.7763568394002505e-15,7.105427357601002e-15,1.0929718696232753,0.3284691181289832,1.7046043510823514,0.14386483614275702,2.6109285463567167,0.19154413440742524,2.7104010355261368,0.11656400374489417,2.4940430256313486,0.1459360482991501,1.1603280733586276,0.16705727883759391,0.32956831088813365,0.08866887229815044,0.02593034240277341,0.02593034240277341,0.19154413440742524,0.19154413440742524,7.242346619919353,0.3842077836592434,24.18050042348929,1.282779872745675,44.723831926486234,2.37260728366176,50.329007892408455,2.669962871278059,40.199702792739316,2.1326014238642803,16.124687494308912,0.8554175558715986,2.454302215262132,0.13020117153220917,2.711849280106309,2.193423245624722,-0.5184260344815872,6.835949580927373,7.746998627943651,0.91104904701628,3.956764921329106,3.8199317698375674,-0.1368331514915393,1.626660922419071,0.8612645834208404,-0.7653963389982313,0.8738059653889534,1.8856319239513388,1.0118259585623846,-1.0062596306925229,-2.1522920283333797,-1.1460323976408562,8.55558188591501,7.502426582280385,-1.0531553036346253,-0.4777910898964919,1.219177131730215,1.6969682216267066
softplus_cnn,20260924,51,1435,5,Sandal,5,True,25.04705727759565,18.85007781711846,True,True,128,1.885007781711846e-07,8.052403188685275e-10,26.921998143044277,269.64409175702474,2.0092757624269666,267.6348159945978,0.9925484153969986,14.304667300214053,0.10659243860533393,14.198074861608719,262.30965661605575,1.027960980299343,1.0203010420860583,0.9947625303828477,0.8333333333333335,1.0,False,3.231089379011991,2.573744772860209e-09,1.7763568394002505e-15,4.440892098500626e-16,7.105427357601002e-15,1.5954100263115834e-09,3.885780586188048e-15,5.329070518200751e-15,1.4589690404627287,0.3184903989149007,1.586600801535638,0.16928106717948233,2.6729093223220963,0.12173061295032113,3.4978112636814513,0.17022365106049395,3.46784951865884,0.1738014909969377,2.1250072662416133,0.20939210078602946,0.5653057470991997,0.13436353894637773,9.028450198137333e-05,9.028450198137333e-05,0.20939210078602946,0.20939210078602946,7.707908009009582,0.4089058986276302,27.111244503395042,1.4382563704206202,55.78606617410381,2.959460789251618,75.47977019469198,4.004215310249063,68.15504501315809,3.6156373291607284,29.859249475987696,1.5840385257652037,5.544808386363288,0.2941530767224653,2.6614566415162133,2.387108299325563,-0.2743483421906502,8.119405896833566,8.210464617515635,0.09105872068206511,7.283100401693437,8.464946589506154,1.1818461878127167,5.402155087055894,5.660504619642895,0.2583495325870021,-1.5653105339730387,-1.3013545142841343,0.26395601968890425,-1.8920798018712062,-2.2801037225107748,-0.3880239206395656,8.386992181657401,8.601057484111381,0.21406530245398026,-1.4737217298679828,-2.8206252286670317,-1.3469034987990487
softplus_cnn,20260924,52,3703,5,Sandal,5,True,14.667429436749371,18.85007781711846,True,True,128,1.885007781711846e-07,8.723501920826493e-10,16.54237019823746,127.71798177938427,2.1321214304502005,125.58586034893408,0.9833060200236083,6.775461778911002,0.11310942326794754,6.662352355643055,148.67578487065597,0.8590368760487497,0.8446961316410099,0.9858522710977808,0.9047619047619048,1.0,False,2.256005823079938,1.0249175952381506e-09,3.552713678800501e-15,4.440892098500626e-16,3.552713678800501e-15,3.750955102077569e-10,2.886579864025407e-15,5.329070518200751e-15,1.1288325075284606,0.3260317706521003,1.3654025893047126,0.13342861813021467,1.540518214346505,0.08353259100041426,2.005895926998531,0.13561295751992553,1.7560162229439535,0.19792074856591968,0.9027608413616387,0.1301776414156837,0.2809223230937122,0.09382095126008153,0.03576086367448927,0.03576086367448927,0.19792074856591968,0.19792074856591968,5.138616375795966,0.27260451790439805,16.634334179520103,0.8824544036849462,31.23225502669051,1.6568767158259332,36.48780723837804,1.9356847007412403,24.612000554955166,1.305671031904393,11.18933002602401,0.5935959593685369,2.423638377838487,0.12857444947190036,2.934977817303376,2.5227109146559132,-0.412266902647463,6.963427156670584,6.936815070701481,-0.026612085969105914,5.238325276095647,5.160403672380463,-0.0779216037151832,0.11788710737997815,0.1471312389646637,0.029244131584685806,0.06741676181691267,1.0097292602301502,0.9423124984132375,-3.255112253184596,-3.3774402846668097,-0.12232803148221416,6.551352681224837,5.058359874776149,-1.492992806448689,-2.075904349069277,-0.9153395484294541,1.1605648006398224
softplus_cnn,20260924,53,4857,5,Sandal,5,True,10.202888150156667,18.85007781711846,True,True,128,1.885007781711846e-07,3.404379000926383e-10,12.077828925379205,139.40359752038015,1.8877453123134726,137.51585220806666,0.9864584175308854,7.395385784231752,0.10014522648809124,7.29524055774366,156.79052267448924,0.8891072951507033,0.8770673753895287,0.9916389543211195,0.880952380952381,1.0,False,3.2602351000738232,1.1153828971544044e-09,1.3322676295501878e-15,4.440892098500626e-16,3.552713678800501e-15,3.440163709456101e-10,1.1102230246251565e-15,5.329070518200751e-15,1.0047462105348153,0.3264206240986355,1.1681413055216445,0.13345394236467029,1.7362762222342856,0.09865905190626467,1.759906287124219,0.10542003228955757,1.967469721470736,0.15492823031834493,1.1997916078416453,0.16791898722360232,0.402617513348803,0.09748595964686974,0.08356261619678912,0.08356261619678912,0.16791898722360232,0.16791898722360232,5.594740056095027,0.2968019607332461,14.27471695333431,0.7572762877599851,29.73018858238055,1.577191822273617,38.67728998520593,2.0518371521035124,34.28836264909673,1.8190037718548933,14.274077758371064,0.757242378352849,2.5642215356183993,0.13603241113889375,2.7846758126501614,2.4103422545533677,-0.37433355809679264,7.991259232230624,8.312838160437368,0.32157892820674405,4.0239700836481775,3.1420405233876014,-0.8819295602605755,0.0073086872230309005,0.16917779933212077,0.16186911210909016,-0.6105778818002408,-0.15167102932783572,0.4589068524724045,-2.7207303509877008,-2.562819546621652,0.15791080436604865,3.8944301141532183,3.2629479203691214,-0.6314821937840971,-3.292506771738062,-2.50502715640687,0.7874796153311932
softplus_cnn,20260924,54,4983,5,Sandal,5,True,22.583829971027193,18.85007781711846,True,True,128,1.885007781711846e-07,3.08981196184277e-09,24.458770614791067,236.90416331737154,1.8547159846892394,235.0494473326823,0.9921710283233623,12.567808240145832,0.09839301474951485,12.469415225396316,247.94147959570597,0.9554841880578759,0.9480037294120957,0.9886923195569808,0.9761904761904763,1.0,False,3.2511863349984753,1.8044561400643033e-09,2.6645352591003757e-15,8.881784197001252e-16,3.552713678800501e-15,1.0262013461215247e-09,1.3322676295501878e-15,5.329070518200751e-15,1.1103843114797678,0.30115980197583636,1.3263371265366097,0.14123525629661568,2.1375562063328752,0.13289397340309464,2.7405735708909593,0.12568808059963318,2.8384812227837752,0.1254582998544723,2.5302205084012614,0.16079163936605462,1.3022929986785887,0.24615199547451408,0.27787820938395696,0.27787820938395696,0.27787820938395696,0.27787820938395696,5.45103726734056,0.28917850208502954,25.363890688871486,1.34555893800277,52.60423890099908,2.7906642832650377,67.52579628093055,3.5822555713593847,54.007139509692706,2.865088411499649,26.815737340995017,1.4225796625965461,5.136323328178662,0.27248287131813187,2.8652899608508027,2.5947212984591244,-0.27056866239167765,6.989672085204951,6.876233252212987,-0.11343883299196367,6.395341774914343,7.690013883332145,1.2946721084178021,3.0084386331348107,3.2523418273017097,0.24390319416689943,-1.748330490925101,-1.4625805061295105,0.2857499847955899,0.8216565356019376,0.5590199283041043,-0.2626366072978329,6.325958816193506,5.117886934698837,-1.2080718814946674,-0.19925670018417377,-0.16886600236212834,0.030390697822045842
softplus_cnn,20260924,55,6323,5,Sandal,5,True,14.56296655484428,18.85007781711846,True,True,128,1.885007781711846e-07,5.25899768177851e-10,16.437907520496722,210.82170709738392,2.7208216154868587,208.10088548189705,0.9870942055590601,11.184129272184164,0.1443400733877066,11.039789198796456,191.7947611557148,1.0992047218965562,1.085018611707249,0.9801549557083976,0.5952380952380953,0.5,False,2.6985714682864645,1.8942265533894442e-09,5.329070518200751e-15,4.440892098500626e-16,7.105427357601002e-15,8.724256872483238e-10,2.6645352591003757e-15,5.329070518200751e-15,1.061284106303613,0.34771980366322713,1.7280124992771602,0.1798404105677934,2.0703201978913794,0.1282859015024096,2.378194460442454,0.14423118005903837,1.97717278103975,0.14904086062771593,1.4040196298116392,0.15573041346000074,0.4941212306391268,0.18663913547445368,0.12290558743800857,0.12290558743800857,0.18663913547445368,0.18663913547445368,5.494697747014962,0.2914946983415114,24.741292218915156,1.312529977804477,48.84400267169775,2.5911830786895047,61.50805066490031,3.263013090006586,48.05603181794439,2.5493810839498448,19.750852588397926,1.0477862627421854,2.426779388239159,0.12874108063550324,2.2346634237578553,2.3857100272999228,0.15104660354206856,4.043613160132194,2.3716848362363367,-1.6719283238958567,3.280876815821472,3.622461943871317,0.3415851280498461,0.8180914578552007,-0.02439476366358057,-0.8424862215187812,1.7223056450354248,2.668518634553165,0.9462129895177394,-2.371055274498007,-2.5774623441340165,-0.20640706963600852,8.892500684306254,10.001539173119028,1.1090384888127707,-2.183088391913668,-2.0101499859130216,0.17293840600064625
softplus_cnn,20260924,56,6699,5,Sandal,5,True,12.803341920155452,18.85007781711846,True,True,128,1.885007781711846e-07,1.0529799254754835e-09,14.67828276689767,151.86364811698954,1.8151054816046306,150.0485426353849,0.9880477948204803,8.056393697169593,0.09629167047555981,7.960102026694034,144.05258460649253,1.0542236956860889,1.0416233977701372,0.9836394102809678,0.6904761904761906,0.5,False,2.0654224828256926,1.317247644294639e-09,1.3322676295501878e-15,2.220446049250313e-16,1.7763568394002505e-15,8.475371515714869e-10,1.6653345369377348e-15,5.329070518200751e-15,0.829352865100527,0.17300929870587023,1.2743289638318147,0.21567005158977806,1.4280623160011299,0.11939914513126829,1.9457523673848662,0.10325379720216163,1.8329534195695947,0.14922558976292444,0.7433611747138763,0.152835369018857,0.28579020552361767,0.07575946420900793,0.1317669337112487,0.1317669337112487,0.21567005158977806,0.152835369018857,6.02610817148507,0.31968611641552674,18.673269129377694,0.9906202674887528,34.51451900245858,1.8310014068543872,43.54469899929809,2.31005407095739,33.05080296597523,1.7533510092971902,14.046894582505626,0.7451902702358669,2.007355265633719,0.10649055590692387,2.0590721464876887,2.2520622714895326,0.19299012500184304,2.4491157290434513,1.9824829896743887,-0.46663273936906335,4.155628264739183,4.450778722034181,0.2951504572949992,2.064826267773666,2.171502227326087,0.10667595955242004,2.0821000097175104,3.302388949896644,1.2202889401791335,-1.8329244978227373,-2.2332128365077,-0.4002883386849637,4.743314484456351,4.487348566222676,-0.2559659182336772,-1.042849637497441,-1.735068122390603,-0.6922184848931612
softplus_cnn,20260924,57,6794,5,Sandal,5,True,15.13218250877498,18.85007781711846,True,True,256,1.885007781711846e-07,1.9891821523287945e-10,17.007123197733492,188.14432267366078,3.2159647564961213,184.92835791716465,0.9829069263914263,9.981089972095493,0.17060750558682486,9.810482466508669,223.33054366123122,0.8424477887765133,0.8280477667115761,0.9697742281339364,0.7619047619047621,0.5,False,2.5620299376791626,1.3828588274478193e-09,1.7763568394002505e-15,1.3322676295501878e-15,7.105427357601002e-15,5.643450151637808e-10,9.992007221626409e-16,5.329070518200751e-15,0.962780793848325,0.27944352832108554,1.3719551560240228,0.1766272396804653,2.2752194132053405,0.2227362943913446,3.1878177049526695,0.2778319557481026,3.1317240468991656,0.17943503199220295,1.4022931535063188,0.16649567410850136,0.45894806598793575,0.25262129143124046,0.019767748835096258,0.019767748835096258,0.2778319557481026,0.2778319557481026,9.505957160584703,0.5042927277441788,22.654460927016896,1.2018232044879693,42.10085748477898,2.2334580203454446,54.31640953298978,2.8814952415561392,41.191223857069865,2.185201793685041,16.10440078770872,0.85434134245768,2.2710129233651175,0.12047764181125692,2.49320662979638,2.696735200081718,0.2035285702853388,2.9722537129342497,1.4628222208519785,-1.5094314920822705,6.320971021983107,6.100213421151756,-0.22075760083135054,-0.5511770415391913,-1.0337295176974715,-0.4825524761582797,-0.21661262578247803,1.273035690221713,1.4896483160041911,-0.5205912185293099,-0.9369037470480238,-0.41631252851871303,8.159194067127139,7.5722834085038,-0.5869106586233376,-1.6501213482563972,-0.12733347776763543,1.5227878704887616
softplus_cnn,20260924,58,7277,5,Sandal,5,True,33.55534510542523,18.85007781711846,True,True,128,1.885007781711846e-07,5.433311045521805e-08,35.430285695051886,227.32095500998733,2.871351716621244,224.4496032933661,0.9873687328275782,12.059417325245663,0.15232572217891122,11.907091603066753,258.0167991827721,0.8810316061977008,0.8699030605924697,0.9914282324018344,0.9761904761904763,1.0,False,3.5493193951946878,1.6104744204881172e-09,3.552713678800501e-15,3.552713678800501e-15,7.105427357601002e-15,2.0433148506526777e-09,3.3306690738754696e-15,5.329070518200751e-15,1.7942237677247637,0.4640524958807203,1.8025409762567408,0.1800759869644608,2.892694504833006,0.1728499631733486,3.5476144668195384,0.21691582842810303,3.2562647774663676,0.19446829202681193,1.7409783662872556,0.2503941671326153,0.39584475437249234,0.1326084879917474,0.05189950328617068,0.05189950328617068,0.2503941671326153,0.2503941671326153,8.050512849381278,0.427081146692684,30.82270063157189,1.6351497819059742,53.72334844896526,2.8500332449650196,61.43486040094071,3.259130333411643,48.36624343899904,2.5658378659358028,21.28055532453721,1.1289372665194806,3.642733915116376,0.1932476857898312,2.920017929593636,2.685889426701671,-0.23412850289196474,10.241658281221842,11.247123693588692,1.0054654123668536,4.6621885560561305,4.69030204559889,0.028113489542756775,9.553695630124672,10.254558875113295,0.7008632449886223,-1.5042763977971365,-2.086642831447932,-0.5823664336507944,3.456765185183799,2.3935483895388887,-1.0632167956449097,5.749956984682935,4.758317001271016,-0.9916399834119225,0.3502795259860114,1.4871890967306753,1.1369095707446633
softplus_cnn,20260924,59,7584,5,Sandal,9,False,13.578966118194625,18.85007781711846,True,True,128,1.885007781711846e-07,1.2939636473419114e-08,15.45390711531564,231.0543301754667,1.1393374169497341,229.91499275851697,0.9950689631478254,12.257473545580678,0.06044205376781305,12.197031491812865,227.2229144587571,1.0168619248892041,1.0118477412640023,0.9972105571876955,0.9761904761904763,1.0,False,2.599599505910834,3.979127694009321e-09,4.440892098500626e-15,8.881784197001252e-16,3.552713678800501e-15,1.3258230069368437e-09,3.6637359812630166e-15,5.329070518200751e-15,1.2519638059768081,0.3265782911746818,1.66314419067396,0.18740227105057097,2.725258864544581,0.16178158338583445,2.9091263772695957,0.15444611679799963,2.7779482020074875,0.15917730892117576,1.6540586261536714,0.15384399057425002,0.3049585882871863,0.15585221079894354,0.019721407529443125,0.019721407529443125,0.18740227105057097,0.16178158338583445,6.788034758090027,0.36010645812430325,25.826844849394206,1.370118739029283,50.010055825749575,2.653042407089353,64.27250235135259,3.4096677464633234,51.66061302456292,2.7406047617293114,26.321517051965845,1.3963611878600464,6.174762313940409,0.3275722452632464,2.7914740668171083,2.644675040749865,-0.14679902606724293,9.658287197793356,9.31178948918759,-0.34649770860577056,3.053575293229024,3.1307563875531783,0.07718109432415488,3.183736416150727,3.3006779109793722,0.11694149482864502,-7.014704594247341,-6.965031771391147,0.049672822856190346,0.4185215038250568,0.2855798710901773,-0.13294163273488002,4.518778415375223,4.005679366496288,-0.5130990488789344,-1.1557611836275121,-0.26021917802386135,0.8955420056036498
softplus_cnn,20260924,60,430,6,Shirt,6,True,12.061162706058877,18.85007781711846,True,True,64,1.885007781711846e-07,3.3213576333679384e-10,-2.741842135823898,29.9898331603901,0.7356288162960629,29.254204344094035,0.9754707266171901,1.5909660135808674,0.039025240289884154,1.5519407732909833,56.52098644738572,0.5305964217080155,0.5175812770239989,0.9886718412080228,0.9523809523809524,1.0,False,0.9166701919936528,2.0578572179630328e-10,8.881784197001252e-16,2.220446049250313e-16,2.220446049250313e-15,2.2878410277371586e-10,6.106226635438361e-16,0.0,0.5977763428336504,0.20718996890432745,0.9353391752262971,0.22360556215830288,0.6888096794672539,0.05786764877347121,0.6302808317510065,0.0719942950319943,0.4253823152765433,0.028002227508405024,0.21242317474658481,0.022753808300219027,0.10491930091631543,0.03423320392465705,0.0012939638238593345,0.0012939638238593345,0.22360556215830288,0.0719942950319943,3.2419754826404774,0.17198737926144358,5.731576134526028,0.30406113917052213,6.997199571294833,0.3712026888791098,7.132716089951156,0.3783918644343033,4.74967703632428,0.2519712163740205,1.8177402861196956,0.09643144732638385,0.3189485593265791,0.01692027812410037,-0.1759253619139887,0.17689641883397345,0.3528217807479621,-1.5578449058224155,-1.8319160390528657,-0.27407113323045057,-1.4178897085503621,-1.3453877744157066,0.07250193413465494,-0.6930248491569964,-0.6993075804287179,-0.006282731271721589,-1.080765277652486,-1.0502215011175737,0.030543776534911943,1.633924552590165,1.6790974708758974,0.04517291828573261,1.6789737538558005,1.91356216033421,0.23458840647840928,-1.1292903391736164,-1.5845652910818993,-0.4552749519082827
softplus_cnn,20260924,61,3174,6,Shirt,2,False,7.717592136197731,18.85007781711846,True,True,128,1.885007781711846e-07,1.180123954114265e-08,-7.085412407252884,32.61518416065657,1.1991303719657118,31.416053788690856,0.9632339843289245,1.7302413537538557,0.06361408072685709,1.6666272730269984,91.35252669107345,0.35702552892654227,0.343899122735055,0.9937933704921322,0.8333333333333335,1.0,False,0.5997199253751035,5.565566896237328e-10,8.881784197001252e-16,1.1102230246251565e-16,2.6645352591003757e-15,1.0731593391710703e-10,8.881784197001252e-16,0.0,1.437087666435265,0.40297411262898725,1.351137039702085,0.23484861199128987,0.8983163140406535,0.12315850541047492,1.0795131673954803,0.055886669088126575,0.9835696274333107,0.06638282837366104,0.43311121831992155,0.05545309442902526,0.09019085811395977,0.03205692562637088,0.01042965661112088,0.01042965661112088,0.23484861199128987,0.12315850541047492,2.6910379865209415,0.14276004654352722,6.595516671903355,0.34989333921548693,9.198251523586706,0.4879688886606839,8.188925625629704,0.43442396923120574,4.388216917278751,0.23279569240258768,1.3127371747575425,0.06964094193634558,0.24049826068253966,0.012758475748261059,0.2755364502342503,0.3945618007915942,0.1190253505573439,-2.5575862025988365,-2.786766079466257,-0.2291798768674203,-3.5170577804634595,-4.0976965175952165,-0.5806387371317578,-0.481387761931328,-0.2582868770082895,0.22310088492303848,1.5425151183418926,1.7225356765983455,0.18002055825645247,-2.2460901005170895,-2.6354018585372807,-0.3893117580201914,-0.6584542046175632,-0.20543776623915452,0.4530164383784083,0.5571120742992485,0.7810792140960594,0.2239671397968109
softplus_cnn,20260924,62,4412,6,Shirt,6,True,12.995276404830914,18.85007781711846,True,True,32,1.885007781711846e-07,3.177120067032746e-09,-1.8077285003331038,1.0544383363188419,0.1247159975868762,0.9297223387319656,0.8817228155585909,0.055938142354047315,0.006616205980519451,0.04932193637352786,4.7501921664644815,0.22197803780718398,0.1957231004875216,0.99884975030989,0.9761904761904763,1.0,False,0.09261087311794924,2.0126389443930748e-10,6.661338147750939e-16,9.71445146547012e-17,6.661338147750939e-16,1.8103696319826668e-10,6.210310043996969e-16,0.0,0.2896152095550243,0.0849189235469394,0.11682913281906118,0.030465010448517287,0.056407443637913786,0.004213082207231883,0.034979949483989796,0.0024289980657756383,0.028293624519369752,0.0025173980351288947,0.01095855680117035,0.0012921711705064902,0.0044022685082373385,0.0011697913445025661,0.00012756835035974265,0.00012756835035974265,0.030465010448517287,0.004213082207231883,0.27343670928390085,0.014505866338418123,0.19618667080850216,0.010407737979221376,0.22803597172451784,0.012097349089849902,0.18536996904030534,0.009833910015584335,0.1297986659151979,0.006885842444497649,0.03207160181692667,0.0017014042131858601,0.009538747565597893,0.0005060322645955021,0.07726013406692674,0.07960660445582925,0.002346470388902489,-1.0215387262286295,-1.0147280561375949,0.00681067009103494,-1.4340996773174886,-1.4108554996070974,0.02324417771039049,-0.5757809639257505,-0.6016653609670769,-0.025884397041326702,1.231104509384524,1.204951519194481,-0.026152990190043548,-0.5172820462460024,-0.4249673669399725,0.09231467930602998,0.12947980080893984,0.06871341398497079,-0.060766386823969065,0.30312846912437524,0.29121624550232017,-0.01191222362205515
softplus_cnn,20260924,63,4542,6,Shirt,0,False,6.508691494441528,18.85007781711846,True,True,128,1.885007781711846e-07,2.3846702390528662e-11,-8.294313172521814,48.23143922996248,0.7926590521045933,47.438780177857886,0.9835655111114292,2.558686478533352,0.04205070450079256,2.516635774032559,72.82381655339294,0.6623030968804027,0.6514184839938557,0.9928961653569441,0.9523809523809524,1.0,False,0.5942535688291841,1.1049455794776009e-10,1.1102230246251565e-15,4.440892098500626e-16,1.7763568394002505e-15,1.985362985124084e-10,9.992007221626409e-16,0.0,1.1506312587988963,0.33880976489013814,0.8679119857376084,0.11582298016641954,0.7254123360414225,0.046191891637972715,0.8001423508167516,0.05619736832145967,0.8377025374380918,0.0459731186623589,0.4989197495921416,0.05523062857828309,0.12596721178664583,0.08694649957936436,0.007260323082597679,0.007260323082597679,0.11582298016641954,0.08694649957936436,2.9873703361264115,0.1584805306964552,8.122733316685045,0.4309124554015627,11.725478181780453,0.6220387149347526,12.838442713462616,0.6810816824216792,8.850976960770186,0.46954591098463705,3.2891529325336215,0.1744901514171267,0.41728478850667416,0.02213703267196713,-0.592009683799378,-0.3136495975845124,0.27836008621486574,-1.0400518588202146,-1.0222429400279098,0.017808918792304257,-2.5570253925630286,-2.503737486629948,0.05328790593308076,-0.1821072137602007,-0.45858988138447243,-0.27648266762427176,0.623522172983649,0.46459577997371415,-0.15892639300993455,-2.876445726722411,-3.191602281222042,-0.315156554499631,-2.949574026561157,-2.991667463432646,-0.042093436871488144,1.279378556720928,1.7225806979845382,0.44320214126361035
softplus_cnn,20260924,64,5260,6,Shirt,6,True,10.259662942326008,18.85007781711846,True,True,128,1.885007781711846e-07,3.653955005233911e-08,-4.543341904375879,153.21946491335302,4.386116023432383,148.83334888992064,0.9713736369859224,8.128320020737988,0.2326842396082411,7.895635781129748,209.89493080236386,0.7299817309910347,0.7090850089660405,0.9358855495911472,0.5476190476190477,0.5,False,1.978822035538786,1.5057806113105698e-09,4.440892098500626e-15,8.881784197001252e-16,5.329070518200751e-15,3.539986082046198e-10,2.7755575615628914e-15,0.0,1.9365173346814395,0.376230946319296,2.8293282831008466,0.31001987371457873,2.319543016951178,0.1862188911607748,2.180402948131042,0.14509196543634756,1.948504579107021,0.10164831069622522,1.1738640608595459,0.0994998612686226,0.5527303291451289,0.17078871112195643,0.13059040666176172,0.13059040666176172,0.31001987371457873,0.1862188911607748,7.830498357470441,0.41540933854178963,20.529493457921333,1.089093300149548,32.540196184890114,1.726263228225994,42.096691157563754,2.2332369959414264,34.13047153805517,1.8106276201714144,13.910558509532322,0.73795761717756,2.181555707554362,0.11573192051086441,0.9066470695670868,0.7556459314016429,-0.1510011381654442,-1.4764475036833615,-2.6627094456228146,-1.1862619419394513,-1.5496402697333258,-2.4108926358003298,-0.8612523660670034,-1.0759364581495139,-2.646610568898879,-1.5706741107493654,3.2237821071436548,5.118845746906937,1.8950636397632816,-3.092617473911603,-3.709543940245724,-0.6169264663341182,-1.6953405032964766,-1.6308361899943753,0.06450431330210327,0.21621112768766626,2.642759198231663,2.426548070543997
softplus_cnn,20260924,65,5777,6,Shirt,6,True,8.71153041285091,18.85007781711846,True,True,128,1.885007781711846e-07,6.964321652702665e-08,-6.0914744592754655,174.90311682532632,5.103345972265082,169.79977085306123,0.9708218694732482,9.278641633324732,0.2707334166881021,9.007908216636629,344.5277326035512,0.5076604878904993,0.4928479039115559,0.9717244244920072,0.7857142857142858,0.5,False,2.673095045221896,9.37828259495177e-10,3.552713678800501e-15,1.7763568394002505e-15,4.440892098500626e-15,2.567217549653833e-10,2.6645352591003757e-15,8.881784197001252e-16,2.472973356509967,0.6351311874143459,4.032933378642039,0.439141190561491,4.675189418577401,0.2977199906372483,3.840826855892651,0.30000643492066087,2.827467533031162,0.13621814240359592,1.9390876432191477,0.1482787938431139,0.8161933512472396,0.1925150282735698,0.14555966130084264,0.14555966130084264,0.439141190561491,0.30000643492066087,10.268711784388076,0.5447569969744461,21.68240051113058,1.1502552255481928,42.366896070589114,2.2475714149102424,47.86325315315605,2.5391541412995995,33.37720033617539,1.7706664481705379,15.378913609357188,0.8158541178748355,3.96574136028208,0.21038328853372915,1.0924028237801724,1.24935779566423,0.15695497188405771,-1.1232198475048734,-1.4960795321449085,-0.37285968464003555,-1.0937285795076168,-1.319798841401441,-0.22607026189382495,-0.4812348581358722,-1.6209214446865254,-1.139686586550652,2.2426923134400725,4.784216594544229,2.5415242811041563,-5.649801799388197,-7.880260266003402,-2.2304584666152083,-2.323889059586057,-3.4581600320230557,-1.1342709724370004,1.2453045476269011,3.65017126703213,2.404866719405228
softplus_cnn,20260924,66,6206,6,Shirt,6,True,12.083625921897681,18.85007781711846,True,True,128,1.885007781711846e-07,1.463686949421117e-10,-2.7193785465096614,146.24669886554688,2.010522159331238,144.23617670621564,0.9862525296302269,7.758413534650493,0.10665856018405438,7.651754974466439,160.633471360525,0.9104372683157141,0.8979210589460067,0.9765199991896713,0.8095238095238096,0.5,False,1.4915392073141451,7.798073298204145e-10,2.6645352591003757e-15,8.881784197001252e-16,3.9968028886505635e-15,5.180287310224685e-10,2.6645352591003757e-15,0.0,1.6876656084348158,0.4494817549690844,1.6564206051470225,0.20431993275799656,1.6667240893287878,0.12155116673742217,1.8517132385875255,0.06280567681589577,1.645464297564633,0.12327780871802259,1.1446655034582258,0.14257812288723307,0.44916630297676796,0.1877978358736319,0.10748035187561847,0.10748035187561847,0.20431993275799656,0.1877978358736319,6.774176623722898,0.35937128161725757,18.169629105069134,0.9639020741107294,33.85507412478654,1.7960177381358862,41.59905261677265,2.2068371823375177,30.400093983063307,1.6127304236089597,12.737898270858729,0.6757477817566868,2.7107741408738724,0.14380705306224875,-0.828380006228785,-1.0580175839163293,-0.2296375776875437,1.8816124018709286,1.4299966547465945,-0.4516157471243334,-1.0398122468655486,-0.9544174860489271,0.08539476081662176,-2.1816402359111287,-2.8978552946541902,-0.7162150587430606,3.816696421903591,4.059161273119244,0.24246485121565436,-1.889883903644395,-2.5029376791616795,-0.6130537755172856,-4.252574017027123,-3.753733421370831,0.49884059565629446,1.7746030393928038,2.958424991294486,1.183821951901682
softplus_cnn,20260924,67,6466,6,Shirt,0,False,11.762598236850552,18.85007781711846,True,True,128,1.885007781711846e-07,2.5344970566720804e-10,-3.0404065423419926,146.76900577862943,2.8708093719733805,143.89819640665604,0.9804399480888805,7.78612200981701,0.15229695069833032,7.63382505911868,180.8161414010297,0.8117030074937415,0.7958260545307521,0.9944858653818482,1.0,1.0,False,1.5932985527475518,2.9873975515570805e-09,1.7763568394002505e-15,4.440892098500626e-16,3.9968028886505635e-15,7.373723853731917e-10,1.3322676295501878e-15,0.0,1.9013132497912317,0.4035216958336168,1.8007209420692356,0.17559064181668682,1.9936541684419478,0.109651704417515,2.4645474200259168,0.12736937092290723,2.015410678957592,0.14066776823144356,0.9403105075526045,0.1635625397423406,0.3404035543565298,0.12551435959088553,0.037281373352418795,0.037281373352418795,0.17559064181668682,0.1635625397423406,7.200302686355116,0.38197734546306494,19.98595128925307,1.0602582908757585,33.09035385926005,1.7554491912606038,39.36396570090199,2.0882654216500955,30.9660541495413,1.6427547116765677,14.02914081235654,0.7442484295537577,2.1332372806741384,0.1131686193219248,-0.005699828323155572,-0.5283525370771895,-0.5226527087540337,-2.0585883022859712,-2.4058832099548435,-0.34729490766887167,-2.4986371444770725,-2.977113084853618,-0.47847594037654556,-0.5088276250698213,-0.9973505104656599,-0.4885228853958387,4.669833184229307,6.029640460714471,1.3598072764851623,-4.085670618559829,-5.119533547969232,-1.0338629294094042,-1.7282632035003673,-1.6046989639350628,0.12356423956530488,3.175446995644913,4.562884851936515,1.3874378562916
softplus_cnn,20260924,68,7419,6,Shirt,6,True,14.771452779407207,18.85007781711846,True,True,128,1.885007781711846e-07,1.1855161297091854e-10,-0.03155155304727586,68.10855722497364,0.8320670327081044,67.27649019226553,0.987783223333308,3.6131711436820546,0.044141304920899224,3.569029838761155,92.17989387785838,0.7388656501950402,0.7298390935599173,0.9931927804199304,0.9761904761904763,1.0,False,0.846602816166557,8.862403033660371e-10,1.7763568394002505e-15,4.440892098500626e-16,3.1086244689504383e-15,5.976819039688053e-11,1.7208456881689926e-15,0.0,1.421389005497734,0.3455394651529667,1.2024934122203816,0.1585611717592876,0.9607358003513318,0.06250637956219564,1.0788572471920403,0.049828681432331975,0.8278274838976559,0.038914472902738625,0.5366687682473851,0.04412583880518597,0.23224308505432587,0.05706403292408103,0.05133406190740254,0.05133406190740254,0.1585611717592876,0.06250637956219564,4.204860447564311,0.2230685988864046,9.93325044244918,0.5269607127790435,16.59095425221532,0.8801530907818562,19.372910238432674,1.0277363534722075,12.768355163019482,0.677363525333782,4.621211276833943,0.24515608485378496,0.6170154040710191,0.03273277755440799,-1.2644285023902042,-1.4238781526000812,-0.15944965020987617,0.838903462732448,0.5370091602327123,-0.3018943024997359,-0.4453003265867198,-0.3112602570708952,0.13404006951582498,-0.7505369864305659,-0.6585349989493496,0.09200198748121627,4.007127028060508,3.946234009458137,-0.060893018602369564,-1.555388492035355,-1.812353017904624,-0.25696452586926977,-3.0076523892088307,-3.0605179247058,-0.05286553549696871,2.1457246528114466,2.7517496285523935,0.6060249757409476
softplus_cnn,20260924,69,9004,6,Shirt,6,True,9.596950519721755,18.85007781711846,True,True,64,1.885007781711846e-07,9.944445267251467e-11,-5.2060542092734465,7.182793022053689,0.6414805713932389,6.54131245066045,0.9106920428552419,0.38104845463983844,0.03403065905705102,0.34701779558278745,18.897524620957675,0.38009174037999927,0.3461465235190657,0.9943778561140679,0.9523809523809524,1.0,False,0.35573200073053,3.18206516691788e-10,2.6645352591003757e-15,2.7755575615628914e-17,8.881784197001252e-16,1.7603074553562692e-10,2.706168622523819e-15,0.0,0.8618203998901725,0.21777331086169638,0.259747926051698,0.0715776326017587,0.2593387139410328,0.04729166947926987,0.2324909516950895,0.020103968120097182,0.1500210003994286,0.016820067660517374,0.07662487022589838,0.011553432608149283,0.01910397738754489,0.004969945245851006,0.005189621730010551,0.005189621730010551,0.0715776326017587,0.04729166947926987,1.1401991989884275,0.06048777145911673,1.4896584290892179,0.07902664612537585,1.8034299130649063,0.09567227947606372,1.44807733823162,0.07682076181757547,0.9117444703952979,0.048368207242481975,0.31755208715342476,0.016846195025521,0.07213158490629076,0.003826593481793766,-0.3830312647539552,0.11032306020581097,0.4933543249597663,-2.554318011561789,-3.01748918148674,-0.4631711699249534,-3.4223408353908837,-3.5131136345448986,-0.09077279915401211,0.19770216452878958,0.15444213172271717,-0.04326003280607241,2.88659892862529,2.995403540446629,0.10880461182133877,-1.5880617227159857,-1.5960700154043308,-0.008008292688344899,-1.072789611934847,-1.1090578888427187,-0.036268276907871516,0.7301861439299353,0.7695077784540536,0.03932163452411833
softplus_cnn,20260924,70,60,7,Sneaker,7,True,16.40827805855638,18.85007781711846,True,True,128,1.885007781711846e-07,8.936007489523945e-10,23.01933906535421,166.95190590438008,1.4937532063206391,165.45815269805945,0.99105279332854,8.856828471698128,0.07924387478995476,8.777584596908174,218.3943761673116,0.7644514883317255,0.7576117828753164,0.9944172381052322,0.9047619047619048,0.5,False,1.9897257342492836,1.500069846116503e-09,3.552713678800501e-15,1.1102230246251565e-15,7.105427357601002e-15,8.630856029867573e-10,2.4980018054066022e-15,3.552713678800501e-15,1.2065505158418734,0.4049035834312648,1.6138084750950161,0.24640935185841892,2.251607778371427,0.1142978882889996,2.64398837573211,0.14499292981175319,2.6847141289889107,0.13585792359186502,1.8271795290942647,0.21207684384801742,0.5077999159504438,0.16423963721932502,0.05676251767050248,0.05676251767050248,0.24640935185841892,0.21207684384801742,6.83539706591729,0.3626190370264578,20.20486363358367,1.0718716299003752,41.03272035950897,2.1767931547871715,50.45969848064466,2.676896030361229,32.979687051551785,1.7495782973161893,12.814833802304362,0.6798292254616971,2.6247055103686048,0.13924109681844452,2.593673332327694,2.125628810596831,-0.4680445217308623,9.492545044537668,9.337086314379738,-0.1554587301579275,1.4301716140789966,1.4593819715153198,0.029210357436322498,2.5657088731819595,2.7960868758174766,0.2303780026355179,1.0425145450800637,0.5594246005220995,-0.4830899445579635,4.89355367724377,5.169729341119518,0.2761756638757481,-2.1612558157970425,-1.2032666329924517,0.9579891828045911,3.1624277947011095,2.775267785258764,-0.3871600094423455
softplus_cnn,20260924,71,1722,7,Sneaker,7,True,15.950544539583806,18.85007781711846,True,True,128,1.885007781711846e-07,1.4908002610170001e-09,22.561605517351115,162.06147754443003,2.9971078943604113,159.06436965006964,0.98150635215862,8.597390372428912,0.15899710990257163,8.43839326252634,194.58817546452656,0.8328433994385946,0.8174410869023595,0.9773142806597542,0.6428571428571429,0.5,False,2.189213141578368,1.043983344217736e-09,2.220446049250313e-15,8.881784197001252e-16,3.552713678800501e-15,2.2350477024701831e-10,2.220446049250313e-15,4.440892098500626e-15,1.347195836148617,0.38350841947051434,1.422149609571345,0.16362893075348145,2.282552079889737,0.16515214120675076,2.4469719493042366,0.1700256097187446,2.182414925183366,0.15403179410849402,1.464632889469596,0.16577529539885413,0.49027514360938673,0.214474554940928,0.03394091826544064,0.03394091826544064,0.214474554940928,0.214474554940928,9.179655608392984,0.4869823720333184,19.328483085994456,1.0253794850884668,37.64435487634889,1.9970397598126968,46.66702186223486,2.4756938573407266,32.371287617839684,1.7173025985305008,14.302754772395176,0.7587636990764202,2.567919720845699,0.13622860052671373,3.064079985694756,3.005673160404791,-0.05840682528996621,7.9984904265637855,7.371892580987117,-0.6265978455766673,2.8805619670763973,3.1628138205944696,0.2822518535180718,3.5179837905934215,4.767875138086472,1.2498913474930489,2.955783497565624,2.641290397895252,-0.314493099670371,4.020850450558193,3.4360411695160686,-0.5848092810421242,-4.14355880214192,-2.6785941086808784,1.464964693461039,2.26741420144086,0.8546133587713254,-1.412800842669535
softplus_cnn,20260924,72,2164,7,Sneaker,7,True,17.200231564558575,18.85007781711846,True,True,128,1.885007781711846e-07,3.953176896942523e-09,23.81129255647197,253.3524020831763,1.9479148042973422,251.40448727887895,0.9923114413430435,13.440390248845418,0.10333722880063487,13.337053020044783,235.64978129911913,1.075122585246903,1.0668564421868136,0.995230913915725,0.8333333333333335,0.5,False,5.776625406811804,2.5614901311143967e-09,8.881784197001252e-16,4.440892098500626e-16,0.0,1.0779146464301448e-09,1.6653345369377348e-15,3.552713678800501e-15,1.2526077802387645,0.4234762777255189,1.8727327289244429,0.23874498586885176,2.8769383102186454,0.1456788981480088,3.1344316616567194,0.1569846498344015,2.714856177184218,0.14585002553155574,1.6261935503125637,0.16142587594561109,0.2648081058371709,0.10055819517225643,0.011302515566584025,0.011302515566584025,0.23874498586885176,0.16142587594561109,10.59422789272731,0.5620256847484362,24.466198039250546,1.2979361823658826,53.34844447302157,2.830144521980374,66.20077859181296,3.5119631459395655,56.27794353092888,2.985554971015598,32.85320181879458,1.7428682330934124,9.611607736038636,0.5098975096702241,2.1970650496226467,2.1348037636294084,-0.062261285993238824,9.817325505646615,10.736598239957925,0.9192727343113082,1.9279826789611036,2.3521888061814424,0.42420612722033824,2.715615980060549,3.0688311397599035,0.353215159699354,1.8653044074136809,1.3175469133242745,-0.5477574940894057,4.43272907221384,4.683949855819137,0.2512207836052962,-2.158648818664036,-2.9777106791743577,-0.8190618605103204,3.0139186812175707,2.4950845180521486,-0.518834163165423
softplus_cnn,20260924,73,5110,7,Sneaker,7,True,20.38958455989932,18.85007781711846,True,True,128,1.885007781711846e-07,6.288729759162948e-09,27.00064564721717,177.29944031187375,1.5251587885739295,175.77428152329983,0.9913978364179202,9.405767022927698,0.08090994654615567,9.324857076381543,223.3403147798591,0.7938532749299352,0.7870244191988182,0.9951632893790052,0.9523809523809524,1.0,False,2.055648331895449,1.3896951367442512e-09,1.7763568394002505e-15,8.881784197001252e-16,7.105427357601002e-15,1.2058869458542176e-09,1.2212453270876722e-15,3.552713678800501e-15,1.360899278365759,0.406413295360882,1.5793129905224614,0.21398010904966083,2.4702390870198343,0.2186853256798063,2.8488157101851153,0.1755731068322409,2.2179730736452257,0.13978441611581516,1.728621128146705,0.18747319296460718,0.8562834510346438,0.1994688010935228,0.14699820844758352,0.14699820844758352,0.2186853256798063,0.2186853256798063,7.608049324791417,0.40360837756766516,21.76100460910539,1.1544251870060402,42.45906486487303,2.252460985933669,50.11885672249768,2.6588143141235667,37.89583930764276,2.0103810538770364,15.203158473180288,0.8065302764625052,2.2534670093158824,0.11954682793242502,2.4751658466752398,1.8391986125992839,-0.6359672340759566,9.375276392356247,9.770827044732815,0.39555065237656994,3.9422328086993743,4.268784316337018,0.32655150763764296,2.8499582992638266,2.8368103459966196,-0.01314795326720819,2.0079827206871084,2.0077190832305423,-0.0002636374565656574,5.822892042237137,5.276530020231804,-0.5463620220053327,-2.966849422270002,-2.163792793107345,0.803056629162658,3.493986959568244,3.164569018402319,-0.32941794116592515
softplus_cnn,20260924,74,5313,7,Sneaker,7,True,12.321710878568357,18.85007781711846,True,True,128,1.885007781711846e-07,1.4428290118218001e-08,18.932772046551676,167.69098340467238,1.6753775299671152,166.01560587470527,0.9900091376652966,8.896036665290895,0.08887907764739529,8.8071575876435,196.04037305797692,0.8553900443511169,0.8468439601755291,0.9941351300724064,0.9047619047619048,0.5,False,1.9715169390881553,2.72174549564852e-09,5.329070518200751e-15,8.881784197001252e-16,0.0,3.1036506698001176e-10,4.551914400963142e-15,3.552713678800501e-15,1.1106357941629068,0.36560399488145456,1.3442441778114629,0.18301733504564735,1.9600533582280075,0.15026154587800972,2.2188285702356456,0.12867401466684258,2.529581093517207,0.11786571652262641,1.7454560459888286,0.13439622036474153,0.5354924224886364,0.11255718978484425,0.0663211891172589,0.0663211891172589,0.18301733504564735,0.15026154587800972,7.570848860643998,0.401634886290423,20.02781382697252,1.062479105989924,41.561287866196125,2.204833755564275,47.63212142125385,2.52689256157857,34.239894714476264,1.8164325392535905,14.475775433570858,0.7679424761008077,2.1832412811798494,0.11582134049320297,2.564321189039625,2.5302387450982486,-0.03408244394137677,7.858894183181919,8.404496646953007,0.5456024637710833,0.3870930011350918,0.21153594869923797,-0.1755570524358545,3.175373372879755,3.600269281922924,0.4248959090431679,2.825323929107651,1.9837951177178945,-0.8415288113897557,2.8295536516728825,3.534432808980926,0.7048791573080423,-4.09912801183789,-4.580947058384848,-0.4818190465469585,3.3913407313726407,3.2489505558746496,-0.14239017549799166
softplus_cnn,20260924,75,5523,7,Sneaker,7,True,18.636357460001086,18.85007781711846,True,True,128,1.885007781711846e-07,7.259648437951682e-10,25.24741850947705,166.60997116435627,1.3208589661127794,165.2891121982435,0.9920721493624785,8.838688772576393,0.07007180442052383,8.76861696815587,242.0113738712469,0.688438598976736,0.6829807605909439,0.9958194737479343,0.9761904761904763,1.0,False,1.8094111067120893,1.739285160340387e-09,2.6645352591003757e-15,8.881784197001252e-16,7.105427357601002e-15,8.662155437377805e-10,1.4432899320127035e-15,3.552713678800501e-15,1.1424788814389397,0.37391333138928695,1.6592174266946234,0.19618774465908073,2.587074636811731,0.21747457926875252,2.9557594872928896,0.1721789607987925,2.6924807803584185,0.18090104759581677,2.050242559653597,0.2146521996773192,0.837493793040869,0.26324668483392855,0.056477989727506776,0.056477989727506776,0.26324668483392855,0.26324668483392855,6.8754100775740286,0.3647417344521629,20.300821111845252,1.0769621912865164,40.65617851125219,2.156817542383342,45.399125031072835,2.4084317036529255,35.097434853364945,1.8619251970138633,15.570257137567383,0.8260049262729011,2.710744441317073,0.14380547749544803,2.63821325254705,2.1868931777754677,-0.4513200747715826,8.433983350562292,8.818142561254758,0.3841592106924677,4.536691465316139,4.47083060740415,-0.06586085791198787,2.6793355077145016,3.02105336649915,0.3417178587846482,0.9324916914120178,0.9855502144333922,0.053058523021373816,4.8383429975546575,4.7057933713055355,-0.13254962624912314,-2.3478383553629887,-1.8059149813155932,0.5419233740473954,3.5361985997333845,2.8650701929864058,-0.6711284067469802
softplus_cnn,20260924,76,7928,7,Sneaker,7,True,17.779167174298237,18.85007781711846,True,True,128,1.885007781711846e-07,7.10273617698931e-10,24.39022819349473,179.97896083295328,0.9072959587513449,179.07166487420193,0.9949588776679655,9.547916065869375,0.04813221290404412,9.499783852965331,221.59641578425794,0.812192562754162,0.8080982006881496,0.9982791911354686,0.9285714285714287,1.0,False,2.3932233434237644,1.6756098730752456e-09,3.552713678800501e-15,8.881784197001252e-16,7.105427357601002e-15,9.068941153600463e-10,2.609024107869118e-15,3.552713678800501e-15,1.152099699329167,0.39115198006224844,1.584799927489352,0.2379496758583742,2.359397898760238,0.13681961249762328,2.69867709247769,0.15794598433264703,2.756845014607201,0.14623446722503033,1.757454038826134,0.15826770841163987,0.5383590323298978,0.170694855004986,0.060196490855014606,0.060196490855014606,0.2379496758583742,0.170694855004986,7.07836835932833,0.3755087076033288,22.04734083895523,1.169615375217879,44.68859475189831,2.370737945246832,51.82652591861836,2.7494064704365706,36.890987563539106,1.9570734891097914,14.717821883345048,0.7807830835573126,2.72932151675806,0.14479099467056106,2.7575676743087576,2.2786161398022555,-0.47895153450650285,9.262562082533718,8.974475849671627,-0.28808623286208773,2.467248302629203,2.8353785095334736,0.36813020690427023,2.960425925825844,3.118047018857539,0.15762109303169425,1.528240922632611,1.5228989936426651,-0.005341928989946343,4.458416582124258,4.633997362181023,0.17558078005676547,-2.8439208249263324,-2.6379569457142744,0.2059638792120585,3.7996875283666767,3.6647712664273118,-0.13491626193936423
softplus_cnn,20260924,77,8612,7,Sneaker,7,True,16.288748294354356,18.85007781711846,True,True,128,1.885007781711846e-07,1.8762120745918764e-09,22.89980939509033,222.95342420582415,0.9288604945125856,222.02456371131157,0.9958338361573892,11.82771903484408,0.049276215383527625,11.778442819460553,287.03976859377804,0.7767335700487913,0.773497570733912,0.9980273192355921,0.9285714285714287,1.0,False,3.4081337628762487,2.9782327715111023e-09,3.552713678800501e-15,8.881784197001252e-16,7.105427357601002e-15,7.548592861894576e-10,2.4424906541753444e-15,3.552713678800501e-15,1.3301694390178214,0.34989011525456587,1.6511675975406102,0.22742920484364437,2.7786917557815825,0.2147886120521702,3.783263741155752,0.20152143607510853,3.660293110713072,0.18422628510240183,2.381120228434466,0.21907079747231256,0.8396996086717996,0.1742952608587077,0.13327502575287323,0.13327502575287323,0.22742920484364437,0.21907079747231256,7.858682840924301,0.4169045304305077,24.13801752281659,1.2805261472658724,54.171632064989225,2.8738147709816846,64.74309061870397,3.434632538222646,45.33461071685229,2.4050092077435474,22.153059412095683,1.1752237644333574,4.554331028963624,0.24160807574108079,2.72487072399713,2.5528518266288107,-0.17201889736831866,8.292815248124333,8.221011163376948,-0.07180408474738198,2.5734968373290594,2.7605464950109164,0.18704965768185522,2.6125325787704914,2.9727523864065155,0.36021980763602457,1.8776251150738923,1.402908412504265,-0.4747167025696264,5.130724679676511,5.512315709248642,0.3815910295721323,-3.6851170469353005,-3.7677349592893603,-0.08261791235406202,3.3728612590542197,3.2451583619584508,-0.1277028970957701
softplus_cnn,20260924,78,8934,7,Sneaker,7,True,17.249985096499035,18.85007781711846,True,True,128,1.885007781711846e-07,2.5496374456146498e-08,23.861046078654983,193.17222471056024,1.4780680158027986,191.69415669475745,0.9923484444100726,10.24782107451744,0.0784117726272997,10.16940930189014,235.97476313572758,0.8186139150797738,0.8123502452018528,0.9959452453501728,0.7619047619047621,1.0,False,2.633021860674755,1.287528750282263e-09,2.220446049250313e-15,8.881784197001252e-16,3.552713678800501e-15,6.592628665202938e-10,1.4432899320127035e-15,3.552713678800501e-15,1.2429332355063694,0.41622617462099976,1.4737811156878906,0.2429121499323205,2.296383912678246,0.15300466310536875,3.0083874930429264,0.16400452319198477,2.995282168550791,0.1612074258078441,2.0512761684854324,0.23561848323199538,0.6325237129175544,0.17330042498499906,0.06086882290060818,0.06086882290060818,0.2429121499323205,0.23561848323199538,7.208166846159696,0.38239454054739713,21.302358181605094,1.1300939119869111,44.492684254363795,2.360344858309196,55.89348505933017,2.965159380327396,42.02251257123926,2.2293018086682403,19.993091817916106,1.0606370971985926,2.2599259794668383,0.11988947745427952,2.68285332623663,2.2693660359395413,-0.4134872902970886,10.188128047906318,10.436966409372076,0.24883836146575739,1.758366257265718,2.388087203615235,0.6297209463495176,2.117103824857443,1.8996088508245355,-0.21749497403290707,2.0264893454800177,1.543676580100722,-0.48281276537929463,4.716707547855979,4.497679471045461,-0.21902807681051628,-2.9615353325087086,-2.3620266241915533,0.5995087083171554,3.3329330615615893,3.18768815260823,-0.14524490895336017
softplus_cnn,20260924,79,9879,7,Sneaker,7,True,15.847451458360766,18.85007781711846,True,True,128,1.885007781711846e-07,5.1819755375603904e-08,22.458512419122144,204.5669259073283,3.0235268878216726,201.54339901950664,0.9852198644799923,10.852312011229653,0.16039864223138087,10.691913368998271,178.4540106602974,1.1463285422973155,1.1293856510917084,0.9845539657388372,0.9523809523809524,0.5,False,2.0844236787540145,1.4801226910776677e-09,1.3322676295501878e-15,8.881784197001252e-16,3.552713678800501e-15,1.0305392095233401e-09,8.881784197001252e-16,3.552713678800501e-15,1.1554126770809114,0.39484233506304733,1.3120458835874058,0.12701238509912094,2.127406436066006,0.14504051449391642,2.5072184567169815,0.20162897024391904,2.053717556444347,0.18263013834421662,1.0382795083208045,0.13904150580194025,0.37890520575998954,0.08885676469375764,0.049444139539453945,0.049444139539453945,0.20162897024391904,0.20162897024391904,8.896080777245457,0.47193867651658145,21.586331328034877,1.14515873820062,46.9171765141837,2.4889646063729485,59.53622472813535,3.158407371351448,44.19498026696661,2.3445516085260665,19.99697246473891,1.0608429662066918,3.4391598275333624,0.18244804402930012,2.307818547226468,1.6383732657333279,-0.66944528149314,10.303047905381769,11.146111921686945,0.8430640163051768,3.578014741826998,4.288096931801419,0.7100821899744209,1.4789062879069994,0.5966502268817809,-0.8822560610252183,0.9595531642839215,0.666057459198521,-0.2934957050853998,4.97157277778582,4.588307561655287,-0.38326521613053244,-3.9876640856040555,-2.5172834035467133,1.470380682057343,2.847263080314228,2.052198456742114,-0.7950646235721135
softplus_cnn,20260924,80,298,8,Bag,8,True,17.566072856717174,18.85007781711846,True,True,128,1.885007781711846e-07,2.7155804271927764e-09,20.39297146531579,137.9900320042167,2.7454718492361114,135.24456015498058,0.9801038393182472,7.320395880748183,0.14564777269740742,7.174748108050776,191.5665853495955,0.7203241199523112,0.7059924355187978,0.9667332603832678,0.8571428571428572,1.0,False,1.8396964523963453,1.6341270558939414e-09,2.6645352591003757e-15,1.3322676295501878e-15,7.105427357601002e-15,6.45670183985203e-10,2.220446049250313e-15,7.105427357601002e-15,0.9310094605893556,0.24919308871661172,1.5631246922991109,0.1556198522938303,1.8040528872662513,0.16250291867763592,2.1514554480363994,0.08950308459061958,2.0846285661269928,0.11865681637712755,1.4535642769980301,0.15868049650656108,0.8863310814042435,0.1455462671004524,0.21948466707898348,0.21948466707898348,0.21948466707898348,0.21948466707898348,7.088348681153565,0.3760381654613845,19.659390041807235,1.0429341582852145,32.84500047978605,1.742433150591998,36.42448166571381,1.9323252677840608,26.114050972371082,1.385355075227113,12.694406345834993,0.6734405273545729,3.1643538173183696,0.1678695360315543,5.132928781438698,3.6817784188699427,-1.4511503625687534,3.173651280828067,3.8451631730470415,0.6715118922189748,4.228730595684922,5.613307011770436,1.3845764160855132,2.6397619341974377,3.1242546851286863,0.48449275093124794,0.9572682022040555,0.30834311691786476,-0.6489250852861903,2.638307411927837,2.8431982022510423,0.20489079032320695,-1.030480108097101,-1.1405021005185405,-0.11002199242144034,2.6528033671318796,2.1174289584949832,-0.5353744086368953
softplus_cnn,20260924,81,523,8,Bag,8,True,18.652086310942572,18.85007781711846,True,True,128,1.885007781711846e-07,4.9337005592065e-09,21.478984769593445,138.8121509317702,2.8985519342990678,135.91359899747113,0.979118888981673,7.364009436911167,0.15376869859215034,7.210240738319016,185.26416494333523,0.7492660600296187,0.7336205522478757,0.9547954636666535,0.8571428571428572,1.0,False,1.342388198677755,1.3472514215351339e-09,2.220446049250313e-15,8.881784197001252e-16,7.105427357601002e-15,8.498446391058678e-10,1.9984014443252818e-15,5.329070518200751e-15,0.9444218566143966,0.31237504459495874,1.455196834982187,0.15545629708572206,1.9695685932773603,0.10843362798264333,2.80758370446588,0.10428726705248816,2.1852458377031865,0.10722080224579833,1.0895421337723952,0.09519992476907452,0.25778726326917367,0.0914052444807464,0.06337272184421337,0.06337272184421337,0.15545629708572206,0.10843362798264333,6.501716489254626,0.3449172227474931,19.45603727372059,1.0321462575635543,32.52300893175834,1.725351441372989,38.55161791192667,2.0451702261364937,28.717576928475353,1.5234725929033486,11.150672448756737,0.591545167979646,1.9115209477061421,0.10140652819853181,3.1080266666520813,2.713546609937459,-0.39448005671462133,3.7984207829817764,4.332861611332931,0.5344408283511565,3.5873959576484347,5.3644353019586895,1.7770393443102568,2.8859623164712285,2.8190894329346596,-0.06687288353656995,1.5026720486086163,-0.5258622492213963,-2.0285342978300123,3.6127078108565294,3.922494187503449,0.30978637664692144,0.5234771444342363,0.11481244864129239,-0.4086646957929439,2.4603220419405507,2.7376074273562043,0.27728538541565395
softplus_cnn,20260924,82,1566,8,Bag,8,True,16.327217849354128,18.85007781711846,True,True,128,1.885007781711846e-07,1.4861806008070744e-08,19.154116667030273,251.33181581716863,4.8525403468958075,246.47927547027282,0.9806926937160005,13.333197786001966,0.25742813339948306,13.075769652602483,346.1872739724082,0.7259995809008284,0.7119824846303209,0.925043959524072,0.5952380952380953,0.5,False,2.4317719177070494,9.160285863174522e-10,8.881784197001252e-16,1.5543122344752192e-15,0.0,1.428055895758007e-09,1.1102230246251565e-15,3.552713678800501e-15,1.4064588793938446,0.38420679367524135,1.9425791951929818,0.23658995533811455,3.472307052459117,0.12951884077565276,4.607791008208693,0.25215673713213294,4.276232704958848,0.269272833628865,2.9168965250702827,0.2172940858434477,0.9906593492807867,0.1617386517538912,0.15883097320758724,0.15883097320758724,0.269272833628865,0.269272833628865,9.702492861589336,0.5147189818377376,34.65814196386424,1.8386206306474706,63.3713654936502,3.3618622749716343,70.91654444459346,3.7621353679607354,48.82457480395108,2.59015242683039,20.236312903464807,1.073540019293048,3.622383345506967,0.1921680844318502,0.9968392600939382,1.6429458472374683,0.6461065871435291,3.7737254719449904,5.027812605249518,1.254087133304528,3.2005799719331307,5.256993418828494,2.0564134468953625,3.881021597449597,1.279268466556699,-2.6017531308928987,-0.5462596904713333,-1.6590543425952862,-1.1127946521239531,5.297934260523408,6.193867440789821,0.8959331802664119,-0.21173540183026207,-1.1906401348839426,-0.9789047330536794,2.7620111973868067,2.602923367275555,-0.1590878301112526
softplus_cnn,20260924,83,2304,8,Bag,8,True,28.210662640946342,18.85007781711846,True,True,256,1.885007781711846e-07,4.716547152838757e-10,31.037561474532275,347.28389593985094,6.792584186875795,340.49131175297515,0.9804408316472807,18.42347279990905,0.3603478061351659,18.063124993773886,333.9151327446858,1.0400364101059982,1.0196941628677774,0.9121935004257937,0.5476190476190477,0.2,False,5.464057062407778,4.2258488930357885e-09,2.6645352591003757e-15,1.7763568394002505e-15,3.552713678800501e-15,2.380435404347736e-09,3.552713678800501e-15,7.105427357601002e-15,1.9123889417719655,0.41920788836080436,3.396047042323006,0.35417015107665073,4.056925410762246,0.35879017889893733,4.1142572693407855,0.34591132348637355,3.595819630106155,0.2264682862206946,1.9779755771489966,0.20026811615756143,0.5208817282560068,0.1480339856757529,0.05235086313494662,0.05235086313494662,0.35879017889893733,0.35879017889893733,16.566068697862725,0.8788329076720552,41.19642157251676,2.1854775334192387,87.31450952499398,4.632050348656938,97.71124354677033,5.183598948224771,68.34620489894866,3.6257783952955838,30.09889151573944,1.5967515788399298,6.050556182457719,0.3209830877707562,1.564761661534493,1.1328148198368213,-0.4319468416976713,3.026904839575754,3.9534524467468923,0.9265476071711397,5.015153352400348,7.363584648979533,2.348431296579183,0.6108001915057771,-0.13142343143914528,-0.7422236229449213,6.427258760906,3.7691404427512634,-2.6581183181547328,5.877209037327468,8.210355129947882,2.333146092620413,3.1155876752305525,4.300046866925829,1.1844591916952758,5.3998859560518895,2.439590553163637,-2.9602954028882524
softplus_cnn,20260924,84,4575,8,Bag,8,True,20.028601173657385,18.85007781711846,True,True,128,1.885007781711846e-07,3.8583314321272155e-10,22.855500281621502,82.38608947323681,1.6816940300621148,80.70439544317469,0.9795876459143212,4.3705967833416,0.08921416910729703,4.281382614234303,124.359879224476,0.6624812599289008,0.6489584578761056,0.9876291879173451,1.0,1.0,False,1.1622454129162128,1.7344307101652134e-09,2.6645352591003757e-15,8.881784197001252e-16,7.105427357601002e-15,5.759090981882764e-10,2.220446049250313e-15,5.329070518200751e-15,1.3652216277775917,0.37489601209524087,1.4007055057560098,0.33913881620910574,1.351722316580006,0.1148571676156086,1.5256688799611815,0.11607046235150044,1.2893132859605922,0.09970906244425981,0.7705619225421391,0.06430297598404687,0.2422947998509979,0.0741835184682117,0.017047127042630773,0.017047127042630773,0.33913881620910574,0.11607046235150044,5.776187809533563,0.30642779650957147,11.33594681413268,0.6013740062037347,18.01023140175409,0.9554459974376512,20.666712612090507,1.0963728008232567,16.907147340901552,0.8969271906956023,8.390607173307945,0.44512321141126115,1.2992563212476247,0.06892578024626092,-0.17262871057001888,-0.2361076871645992,-0.06347897659457957,5.4026465708691855,7.084340601219253,1.6816940303500674,7.88911890956811,7.880402665804068,-0.008716243764040288,0.311566476879091,0.25405872032742405,-0.05750775655166718,-1.9974517276234618,-2.056983610929927,-0.05953188330646483,3.4514005756134005,3.2928011212854797,-0.1585994543279206,5.183421613171283,4.378277991057359,-0.8051436221139219,2.7874265737139217,2.2587104805983533,-0.5287160931155679
softplus_cnn,20260924,85,5972,8,Bag,8,True,25.859516806040688,18.85007781711846,True,True,128,1.885007781711846e-07,2.887344363600164e-09,28.68641509897066,143.10284547706325,3.7832303239855642,139.31961515307768,0.9735628574584008,7.59163155003563,0.20070104541159353,7.390930504624035,205.12110471325713,0.697650520540583,0.6792066342848306,0.975577399788269,0.9047619047619048,1.0,False,1.9942907750843317,1.7855938949651318e-09,3.552713678800501e-15,1.7763568394002505e-15,0.0,1.5893490967755497e-09,2.4980018054066022e-15,7.105427357601002e-15,1.1918293263057635,0.4216440015878903,1.869032982355034,0.24645821982150765,1.6507227946049043,0.10400677535133403,2.498064122528301,0.10489549485757947,2.34172974486414,0.12222326620727743,1.77206407242895,0.14701510402951423,0.5846569966463313,0.17673209212120955,0.16544058258507868,0.16544058258507868,0.24645821982150765,0.17673209212120955,7.981675588772882,0.4234293177041648,16.337843332968173,0.8667255112406574,29.842992829757726,1.5831761077748012,38.57615509586654,2.046471928133585,31.215349790857225,1.6559798900410585,15.206993069316054,0.8067337024734198,3.9418357692898724,0.20911509265548728,0.37977055972605256,-0.18963171268069048,-0.5694022724067427,5.695059720003986,7.133280559827793,1.438220839823808,8.981661892902425,8.93365550016149,-0.04800639274093649,2.0124955765674635,1.4164556010178455,-0.5960399755496185,1.5770226165434544,-0.25300237657792307,-1.8300249931213766,5.441866058101749,7.321121745095423,1.8792556869936718,1.7195002040488967,2.185254002011654,0.4657537979627572,2.879038471076633,2.139281781704416,-0.7397566893722171
softplus_cnn,20260924,86,6624,8,Bag,8,True,29.7661488207684,18.85007781711846,True,True,128,1.885007781711846e-07,2.3871935539432343e-09,32.593047502315365,163.02613839028172,5.202410874355263,157.82372751592646,0.9680884861426284,8.648565802854755,0.27598882746419007,8.372576975390565,229.83620392207115,0.7093144404941433,0.6866791428970807,0.9612962182776326,0.7857142857142858,1.0,False,1.6914738820302773,3.723569452773745e-09,1.7763568394002505e-15,8.881784197001252e-16,7.105427357601002e-15,1.3126495446158515e-09,1.4432899320127035e-15,7.105427357601002e-15,1.8913069627252237,0.4072330396081313,1.971690089514178,0.24703888805002264,2.281032783253664,0.1773767015628427,2.9573640721580543,0.15040390609283116,2.8946740669568625,0.17324635056667384,1.5538637746204818,0.19566091703147034,0.4804521284235866,0.13047778951521058,0.05377481501925686,0.05377481501925686,0.24703888805002264,0.19566091703147034,8.09733374367218,0.42956500350988946,21.57238726751877,1.144419003296001,39.73401011249965,2.107896343876931,46.1385494285456,2.4476583002031673,33.256710906699254,1.7642744623843192,12.405129792559851,0.6580943544590723,1.8220171384611363,0.09665833510811793,2.527862688224384,1.914843959699974,-0.6130187285244104,5.591749601622601,7.008000302243633,1.4162507006210308,8.25857638831643,9.108732163078978,0.850155774762547,3.4475806234886734,2.876659322902774,-0.5709213005858985,-0.964216789104255,-2.800136998354009,-1.8359202092497542,4.947588461991783,7.813870699064992,2.8662822370732077,4.313443855658663,4.383166018213467,0.06972216255480246,4.470462672117083,2.287912036778209,-2.182550635338875
softplus_cnn,20260924,87,8070,8,Bag,8,True,11.228415935791466,18.85007781711846,True,True,128,1.885007781711846e-07,5.425087046262433e-10,14.055314595683573,120.1697613780834,1.3551300647187285,118.81463131336467,0.9887232024997108,6.375027336436391,0.07188989233180164,6.303137444104589,189.4856840710367,0.6341891313173437,0.6270375089065937,0.9820599188392486,0.9523809523809524,1.0,False,1.6163743540037627,7.719719308241224e-10,2.6645352591003757e-15,4.440892098500626e-16,5.329070518200751e-15,4.1891823343576107e-10,1.8041124150158794e-15,3.552713678800501e-15,0.9786917931395743,0.2710259440723998,1.703440236620396,0.23794480130453582,1.8683662767177551,0.17795340755122013,2.479552684639397,0.2130737883441033,2.0328853338032378,0.1299528757077591,1.3278773308662992,0.15253098303388155,0.49267376273920815,0.11840281804747031,0.14745380877560013,0.14745380877560013,0.23794480130453582,0.2130737883441033,8.839759336911493,0.46895081403238437,19.422519964088316,1.0303681582921635,28.55714090097375,1.5149614329464434,29.221052268607686,1.5501820497563652,22.12482996665593,1.1737261873032452,10.07382105363736,0.5344180088471012,1.9306378869049334,0.1024206852425643,0.021768538701368887,0.06570144023578779,0.04393290153441884,2.479158001708256,2.4312740119793266,-0.0478839897289314,3.495849367436512,3.095929425450292,-0.3999199419862192,2.947463813042979,2.4756875161128145,-0.47177629693016354,-2.519157972856526,-2.660008973764868,-0.14085100090834168,4.019347076093239,3.724648241137622,-0.2946988349556168,0.40789938994863867,1.6948159334641952,1.2869165435155558,3.2029863816091115,3.227267001487321,0.02428061987820973
softplus_cnn,20260924,88,9290,8,Bag,8,True,25.295060710356456,18.85007781711846,True,True,128,1.885007781711846e-07,3.203121923256447e-08,28.121959506268396,95.35160358205859,3.759375328468429,91.59222825359016,0.9605735489783017,5.05841962601694,0.19943553363235453,4.858984092384586,173.8801029079788,0.5483755874731726,0.5267550842321665,0.9659727341787566,0.9047619047619048,1.0,False,1.2818200673202262,1.7309291777678482e-09,5.329070518200751e-15,1.7763568394002505e-15,0.0,2.3744028965211328e-09,3.219646771412954e-15,7.105427357601002e-15,1.600081385505877,0.47492093973909705,2.0462640775459593,0.23260130247010052,1.8979678855240218,0.1712494787439171,2.111387081874139,0.12333716307507422,1.9481693814972971,0.1309186234564345,0.9709442693087073,0.11706355608704937,0.23707796201258088,0.07236551865404536,0.012559904255438735,0.012559904255438735,0.23260130247010052,0.1712494787439171,8.316154353413335,0.4411734759981269,16.69068920066275,0.8854440476370506,23.038648349170465,1.222204415954623,23.58966891309285,1.2514361554343394,16.87005963901649,0.8949596814765485,5.919065563421361,0.3140074869105334,0.9273175630387395,0.0491943625928487,0.6632511188846772,0.47213001295546403,-0.19112110592921305,6.000579108563578,7.822813211501278,1.8222341029377007,9.341910932725288,9.173233948802968,-0.16867698392232244,2.9369044947694185,3.3661434332463736,0.4292389384769545,0.7606407212884779,0.06131896041752341,-0.6993217608709554,4.8183659485098485,6.321680827891423,1.5033148793815714,3.3060876974781124,0.6058322209193738,-2.700255476558738,0.29421948404899445,0.29880689290839657,0.004587408859402398
softplus_cnn,20260924,89,9833,8,Bag,8,True,21.49434421928695,18.85007781711846,True,True,128,1.885007781711846e-07,7.836309379172235e-11,24.321242552007252,51.87517036041228,1.3171994693639681,50.557970891048306,0.9746082863880257,2.7519870667749973,0.06987766746340802,2.682109399311589,107.2098778626451,0.48386558584530415,0.47157940946283,0.9929811535169821,0.8333333333333335,0.5,False,0.8431182048498794,7.610354568754474e-10,2.6645352591003757e-15,0.0,3.552713678800501e-15,8.679030827352108e-10,1.942890293094024e-15,7.105427357601002e-15,1.2847336211574987,0.28984405131885854,0.955191691954682,0.18001578141748076,1.2020527146177078,0.0934992103112541,1.475602044802569,0.09092739766104661,1.270688343973485,0.15824190866857907,0.6350705233931881,0.0941479830167918,0.14256888282739064,0.03460600979675891,0.00632899617819289,0.00632899617819289,0.18001578141748076,0.15824190866857907,4.220209276393867,0.22388285700132954,8.670644781640455,0.45997925662494177,15.229008059252763,0.8079016016274867,13.49235712380791,0.7157719588592358,7.377753969991024,0.39139116780149363,2.5355347306963183,0.13451057100643396,0.3496624184071887,0.018549653842258793,2.9834706978968866,2.469641410795043,-0.5138292871018435,4.262332657408908,4.4247377853274426,0.16240512791853362,4.890008612990942,5.019057890474446,0.12904927748350586,1.2894219058912262,1.5765544460763001,0.2871325401850746,2.4622143001282177,2.8387040196118685,0.3764897194836508,3.1296400646892257,3.49176286941638,0.3621228047271522,2.1344771167467176,2.039456543256441,-0.09502057349027784,3.169677196255131,2.4613275879172334,-0.7083496083378975
softplus_cnn,20260924,90,428,9,Ankle boot,9,True,18.485343056554537,18.85007781711846,True,True,128,1.885007781711846e-07,3.2319373843847643e-09,24.108387219173704,144.14554330056956,1.7852789175126298,142.36026438305691,0.9876147477290366,7.646946856084891,0.0947093659152617,7.552237490169628,217.97255134348876,0.6613013538269779,0.6531109697327011,0.9902002406843138,0.9523809523809524,0.5,False,1.419586473112228,1.4820444871332938e-09,1.7763568394002505e-15,8.881784197001252e-16,3.552713678800501e-15,1.012839589975556e-09,8.326672684688674e-16,3.552713678800501e-15,0.9647832499106124,0.30617536374177245,1.7181120411773605,0.2277893134007338,2.310544669171934,0.18907804086574234,2.887138418534357,0.1571285744487299,2.5209732010734967,0.14065666154586542,1.4793635000940302,0.13915170004974142,0.5479800005333798,0.1437975766363066,0.09937100796052627,0.09937100796052627,0.2277893134007338,0.18907804086574234,7.108201987901611,0.3770913869356225,20.098812127545365,1.0662455785351126,34.317911166307134,1.820571325978387,42.17397967338398,2.2373371655306493,29.080697119499696,1.5427361839902023,10.192434084489804,0.5407104513506927,1.1735071412139615,0.062254763752129225,2.1277972771192646,2.0050075934260856,-0.12278968369317983,6.26829367322345,6.156041005798582,-0.11225266742486883,-0.49322689391592445,-0.7160383675618893,-0.2228114736459652,4.119166291458688,5.633683365048035,1.5145170735893467,5.006052633893621,4.473535943306799,-0.5325166905868224,1.1061066156039543,0.9231061693043553,-0.1830004462995991,7.036440328371688,7.307202172801389,0.2707618444297013,-1.062242706581039,-1.6741506619368147,-0.611907955355776
softplus_cnn,20260924,91,623,9,Ankle boot,9,True,10.5021707259095,18.85007781711846,True,True,128,1.885007781711846e-07,1.546581875899733e-07,16.125214981467124,206.08953983561332,1.2107563660698748,204.87878346954344,0.9941250954947269,10.93308695248227,0.06423084179367905,10.868856110688592,218.46700730587767,0.9433439967759775,0.937801940879296,0.9951730859509976,0.9523809523809524,1.0,False,3.3416800874038097,1.527676651846832e-09,3.552713678800501e-15,5.551115123125783e-16,0.0,7.271054869306681e-10,1.6653345369377348e-15,1.7763568394002505e-15,1.1163777492463773,0.33248979957484476,1.6902833682546312,0.16328138279914672,2.2675915140289735,0.12358373197900945,3.0156557134501685,0.14962065666873484,2.5637451631329187,0.20056714454999988,1.5339599672106536,0.26266598660162316,0.4264488372693939,0.11151593792368608,0.09202925244873732,0.09202925244873732,0.26266598660162316,0.26266598660162316,8.845084379575173,0.46923330849820793,24.052674539468594,1.2759986867335613,51.12202226891148,2.712032425801747,60.80061995049599,3.2254837640659857,42.61698053297935,2.2608384403738255,15.736347639814058,0.8348160571264747,2.9158105239999825,0.15468426986290879,1.8085524276535647,2.135125388692944,0.326572961039379,4.300161977099494,4.142789461321097,-0.15737251577839684,1.1829664510234128,0.7059633261745866,-0.47700312484882756,1.476985530236342,2.17165412858028,0.6946685983439385,3.780580000978359,3.9700948080284673,0.1895148070501086,-0.7707301654787742,-0.9552194280512937,-0.18448926257252096,7.322348149407386,7.068452199232689,-0.2538959501746988,-2.975649389452662,-3.1136449017845402,-0.13799551233187934
softplus_cnn,20260924,92,995,9,Ankle boot,9,True,17.36027846192763,18.85007781711846,True,True,128,1.885007781711846e-07,8.88472406757046e-10,22.98332266671871,155.54367532052203,2.3545395606077593,153.18913575991428,0.9848625181592511,8.251619798580725,0.12490874485778058,8.126711053722945,183.76169875760314,0.8464423020256087,0.8336292970494542,0.9871046259046228,0.9047619047619048,0.5,False,2.5791912346041665,2.546943989045758e-09,1.7763568394002505e-15,8.881784197001252e-16,3.552713678800501e-15,9.346905471829814e-10,1.7763568394002505e-15,5.329070518200751e-15,1.149860739700845,0.3090467412539177,1.29282154213821,0.2196369904709384,1.8238897008689638,0.13471957879336818,2.3828261387045084,0.10581353626290566,2.3635186693028083,0.12852950905205993,1.3920197654791058,0.20903270386528003,0.43004019496570484,0.15089650190028542,0.06347497794883047,0.06347497794883047,0.2196369904709384,0.20903270386528003,5.869402153210443,0.31137283411531697,17.161118159715834,0.9104003880626519,37.18477969301845,1.9726592141306472,45.15523294396558,2.3954931848057637,36.06630371097394,1.9133238632161391,13.097213211429244,0.694809503626302,1.0096254480837876,0.0535608106172861,1.7681915184903998,1.3708285973486216,-0.3973629211417782,5.821676841620724,6.411329116635595,0.5896522750148709,-0.9797101059992924,-0.5431353445307254,0.43657476146856666,3.9320791932588466,5.064499575777926,1.1324203825190815,4.738941657036408,4.0664545572551605,-0.6724870997812469,2.449120213109342,2.439416390113056,-0.009703822996286415,6.692514001216116,6.888406143288702,0.19589214207258543,-1.439490652013831,-2.714476368234935,-1.274985716221103
softplus_cnn,20260924,93,2043,9,Ankle boot,9,True,22.95308695434499,18.85007781711846,True,True,128,1.885007781711846e-07,1.7230790128053286e-08,28.576131240623752,179.38585575250596,3.3493156389692587,176.03654011353672,0.9813289870323433,9.516451735260157,0.17768179375512286,9.338769941505035,201.76822184272282,0.8890689233130885,0.8724691059167692,0.974065043467315,0.7619047619047621,0.5,False,2.951280027308049,2.640229812556072e-09,3.552713678800501e-15,1.3322676295501878e-15,7.105427357601002e-15,1.0335590161503205e-09,3.9968028886505635e-15,3.552713678800501e-15,1.0836422814010556,0.25055704472299745,1.6451710550165213,0.24327722408868357,2.45448089462321,0.16370957412170897,2.9698311688858503,0.14434695962029845,2.386253548590618,0.152957189465196,1.0878630206401194,0.11077797515431038,0.14574908073846207,0.06292252715138996,0.01449149149022236,0.01449149149022236,0.24327722408868357,0.16370957412170897,8.020634036178784,0.4254960703077282,24.742231056775957,1.3125797833209267,45.303564418530556,2.4033621960641827,50.459908301700054,2.6769071614057487,31.639544947022237,1.6784835189533904,15.45497003266717,0.8198889247359994,3.765002959388087,0.19973408045928315,2.3695457423903337,2.43569635060618,0.06615060821584645,6.2453660715498795,6.905984405760738,0.6606183342108574,0.7256657071848103,0.9803238502684651,0.25465814308365387,5.158340497377714,7.192059819910147,2.0337193225324315,7.525250192720337,6.373335580865965,-1.1519146118543762,2.0428036495578388,2.3769728810010866,0.3341692314432477,5.421409150644925,5.171564892506403,-0.24984425813852196,-0.9122497708020918,-2.8598065392616734,-1.9475567684595814
softplus_cnn,20260924,94,2087,9,Ankle boot,9,True,25.714327391267567,18.85007781711846,True,True,128,1.885007781711846e-07,1.3954553068629139e-09,31.33737147645263,135.30448454047618,1.3880129174414342,133.91647162303474,0.9897415601400394,7.177927107420274,0.07363433355065133,7.104292773869622,197.7029769751341,0.684382636066699,0.6773619379534075,0.9969185248211611,1.0,1.0,False,2.2476688223534036,1.8714869653990718e-09,3.552713678800501e-15,8.881784197001252e-16,7.105427357601002e-15,1.622019851765799e-09,2.886579864025407e-15,8.881784197001252e-16,1.245742235558313,0.3434621172399285,1.4726388962234032,0.22484962211637652,2.5690650154132353,0.1836967941242805,2.7712449597544664,0.13832420945241322,2.1058338193103467,0.12905444149301185,1.1085382921044187,0.11930711114405772,0.3371165047163171,0.11717355104949166,0.12374080506781095,0.12374080506781095,0.22484962211637652,0.1836967941242805,5.271111717214092,0.27963341946669307,17.036012984702467,0.9037635361500431,32.98564022407247,1.7498941141832833,38.40536760925155,2.0374116214191007,29.160444945528806,1.5469668204259144,10.098355223543134,0.5357195509491446,2.3475518359661174,0.12453804481561438,1.907820514029272,1.5034510555820917,-0.40436945844718053,6.789579632217181,7.064566998181366,0.27498736596418694,0.4117535067353926,0.6009330502274172,0.1891795434920247,4.96999880137092,5.101265645802537,0.13126684443161968,8.142731461021409,8.247531734898836,0.1048002738774294,4.04547703480589,4.733255925293077,0.6877788904871849,5.652208685131879,5.302183796330371,-0.35002488880150673,-0.5821981588593049,-1.215816728241042,-0.6336185693817353
softplus_cnn,20260924,95,4442,9,Ankle boot,9,True,23.32859275910298,18.85007781711846,True,True,128,1.885007781711846e-07,5.721760842902768e-10,28.951636809681716,121.03038321821325,1.5010126145595302,119.52937060365372,0.9875980512112131,6.420683478998746,0.07962898769555235,6.341054491303193,214.02554596855268,0.5654950331770047,0.5584817927352302,0.9957530054296722,0.9523809523809524,1.0,False,1.4031532169427048,1.5669379127558614e-09,3.552713678800501e-15,8.881784197001252e-16,0.0,1.2764260759468016e-09,2.886579864025407e-15,1.7763568394002505e-15,1.0731504693768612,0.31286039230438645,1.4153363122587852,0.22243221212825656,2.421055901896318,0.16204457894594185,3.05371225096081,0.1387887232475365,2.5666606600564847,0.11785909276076902,1.4230640269784331,0.1345750883816942,0.43981133771098146,0.12574831788255167,0.03445300752354519,0.03445300752354519,0.22243221212825656,0.16204457894594185,5.946017188166293,0.3154372754242156,16.999674912985224,0.901835794945482,31.599857015782856,1.6763780671019748,35.17301235893335,1.8659345972031702,22.362760705951274,1.186348455582651,7.805568780128532,0.41408682000453084,1.1434922560798997,0.060662468726863907,2.161567798589135,1.920053000373463,-0.2415147982156724,7.536729941625754,8.221867393747113,0.6851374521213562,-0.9947466574923228,-0.3712353707920294,0.6235112867002934,3.9305293308358613,3.900631830071887,-0.02989750076397374,7.894365484002352,8.086729360378447,0.19236387637609287,5.063876552855854,4.872437316404067,-0.1914392364517849,3.6810995094211845,3.437253984058555,-0.24384552536262805,-0.3217851501561019,-1.1161007032833594,-0.7943155531272587
softplus_cnn,20260924,96,4850,9,Ankle boot,7,False,13.397640554307316,18.85007781711846,True,True,128,1.885007781711846e-07,1.5046506263161064e-09,19.020684746851245,138.87899997687578,1.9665886917595246,136.91241128511626,0.9858395531931612,7.36755579071162,0.10432788187078951,7.263227908840832,177.7236664641058,0.7814322241935329,0.7703667947496906,0.9850960181165906,0.8571428571428572,0.5,False,1.385227312105255,1.612797007055633e-09,3.552713678800501e-15,8.881784197001252e-16,0.0,7.234959298330068e-10,2.4424906541753444e-15,8.881784197001252e-16,1.1348771220275835,0.31549637468831104,1.2937168880789804,0.22219216183144652,1.8293845955299413,0.14394820927038393,2.262552718856945,0.1279052283610047,2.264332205010503,0.12060700492932201,1.3035979471863914,0.1457009999453053,0.43819240168753315,0.15195443296301211,0.03649553983663677,0.03649553983663677,0.22219216183144652,0.15195443296301211,6.32809672927448,0.3357066634243652,17.799910970384634,0.9442884609324991,34.745818553676585,1.8432718894201385,40.11202184391995,2.1279499338455103,28.986988120344677,1.53776490482286,9.608931998112164,0.5097555612946029,1.297231760973578,0.06881837696158014,2.15182145074398,1.8751280755653006,-0.2766933751786788,5.919830612805722,5.4631411241363566,-0.45668948866936776,-0.9732579992315942,-0.9859879111874047,-0.012729911955810858,2.111426388722447,3.6419892194923515,1.5305628307699046,4.071812196139235,3.428400046193688,-0.643412149945548,1.1457113785827477,1.4305338042295612,0.28482242564681387,6.806077552576633,6.9572809882811875,0.15120343570455463,-2.2127368334879263,-2.7898005991362975,-0.577063765648371
softplus_cnn,20260924,97,6965,9,Ankle boot,9,True,17.103119859492992,18.85007781711846,True,True,128,1.885007781711846e-07,2.4609553506138582e-08,22.72616399891112,165.64944489576064,0.8760742507865189,164.7733706449741,0.9947112756620595,8.787732682213555,0.0464758957117367,8.741256786501818,209.78725337002265,0.789606814688537,0.7854308019102901,0.9971050439439468,0.9047619047619048,0.5,False,2.7035935698631346,1.421839090909316e-09,8.881784197001252e-16,8.881784197001252e-16,0.0,6.60985932654512e-10,1.4432899320127035e-15,3.552713678800501e-15,0.9735640554263282,0.26918517032087813,1.2311165703621798,0.23735732131340317,2.0444365697774356,0.19219876727764454,2.717373766949405,0.1617479944208423,2.502301028747775,0.18846156149322033,1.6745373406316266,0.1706424832772758,0.7885808847738622,0.2234973304417534,0.1709051556677713,0.1709051556677713,0.23735732131340317,0.2234973304417534,4.573771918376529,0.24263941840191852,18.000085515396584,0.9549077563515432,35.758488461609716,1.8969942091770091,46.71011763230148,2.4779800956515032,36.53765196255654,1.9383289722748693,18.577676333204558,0.9855490525526359,5.4916530721171934,0.29133317779356954,2.032041885650691,1.772690571220429,-0.259351314430262,6.668224417625851,6.779167241164587,0.11094282353873569,1.6260335628867983,1.8149618416136206,0.18892827872682083,4.050244264097401,4.189063942405776,0.13881967830837416,4.489718015752097,3.9466543099869327,-0.5430637057651644,-0.07539883599792681,0.36198463454515223,0.437383470543079,4.376840481936819,4.369089966365613,-0.007750515571206762,-0.4415397930406117,-0.5074485077300069,-0.06590871468939485
softplus_cnn,20260924,98,9272,9,Ankle boot,9,True,19.431832638825252,18.85007781711846,True,True,128,1.885007781711846e-07,3.010754312526842e-09,25.05487666001779,154.16349488527368,3.142681107618175,151.0208137776555,0.9796146220610986,8.17840097961145,0.16671979490525968,8.01168118470619,170.97578509342986,0.9016685889234601,0.8832877339626195,0.9880683127935033,1.0,1.0,False,2.886925422048128,1.3824162925502037e-09,1.7763568394002505e-15,1.7763568394002505e-15,0.0,1.0706671105253918e-09,1.3322676295501878e-15,1.7763568394002505e-15,0.9340180833944713,0.31415576623580116,1.625391458482543,0.2907750027895803,1.9007678897122862,0.1329030215806737,2.4400419718782205,0.13720561550076768,1.7659276220150197,0.1571093674117343,0.9333106227374378,0.08416431807444338,0.3364432049682971,0.07052094599524403,0.0684132126535662,0.0684132126535662,0.2907750027895803,0.1571093674117343,6.944755561549838,0.3684205247812317,18.87341448475791,1.001238014392612,36.201413665971344,1.920491470496503,45.00415910171141,2.387478690450893,32.916019067806744,1.7462006993899237,12.970300752767761,0.6880767749928833,1.2534322504931639,0.06649480509597022,2.72775344998369,2.438218361931905,-0.2895350880517854,8.649887951139815,9.737173990889351,1.0872860397495347,0.016591465435360442,-0.10596660449123839,-0.12255806992659868,2.862963593629334,4.024463283367135,1.1614996897378025,8.107853905682111,8.225288322437285,0.11743441675517446,5.770326157416024,6.546787119327022,0.7764609619109968,-0.1722390458317701,-0.5141912630364209,-0.3419522172046505,-2.908260817436774,-5.296896549336581,-2.3886357318998064
softplus_cnn,20260924,99,9528,9,Ankle boot,9,True,20.89080438383703,18.85007781711846,True,True,128,1.885007781711846e-07,2.2192851223401533e-08,26.51384858241626,177.34810836005283,3.0962422934207456,174.2518660666321,0.9825414416761935,9.40834887158908,0.16425620750535747,9.244092664083723,253.9102578602782,0.6984676785198808,0.6862734398171477,0.9750235861738773,0.880952380952381,1.0,False,2.1160673621302033,2.121180342484763e-09,2.6645352591003757e-15,1.3322676295501878e-15,0.0,1.4330652220451157e-09,2.7755575615628914e-15,3.552713678800501e-15,0.9614839165248558,0.27207056084145226,1.7500362758914374,0.2259713572812911,2.5799589793050286,0.12943500902567076,3.542747584345448,0.14357256688529046,3.2634830266628216,0.14960856626667607,1.7637396142184316,0.20664806720891837,0.526371025819104,0.12019282893684574,0.043648091364682895,0.043648091364682895,0.2259713572812911,0.20664806720891837,8.376559306885321,0.4443779695847332,24.042962068296184,1.2754834384005498,46.35430493006353,2.4591041681518924,51.9442452523941,2.755651502150383,33.78488661270775,1.7922942780653368,11.600859975786816,0.6154276968157469,1.2442902137432934,0.06600981841111059,2.1061853250032994,2.029353264943986,-0.07683206005931376,6.19670866685416,5.873770432047356,-0.3229382348068076,1.109318140893303,1.9463694548708306,0.8370513139775282,5.065931852306258,6.657394799838039,1.5914629475317794,6.228991068040733,5.70125177307373,-0.5277392949670008,2.5633298113935563,3.231057844021525,0.6677280326279682,3.334634600676098,2.806286741676441,-0.5283478589996558,-0.09125088275114868,-1.7316357266225872,-1.6403848438714383
