family,seed,audit_id,dataset_index,target,output_scale_s,resolved,certification_pass,quadrature_order,nested_quadrature_error,endpoint_change,R,D,H,chi,R_over_s,D_over_s,H_over_s,interaction_pot_mass_M,R_over_M,H_over_M,signed_cosine,spearman_abs,top3_jaccard,false_consensus_primary,max_abs_transfer_entry,pot_conservation_error,bshap_reconstruction_error,ig_reconstruction_error,bshap_completeness_error,ig_completeness_error,margin_gap_error,interior_mobius_reconstruction_error,R_order2,R_order2_over_s,R_order3,R_order3_over_s,R_order4,R_order4_over_s,R_order5,R_order5_over_s,R_order6,R_order6_over_s,R_order7,R_order7_over_s,R_order8,R_order8_over_s,bshap_0,ig_0,bshap_1,ig_1,bshap_2,ig_2,bshap_3,ig_3,bshap_4,ig_4,bshap_5,ig_5,bshap_6,ig_6,bshap_7,ig_7
softplus_mlp,20260840,0,18834,0.557,3.5638500924200676,True,True,128,5.816191972485285e-11,0.09707394753029308,12.215831935580074,0.3192142755060031,11.896617660074071,0.9738688058914553,3.4277064463406743,0.08957006249643837,3.338136383844236,22.923011120560684,0.532906949760328,0.5189814548143484,0.9063182916471583,0.7619047619047621,0.5,False,0.9730406791288826,1.6431300764452317e-14,1.1102230246251565e-16,5.551115123125783e-17,2.220446049250313e-16,2.831068712794149e-15,1.8041124150158794e-16,4.440892098500626e-16,1.730378290534024,0.4855362166367086,3.5419089358902416,0.9938434120513395,3.334377408503441,0.9356110167471156,2.346051379869986,0.6582912633894981,0.9642616588853271,0.2705674015122605,0.25893512237454347,0.0726560084346059,0.039919139522503644,0.011201127569144233,-0.5016628786031871,-0.31071278436385236,0.18426436687588088,0.1477497832536247,-0.05686645690946935,-0.10587168399644997,0.018670621612590685,-0.05276388523485559,0.05341235226070068,-0.008600453836684622,0.07857337962347394,0.2068375608901434,0.200952556872247,0.13332797691417608,0.11973000579805661,0.08710743390419426
softplus_mlp,20260840,1,12797,0.598,3.5638500924200676,True,True,128,6.400435736964027e-14,0.059589763961653164,4.222075279010863,0.47477591873045827,3.7472993602804046,0.8875491583272558,1.1846949701927054,0.13321994652363647,1.051475023669069,8.335426675280692,0.5065217946828962,0.44956299254521553,0.49725630054769787,0.9523809523809524,1.0,False,0.3365710364956119,1.0103029524088925e-14,1.6653345369377348e-16,4.85722573273506e-17,2.220446049250313e-16,9.43689570931383e-16,2.220446049250313e-16,4.440892098500626e-16,1.0843878708646586,0.30427426596057927,1.5124877697499295,0.424397135268633,1.0181428486843282,0.28568621638991226,0.4373096545507631,0.12270708453222387,0.135014111582288,0.03788434083393371,0.0318857719443818,0.008947001449976661,0.002847251634507128,0.0007989257574449979,-0.08060340613815528,-0.04264899357141192,-0.14525838288469436,-0.14504916367534026,-0.09987048133482555,-0.1418717103198273,-0.0017021985998625533,-0.0065245770075012186,0.006739731505104876,0.030957948787782,-0.07784542841049351,-0.08433058882385874,0.20713510452515904,0.6195291741968423,0.25099482529942074,-0.17047232562503267
softplus_mlp,20260840,2,19817,0.656,3.5638500924200676,True,True,32,4.754217852731557e-13,-0.05908372797979955,0.14883259427752077,0.017740746645583755,0.13109184763193701,0.880800662437534,0.04176174373722171,0.004977972188930294,0.03678377154829142,0.8831845224912744,0.1685181187932233,0.1484308706657981,0.9964232646519001,1.0,1.0,False,0.007658046047283741,1.5648073115048788e-14,2.7755575615628914e-17,1.3877787807814457e-17,3.885780586188048e-16,5.412337245047638e-16,2.2551405187698492e-17,4.440892098500626e-16,0.048477417291043046,0.013602541081665974,0.0507296016246077,0.01423449368212883,0.03349115062177243,0.009397463348137052,0.012732357576665071,0.0035726411735851208,0.0030113003198465847,0.0008449570665868641,0.0003739766462950738,0.00010493613272075686,1.6790197289707175e-05,4.711252396787999e-06,-0.04028220565419326,-0.037382632879841275,0.04221971205997682,0.03956552855441276,-0.08127913534254558,-0.08407208331263871,-0.011430521412773882,-0.005821961165730511,-0.012603680066409323,-0.012734574046340288,-0.051792932001597125,-0.06395565319159265,0.1026368630120606,0.10964757659062714,-0.006551828574317412,-0.0043299285286954765
softplus_mlp,20260840,3,2319,0.682,3.5638500924200676,True,True,32,7.764379417185552e-13,-0.005634851083527348,0.30786490391727506,0.03298658842904998,0.27487831548822506,0.8928536900136117,0.08638548085175389,0.009255885509665227,0.07712959534208866,1.4421051487933008,0.2134829795004094,0.19060906600204075,0.9942947298744664,0.9761904761904763,0.5,True,0.018829654781457178,1.1184412770925967e-14,1.1102230246251565e-16,5.551115123125783e-17,4.996003610813204e-16,3.885780586188048e-16,8.066464163292153e-17,4.440892098500626e-16,0.08461904128097622,0.023743715107701072,0.1334756327163132,0.03745265071620205,0.06647652947350552,0.018653009455951605,0.0182860294226315,0.005130976036709275,0.0045290351661425084,0.001270826507482817,0.00047164369981667715,0.00013234106025385677,6.992157887974657e-06,1.9619674527966926e-06,-0.044045663018577125,-0.03210050663908378,0.009243394766590205,0.010583609508220604,-0.07545704319270538,-0.09142865313004218,-0.0680373478486462,-0.04881641337451958,-0.0038265968819532897,-0.0043378565654083575,-0.011489479688079469,-0.020490415819479753,0.24709460332405864,0.23959182064720072,-0.059116718544214214,-0.058636435710414624
softplus_mlp,20260840,4,2961,0.699,3.5638500924200676,True,True,32,1.9219903446554554e-12,0.34042784662067405,1.4542153803163544,0.12366469112923424,1.3305506891871202,0.9149612273373618,0.40804616990184767,0.03469974547814342,0.37334642442370425,6.671257716414507,0.21798219198432167,0.1994452539156634,0.9752419159417245,0.7619047619047621,0.5,False,0.047310443884845045,1.1962653090336062e-14,6.938893903907228e-17,4.163336342344337e-17,4.440892098500626e-16,2.220446049250313e-16,4.85722573273506e-17,4.440892098500626e-16,0.21632363402168864,0.06069942012482123,0.40718554099019844,0.11425439634967785,0.38789247371170094,0.10884085010666056,0.25406693672071157,0.07129001785487137,0.13750681811616797,0.03858378286130228,0.04570120887113622,0.01282354972459079,0.005538767884749236,0.001554152879923207,-0.09871242708110335,-0.059536670191734864,0.054603460317459176,0.03315449671472344,-0.08994133098005398,-0.08520593808087909,-0.010294444243866132,0.010992820848876386,0.3173925783854323,0.2592872919819797,0.07119301391282451,0.09701399511702462,0.08909619272079934,0.04498575159775313,0.007090803589182671,0.03973609863293048
softplus_mlp,20260840,5,9528,0.7,3.5638500924200676,True,True,128,8.931895223440733e-10,0.13256825374727899,13.940705785924862,0.8187656906294376,13.121940095295425,0.941267988636838,3.91169814229147,0.2297418997423224,3.681956242549148,26.80445919104523,0.5200890525924933,0.48954317644577483,0.5139410218921567,0.6666666666666669,0.5,False,1.1372531931674534,1.2916656633166212e-10,3.3306690738754696e-16,2.220446049250313e-16,6.661338147750939e-16,4.3298697960381105e-15,3.3306690738754696e-16,4.440892098500626e-16,2.6378958156110586,0.7401814743054385,4.549486307786016,1.2765650040842886,3.9896879870647104,1.1194881612866812,1.9736651658752162,0.5538013986820022,0.6917543347271035,0.19410309546924878,0.09034136033387366,0.025349371604047034,0.007874814482175047,0.002209636847218671,-0.3357821910982882,-0.14299785744373011,-0.11228463218228275,-0.2002951293885225,-0.09951713403341761,-0.21475314984407137,-0.005532554454658787,0.008751485387142278,0.17529512815259649,0.19645869867966886,-0.04137413910347024,-0.05402883332960274,0.8790761176877985,0.27621163430138473,-0.3273123412209977,0.2632214053850056
softplus_mlp,20260840,6,2903,0.725,3.5638500924200676,True,True,64,8.955336472382669e-12,0.2672005749885684,8.827746951344018,0.47029171518746055,8.357455236156557,0.9467257367276642,2.477025330027125,0.1319616995641094,2.3450636304630157,27.79330296815359,0.3176213694881504,0.3007003250291188,0.866752767482177,0.523809523809524,0.5,False,0.2155022166629807,1.3145734500952244e-14,3.0531133177191805e-16,1.6653345369377348e-16,2.7755575615628914e-16,2.220446049250313e-16,1.6653345369377348e-16,4.440892098500626e-16,0.7616826910919527,0.21372467172846898,1.8345624706412391,0.514769820016605,2.706990785720552,0.7595692062014716,2.0966714839301313,0.5883164076933342,1.0509189543561575,0.29488304140270966,0.3334189289780509,0.09355582314957572,0.04350163662593124,0.012206359834959003,0.601440492571862,0.5776055608916213,-0.20517367713499002,0.05827716854284227,-0.31084005258148495,-0.46388409473808545,-0.11396018600178287,-0.0851644408015987,0.12129374280538746,0.1548256633490747,0.026603506732309636,-0.0951654476361423,0.25311566620144543,0.08147187921927815,-0.10527891760417805,0.0392342861615787
softplus_mlp,20260840,7,2561,0.741,3.5638500924200676,True,True,128,2.2293786150484607e-08,-0.0442458771609302,20.047777969365804,1.3007858813724344,18.74699208799337,0.9351157079173507,5.625314603441179,0.3649945557864705,5.26032004765471,34.43507468626381,0.5821906341722815,0.5444156070168643,0.17289248433830853,0.4523809523809524,0.5,False,1.5471017911084597,4.931699493226915e-10,2.220446049250313e-16,1.6653345369377348e-16,1.1102230246251565e-16,3.219646771412954e-15,4.440892098500626e-16,4.440892098500626e-16,2.5955072132512136,0.7282874267836301,5.577251911187631,1.5649513213392046,5.632373251465892,1.58041811675675,3.8419608528067295,1.0780366045637482,1.7925044704953508,0.5029685379606225,0.5277252164887419,0.1480772767662584,0.08045505360188836,0.02257531925178552,-0.49257836385533293,-0.297941834966114,-0.30482393325953827,-0.22027865158228782,-0.08091033234897232,-0.11045587918159135,0.0336634550150053,-0.0035445233376815276,0.06217351444267149,0.015539304217159029,0.011908756039780952,0.13343869194403482,1.273930913552174,0.0865327675905565,-0.5476098867467182,0.3524642481549909
softplus_mlp,20260840,8,9579,0.797,3.5638500924200676,True,True,64,2.7590152384959765e-12,0.15112694862231923,3.711553403591437,0.4200975721632,3.291455831428237,0.8868135450356991,1.04144487207403,0.11787745311080933,0.9235674189632206,9.036599109816722,0.4107245832737526,0.36423612372630676,0.37278756285251796,0.4285714285714286,0.5,False,0.3724911151701136,1.3253287356462806e-14,1.1102230246251565e-16,5.551115123125783e-17,3.608224830031759e-16,1.1102230246251565e-16,2.220446049250313e-16,4.440892098500626e-16,0.8291294376130801,0.23264991964071408,0.9768822978519038,0.27410869495594925,1.0897335220764064,0.30577423118726416,0.5669949184411678,0.15909617513012292,0.20330035321424994,0.05704514722621142,0.04317871561352242,0.01211574967907853,0.0023341587811049813,0.0006549542546891886,-0.2768435027721523,-0.2471430628138545,0.09716358017379602,0.059391419263747317,-0.03195025150446971,-0.04241770715762444,-0.0060271450350139364,0.004480684703755829,0.09895207885700776,0.1156515855406136,-0.03709683444416639,-0.05468026864642455,0.015938731337879958,0.3791285271204063,0.29099029200943827,-0.06328422938830017
softplus_mlp,20260840,9,12279,0.819,3.5638500924200676,True,True,128,3.042011087472929e-14,0.06316630567767079,5.013190090500695,0.3594036847458617,4.653786405754833,0.928308386824014,1.4066781599942209,0.10084702650941334,1.3058311334848074,13.6802578569016,0.36645435655816777,0.3401826525811447,0.9904498888837756,0.8571428571428572,1.0,False,0.30736576784686453,1.2486105899212063e-14,2.220446049250313e-16,1.6653345369377348e-16,6.661338147750939e-16,1.942890293094024e-15,1.1102230246251565e-16,4.440892098500626e-16,0.7472452663147997,0.2096735965140934,1.7939279999080915,0.5033679737886806,1.4552466321458863,0.4083355344381746,0.7412797963664373,0.2079997129910321,0.23565292079052452,0.06612312939080502,0.03849717333199856,0.010802130374079982,0.001340301642951143,0.00037608249735358477,-0.3840701406202195,-0.20595992050630405,0.016756449777493954,0.03125974209210839,-0.14223894244258906,-0.16944606341939325,0.0050711333937855305,-0.05450642194541041,0.006859846632548377,0.00522425385838793,0.04467821129917651,0.03723376947802987,1.01652936543552,0.7529903916009644,-0.5004196177980444,-0.333629445480714
softplus_mlp,20260840,10,5210,0.904,3.5638500924200676,True,True,128,1.1057821325266559e-13,0.22782620883472493,8.128701026203519,0.2970488894592396,7.831652136744279,0.9634567825164588,2.2808762477109816,0.08335055677314575,2.197525690937836,19.49195523060171,0.41702850894310145,0.40178894544395677,0.9797238753507572,0.6904761904761906,0.5,False,0.3523659725113383,8.403000517631654e-15,4.440892098500626e-16,1.1102230246251565e-16,7.771561172376096e-16,9.769962616701378e-15,4.996003610813204e-16,4.440892098500626e-16,0.8566729041207478,0.24037849008935605,2.2530584765788237,0.6321978809857466,2.3644104905708385,0.6634427456978872,1.7186327327284117,0.4822404669556,0.7628177171685556,0.2140431548428449,0.163433165087376,0.0458585969805467,0.009675539948759734,0.0027149121589986587,-0.5788257606604091,-0.4242437971266646,-0.15683630215098512,-0.1633981254059931,-0.09154395216409571,-0.12288683815467324,-0.00176871372878388,-0.06653432446022309,0.058051843782800684,0.049913369757390615,-0.13344352952281616,-0.0789239931485286,1.1655397248443846,1.2534871143955868,-0.033347101565369686,-0.21958719702217966
softplus_mlp,20260840,11,7482,0.932,3.5638500924200676,True,True,128,5.573319583618286e-14,0.744102952704923,7.116838016022333,0.732383377665708,6.384454638356625,0.897091464493519,1.9969521252196032,0.20550341868290423,1.791448706536699,12.954868552869804,0.5493562506619017,0.4928228034349542,0.9394494481446224,0.8095238095238096,0.2,False,0.7909885883245714,1.634803403760543e-14,2.220446049250313e-16,1.1102230246251565e-16,8.881784197001252e-16,8.548717289613705e-15,6.661338147750939e-16,4.440892098500626e-16,1.4707400997368896,0.41268293042544024,2.5993666616659286,0.7293703703179061,1.6924615723694907,0.474896959321936,1.0146847075710999,0.2847158778449259,0.29799580183167107,0.08361625604440452,0.04054696099207167,0.011377291395704541,0.001042211855177394,0.0002924398692846449,-0.2852473741679634,-0.09365778516235078,-0.041218618636952954,-0.035824037329489834,0.0033507080148196555,0.004725565795789401,0.051291694092967896,-0.23706586778810462,0.011712250966529811,0.005054215124137993,-0.27666914683148824,-0.08546011289515047,1.3794828186466586,1.7222981342819783,-0.0985993793796473,-0.5359671593218954
softplus_mlp,20260840,12,13055,0.961,3.5638500924200676,True,True,128,1.1102230246251565e-14,0.3883186866791579,2.602098472567836,0.5088701683414163,2.09322830422642,0.8044385430812514,0.7301369039349396,0.14278663668366112,0.5873502672512784,4.521178410363404,0.5755354547839409,0.46298290273799886,0.1320023245898686,0.04761904761904763,0.2,False,0.3984096739522421,1.0103029524088925e-14,2.7755575615628914e-16,5.551115123125783e-17,2.220446049250313e-16,4.6074255521944e-15,3.3306690738754696e-16,4.440892098500626e-16,0.9206388064512107,0.25832702907715227,0.8970152862816512,0.25169837760278074,0.5527447381757175,0.155097639867442,0.1847059284078971,0.05182763685844898,0.040464374540077355,0.01135411801583372,0.006029325688540766,0.001691801151054166,0.0005000130227345228,0.00014030136222564402,-0.1220205053795926,-0.13078549246602228,0.08037409365149181,0.062216211620813956,-0.03739397279663978,-0.04513706329687532,-0.04831416300695092,-0.0741423666173755,0.0014014289679531514,-0.004578026578829399,0.06251996042940763,0.06550629864573913,-0.00814211540883697,0.4977417147162452,0.4598939602223258,0.01749741065545748
softplus_mlp,20260840,13,12827,0.962,3.5638500924200676,True,True,128,9.742207041085749e-15,0.6203791420249303,2.9931657062694743,0.4095497126876714,2.583615993581803,0.8631717208874103,0.8398685771423499,0.11491777209112704,0.7249508050512229,4.514698704841253,0.6629823830901072,0.5722676445299242,0.5600700769120435,0.7380952380952381,0.5,False,0.34453677779744046,1.0880185641326534e-14,8.326672684688674e-17,2.7755575615628914e-17,5.551115123125783e-16,5.329070518200751e-15,1.1102230246251565e-16,4.440892098500626e-16,1.0848519123988316,0.30440447388800024,0.9845136834674768,0.27625002677902566,0.579590599861884,0.1626304656008433,0.2587073916893186,0.07259210824820098,0.07107778264895512,0.01994410000581395,0.013555088399272674,0.003803495671185192,0.0008692478037275225,0.00024390694927834387,-0.024289335098617103,-0.014211326299917544,0.24533208804301013,0.11556466462098355,0.09128232918370044,0.09641564509987059,-0.014850236281119849,-0.032779836130194764,0.003036015776875141,-0.0037106560615333367,-0.13723279078355038,-0.14112622317748266,0.10847694172457495,0.5028153296973737,0.3486241294600575,0.0974115442758253
softplus_mlp,20260840,14,2997,1.002,3.5638500924200676,True,True,32,6.220413073521058e-11,0.2720741128447288,0.45251063684124077,0.11924580062401936,0.3332648362172214,0.7364795633171919,0.1269724104848526,0.03345982505763712,0.0935125854272155,2.2999594027118198,0.1967472279326747,0.14490031251172428,0.9415203847855167,0.3333333333333334,0.5,False,0.040115522135107495,1.3331349912881763e-14,5.551115123125783e-17,3.8163916471489756e-17,3.3306690738754696e-16,6.661338147750939e-16,6.938893903907228e-17,4.440892098500626e-16,0.1359149013635293,0.038137098317520685,0.14921774318519176,0.04186981475527327,0.10220432068626956,0.028678063901634736,0.04618683225081563,0.012959813418934242,0.016375617216619762,0.00459492312862681,0.0024703636264623435,0.000693172709962337,0.0001408585123514653,3.95242529002711e-05,-0.022433456430327493,-0.03402614049430462,0.28969173641057333,0.32295987069323695,-0.03321390682153949,-0.03531906205256132,-0.07629535614595867,-0.05425304517998914,0.009817404431373019,0.012268780672562443,0.007492935686354967,-0.013238224106641362,0.08442472591102679,-0.00039207562499714646,0.012590029803226727,0.07407400893742368
softplus_mlp,20260840,15,5030,1.01,3.5638500924200676,True,True,128,1.4210854715202004e-13,0.23190829194988383,8.904152686229285,0.36915476750538456,8.5349979187239,0.9585412806233319,2.4984644290082447,0.1035831356348399,2.394881293373405,19.0786852084004,0.46670682958324405,0.4473577621043779,0.9857267610123489,0.7380952380952381,1.0,False,0.49863694350092297,8.841018195315797e-15,2.220446049250313e-16,4.440892098500626e-16,2.220446049250313e-16,1.1546319456101628e-14,1.249000902703301e-16,4.440892098500626e-16,0.9521359742790724,0.2671649899933123,2.5660805609426656,0.7200304430313855,2.590661906765345,0.7269278559935528,2.0284062391589313,0.5691614929239411,0.6078942986259994,0.17057235373590104,0.14831902559573606,0.04161763871920285,0.010654680861528744,0.0029896546109473357,-0.6081705059785906,-0.35501097176113805,-0.35884973515527874,-0.27624377468072797,-0.04887667005954272,-0.05462815668680294,-0.03366273247644701,-0.15786933144713697,0.08441582337962614,0.03636336839156918,0.038953106222671445,0.02923639040616528,1.287217240868902,1.1057897297660249,-0.12911823485145624,-0.09572896203808091
softplus_mlp,20260840,16,9116,1.026,3.5638500924200676,True,True,64,1.644420155599846e-10,0.1475695924540268,6.538582159306837,0.36338166159858754,6.175200497708249,0.9444250064088648,1.8346961824274568,0.10196322858008589,1.7327329538473708,13.628234846696156,0.4797820284768546,0.4531181453191116,0.9557296787085825,0.6190476190476191,0.2,False,0.27266395132890403,1.0935696792557792e-14,1.1102230246251565e-16,5.551115123125783e-17,6.106226635438361e-16,9.992007221626409e-16,2.7755575615628914e-17,4.440892098500626e-16,0.5736952935129188,0.1609762696621578,1.8050386732059598,0.5064855777870921,2.0132046248182585,0.5648959896209248,1.3163037778904019,0.3693488064186653,0.6334134394280488,0.1777329076706263,0.17629072593230635,0.04946636961730183,0.020635624518941673,0.005790261650688244,-0.21708683446123916,-0.10612022648856227,0.1543565842361747,0.1434053244299125,-0.06275367532718869,-0.0790164117993934,-0.09726083382462025,-0.1389953748862908,0.007905721509070025,0.00869318462859395,-0.09557178833582405,-0.10618498727462894,0.7912588539241813,0.5074389286045362,-0.33327843526652645,-0.08165084476013953
softplus_mlp,20260840,17,20015,1.034,3.5638500924200676,True,True,32,1.0443035325380379e-15,0.0964894905245075,0.09532985697853635,0.016804570897010648,0.0785252860815257,0.8237218492754665,0.02674912089632863,0.004715285565111786,0.022033835331216844,0.6195456088229288,0.15387060390865012,0.12674657840076609,0.9918516856158341,0.9047619047619048,0.5,False,0.012182766516269266,5.8234667088541414e-15,2.0816681711721685e-17,1.3877787807814457e-17,5.273559366969494e-16,5.828670879282072e-16,2.2551405187698492e-17,4.440892098500626e-16,0.04023702562303694,0.011290324951831403,0.031162102231158756,0.008743943045594779,0.016230014561022372,0.0045540676908778785,0.005726951219744574,0.0016069562611303978,0.0016591187669813563,0.0004655411209663747,0.0003029340092806075,8.500189441888034e-05,1.1710567310711925e-05,3.2859315086285655e-06,-0.0346095330880684,-0.04745780482126794,0.010385557934448933,0.010135626988040356,0.08828764426045384,0.089148649205684,-0.0193352484243768,-0.009102575206024591,0.04547871467775544,0.04763019643957097,-0.04129792992911261,-0.04428362583996475,0.038349470421607856,0.041908881393220625,0.009230814671799764,0.008510142365249425
softplus_mlp,20260840,18,1857,1.059,3.5638500924200676,True,True,128,9.80519165860727e-09,0.2148036616015363,5.289316371684777,0.9163976320108066,4.37291873967397,0.8267455437310302,1.484157928790157,0.25713697496981913,1.2270209538203378,10.985228717464995,0.48149351349193986,0.39807261661485793,0.3587605722569998,0.4761904761904762,0.5,False,0.6197072325264313,2.540838650588739e-10,2.220446049250313e-16,1.1102230246251565e-16,3.3306690738754696e-16,2.7755575615628914e-16,3.3306690738754696e-16,4.440892098500626e-16,0.9163873450771043,0.25713408850337544,1.9556793447460024,0.5487546597163347,1.5958723744671615,0.4477944731349428,0.6572734375126206,0.18442791376398568,0.1339218406170407,0.0375778546078238,0.02699703945207907,0.0075752455215495505,0.003184989748641309,0.0008936935241511549,-0.5358027339033026,-0.29745198676679035,0.052101417872651164,0.0917979479273016,-0.025844987454813936,-0.03858099573230539,0.06804192339645686,-0.025309131624772014,-0.0007688752626667049,0.0026154508033776583,0.018986942767576814,0.1265758978429208,0.8937826794763722,0.083472110764286,-0.2556927052907372,0.2716843683875182
softplus_mlp,20260840,19,19048,1.075,3.5638500924200676,True,True,128,4.967692923685263e-13,0.4221795417958556,3.295582303853629,0.26435545433948504,3.0312268495141437,0.9197849029501202,0.924725288210911,0.07417692873831623,0.8505483594725948,5.8495643549898935,0.5633893575411947,0.5181970255491584,0.925217913441479,0.8571428571428572,0.5,False,0.47033861185223924,9.270362255620057e-15,1.6653345369377348e-16,4.163336342344337e-17,2.7755575615628914e-16,5.773159728050814e-15,1.6653345369377348e-16,4.440892098500626e-16,1.018771192026328,0.28586252665148476,1.375939456980531,0.38608230461404897,0.5761748577348477,0.16167202401703445,0.24513439363170594,0.06878358720897966,0.06554550012823271,0.018391766889309137,0.013067375315978704,0.003666645615586253,0.0009495280359979284,0.0002664332144658593,-0.17756563141307094,-0.0643984999141581,-0.1055126830342804,-0.12952084523803675,-0.025976030672988034,-0.05202923132076961,0.03147307984544139,-0.03985711194277653,-0.014571429838216318,0.016439417184714197,0.027061332445881256,0.028750426134519946,0.47042269832129047,0.5889110804502903,0.2168482061417985,0.07388430644206637
softplus_mlp,20260840,20,9519,1.089,3.5638500924200676,True,True,128,1.387223669269133e-09,0.3732758255437121,11.159872844341063,1.154905931782635,10.004966912558428,0.8965126262734917,3.131409165631555,0.32406131061432625,2.8073478550172286,21.14641772591574,0.5277429486633196,0.47312821690346923,0.4435140704256582,0.7619047619047621,0.5,False,1.2734694548070353,1.1302636604426652e-10,4.440892098500626e-16,4.440892098500626e-16,3.3306690738754696e-16,6.217248937900877e-15,4.440892098500626e-16,4.440892098500626e-16,2.5897704655727316,0.7266777216810829,3.6538813895465205,1.0252623692893088,2.9973367943574454,0.8410389653404513,1.3340635852451348,0.37433212695521256,0.4763355931987633,0.13365758403022585,0.10237337895175952,0.028725500876003982,0.006111637420453024,0.0017148974457292215,-0.7698611942147595,-0.5619051979371782,-0.05025515106177198,-0.0827988941339541,-0.09575444487879996,-0.15265258862582806,0.06215306693060784,-0.0026956527376840963,-0.0016004954239844755,0.002605321966379518,0.1575023570151738,0.24528176315878147,1.1958108657862079,0.19519554049107143,-0.12471917860896112,0.730245533362118
softplus_mlp,20260840,21,2993,1.098,3.5638500924200676,True,True,32,5.865639640667553e-09,0.67068851069115,0.3559863178131759,0.12298878016917139,0.23299753764400452,0.6545126202470603,0.09988812901258703,0.03451008796098229,0.06537804105160475,1.664491751392143,0.21387088131583534,0.13998119092457545,0.9774668161640665,0.7380952380952381,1.0,False,0.05817598821526282,8.87527898396634e-15,1.1102230246251565e-16,2.7755575615628914e-17,4.440892098500626e-16,1.1102230246251565e-16,5.551115123125783e-17,4.440892098500626e-16,0.17053408192426364,0.04785108169588042,0.10561771541156344,0.029635846815274626,0.05626997096427455,0.01578909592296119,0.01727536325566174,0.004847387742936947,0.005415373354619762,0.0015195289403832357,0.0008342376800300859,0.0002340832690478259,3.957522276077112e-05,1.1104626102243592e-05,0.005912559232512712,-0.018768430581773066,0.5144632796962253,0.5444491283559265,0.03760782021009707,0.04649023128657076,-0.06689321792061018,-0.054141248180932015,0.003908470986534934,0.008098135311116911,0.007193435202134913,0.00012581600453756515,0.23056617963916967,0.13932600848188115,-0.062070016354914,0.005108870013822193
softplus_mlp,20260840,22,11936,1.16,3.5638500924200676,True,True,128,2.8554936193359026e-13,0.9931003370337366,20.711019633020555,0.6926304671541643,20.01838916586639,0.9665573941106275,5.811417174103564,0.1943489342122768,5.617068239891288,43.05091755843985,0.4810819561489299,0.4649933218889528,0.9840013665027733,0.7619047619047621,1.0,False,0.5962372828795344,8.992806499463768e-15,4.440892098500626e-16,1.1102230246251565e-16,1.1102230246251565e-15,6.8833827526759706e-15,2.220446049250313e-16,4.440892098500626e-16,1.6878561314779092,0.47360469371812264,3.899246817672844,1.094110783718465,5.093185276415623,1.4291244424809812,4.708308883468657,1.3211298908118307,3.35655681040864,0.9418344552560394,1.6087456676855978,0.4514066602035899,0.3571200458912807,0.10020624791453414,-0.06211602281671731,0.010677395870704204,-0.07051789120529585,-0.09144563136042211,-0.09364593315232951,-0.10949414112093923,0.02054562207278579,0.14909811831675315,0.152910022620706,0.11450716546512682,0.19031225367362242,0.15521885851473274,1.467887063071778,1.9591716152945495,-0.6122747772308119,-1.1946330439467754
softplus_mlp,20260840,23,9470,1.162,3.5638500924200676,True,True,128,2.0701690361946135e-09,0.7202390795601392,5.6304638546642956,1.7474529414482307,3.883010913216065,0.6896431650119493,1.579882348766492,0.4903272854166561,1.0895550633498359,9.454409233242355,0.5955384113125964,0.41070899486380713,-0.3761246822647727,0.6428571428571429,0.5,False,1.4624897962345926,1.1970013868989327e-10,1.1102230246251565e-16,2.220446049250313e-16,3.3306690738754696e-16,6.217248937900877e-15,4.440892098500626e-16,4.440892098500626e-16,1.880276436651036,0.5275969493358279,1.673834969807706,0.4696704200234954,1.4831709745557904,0.41617097691912974,0.4808784978564239,0.13493230225345382,0.08951785241888388,0.02511829905788655,0.022116454109726805,0.006205775646053734,0.000668669204878073,0.00018762551385095063,-0.33424219443514624,-0.1391962973690545,0.1250325639008849,0.07375694827640769,-0.03913628098543994,-0.10044742518475913,0.048327113418992304,-0.005789130641848955,-0.000368207112124212,0.007371574983380004,0.014715274025210365,0.019715304032868104,0.9702062971051253,-0.6105436404584709,-0.06429548635736297,1.4753717459216107
softplus_mlp,20260840,24,16444,1.167,3.5638500924200676,True,True,128,1.1657341758564144e-14,0.6790788778018679,3.886807996678884,0.4749645721142199,3.411843424564664,0.8778008657695319,1.0906205075644775,0.13327288179837288,0.9573476257661045,6.488645659988216,0.5990168365405768,0.5258174977258444,0.39067619203323445,0.4047619047619048,0.5,False,0.4308781989700331,1.2025970497209215e-14,1.1102230246251565e-16,6.245004513516506e-17,6.661338147750939e-16,6.106226635438361e-15,1.6653345369377348e-16,4.440892098500626e-16,1.2203581355077884,0.3424268989605823,1.4046188053335822,0.394129598301864,0.8127115598511601,0.22804313839678936,0.3532333301589276,0.09911565329591655,0.07943306995752022,0.022288555325732127,0.015133766208562252,0.004246465428147546,0.0013193296613359727,0.0003701978554434844,-0.055309014070543325,-0.04723458440830557,-0.0268244412654934,-0.018926913028025263,-0.04527294654910215,-0.05433597165139104,-0.02291270621138323,-0.0238289593076691,0.11260245986365625,0.13726869092118202,0.1215358861447671,0.11110519619856388,0.16024066776120693,0.5945670509181917,0.4350189721287604,-0.01953563184068474
softplus_mlp,20260840,25,12155,1.172,3.5638500924200676,True,True,128,4.147793219999585e-13,0.9363412409424117,9.441505154422282,0.9343433253251463,8.507161829097136,0.9010387316383012,2.649243068473437,0.2621724542545703,2.387070614218867,19.67303868557915,0.4799210383977515,0.4324274437244464,0.9819665671005278,0.4047619047619048,0.5,False,0.6934179084161393,1.0335482469869817e-14,1.1102230246251565e-15,2.7755575615628914e-17,1.2212453270876722e-15,3.3306690738754696e-15,6.661338147750939e-16,4.440892098500626e-16,2.009723987730034,0.5639193388084713,2.70545073096996,0.7591370738977399,2.160888922591983,0.606335526622729,1.6341259862608144,0.4585282612577975,0.730230135203505,0.20489922871801688,0.18178295918137444,0.05100746509175781,0.01930243248460716,0.005416174076923548,-0.11488196282731403,-0.07626242517619555,0.03774590400741702,0.1508740660396905,0.07391738703875586,0.10407622676291219,0.0010458991489019735,-0.1360124743841978,0.04077991875329213,0.04135955523883533,-0.05152964391706301,-0.05286818719297077,1.5502720335963927,2.3021291830284447,-0.6010082948579697,-1.3969547033741103
softplus_mlp,20260840,26,13083,1.18,3.5638500924200676,True,True,128,1.2927159342979166e-14,0.982982802314214,8.271844002640057,0.5859662912444924,7.685877711395564,0.9291613464836288,2.3210415107620253,0.16441945537798594,2.156622055384039,14.632954009167712,0.5652887310011124,0.5252444384490155,0.4020688919782344,-0.07142857142857144,0.2,False,0.3691779991167276,1.099120794378905e-14,1.6653345369377348e-16,8.326672684688674e-17,4.440892098500626e-16,6.772360450213455e-15,2.220446049250313e-16,4.440892098500626e-16,1.4412030580781428,0.4043949719275312,2.2519278228729096,0.6318806247385439,2.1439997519450995,0.6015965027555902,1.4438247007006781,0.4051305928303608,0.6717782773363111,0.1884979053314034,0.2652221425737443,0.07442011748413431,0.053888249133164215,0.015120795694459434,-0.0779464682303467,-0.134811828528742,0.1925886445591089,0.07857007768925252,0.18830018851057434,0.17007707058461005,-0.053711641803522316,-0.03841280561972444,0.03447942751847242,0.048932940513907695,0.1719931882026971,0.17778842624941152,0.030021003280086292,0.5804397072986275,0.49725846027714443,0.10039921412686433
softplus_mlp,20260840,27,12928,1.216,3.5638500924200676,True,True,128,1.1657341758564144e-14,0.37764814025474935,1.9763712483807052,0.40338286456072775,1.5729883838199774,0.7958972207821631,0.5545607130289341,0.11318738277423072,0.4413733302547033,2.9163519232730937,0.6776861299244623,0.5393685073694994,0.4667513809908605,0.8333333333333335,1.0,False,0.3896494527997769,1.0880185641326534e-14,2.7755575615628914e-16,1.3877787807814457e-17,8.881784197001252e-16,3.9968028886505635e-15,2.7755575615628914e-16,4.440892098500626e-16,0.8996708924078305,0.25244352850905133,0.7444648845295142,0.20889343412982278,0.25309805409777286,0.07101815383202724,0.06711745394887876,0.018832849925879455,0.01109948979560219,0.003114465958938518,0.0009140112996983616,0.00025646738106138836,6.4623014002990805e-06,1.8132921511047035e-06,-0.04278589077184008,-0.018354806976809322,-0.17012785353530965,-0.1674763796993033,0.0011970703943545117,0.0016911756257540294,0.0014048839302676758,0.005387402894038125,0.026893726655751193,0.059370272507001484,0.030897716922192203,0.035615105802754066,0.19562176057125574,0.5302515085739619,0.33454672608807856,-0.06883613847265165
softplus_mlp,20260840,28,15342,1.256,3.5638500924200676,True,True,128,1.0842882147699129e-11,0.7583060098633045,4.293503198378788,0.19254748520465884,4.100955713174129,0.95515375759418,1.2047373169569102,0.05402794175158685,1.1507093752053232,11.368119957007645,0.3776792657551213,0.360741769851415,0.9985109676021351,0.8333333333333335,1.0,False,0.33659379866036043,1.1091821905395705e-14,8.881784197001252e-16,2.220446049250313e-16,4.440892098500626e-16,1.0880185641326534e-14,2.220446049250313e-16,4.440892098500626e-16,0.7748485884230124,0.2174189621698829,1.845004803149285,0.5176998906529248,1.1193992850742784,0.3140983083029004,0.454992212016066,0.1276687291038942,0.08946168619441655,0.02510253907275508,0.009529448059655022,0.0026739194445701154,0.0002671754620721674,7.496820998178946e-05,-0.08821830831894026,-0.021446014027107867,-0.05435808625421869,-0.08435064749217738,-0.10098758722176784,-0.09883813412510326,0.050857225135500825,-0.04631884128515217,0.0007248407609425808,0.0009139332146467244,-0.07843249689319175,-0.05714072687233584,2.2410571875185967,2.175678329972544,-1.2123367648636165,-1.1101918895220206
softplus_mlp,20260840,29,13936,1.286,3.5638500924200676,True,True,128,1.7008616737257398e-13,1.1483871561037078,30.93972395524671,1.506956632084691,29.432767323162018,0.9512937919464164,8.681544720708716,0.42284512339332914,8.258699597315388,54.270873811420515,0.5700981351941287,0.5423308168104034,0.5798837309875733,0.7857142857142858,0.5,False,2.619940413890189,2.3425705819590803e-14,2.220446049250313e-16,4.440892098500626e-16,6.661338147750939e-16,1.7763568394002505e-15,8.881784197001252e-16,4.440892098500626e-16,3.4988826501381705,0.981770433492678,8.000004329422037,2.2447645445124644,9.509725999102482,2.668385524780816,5.7876241444306435,1.6239808056854883,3.334319071232645,0.9355946475763358,0.75145365431176,0.21085445089568233,0.05771410660896285,0.016194313765249175,0.12515528890626507,0.09832923380060722,-0.00813453712070535,0.0034872159757067204,1.1898085499691706,1.1228861374126666,-0.7220114508800202,-1.1527356707760248,0.06193449974166031,-0.053467667654675234,0.04480744730653466,0.05304555633856996,1.2678324914601922,0.40075071433000303,-0.8110051332793902,0.6760916366768527
softplus_mlp,20260840,30,243,1.375,3.5638500924200676,True,True,128,5.644595901799221e-11,0.7734537159107693,17.20728199490853,1.9122279138870562,15.295054081021474,0.8888710073762454,4.828284453239658,0.5365623873894592,4.291722065850199,24.000126916114116,0.7169662916805349,0.6372905499408881,0.15816411446685888,0.7380952380952381,0.5,False,1.46311483615603,1.2878587085651816e-14,1.1102230246251565e-16,4.440892098500626e-16,5.551115123125783e-16,4.884981308350689e-15,4.440892098500626e-16,4.440892098500626e-16,2.161791982890523,0.6065889212030624,5.39113487552336,1.5127277342528334,6.083405966997166,1.7069758292965036,2.5493059656126276,0.7153235684729646,0.8202725762647798,0.23016472494435522,0.1834066488776192,0.051463064977874846,0.017963978742448955,0.005040610092062076,-0.18512721206970095,0.024099551197495284,-0.3139687201606175,-0.3362638153644961,-0.07595472000278808,-0.3456322170789425,0.015621575457406632,-0.0018012039399418883,-0.010273691290813378,0.07432039622397549,-0.05029650132574141,0.008043077390254965,0.9564376095645186,-0.6463949326451537,0.4370153757385059,1.9970828601275825
softplus_mlp,20260840,31,12361,1.375,3.5638500924200676,True,True,128,2.316892233622525e-10,-0.014139330349996593,92.96662256848015,1.7641929757762207,91.20242959270392,0.981023372399307,26.086008153432246,0.49502446231632263,25.590983691115923,161.72791003551254,0.5748335123360362,0.5639251108400369,0.49777409140294526,0.14285714285714288,0.2,False,2.9506879504396686,5.311308060029774e-10,2.6645352591003757e-15,1.0269562977782698e-15,6.938893903907228e-16,9.159339953157541e-16,2.6645352591003757e-15,1.5543122344752192e-15,6.5907540621827785,1.8493353792295069,18.496718805949357,5.190094511912811,27.160762109520796,7.6211853487577566,22.426197361709782,6.292688182762775,13.372931561530358,3.7523832974830142,4.516992273691742,1.267447327063197,0.40226639389531493,0.11287410622318067,-0.6005839370350395,-0.3222869348071722,-0.0786444011232565,0.1490041863516787,0.6631511352594051,0.5376962090681119,-0.1268087610333229,-0.6281672712783688,0.004884274972016362,-0.027502979960463775,0.1271454649377456,0.09624725207591461,1.2866825198961866,0.21258844835061788,-1.289965626223732,-0.03171824015031398
softplus_mlp,20260840,32,6134,1.385,3.5638500924200676,True,True,128,1.7319479184152442e-14,0.7167886563038035,8.810261282544491,0.7698269553937382,8.040434327150754,0.9126215522212748,2.4721189315125756,0.2160099149599695,2.2561090165526063,18.820390484809433,0.46812319274966946,0.4272193147979824,0.9439653197342743,0.8571428571428572,0.5,False,0.569241386681485,1.1636525076852422e-14,6.661338147750939e-16,1.1102230246251565e-16,1.1102230246251565e-15,5.773159728050814e-15,6.661338147750939e-16,4.440892098500626e-16,1.3124092750077125,0.368256026761358,2.2370787188957446,0.6277140342276951,2.604535409434645,0.7308206972493643,1.7904805375131423,0.5024006316430945,0.7343373814709291,0.20605170319391017,0.11111843296215171,0.031179322945846927,0.020301527260161132,0.00569651549130541,-0.2529567778353833,-0.21506447104436566,-0.04555558029073033,-0.013490507526652366,-0.06812597413786851,-0.03471856234822976,0.013757012607291902,-0.053907617095726855,-0.0008145758882735733,0.011237943251209656,-0.18769701392850088,-0.1543300123019186,1.3386475064263248,1.9596901497092596,-0.08046594064905561,-0.7826282663397783
softplus_mlp,20260840,33,1951,1.426,3.5638500924200676,True,True,64,1.2434509255587756e-09,0.6845420121156889,3.379767688822059,0.6122995653366842,2.767468123485375,0.8188338306914558,0.9483473213451002,0.1718084513821108,0.7765388699629895,6.710134415928708,0.5036810709483063,0.4124311007713765,0.2118479363793403,-0.2380952380952381,0.0,False,0.4325181171954474,6.945832797811136e-15,3.469446951953614e-17,6.245004513516506e-17,5.551115123125783e-16,2.220446049250313e-15,2.220446049250313e-16,4.440892098500626e-16,0.970827859147412,0.2724098472077319,0.9041349946468461,0.2536961351348211,0.8241450204484111,0.23125131503181923,0.44752663023523864,0.1255739210768378,0.1758170653638465,0.049333462632951595,0.050024049379906635,0.014036518956367582,0.007292069600396928,0.0020461213045706917,-0.08496478416402967,-0.12536151920201385,0.22356732901027979,0.0958892769403791,0.06383064843451218,0.06363800715910119,-0.08852811119950893,-0.05785254719989988,0.023617474348563556,0.01759140121313066,0.07274150299095043,0.11519363042543394,-0.02241020634799886,0.5167616675545934,0.49668815904292085,0.05868209522496661
softplus_mlp,20260840,34,10023,1.444,3.5638500924200676,True,True,64,2.425445255749281e-08,0.43698374410864016,4.685250187390316,0.646849154473569,4.038401032916747,0.8619392500715392,1.3146597263884212,0.1815029077259307,1.1331568186624907,8.718948522967096,0.5373641299806533,0.4631752352108694,0.012073063454479291,0.3571428571428572,0.2,False,0.41272076453139883,9.450773497121645e-15,2.220446049250313e-16,4.163336342344337e-17,2.7755575615628914e-16,1.7763568394002505e-15,2.220446049250313e-16,4.440892098500626e-16,1.1558797442404496,0.3243345579262393,1.3463218310671978,0.3777717345436841,1.2002960860554872,0.3367975798444469,0.6443456525251251,0.18080043655471933,0.2687214956166131,0.07540201990767102,0.06545572863028426,0.018366577418478313,0.0042296492551567085,0.0011868201931817294,-0.15020971016305984,-0.1825762339490929,0.21177310013305573,0.0849554918611925,0.05415092700377829,0.0580342210087422,-0.07826959943039846,-0.08871903315301086,0.004642587414005932,-0.02010191555829229,0.06257976851852981,0.07780646385859347,-0.1538573885119428,0.47388177661659936,0.4861740591446718,0.03370297342391045
softplus_mlp,20260840,35,9457,1.458,3.5638500924200676,True,True,128,7.642673161001312e-09,0.0018909554717130295,42.13401285241237,1.06756502432314,41.06644782808923,0.9746626311606582,11.822610873006965,0.2995538523333902,11.523057020673576,52.46386281600983,0.8031054251604742,0.782756846786307,0.3693544514039444,0.3333333333333334,0.2,False,1.7359081928027027,5.244205070198404e-10,2.0816681711721685e-16,5.551115123125783e-16,2.7755575615628914e-16,8.104628079763643e-15,6.938893903907228e-16,4.440892098500626e-16,4.16453645590399,1.1685498401746806,9.295861765597444,2.6083762011675966,12.41826273367938,3.484507600387489,9.813367527400738,2.7535859457929313,4.949949472983086,1.3889331326003596,1.3550199353724204,0.38021238274146396,0.1370149614137001,0.03844577012515662,-0.6975693537013491,-0.5903082695453515,0.04370946128487438,0.028825215243761408,0.17279692703203858,0.21896647802545807,0.1591587653575418,-0.3159430387529997,0.07423943106175775,0.004992153166401232,0.087186390316558,0.2209309816787258,0.23014943549848083,-0.2781822607776529,-0.06778010137818896,0.7126096964333627
softplus_mlp,20260840,36,2358,1.487,3.5638500924200676,True,True,32,7.642775301519578e-12,0.745128483752628,0.6343120356895484,0.06816131011080667,0.5661507255787417,0.8925429342725464,0.17798504966262838,0.019125751180101142,0.1588592984825272,3.269441185985843,0.19401237080161227,0.17316437072044433,0.9935656833879,0.9523809523809524,0.5,True,0.04416806738910464,1.1619177842092654e-14,5.551115123125783e-17,1.3877787807814457e-17,4.440892098500626e-16,6.661338147750939e-16,4.163336342344337e-17,4.440892098500626e-16,0.12793738650162903,0.03589864421450788,0.2022780878635391,0.05675830425464955,0.18084202388961432,0.05074344296193776,0.09471249212343252,0.026575891147856072,0.02379340827223531,0.006676321297251355,0.004533429707188372,0.001272059595556642,0.0002152073319083101,6.038619086869937e-05,0.017952293042598037,0.012248205566443139,0.07661985713684241,0.10410593380734923,0.36908062082488585,0.32361431154662135,-0.03687232212845743,-0.017613899758640812,0.20241149642183212,0.1854205830654443,0.020229561332485806,0.035272620489412244,0.09491895639397072,0.09997969338952375,0.000788020728470935,0.002101035646474094
softplus_mlp,20260840,37,15340,1.516,3.5638500924200676,True,True,128,1.127142823520444e-11,0.8937473945288024,12.335318742099613,0.5988700895885343,11.73644865251108,0.9514507811180728,3.4612338965478746,0.16804020204504888,3.2931936945028255,23.25204410200409,0.530504702639732,0.5047491137133839,0.9921201392329008,1.0,1.0,False,0.5683093103651504,2.2426505097428162e-14,4.440892098500626e-16,2.220446049250313e-16,4.440892098500626e-16,8.659739592076221e-15,4.996003610813204e-16,4.440892098500626e-16,1.4311346402141902,0.4015698200263985,3.5013894577516096,0.9824738322183346,3.457777573970917,0.9702365375370992,2.5399081007916653,0.712686570682022,1.0656048138512295,0.29900382626016125,0.334661000216681,0.09390434264574415,0.004843155303315488,0.0013589671781134586,-0.24723307378001005,-0.1735775488197086,-0.01509831101660853,0.017836206488395803,-0.009000188438141474,-0.01214161837357583,0.06312967066212874,-0.021653255658295047,0.09289072467782955,0.05017032947816689,-0.1676047193379126,-0.13516442031319545,1.9391129796093491,2.3989527277078557,-0.762449687847832,-1.2306750259808497
softplus_mlp,20260840,38,7011,1.556,3.5638500924200676,True,True,128,6.23945339839338e-14,0.8639220733119697,10.716174902482576,0.5783146101441446,10.137860292338432,0.946033485324118,3.006909556963338,0.1622724287349119,2.844637128228426,21.180593963881726,0.5059430779305041,0.4786390933902066,0.962342678994195,0.9047619047619048,0.5,False,0.4012881868730444,5.773159728050814e-15,4.440892098500626e-16,1.1102230246251565e-16,2.220446049250313e-16,9.325873406851315e-15,1.1102230246251565e-16,4.440892098500626e-16,1.231126145870416,0.3454483533100596,2.8717278258511936,0.8057936645424719,3.333582916522981,0.9353880859391812,2.111965153111694,0.5926077411627444,0.9151308222097576,0.2567815139464323,0.22159826987820697,0.062179458768348045,0.0310437690383231,0.008710739294099355,-0.24913827671290398,-0.2052232986110778,-0.03165740456879401,0.018749768327110256,-0.09300647595762628,-0.08955295840943814,0.01024329769874973,-0.03219277805428889,0.09861384845086968,0.13422719009034445,-0.19781045196964184,-0.14422920385541274,1.4397731935979654,1.8311175454424826,-0.11309565722664873,-0.6489741916177595
softplus_mlp,20260840,39,4943,1.563,3.5638500924200676,True,True,128,4.742872761198669e-12,0.8888211456718673,27.831584448372055,0.4267236737850082,27.404860774587046,0.9846676471267173,7.8094150221320735,0.119736706853244,7.6896783152788295,43.23728588512854,0.643694068177964,0.6338247235822205,0.9706253100485653,0.7380952380952381,0.5,False,0.7925343544967731,1.9539925233402755e-14,4.440892098500626e-16,2.220446049250313e-16,2.220446049250313e-16,1.176836406102666e-14,6.661338147750939e-16,4.440892098500626e-16,1.6464089029323832,0.46197479137355435,5.553927533438804,1.5584066078568852,8.914698022750166,2.5014234020984176,7.207965164175309,2.0225219852838054,3.568306854974207,1.001250547143837,0.9205173683430976,0.2582929541006623,0.019760601758084854,0.005544734274910599,-0.2367063195040833,-0.0980585450082546,-0.15153035169963602,0.03161914218703669,0.11665426860911665,0.17902625468187408,0.04813197627059173,-0.013729730868931271,-0.0008137574527349743,0.009450886396851134,-0.24712204712738525,-0.2148322716472283,1.4782775320548178,1.366400506998582,-0.11807015547881916,-0.37105509706807427
softplus_mlp,20260840,40,10139,1.595,3.5638500924200676,True,True,128,2.19824158875781e-14,1.13595629564648,8.388750098414436,0.7408368693150407,7.6479132290993945,0.9116868591120545,2.353844825363564,0.2078754296906939,2.14596939567287,17.876524659701793,0.46926067891287615,0.42781879446287036,0.9676297279904026,0.7380952380952381,0.5,False,0.5564000262596085,9.103828801926284e-15,6.661338147750939e-16,4.163336342344337e-17,4.440892098500626e-16,6.439293542825908e-15,2.220446049250313e-16,4.440892098500626e-16,1.7151965342220796,0.4812762854055285,2.58450404233531,0.7251999874608297,2.0424211031749664,0.573093999525676,1.28027528422064,0.35923937624190483,0.6197344296483991,0.1738946402281366,0.13444980788711336,0.03772599980371618,0.012168896925922126,0.0034145366977707853,-0.08366067166982374,-0.029451410277502837,-0.0387560714770988,0.17490323960716633,-0.13031007747494303,-0.1641053098094127,0.011472867475461217,-0.10146380780708543,0.004861347873885364,0.007687214219923132,0.05535232165532702,0.02360779602046593,1.560235449550627,2.0303778800430403,-0.24323887028695462,-0.8055993063501213
softplus_mlp,20260840,41,13689,1.6,3.5638500924200676,True,True,64,3.4643402369027854e-08,0.577396040457125,10.7506080982346,0.6583748679179731,10.092233230316628,0.9387592904604078,3.0165713538568886,0.18473697008700418,2.8318343837698845,24.985160780938205,0.4302797245329918,0.4039290889020911,0.9735964827294876,0.7619047619047621,1.0,False,0.5496321730127904,1.3268032506008609e-14,2.220446049250313e-16,6.661338147750939e-16,4.440892098500626e-16,2.1094237467877974e-15,3.885780586188048e-16,4.440892098500626e-16,1.2560117597758684,0.35243114250155266,2.638686649987804,0.7404033788065361,2.6673223090552667,0.7484384134810774,2.510219278107502,0.7043560231241132,1.4112035122949529,0.3959772368923243,0.241999522464578,0.06790395672906821,0.025165066548627334,0.0070612023222162935,-0.1311265964356944,-0.08360221386574049,0.0002592402530602455,0.09471892352759345,0.019297119382620312,0.024767747406403345,0.0306161529322906,-0.07147638031336229,0.015006218502478425,-0.00528395341961324,0.2651628782676513,0.2225140813081636,1.260133537507875,0.7667901717171353,-0.881952509953156,-0.3710323359034525
softplus_mlp,20260840,42,12306,1.611,3.5638500924200676,True,True,128,2.7998980911547733e-10,0.7761129293092315,49.19952399372741,2.1906093001867326,47.008914693540675,0.9554749899518129,13.805160912455213,0.6146749283439074,13.190485984111303,83.52413440001895,0.5890456015754442,0.562818340246457,0.637535755725077,0.7857142857142858,0.5,False,3.487552986869847,3.5793779051829233e-10,8.881784197001252e-16,9.992007221626409e-16,8.881784197001252e-16,9.992007221626409e-16,1.1102230246251565e-15,8.881784197001252e-16,6.772387043570324,1.9003007612397826,12.87952495755425,3.6139356660785587,14.853970493014538,4.167956032889084,9.268413657160359,2.600674387756459,4.298851939570655,1.2062381492178524,1.0326632164475502,0.28976056502598574,0.0937126864097242,0.02629535024748689,-0.08488937685842388,-0.06285478835184537,-0.030688604953405908,-0.0004522651939662971,2.0712178326742223,1.3764434082875987,-1.574036784470295,-1.5822028369739034,0.0919801364283782,0.0029125441349551816,0.06299849090541162,0.06340028232939829,1.701969275817688,0.30336804481461144,-1.4624380402343449,0.675498540262384
softplus_mlp,20260840,43,14526,1.634,3.5638500924200676,True,True,128,4.0325076611225086e-11,0.8092572902611059,8.60587935549408,0.3358660686385174,8.270013286855562,0.9609724869749542,2.4147702996256424,0.09424247932113336,2.320527820304509,18.3723131560554,0.46841566885972846,0.4501345702421699,0.9943771028109644,0.6190476190476191,0.5,False,0.38262582988371596,1.8512968935624485e-14,1.3322676295501878e-15,4.440892098500626e-16,2.220446049250313e-16,1.0436096431476471e-14,3.885780586188048e-16,4.440892098500626e-16,1.230249503134123,0.34520237137660015,2.4710966400836143,0.6933783902244867,2.138581490964946,0.6000761635607184,1.5894426941456454,0.4459903343090165,0.8947005418865447,0.2510488709358113,0.2500059260619818,0.07015051687884347,0.03180255921721946,0.008923652340164403,-0.12230771046808774,-0.023919683599373867,-0.05423620927261362,0.09222084437958206,-0.06486573058687581,-0.11795374987495119,0.0901183502600768,-0.05990901994936999,-0.017906534785151782,0.033582513018546964,-0.1456277097503445,-0.10609576943644074,2.2369518429161226,2.19832871003454,-1.1128690080520203,-1.2069965543114378
softplus_mlp,20260840,44,17733,1.645,3.5638500924200676,True,True,128,3.1019631308026874e-13,1.4234977070691146,4.650374213651146,0.9517049282830157,3.69866928536813,0.795348743013134,1.304873688021278,0.2670440404626422,1.0378296475586357,6.994385693562251,0.6648724301737361,0.5288054516027687,0.7821649181504122,0.9285714285714287,1.0,False,0.7851917454990853,1.0880185641326534e-14,5.551115123125783e-17,5.551115123125783e-17,4.440892098500626e-16,3.3306690738754696e-15,3.3306690738754696e-16,4.440892098500626e-16,1.5894071245503039,0.44598035364360716,1.709595692433881,0.47970471487283106,0.8120120590009262,0.22784686166457732,0.40499094927236545,0.11363860397319696,0.12138119494186736,0.034059006915030554,0.01223064645329136,0.003431863332103854,0.000756546998504051,0.0002122836199292295,0.07696063993052356,0.032279770554202225,0.22395286406528758,0.2994306131383637,-0.01687724223470828,-0.02499774408259449,0.03428554724753651,-0.05336791074255898,0.007808587280165956,0.022021373328924416,-0.16204229714200638,-0.0490906876923347,0.38359718640987217,-0.42765291265884253,0.8758124215124442,1.6248752052239515
softplus_mlp,20260840,45,6168,1.655,3.5638500924200676,True,True,128,8.881784197001252e-15,1.2379592616517527,2.092480043300042,0.7376093685104842,1.3548706747895576,0.6474951477447768,0.5871403086652062,0.2069698077591146,0.3801705009060915,4.319671013861543,0.48440727004103085,0.31365135688386125,0.9711381316112958,0.880952380952381,1.0,False,0.6210370946209219,8.43769498715119e-15,8.881784197001252e-16,2.0816681711721685e-17,2.220446049250313e-16,8.881784197001252e-15,6.661338147750939e-16,4.440892098500626e-16,0.9347641713293574,0.2622905417142831,0.5673469731341414,0.15919496006322725,0.3343161105158776,0.09380756817659998,0.19074902157663925,0.053523301101340445,0.053085993345403856,0.014895686397784281,0.011364013936779684,0.0031886902204303546,0.0008537594618374662,0.0002395609915392688,-0.01567996801352211,0.0019392917418999958,-0.05876766868790164,-0.057161146227944944,-0.060066624294001544,-0.11364914713879745,-0.005674881099517607,0.048317386599085084,0.0005535474614415592,-0.002586621588182134,0.020725027032201308,0.01516542088437785,1.5843320089706683,2.248723327567167,-0.22746217971761573,-0.9027892501858616
softplus_mlp,20260840,46,14636,1.663,3.5638500924200676,True,True,128,1.3090240003066356e-10,0.9199083484514934,37.8973807844865,1.09107918804599,36.80630159644051,0.9712096412612075,10.633831334569942,0.30615181889008186,10.327679515679861,64.10188192633294,0.5912054318161652,0.5741844153458551,0.9820397515019994,0.8333333333333335,0.5,False,1.2957547739107147,2.4591439995447217e-14,1.7763568394002505e-15,2.7755575615628914e-16,2.220446049250313e-16,1.0547118733938987e-14,5.551115123125783e-16,2.4424906541753444e-15,2.509695264526698,0.7042089873153068,6.392515361884602,1.793710508610002,10.551083731814593,2.9605857312168187,9.887462378744257,2.7743766214448367,6.633482601637516,1.8613248115419423,1.707166489074997,0.4790230915452812,0.21597495680383028,0.0606015828957526,-0.40233091838532065,-0.15346449926350272,-0.36489846448802576,-0.22158293099784793,-0.4511640664910567,-0.38551142431505797,0.25780669977631165,0.06625657457124885,-0.00611119569389291,-0.018104268905868803,0.5335595182528323,0.14156418200268311,2.7436210866217303,3.3768656798797196,-1.3905743111410844,-1.8861149645198914
softplus_mlp,20260840,47,13286,1.664,3.5638500924200676,True,True,128,8.43769498715119e-15,1.4000254145984883,4.735616890549846,0.8278245440688234,3.9077923464810222,0.8251918254365577,1.328792392424699,0.23228377249355092,1.096508619931148,10.89196911394885,0.4347806022039813,0.3587773987971092,0.9875674477959847,0.9285714285714287,1.0,False,0.5423153538810108,8.741271595447131e-15,6.661338147750939e-16,2.220446049250313e-16,1.3322676295501878e-15,5.995204332975845e-15,6.661338147750939e-16,4.440892098500626e-16,1.1695830057517331,0.3281796302934606,1.5066275973804357,0.4227527977635404,0.8828324930332003,0.24771875082818207,0.7592201142636539,0.21303368395837827,0.32727658635542045,0.09183230996486164,0.08555392840860006,0.02400604015038798,0.004523165356796327,0.0012691794658862396,0.09734215388920875,0.04507639229027594,-0.024681522118040405,-0.04436044952434373,0.2745248526438442,0.43468169365626286,0.03403653796306093,-0.015134000166310202,-0.016149024130340223,-0.019672331062421385,0.0980054048191739,0.08064460595670896,1.5640823431513,2.2317500462077007,-0.6271353316197174,-1.312960542759391
softplus_mlp,20260840,48,14542,1.683,3.5638500924200676,True,True,128,3.999156561462769e-11,1.278640936195813,8.42538496728828,0.5761920177822883,7.8491929495059924,0.9316123809156063,2.364124401643095,0.16167683904768831,2.2024475625954065,21.088009314569067,0.39953439139783753,0.3722111856278071,0.992023993393263,0.7619047619047621,0.5,False,0.39920047177487694,3.0656033267462135e-14,4.440892098500626e-16,5.551115123125783e-17,2.220446049250313e-16,1.021405182655144e-14,1.1102230246251565e-16,8.881784197001252e-16,1.3023680202883703,0.36543849671409284,2.3425761663186453,0.6573161343966339,2.470807165794989,0.6932971650659872,1.4490786229511916,0.40660481933098946,0.6199232560700234,0.17394762405650413,0.22030780817674556,0.061817361130120756,0.020323927688310265,0.005702800948765244,0.07717299195151632,0.019003529402527627,0.002722571251912654,0.15642087858771467,0.15388664672282065,0.26805031862332823,0.19785392467415433,-0.06632577632813338,0.022376421140842213,-0.0059135588502241074,-0.23630160702562517,-0.18767437260826622,2.5779701097496504,2.3524172355096997,-1.517040122269458,-1.2573373181408436
softplus_mlp,20260840,49,14720,1.772,3.5638500924200676,True,True,128,7.469846963203963e-11,1.1702575578157535,3.09815320521675,0.8090399965276359,2.2891132086891144,0.7388637866050802,0.8693275881065241,0.22701291455787617,0.6423146735486479,10.459461086341857,0.29620581592510264,0.2188557507688687,0.995591787455682,0.8571428571428572,0.5,False,0.4767416048650164,1.2835218998752396e-14,2.220446049250313e-15,8.326672684688674e-17,1.1102230246251565e-15,1.0880185641326534e-14,1.2212453270876722e-15,8.881784197001252e-16,0.7885680477440287,0.2212685795682679,1.258281310430125,0.35306796801199813,0.7882265378406922,0.22117275345480067,0.1953764770792847,0.05482174390410804,0.06071516950206612,0.017036398256818058,0.006090902294594501,0.00170907926445874,0.0008947603259523085,0.00025106564607062714,-0.019267608960392285,-0.0025057587104884817,0.008437945652092282,-0.019940979995516844,0.06451920627522652,0.2831838147999656,0.056228324694581756,-0.012842582101762574,-0.04691743855837436,0.025070584911011443,0.24778492349879233,0.17627163512773938,2.8649314258363403,2.224854550123704,-2.005459220622512,-1.50383370633891
softplus_mlp,20260840,50,7158,1.819,3.5638500924200676,True,True,128,1.1546319456101628e-14,0.7723858616867063,8.32082996957815,0.6826914128189981,7.638138556759151,0.9179539282361265,2.3347867485435696,0.19156008112434655,2.143226667419223,16.81191755986644,0.49493640091608043,0.45432881344796644,0.943086233601201,0.5000000000000001,0.5,False,0.3484040302254408,8.576472865229334e-15,4.440892098500626e-16,4.440892098500626e-16,2.220446049250313e-16,6.8833827526759706e-15,1.1102230246251565e-16,4.440892098500626e-16,1.0443986622558554,0.2930534773270012,2.2760314447010552,0.6386439905376305,2.5284176811870913,0.7094624116106254,1.6112189607251937,0.45210065489344964,0.6701163284351035,0.18803157008774585,0.17040882759528075,0.047815935905307104,0.02023806467856163,0.005678708181807606,-0.474985708965844,-0.33120720932833503,0.03993644465203062,0.021614644422004305,-0.07579781886375385,-0.073178318719202,0.01263600052518123,-0.04781402348475749,0.059434118319146696,0.027512272425233762,-0.07806052860264534,-0.05043042006633417,1.3184724914359838,1.8271357959366066,-0.029249136813392643,-0.6012468794985165
softplus_mlp,20260840,51,730,1.828,3.5638500924200676,True,True,128,1.3452572389383022e-11,1.351869309618949,5.626532190574726,1.3320704806626362,4.29446170991209,0.7632519577700007,1.5787791418448731,0.37377287094533224,1.205006270899541,7.469704938951562,0.7532469135741335,0.574917181469668,0.4722285471832321,0.04761904761904763,0.5,False,0.9286800416465354,1.7054717013631482e-14,2.220446049250313e-16,9.367506770274758e-17,4.440892098500626e-16,3.9968028886505635e-15,4.440892098500626e-16,4.440892098500626e-16,1.4819721902221408,0.41583460353008084,2.234518474207423,0.6269956413037708,1.391336766506216,0.39040271908895446,0.363317044500191,0.10194509731846688,0.13154797922447684,0.036911759982347594,0.022648464769638207,0.006355055398600827,0.0011912711446330653,0.000334265222649733,-0.031317527964720995,-0.0015771526618121629,-0.27897429244993394,-0.42125870631525636,0.07555951510744574,0.14095001417791453,0.009025139191296081,-0.1029742727586395,-0.02973671557892518,0.04542459649153675,0.07573425840374648,0.02640570335826521,1.0283576163558996,-0.00010048344599559653,0.5032213165541415,1.6649996107729401
softplus_mlp,20260840,52,738,1.869,3.5638500924200676,True,True,128,9.155398661420122e-12,1.5860203820273981,4.385721441190521,1.2355388259673195,3.1501826152232013,0.718281509089203,1.230613333181013,0.34668653111846087,0.8839268020625521,7.011783690833026,0.6254787133442619,0.4492697941240894,0.7101121287266663,0.7857142857142858,0.5,False,0.8864835881375168,8.854028621385623e-15,1.1102230246251565e-16,2.7755575615628914e-17,4.440892098500626e-16,2.220446049250313e-16,8.326672684688674e-17,4.440892098500626e-16,1.5228799282024892,0.4273131272949706,1.441434144897147,0.4044598138296909,0.9943268986447645,0.2790035699760752,0.3012593805119913,0.08453200126254978,0.11887255365890315,0.033355093670110456,0.006910814941574874,0.00193914299489573,3.7720333644192066e-05,1.058415271854987e-05,0.15540624069620584,0.050384017467727034,-0.181231091927457,-0.3968213249008004,0.1152020360951333,0.19438025222061897,0.009143017831286748,-0.06310639003323315,0.03192825015794196,-0.01587561665386543,-0.005588256805327234,-0.0026070844457178823,0.6988807916824626,-0.09599230340670739,0.7622793942971524,1.9156588317793768
softplus_mlp,20260840,53,3461,1.894,3.5638500924200676,True,True,64,1.2879339816862512e-09,1.5911801171278017,0.6753668159939148,0.32920958291974634,0.34615723307416846,0.512546996501065,0.18950483282962677,0.09237469994036515,0.09713013288926162,0.9282881015359317,0.7275400976016637,0.3728984918598244,0.9905572234779229,0.5476190476190477,0.5,False,0.271296782074811,1.0102487423002682e-14,4.440892098500626e-16,5.551115123125783e-17,0.0,1.7763568394002505e-15,4.996003610813204e-16,4.440892098500626e-16,0.4156540137688058,0.11663061099367168,0.18485117700751405,0.05186839294971272,0.061730380715229266,0.017321261869718725,0.01007770532854548,0.0028277579211257215,0.002801408627183027,0.0007860624197244792,0.0002337703036940691,6.559487566305716e-05,1.8360242941263847e-05,5.15180000985848e-06,0.0022196665279911707,-0.002045579534132184,0.02441197237439307,0.021466715587535067,-0.05607828247034383,-0.09136056032794727,-0.000652719682951364,0.02517250512640814,0.010845334746180291,-0.0008444461934953876,0.020159372698742527,0.009980825096345361,1.6067243638472304,1.9101087219576185,-0.01644959091344065,-0.2812980645845287
softplus_mlp,20260840,54,15343,1.898,3.5638500924200676,True,True,128,1.0311973497323379e-11,1.8139589005369992,14.947991988300704,1.1042263977216233,13.84376559057908,0.926128780468583,4.1943380334917855,0.3098408656610434,3.884497167830742,30.48723291871926,0.4903033354372606,0.45408403010818876,0.939152738526612,0.6904761904761906,1.0,False,1.1872635726120815,1.071365218763276e-14,2.220446049250313e-16,4.440892098500626e-16,1.3322676295501878e-15,1.1546319456101628e-14,6.661338147750939e-16,8.881784197001252e-16,1.7825857877544387,0.5001854010486609,3.8553979681266606,1.0818069975296336,4.090009088787811,1.147637802579527,3.1918113310199807,0.8956076288979231,1.37987056934372,0.38718535672377435,0.5208057187233717,0.1461356974108059,0.12751152454471593,0.035779149301458965,-0.03616780793865502,-0.0007570748296057323,0.028937202972336255,0.3549541779265239,0.2904943696729959,0.5133552477060357,0.004955954106910292,-0.1228957999836205,0.05405591300884854,0.163485678574112,-0.13956954809542282,-0.12069752170677585,1.988396278580212,2.3800322982516415,-0.37714346177022495,-1.3535181054013234
softplus_mlp,20260840,55,8280,1.986,3.5638500924200676,True,True,128,1.1679546219056647e-13,1.4661930416195212,19.115194171198034,0.3905841132649731,18.72461005793306,0.9795668247067304,5.36363586444167,0.10959611182740381,5.254039752614266,40.04440430907818,0.4773499444181909,0.4675961693276615,0.9914931303252996,0.8571428571428572,0.5,False,0.6620937183322987,1.1574075031717257e-14,5.551115123125783e-17,1.1102230246251565e-16,2.220446049250313e-16,1.2434497875801753e-14,8.326672684688674e-17,4.440892098500626e-16,1.353787124324162,0.37986646161226706,3.2922610831125017,0.9237933688947223,4.496702087752215,1.2617539938944753,5.137417203434492,1.4415357184527022,3.248112305144316,0.9114054241654854,1.3592310769504232,0.38139400976527155,0.22768329047991903,0.06388688765674441,-0.1708391976983181,-0.08043698451629872,-0.22758742830197753,-0.1384451572056908,-0.22294783143560884,-0.21124959561818216,0.11790229525088827,0.009697921462058206,0.02745088800232572,0.03385196984432722,0.3499083353789562,0.18913052308952308,1.9417322863847617,2.1346725977119942,-0.3494263059615059,-0.47102823314822195
softplus_mlp,20260840,56,15471,1.99,3.5638500924200676,True,True,128,2.4170221379904433e-11,1.0196822257359892,14.351597413121933,0.6534358747910225,13.698161538330911,0.9544694673365368,4.026992449442883,0.18335111125487896,3.843641338188004,27.736987942777283,0.5174173000590387,0.49385901477805977,0.989470155036359,0.9285714285714287,1.0,False,0.7705301732181528,1.692396223162973e-14,1.3322676295501878e-15,2.220446049250313e-16,1.3322676295501878e-15,1.1546319456101628e-14,6.661338147750939e-16,4.440892098500626e-16,1.55768255161666,0.4370785838971415,3.6868311430731966,1.0345079190942112,3.925836406911015,1.1015717005776573,3.392354578522746,0.9518791448994798,1.5170993416539096,0.4256911212064221,0.25888510641354734,0.07264197418521295,0.012908284930853227,0.003622005582756633,-0.36408431302791644,-0.22143102058739877,-0.14374309266212498,-0.010093896700016664,-0.019056656344485563,-0.02852802452339697,0.12107295280203836,-0.08901442339751724,0.014907762032294391,-0.008369309795394488,0.1485517223362305,0.10491324655556974,2.16275438739083,2.53988777377922,-0.9007205367908759,-1.267682119595088
softplus_mlp,20260840,57,11110,2.013,3.5638500924200676,True,True,128,2.0383694732117874e-13,0.9574923396216364,13.711671770060217,0.7042979746626425,13.007373795397575,0.9486351492018286,3.8474322472832103,0.1976227833377756,3.649809463945435,26.21053099881898,0.5231359780798813,0.49626517661865277,0.9658568652456618,0.9761904761904763,1.0,False,0.48802513182767265,9.957312752106873e-15,1.1102230246251565e-16,4.440892098500626e-16,1.1102230246251565e-15,8.104628079763643e-15,3.3306690738754696e-16,4.440892098500626e-16,1.6563266793641178,0.4647576739793151,3.622155058104854,1.0163601061135525,3.8469031760635692,1.0794233978150556,2.82632488257284,0.7930538067760298,1.3406218978392614,0.37617235940721033,0.36561648817566983,0.10259031067364406,0.05372358793989965,0.015074592518401389,-0.11438715832061962,-0.07822654185892584,0.05975704008034158,0.0956643452448258,-0.15893996162894475,-0.11581715018942662,0.035963251327234096,-0.03670485231206142,-0.0018569514964361556,-0.007848348445338342,-0.18032781385813593,-0.13782083032067952,1.5236573786390006,2.0702576366984857,-0.20637344512080238,-0.8320119191952514
softplus_mlp,20260840,58,14292,2.032,3.5638500924200676,True,True,128,1.4134444725755202e-09,0.8938367628231958,27.927864268342077,0.5172186958484848,27.410645572493593,0.9814801915793188,7.8364306982893845,0.14512919523426485,7.6913015030551195,44.712348621769294,0.6246118830524755,0.6130441906410627,0.993259202704538,0.9285714285714287,1.0,False,1.4899271603507331,2.818087985190232e-10,1.3322676295501878e-15,3.3306690738754696e-16,1.1102230246251565e-16,7.105427357601002e-15,3.3306690738754696e-16,8.881784197001252e-16,2.061558745910555,0.5784639343543861,5.613676105295361,1.5751717832450518,8.248569528639969,2.3145108000428536,6.998130818972124,1.9636434298559324,3.8887797052648794,1.0911737599558138,1.0064383803253216,0.2824019962191759,0.11071098393385836,0.031064994616167758,-0.3244877951322932,-0.30248609577538027,-0.09153772051485397,-0.3334281758791349,-0.16970081383011631,-0.09787584474417696,0.0502512089403757,-0.028008356773311583,0.07167656112386253,-0.04636919060274295,0.4200570615605004,0.49416461572918846,2.9494349523851286,2.870412029341214,-2.011856691709408,-1.662572218472467
softplus_mlp,20260840,59,1456,2.041,3.5638500924200676,True,True,128,1.1199374760906267e-12,1.060115912785376,1.9993632165755924,0.3505613825404438,1.6488018340351487,0.8246634830359301,0.5610121539141129,0.09836591704181126,0.46264623687230166,2.9292902030348706,0.6825418712369864,0.5628673568521545,0.9056763750540664,0.880952380952381,0.5,False,0.3064719191717382,9.769027492327609e-15,1.1102230246251565e-16,2.7755575615628914e-17,4.440892098500626e-16,6.8833827526759706e-15,1.6653345369377348e-16,4.440892098500626e-16,0.6397878259764975,0.17952153131728482,0.9656999789476721,0.27097098752880033,0.31510011724291354,0.08841564854624447,0.06946452021100616,0.019491425960578377,0.00868212157991052,0.002436163518318707,0.000619573900885773,0.00017384959659317355,9.078716700895087e-06,2.547446291359044e-06,-0.14001584402240258,-0.045203654980342844,0.06914231947236762,0.06491792627756311,0.011043232005525691,0.024330791048475856,0.04742730169180578,-0.014784911607882038,0.0005166262853813336,-0.00026766523812124044,0.08885235394259267,0.05816827268546835,0.6079045225896393,0.8503661570450695,0.37524540082046676,0.12258899755513868
softplus_mlp,20260840,60,15570,2.109,3.5638500924200676,True,True,128,4.396616404278575e-11,1.4041765765196135,8.671916112614518,0.4817196433125146,8.190196469302004,0.9444506107927191,2.4332999109751463,0.13516832381280047,2.298131587162346,22.718553187465723,0.38171075600883714,0.3605069566586968,0.9950183545997623,0.5952380952380953,0.5,False,0.5923931505819066,1.0698473357217964e-14,3.1086244689504383e-15,2.220446049250313e-16,8.881784197001252e-16,9.103828801926284e-15,1.27675647831893e-15,4.440892098500626e-16,1.0378687636226436,0.29122121770219256,3.078207063341541,0.8637307921252249,2.5677341090704213,0.7204944210565198,1.3853341034813538,0.3887183993591125,0.5082760290268636,0.14261992391540626,0.0903362263552129,0.025347931033167896,0.004159817716476423,0.001167225783521006,0.19466078928880803,0.06805490652886262,0.03621090458636842,0.17416709076155137,0.1497726807280158,0.24016046268303887,0.15471721591178597,-0.06914090885333181,0.0035400772266099825,-0.0014643159913584004,-0.12393816511108806,-0.09843761868680287,2.50848893846493,2.73636406722295,-1.5192758645758178,-1.6455271071453053
softplus_mlp,20260840,61,15883,2.173,3.5638500924200676,True,True,128,6.756678549990625e-11,1.7052276665342658,8.159579695789084,2.292804416379534,5.86677527940955,0.7190045931455535,2.289540660855418,0.6433504095068663,1.6461902513485518,12.698887345033512,0.6425428838047189,0.46199128474858264,0.27779226849086786,0.880952380952381,1.0,False,1.8212896925539452,1.1074474670635936e-14,2.220446049250313e-16,1.1102230246251565e-16,4.440892098500626e-16,6.217248937900877e-15,8.881784197001252e-16,4.440892098500626e-16,2.641336306659911,0.741146860323265,3.0096832094293577,0.8445033128162814,1.577731668076648,0.4427042740749159,0.7381499093154511,0.2071214810312639,0.17370595450570162,0.04874109460304063,0.01824033971542127,0.005118155714298012,0.0007323080865874014,0.0002054822923514497,0.014713728788440445,0.01438072880294632,-0.31993521433748845,-0.3317054304509484,-0.06679591526134053,-0.04864477044967557,-0.010696495222606272,-0.042005472660222,0.05994933383485471,0.15289096248760825,-0.10713573057779988,-0.05710319598550056,1.2962087549651995,-0.9531834678777668,0.8389192043450069,2.9705983126678186
softplus_mlp,20260840,62,16663,2.193,3.5638500924200676,True,True,128,7.438494264988549e-15,0.7522634349841675,2.7044812850265885,0.2756556910624478,2.4288255939641408,0.8980744689975779,0.7588650518097645,0.07734772336489078,0.6815173284448738,8.707382359366836,0.3105963621911335,0.27893866304738163,0.8676827952282097,0.7619047619047621,0.5,False,0.21854047633220597,1.0394463068053028e-14,5.551115123125783e-16,1.6653345369377348e-16,0.0,1.0880185641326534e-14,3.608224830031759e-16,4.440892098500626e-16,0.5385530390769769,0.15111551415207455,0.8132516382847561,0.22819468192965142,0.7160142786568533,0.2009103245334982,0.39453976715289707,0.11070605017647668,0.2026650422107803,0.05686688187076876,0.03323169885138069,0.009324662370637025,0.006225820792943249,0.0017469367766576132,-0.061473861704109026,-0.058732704147544376,-0.05045899087026286,0.1731100542612703,-0.062457596458272806,-0.031489196690785905,0.012326753842169712,0.025451295886340673,0.017815294296932453,0.003778923095990989,0.07374306218720343,0.04278165956646884,0.2614522998992208,0.26670484646190745,0.5613164737912858,0.3306585565505088
softplus_mlp,20260840,63,11025,2.223,3.5638500924200676,True,True,128,2.8954616482224083e-13,0.9985782580218365,6.953503587335104,0.7318817497147112,6.2216218376203924,0.8947463331941414,1.951121233220351,0.20536266417921065,1.7457585690411401,12.170641548270643,0.5713341864318685,0.5111991683383723,0.9428814443563657,0.8333333333333335,0.5,False,1.0820077668231465,9.325873406851315e-15,4.440892098500626e-16,2.7755575615628914e-17,1.2212453270876722e-15,1.0325074129013956e-14,5.551115123125783e-16,4.440892098500626e-16,1.636123958259516,0.4590888830423532,2.6736333568579633,0.7502092645660093,1.7642386574223612,0.4950372803768347,0.7603638080580486,0.21335459919463562,0.11313159660646281,0.03174420743652539,0.006012210130747986,0.0016869986039915992,3.775734065680769e-16,1.0594536716657518e-16,-0.006345192777887736,-0.004391725106874695,3.96508223080413e-18,0.0,-0.1471411311173426,-0.10198525022668067,0.011842480285320497,-0.012675281313096661,0.13725859643475655,0.22210776833232357,-0.43256538521907356,-0.2762288788369467,1.5619022102249518,2.005488933098288,-0.12637331980888716,-0.8337373079251869
softplus_mlp,20260840,64,17449,2.231,3.5638500924200676,True,True,128,6.0285110237146e-14,2.3622956485732716,10.568330677253652,0.26091094007223303,10.30741973718142,0.9753120007274381,2.9654251450506783,0.07321041382384827,2.8922147312268303,30.83062221563278,0.3427868112209212,0.33432409067485525,0.9869193383959683,0.8095238095238096,1.0,False,0.24173942788992417,1.2045919817182948e-14,8.881784197001252e-16,1.1102230246251565e-16,0.0,1.4654943925052066e-14,6.245004513516506e-16,4.440892098500626e-16,0.627326859179454,0.1760250411524637,1.4313451215577813,0.4016288801266083,2.5568549769340994,0.7174417864467025,2.898086623117809,0.8131898222323473,2.166128710680063,0.6078057871421667,0.7300361159212029,0.20484478779674614,0.1585522698632411,0.04448904015364311,0.3182699971603109,0.454062710716586,0.2371611475918054,0.18698452524967848,0.14417198403568718,0.05194384346886026,0.07669261422973368,0.14157318518626494,-0.10301746119325308,-0.19029974796994614,0.191944677871228,0.16072078748463392,1.001451166273288,1.008671906445094,0.4956215226044717,0.5486384379920856
softplus_mlp,20260840,65,11267,2.256,3.5638500924200676,True,True,128,2.2581936320875684e-13,1.591160880983168,9.995660816306758,0.43822581289846174,9.557435003408296,0.9561583950324176,2.8047366070661814,0.12296415436511253,2.681772452701069,22.395897974812673,0.4463165900982528,0.42674935446468687,0.9896939211110932,0.9761904761904763,1.0,False,0.3176202056484354,8.43769498715119e-15,4.440892098500626e-16,1.1102230246251565e-16,4.440892098500626e-16,8.881784197001252e-15,1.3877787807814457e-16,4.440892098500626e-16,1.4518642954962557,0.40738646627820224,2.637704622820359,0.7401278264847554,2.536483734414081,0.7117257091730412,2.1447418459565464,0.6018047309336007,0.9567591823183264,0.2684622409773217,0.24484643289383118,0.06870278674588295,0.023260702407355217,0.00652684647337672,0.2618822734889913,0.15117843731760505,0.006038037493349826,0.02010085360691256,0.2837033664792514,0.4075771415905596,0.05509667155839041,-0.08625762843978609,0.011961796115185303,0.015858462191274837,-0.27238181782625986,-0.15726437863468562,1.8934804673819277,1.7073127906530239,-0.6486199137076673,-0.4673447973017451
softplus_mlp,20260840,66,8013,2.262,3.5638500924200676,True,True,128,1.3633538742396922e-13,1.6626996076721636,11.502038878795632,0.4467162484038267,11.055322630391807,0.9611619945723396,3.227419386482965,0.12534653164956205,3.1020728548334033,24.680534079085856,0.4660368710798035,0.4479369285513162,0.9836807687474635,0.9285714285714287,1.0,False,0.356750854153594,1.021405182655144e-14,2.220446049250313e-16,5.551115123125783e-17,0.0,9.325873406851315e-15,2.220446049250313e-16,4.440892098500626e-16,1.3943812742909172,0.39125699401796354,2.37373785359098,0.6660599610066847,2.7169872318442336,0.7623741631621875,2.9907812832958793,0.8391995189856484,1.52171712720466,0.4269868506650129,0.4773337842451436,0.13393767186234407,0.027100324323812854,0.007604226783122101,0.19334609936888025,0.07372523312006121,-6.685379886650286e-05,-0.018083451215998386,0.3453313101553931,0.5732167159962805,0.02631937055826608,-0.09864329038178314,0.013398286470068266,0.017773111940674383,-0.23520282995701228,-0.13114267003034571,1.827259837017604,1.643143713219773,-0.5076856121421693,-0.39728975497650765
softplus_mlp,20260840,67,10222,2.296,3.5638500924200676,True,True,128,8.215650382226158e-14,1.657284632257309,12.00173869082965,0.403417834593206,11.598320856236445,0.9663867173760872,3.367632863221739,0.11319719520504892,3.25443566801669,24.60376602005006,0.48780087898125896,0.47140429017186886,0.9916455621775376,0.9285714285714287,1.0,False,0.4735727013651533,1.2184697695261093e-14,1.3322676295501878e-15,1.3322676295501878e-15,1.1102230246251565e-15,1.021405182655144e-14,7.771561172376096e-16,4.440892098500626e-16,1.7024263388921743,0.47769302713182443,2.6188652806467285,0.734841593426384,2.7970246190927357,0.7848322871497069,2.840844718937586,0.7971280063041267,1.488399642006783,0.4176381170387755,0.5038548704231944,0.14137936707687018,0.050323220830444534,0.014120465094050029,0.20200054400009052,0.09175000483665353,-0.03170164280601902,-0.03977784040957108,0.2671827707514695,0.43588455406014853,0.052406264180483164,-0.1332326758327187,0.014767673976960011,0.006292267863960959,-0.13441298679410824,-0.08591019275051895,1.8380460935430718,2.0242593507840034,-0.5510040845946377,-0.641980836294659
softplus_mlp,20260840,68,13255,2.305,3.5638500924200676,True,True,64,3.09408061394123e-08,1.2275837207125766,5.1387194563511756,0.2710080412279388,4.867711415123237,0.9472615612644533,1.4419011246518727,0.0760436141251688,1.365857510526704,10.223627792856417,0.5026317037814861,0.47612369246506275,0.988259564302985,0.7619047619047621,0.5,False,0.6202165424369503,9.41521166586412e-15,2.220446049250313e-16,5.551115123125783e-17,2.220446049250313e-16,1.1102230246251565e-15,5.551115123125783e-17,4.440892098500626e-16,1.190781891836145,0.3341279405575482,1.8267360886865687,0.5125737731145996,1.253557848285367,0.3517425861855279,0.6505947232044311,0.1825538971429178,0.18099405617075598,0.050786102523142376,0.033736718377674536,0.009466368534812666,0.0023181297902317086,0.0006504565933236434,0.13550830988033816,0.041740913698018786,0.04121512121748333,0.0874853987710665,0.11484868468099946,0.1397692412394651,0.0855451072276267,-0.07914468494885064,0.0016599233869474437,0.0025227445670597736,0.04642441349196017,0.03387356062281868,1.5543408287772915,1.5727197058847344,-0.75195866795007,-0.5713831591217348
softplus_mlp,20260840,69,6618,2.306,3.5638500924200676,True,True,128,1.5987211554602254e-14,1.1362848485644574,5.154272445570001,0.618886773589346,4.535385671980655,0.8799274232930261,1.4462652221350707,0.17365679182344193,1.2726084303116287,11.725585015231747,0.4395748646122567,0.3867939779626438,0.9486515211751302,0.7142857142857144,0.5,False,0.5134560461483901,1.085882685852857e-14,5.551115123125783e-17,2.7755575615628914e-17,1.1102230246251565e-15,1.1546319456101628e-14,6.661338147750939e-16,4.440892098500626e-16,1.3426020450549478,0.376727979639357,1.4681863625555651,0.4119663634781503,1.391451491898429,0.39043491050813256,0.6943148981287567,0.19482157782267304,0.20710136196890613,0.05811169285974986,0.047673313061916814,0.01337691312081642,0.002942972901473769,0.0008257847061898483,-0.09094667951503684,-0.048872018030816235,-0.150670802409463,0.1429317361486697,-0.034025010974268244,-0.0649060526863347,0.013665283186294095,-0.0676149695900017,0.0049450356615772335,0.020467408762725854,-0.09875179660910417,-0.07226959606931664,1.5564116303890159,1.7976166302950658,-0.06434281116455651,-0.5710682902655462
softplus_mlp,20260840,70,15039,2.414,3.5638500924200676,True,True,128,1.6999113228166607e-10,1.5662054915687587,9.38958279189998,0.682669907233904,8.706912884666075,0.9272949690775594,2.634673891550778,0.1915540467557462,2.4431198447950315,20.717877920250228,0.45321160922192427,0.42026084515903517,0.9948397024598595,0.9523809523809524,0.5,False,0.505347069821682,2.5465740627339528e-14,1.7763568394002505e-15,9.194034422677078e-17,1.3322676295501878e-15,8.881784197001252e-16,9.992007221626409e-16,4.440892098500626e-16,1.182593815905281,0.3318304039837514,2.610681882462228,0.7325453694067752,3.2182090733889392,0.9030147144049997,1.7275242320576778,0.4847353809106447,0.5256508168274109,0.14749520972989705,0.12034598640947582,0.033768532146017875,0.004576984848958684,0.0012842809686898578,0.3391526461313296,0.21891099618034107,0.1075553022205252,-0.035925157038690404,0.25151589637816474,0.3870090775043363,0.04960731205277726,-0.0037390840791589972,-0.01395993897600058,-0.01268726572660995,0.10834297848895219,0.08537270399474756,2.995663243922801,2.6530321165252406,-2.2716719486497894,-1.7257678957914482
softplus_mlp,20260840,71,19348,2.446,3.5638500924200676,True,True,128,1.0348011336702712e-10,1.4269218038019456,5.421386945015216,0.5662137599222044,4.855173185093012,0.8955592423737953,1.521216326283177,0.15887698563036676,1.3623393406528104,8.775762388173003,0.6177682012358902,0.5532480222614361,0.8112437002626088,0.8571428571428572,0.5,False,0.6839797719995638,9.14868181212114e-11,1.6653345369377348e-16,5.551115123125783e-16,4.440892098500626e-16,7.105427357601002e-15,2.7755575615628914e-16,4.440892098500626e-16,1.2430998210597743,0.34880811168340564,1.5089492931464124,0.4234042549533124,1.6115237740377368,0.4521861841117497,0.8304499092640273,0.2330204379332078,0.1995913420529664,0.05600441569567589,0.02452189431134527,0.006880731140600091,0.003250911097213408,0.0009121907523910032,0.11816292275064856,0.049486194058678885,0.16986991602481633,0.08571218324230546,0.1541756204002298,0.24326529502966343,0.039421030878706166,0.0015058216444671726,0.078417938515905,-0.024365001868419573,0.052815712291854236,0.04977496644992444,0.3784795499453892,0.10883914695815478,0.4355791129943969,0.9127031982871638
softplus_mlp,20260840,72,11032,2.48,3.5638500924200676,True,True,128,5.639932965095795e-14,2.0082191671542797,2.878548119997717,0.4355291425971197,2.4430189774005973,0.8486983283095281,0.8077074078172044,0.12220748103952077,0.6854999267776836,7.461853379415095,0.38576851803852447,0.32740109637373976,0.9938634494016869,0.9285714285714287,1.0,False,0.3678166305048194,1.1590744640119222e-14,4.440892098500626e-16,5.551115123125783e-17,1.3322676295501878e-15,9.325873406851315e-15,4.440892098500626e-16,4.440892098500626e-16,1.0519162780770002,0.2951628858672577,1.118116005981274,0.31373822607168256,0.5038481951277036,0.1413774940195536,0.16467905140065858,0.04620818696917514,0.03806006013247318,0.01067947841392737,0.0018827869245047273,0.0005283013807200297,4.574235409952783e-05,1.2835094887076474e-05,0.01573191508454,0.004990741517500507,-0.010879873204468008,0.004443000607616188,-0.016012070433424175,-0.022186387728359024,0.19557530686240632,-0.015202920213176202,0.018864734868434208,0.01304786848373848,0.4187026255315548,0.2912387995147791,2.30427896443064,2.72448523321567,-0.918042435985402,-0.9925971682434988
softplus_mlp,20260840,73,19241,2.542,3.5638500924200676,True,True,128,1.1552270251513619e-10,1.7692716349915418,24.613054843727507,0.5329264595635848,24.080128384163924,0.978347813266284,6.906310368125998,0.14953672173166402,6.7567736463943335,25.932287717958168,0.9491277866195704,0.9285770945495249,0.9053015622436599,0.7142857142857144,1.0,False,0.9931710228347714,2.0095036745715333e-14,2.220446049250313e-16,2.220446049250313e-16,4.440892098500626e-16,5.551115123125783e-15,4.440892098500626e-16,4.440892098500626e-16,2.68009423017184,0.7520221560026099,5.563899041655789,1.5612045673552921,8.098242577312373,2.272329746567197,5.841414929316935,1.6390742533590308,2.0325690995820827,0.570329572477008,0.3355614322198991,0.0941569997384578,0.06127353346858201,0.017193072626400404,0.3819342465929414,0.2450459002632007,0.20191168064735324,0.12232061399263922,0.3630002785040485,0.34257403580352563,0.027538321314026615,0.016651845658178694,0.13555365320224294,-0.025256895863657307,0.0646955990617295,0.04845057401996445,-0.016710084146602217,-0.12478883826169919,0.6113479398158024,1.1442743993793842
softplus_mlp,20260840,74,16647,2.589,3.5638500924200676,True,True,64,2.075638083631759e-08,1.19489630709329,1.435873115518956,0.1856756928389748,1.250197422679981,0.8706879522764324,0.4028994144767498,0.05209974831261488,0.3507996661641349,5.540044249408503,0.2591808026934551,0.22566560236652652,0.9807327588470468,0.9047619047619048,1.0,False,0.08601178040177482,6.822016909713291e-15,2.220446049250313e-16,5.551115123125783e-17,6.661338147750939e-16,6.661338147750939e-16,1.942890293094024e-16,4.440892098500626e-16,0.385555333874536,0.10818505938130547,0.4988762372190172,0.13998238542077687,0.34303983599365745,0.09625540555795736,0.15101504242828226,0.04237412868444587,0.04850895664685256,0.013611390880336404,0.008293697671299956,0.00232717355001541,0.0005840116853088203,0.00016387100191193546,0.004165516319392288,0.004485477602104652,-0.015759575962320166,-0.015151587054522481,0.23123798521735892,0.25875147863735726,-0.03328925099173101,-0.04362386728302283,-0.09341178563819377,-0.022321969313547435,0.07717745733167244,0.028736980017718218,0.25122592009611355,0.33737035299993356,0.7735500407209986,0.6466494414872697
softplus_mlp,20260840,75,20365,2.593,3.5638500924200676,True,True,128,9.547918011776346e-15,2.4131093737550153,7.0480510080198995,0.498539723421901,6.549511284597998,0.9292655908910679,1.977650806079178,0.13988796119181396,1.837762844887364,13.519623084403033,0.5213200814859189,0.4844448135653921,0.9765386806005146,0.6428571428571429,0.5,False,0.46407749497543627,8.108097526715596e-15,1.6653345369377348e-16,2.220446049250313e-16,4.440892098500626e-16,7.105427357601002e-15,1.1102230246251565e-16,4.440892098500626e-16,1.1708705059207745,0.32854089693926586,1.8279308730952968,0.5129090241430504,1.9707604961426317,0.552986361669429,1.1802974818876364,0.33118606318430854,0.6920964618450526,0.19419909477030714,0.18970003101877897,0.05322895915915512,0.016395158109723963,0.0046004062136605385,0.2873060423963511,0.17899303031257752,0.037075726835102796,0.21904870456617337,0.44762872856362435,0.6060530405972355,0.07406627079451256,-0.18097125254550403,0.030239353757950956,0.05296866557875586,-0.18702073610101652,-0.07994402396087384,1.7937493807316927,1.658560192733578,-0.06993539322320211,-0.04159898352693414
softplus_mlp,20260840,76,18638,2.624,3.5638500924200676,True,True,128,1.4163670236655435e-12,1.4613045743923432,9.892879139390637,0.7441660420987806,9.148713097291855,0.9247776070430576,2.775896539652929,0.20880958031358926,2.5670869593393397,15.961437303802663,0.6197987656809422,0.5731760193746624,0.82685608725081,0.3571428571428572,0.5,False,0.9743996554051122,1.3307063784218087e-14,2.220446049250313e-16,2.220446049250313e-16,6.661338147750939e-16,1.2434497875801753e-14,2.220446049250313e-16,4.440892098500626e-16,2.0418132593657847,0.5729234413390467,3.4340495773756885,0.9635785704565826,2.4635772153495195,0.691268474111548,1.17238533771835,0.3289659517979978,0.6259701188516764,0.17564434603549928,0.14100951866160874,0.03956662457871645,0.014074112068002773,0.003949131333536425,-0.16986522594279013,-0.10699810065144597,0.06518979887858838,0.08351532872094852,-0.10192903307700882,-0.08682107601132513,-0.0369925367127967,-0.03512686156694486,0.09243546598335756,0.18235041317271058,0.1407013150459011,0.011154608271619213,0.5614335854899501,-0.05318574983455498,0.9103312047271424,1.4664160122913235
softplus_mlp,20260840,77,8396,2.625,3.5638500924200676,True,True,128,1.0653700144303002e-12,0.9858064422255493,10.384020984814327,0.2658249353746741,10.118196049439653,0.9744005779877161,2.913708690188749,0.07458925838100083,2.8391194318077484,20.013940964110667,0.5188393931727453,0.505557404590319,0.9840566951608776,0.7857142857142858,0.2,False,0.6745041639081248,1.482147737874584e-14,9.71445146547012e-17,4.440892098500626e-16,4.440892098500626e-16,1.1324274851176597e-14,9.71445146547012e-17,4.440892098500626e-16,1.2096937632730478,0.3394345249947349,3.3705995266584843,0.9457747770669124,3.688185248417243,1.0348878748468189,1.6589682521787807,0.46549888720269994,0.41850283024940044,0.11742997583975592,0.037560114005620336,0.01053919582237949,0.0005112500317446371,0.00014345441544581571,-0.19224763004175502,-0.1368741590349545,-0.04099754282880157,-0.012497579570245164,0.07441865379455181,0.20666985419801237,0.006048335605893576,-0.0014419426990397095,0.0011316231248319378,-0.001727562359514758,-0.24080505824045614,-0.1911047575346054,1.4847736525142,1.4498152251974734,-0.10651559170291469,-0.32703263597158827
softplus_mlp,20260840,78,19315,2.698,3.5638500924200676,True,True,128,2.0453046201129865e-10,1.89643870594442,8.770562116350586,1.4040173902218183,7.366544726128768,0.8399170575846708,2.460979527451125,0.3939608439782624,2.0670186834728628,13.315073030440622,0.6586942554726904,0.5532485409045477,0.48097630328709734,0.880952380952381,0.5,False,1.394523672467787,1.4325421404670635e-10,2.220446049250313e-16,2.220446049250313e-16,4.440892098500626e-16,5.773159728050814e-15,4.440892098500626e-16,4.440892098500626e-16,2.146355909278087,0.6022576297031008,2.3239884583406396,0.6521005087401172,2.47371113100505,0.6941120043927695,1.3319429659701976,0.37373709090713425,0.39083521595321813,0.10966657009072388,0.09216894463012215,0.025862183380315505,0.011559491125032911,0.003243540223428232,0.13641948368199097,0.07583433824028771,0.15633097160588524,0.0830335656391461,0.13985017265946365,0.23706720055887298,0.122465499361203,-0.008163640188569727,-0.04371315135367159,0.0029449607940858855,0.042492462376322294,0.0442176076768548,0.7179674711004014,-0.4215382281632053,0.6246257965128257,1.8830429013869416
softplus_mlp,20260840,79,17995,2.83,3.5638500924200676,True,True,128,1.350586309456503e-12,3.5726700438219408,9.861536138091378,2.3198358987020775,7.5417002393893,0.7647591748164436,2.767101837158028,0.6509353195399894,2.116166517618039,15.918264590230564,0.6195107564767863,0.47377653491309785,0.6264330902298055,0.880952380952381,1.0,False,1.339839945836521,2.1234750069432096e-14,2.220446049250313e-16,4.440892098500626e-16,4.440892098500626e-16,6.661338147750939e-15,4.440892098500626e-16,4.440892098500626e-16,2.32808809098206,0.653250846867453,2.9593181310898777,0.8303711026970619,2.4132395288215402,0.6771439500090775,1.4858181909611983,0.4169137737082086,0.5566427996839635,0.1561914180587685,0.1138660015315591,0.03195027809215097,0.004563395021171083,0.0012804677253055456,1.1100131497713948,0.8488922646727215,-0.021477119611559126,-0.20587139330742832,0.26631138405459415,0.31788614032356594,0.009626983483533354,-0.0691078155785938,-0.016325816958297896,-0.0044521323250337475,0.07465710915244905,0.04285563285227008,0.9546373468477629,-0.8091471176974694,1.1952270070820639,3.451614464881902
softplus_mlp,20260840,80,14381,2.868,3.5638500924200676,True,True,128,2.356386197277516e-10,2.4748285294661616,33.03924740208946,1.29965294850656,31.7395944535829,0.9606633609812684,9.270661376122538,0.36467666001743015,8.905984716105108,49.6260553509753,0.6657641266955976,0.6395752035721518,0.9900724613934249,1.0,1.0,False,1.019911155923111,2.551092670444177e-10,4.440892098500626e-16,6.661338147750939e-16,8.881784197001252e-16,2.220446049250313e-15,6.661338147750939e-16,8.881784197001252e-16,2.27346522623299,0.6379239213984926,5.542689648412546,1.555253308830599,9.02831509324609,2.5333038312830163,8.68232604342338,2.436220889843198,5.584244780994103,1.5669134885530684,1.425689688522625,0.40004199154024916,0.5025169212577172,0.1410039446739125,-0.6385625849268878,-0.4190952829042569,0.296836127889893,0.08244614127302878,-0.31129074686186087,-0.22121454007393798,0.17111763341861322,0.08234444787935784,0.14232375919585213,0.02902267883721064,1.0073755006644036,1.023707783026558,3.5131381408554323,4.486915298189282,-1.706109300769283,-2.5892979967610827
softplus_mlp,20260840,81,15735,2.875,3.5638500924200676,True,True,128,4.4013681588239706e-11,1.9561374273591592,15.025317889587228,1.914765119192753,13.110552770394476,0.8725640859472455,4.21603532694725,0.5372743155682267,3.678761011379024,26.231887571648507,0.5727882848135806,0.49979448617965244,0.5483846755298053,0.9047619047619048,1.0,False,1.8284646589132318,1.5341894421538882e-14,6.661338147750939e-16,2.220446049250313e-16,4.440892098500626e-16,4.6629367034256575e-15,4.440892098500626e-16,4.440892098500626e-16,3.6207045314080064,1.015953094971324,3.999525457876536,1.1222485105035995,4.124519226911312,1.1573211891498267,2.364018312005919,0.6633327021902341,0.8191149751481099,0.22983990737721569,0.09743538623734044,0.027339922755049435,3.5735303605122226e-16,1.0027162388543625e-16,-0.6065789835969475,-0.3089914598323499,3.1720657846433043e-18,0.0,-0.05194504461987193,-0.17426254464043903,0.11075412915779524,0.07111173064483305,0.02510145739227445,-0.013914401987153775,0.3851069223593298,0.1341638002081404,1.1193768984486385,-0.3434693406799697,0.9743220482179411,2.5914996436460935
softplus_mlp,20260840,82,19114,2.911,3.5638500924200676,True,True,128,5.309541695197595e-11,2.4681942069120493,5.456108228605395,1.190871921463951,4.265236307141444,0.7817360155686752,1.5309589593035802,0.33415320245843383,1.1968057568451462,9.554943943406998,0.5710246193929961,0.4463905107559,0.7202511594453469,0.9285714285714287,1.0,False,0.99536660915853,1.2703380014578158e-14,2.220446049250313e-16,2.220446049250313e-16,4.440892098500626e-16,4.884981308350689e-15,2.220446049250313e-16,4.440892098500626e-16,1.8447764446583608,0.5176358143071184,1.500774099047212,0.42111033296243294,1.343830251771375,0.37707260881414734,0.5775517650895072,0.1620583779093006,0.1786035649336553,0.05011534163951683,0.010426420106786856,0.002925605689465657,0.0001456829984914003,4.0877981596715486e-05,0.6167118641932006,0.4185355141200837,0.05543813758101952,0.059236621102759124,0.26059870030630766,0.32494834498165565,0.05676712407228082,0.008178067664958285,-0.01887273361563516,0.0036747114196896873,0.024472401648045376,0.022932699072113073,0.5913796851861044,-0.35118712722147766,0.8816990275407264,1.9818753757722625
softplus_mlp,20260840,83,282,2.93,3.5638500924200676,True,True,128,5.046296713828724e-12,3.13275455214583,8.138096641881976,1.0094912823778441,7.128605359504132,0.8759548667457955,2.283512614402847,0.2832586265412581,2.000253987861589,11.727302431879734,0.693944467549435,0.6078640336012473,0.8277655894277873,0.9523809523809524,1.0,False,0.7206317989588324,1.0141627121429408e-14,3.3306690738754696e-16,2.220446049250313e-16,4.440892098500626e-16,4.884981308350689e-15,4.440892098500626e-16,4.440892098500626e-16,1.8392630805285517,0.516088789604386,2.6755732100536553,0.7507535784808449,2.627476735168624,0.7372579280921465,0.8316442287440612,0.2333555585047981,0.1510667696222856,0.04238864309797672,0.012734750693011283,0.00357331267106233,0.00033786707178056256,9.480395163061716e-05,0.7584395886838498,0.6045715687743243,0.0020673367762886873,0.01212700370605484,0.7860251501886253,0.7861072948138154,0.0020824913250920294,-0.00817289705639237,-0.04398595183856985,0.013135990476520856,0.029999642445075414,0.01814032524712284,0.5691227804705026,-0.2643857764183823,1.0290035140949665,1.9712310426027615
softplus_mlp,20260840,84,4634,3.0,3.5638500924200676,True,True,128,3.8966607718293744e-12,1.4349498003222005,35.66136904180999,0.6626573281375185,34.99871171367247,0.9814180625718376,10.006416688978572,0.18593860879471913,9.820478080183852,54.207041024678944,0.6578733752608701,0.6456488133661186,0.9428487888989394,0.880952380952381,0.5,False,1.4688958711805902,3.674838211509268e-14,4.440892098500626e-16,4.440892098500626e-16,0.0,1.1546319456101628e-14,9.43689570931383e-16,4.440892098500626e-16,2.6614099001992617,0.7467794186573109,6.947641846915881,1.9494764557276922,10.82429343010562,3.037247120221961,9.38738021038153,2.6340558572728674,4.6657239438735365,1.3091807519617724,0.9808180743087876,0.2752130557889862,0.19410163602536756,0.054464029347979934,-0.22437190931934006,0.1543103812053782,-0.005713829130862205,0.015445717703628282,-0.0857029522584346,0.17711253851986955,0.02265361004275528,-0.020382627886542947,-0.04873409371228363,-0.10106321834229477,0.13187457681217202,0.11118597962534064,1.7828326868926472,1.5428951508792061,-0.1378882890044532,-0.4445541213823962
softplus_mlp,20260840,85,9293,3.109,3.5638500924200676,True,True,128,1.9917567595229002e-11,2.5521231758507423,5.691125218164748,1.3541055945643472,4.337019623600401,0.7620671584869796,1.5969036493058926,0.37995582290186297,1.2169478264040297,9.131124936755068,0.6232666027004561,0.4749710088997698,0.704612898637544,0.9523809523809524,0.5,False,1.3238138980400038,1.1456981197088822e-14,1.3877787807814457e-16,4.440892098500626e-16,4.440892098500626e-16,4.884981308350689e-15,6.661338147750939e-16,4.440892098500626e-16,2.1107635972504415,0.5922705900957542,1.6634720754664118,0.46676263937263834,1.2576883545812974,0.35290158731880095,0.4881036566103637,0.13695964868121377,0.15336406165785127,0.04303325271285692,0.017511096568065765,0.004913533429846002,0.0002223760303102511,6.239769478049074e-05,0.40732321223948914,0.2504475656833665,-0.013659301579004291,-0.023271886230498706,0.20647304242598008,0.28125253518143717,0.09500532992222616,-0.02662005467775678,-0.016267150824688,0.0034668870732518595,0.10463732298245491,0.0952109446827844,0.7751054661599026,-0.2814601342971766,0.9935052545243822,2.2530973184353296
softplus_mlp,20260840,86,1661,3.204,3.5638500924200676,True,True,128,8.807399254351367e-13,2.7295137243400736,8.457408675890946,0.28260674311949724,8.174801932771448,0.9665847124160963,2.3731101074871135,0.07929815670995026,2.293811950777163,13.067119581227244,0.6472282298572674,0.6256009124241658,0.9856281257515878,0.9523809523809524,1.0,False,0.6411762873497626,9.492406860545088e-15,4.440892098500626e-16,1.6653345369377348e-16,4.440892098500626e-16,6.661338147750939e-15,8.049116928532385e-16,4.440892098500626e-16,1.7635847986282007,0.4948538105963433,2.9837692895642918,0.8372319856860573,2.766745427509295,0.7763360847847866,0.728496367792162,0.20441274152961617,0.19536893200217786,0.05481962679005689,0.01873228154014646,0.005256192335358898,0.0007115788546662254,0.000199665764892771,0.9360092863570868,0.7865616863617683,0.03569297689733302,0.04276192709026146,0.8519008303210522,0.7316234052670758,0.005930185042990239,-0.006951533027216085,-0.005369858780567275,-0.001632674417206672,-0.06215119823083383,-0.04713351854864932,0.05560529551183305,0.21429667314808426,0.9118962072211798,1.0099877584659496
softplus_mlp,20260840,87,17862,3.205,3.5638500924200676,True,True,128,7.146644387390211e-13,1.9477096720784206,4.841000723033096,1.0038225166087211,3.8371782064243747,0.7926415272295636,1.3583626127623585,0.28166799685086236,1.076694615911496,8.229749376927172,0.5882318526740642,0.4662569940686459,0.7777989448621457,0.9285714285714287,0.5,False,0.6753531076696329,9.825473767932635e-15,2.220446049250313e-16,4.440892098500626e-16,4.440892098500626e-16,3.552713678800501e-15,2.220446049250313e-16,4.440892098500626e-16,1.522044503480449,0.42707871094737593,1.4834365757529742,0.41624550339759997,1.2702457004851493,0.3564251210192111,0.46104022255729915,0.12936577313896647,0.09264531914779252,0.02599585188637404,0.010983269578588088,0.0030818550987731894,0.0006051320308360722,0.00016979727405569726,0.32337249246701,0.1591005225014054,0.15696883858035943,0.20561096113912739,0.20829960415691778,0.2917919455921928,0.0017651739787027283,-0.002740565695157302,0.0034266014334985552,-0.011011445899601475,-0.10318051614828601,-0.027555778245900744,0.4477178450882157,-0.372888914547943,0.9093396325220028,1.705402947234294
softplus_mlp,20260840,88,18118,3.401,3.5638500924200676,True,True,128,1.999067578140057e-12,2.8549339062957007,5.529609194402456,1.9478545175030662,3.5817546768993895,0.6477410158615095,1.551582993393395,0.5465590490593156,1.0050239443340794,10.388945461934018,0.5322589491554668,0.34476595242734154,0.6651381393646825,0.9761904761904763,1.0,False,1.3764989493916466,9.773432063653331e-15,3.3306690738754696e-16,4.440892098500626e-16,4.440892098500626e-16,5.329070518200751e-15,6.661338147750939e-16,4.440892098500626e-16,2.1134403816930445,0.5930216835405363,1.581778138419865,0.44383969510506066,1.1502621380605342,0.32275828338207047,0.548949771887701,0.15403278972234527,0.12451498260232485,0.03493833336793684,0.010185371584917526,0.00285796857914443,0.0004784101540617822,0.00013423969629904186,0.6225854877101923,0.45472619065114356,-0.06547790989556031,-0.21644815847271648,0.19049382306451443,0.23880817959826203,0.023764024919710528,-0.07264999024656618,-0.009287994461138021,0.007259680908280435,-0.00981440261156781,-0.0049977441862052545,0.8976743582661547,-0.6349365984344326,1.2049965193033947,3.0831723464779293
softplus_mlp,20260840,89,11610,3.591,3.5638500924200676,True,True,128,1.2567724638756772e-13,2.537095859060638,5.90313207848947,0.4290244903632742,5.474107588126196,0.9273225662819565,1.6563918025185203,0.12038230543865018,1.53600949707987,13.050777384935,0.45232034110885044,0.4194468594985892,0.9828614871252707,0.880952380952381,0.5,False,0.8053792625300468,1.2388527703688368e-14,1.3322676295501878e-15,1.3877787807814457e-17,1.3322676295501878e-15,1.1102230246251565e-14,1.0547118733938987e-15,4.440892098500626e-16,1.058903862228845,0.29712356995066136,1.869512279970528,0.5245765763118889,2.0744001356751864,0.5820671694601343,0.7398048688337094,0.2075858550861037,0.1393631023452655,0.03910464770717379,0.020680670088905943,0.005802901231140878,0.0004671593470258538,0.00013108277141607395,0.483240315948346,0.26458663602500676,-0.005525996250722775,0.004306024820161275,0.4069824504352515,0.689771594918623,0.05659958543992902,-0.05463617303309491,0.00610603148484464,0.016925639637248052,0.024661176571516907,0.016911559894945097,2.0421404116619297,1.9507549763715835,-0.4771081162304553,-0.3515243995738457
softplus_mlp,20260840,90,1571,3.866,3.5638500924200676,True,True,128,2.4167334800040408e-12,2.9117443290004963,7.215273866763496,0.3910573609585649,6.824216505804931,0.9458014528374404,2.024572773728508,0.1097289029609586,1.9148438707675495,10.302749918386239,0.7003250514590432,0.6623684511284184,0.9629248292280864,0.880952380952381,0.5,False,0.6183598934578831,9.325873406851315e-15,1.1102230246251565e-16,5.551115123125783e-17,4.440892098500626e-16,3.9968028886505635e-15,1.5265566588595902e-16,4.440892098500626e-16,1.1892731588421916,0.333704596995157,2.6498773775728752,0.743543445670985,2.3455082899908613,0.6581388748588246,0.7695809963938368,0.21594089999202107,0.2167444800526815,0.06081750759204886,0.04239702120487136,0.011896409811132444,0.0018925427061708255,0.0005310388083371025,0.7076523954835923,0.4670280692401437,-0.014266350207744628,-0.07074691242244677,0.617801576518271,0.6394482009129844,0.018609629322124715,-0.01811140113622069,-0.010976929872461795,0.0031392293289108936,0.21254297515710757,0.15531153311503645,0.3921385107869275,0.6966033385593549,0.98824252181268,1.0390722714027294
softplus_mlp,20260840,91,18148,4.473,3.5638500924200676,True,True,128,1.726507825594581e-12,3.980580583260138,10.696835156824044,1.992453476417725,8.704381680406318,0.813734301108058,3.0014829129808467,0.5590733124985989,2.4424096004822475,16.252123297980102,0.6581807780250782,0.5355842754089949,0.6964925617851209,0.9761904761904763,1.0,False,1.4131170797066235,1.3522169495239211e-14,4.440892098500626e-16,4.440892098500626e-16,4.440892098500626e-16,9.325873406851315e-15,2.7755575615628914e-16,4.440892098500626e-16,2.7043337018178626,0.7588236406378861,3.137776650697246,0.8804457452828797,2.8314460308709757,0.7944907775142288,1.5604155365509254,0.437845446942273,0.40822468850614874,0.11454597637942165,0.05067370266340242,0.014218808689843612,0.003964845717475458,0.0011125175343116328,1.1123401102681592,0.8096506918655455,-0.00027948242397845234,0.015958663571212717,0.5159154400214463,0.5473035178898646,0.011795893502194149,-0.02745768072583189,-0.010967817956772728,0.0040449828236598555,0.1356472875907555,0.06854533616274926,0.8965069836358024,-0.6869015487232812,1.3196221686225316,3.24943662039621
softplus_mlp,20260840,92,9313,4.878,3.5638500924200676,True,True,128,5.850062101409037e-11,3.0736115200106098,13.960638964323618,1.6955216339257457,12.265117330397873,0.8785498544687929,3.917291300780698,0.4757555985679479,3.4415357022127506,19.041655856564503,0.7331630751802903,0.6441203130015367,0.7651412108492927,0.880952380952381,0.5,False,1.3572654732432423,1.8979609550662246e-14,3.3306690738754696e-16,8.881784197001252e-16,0.0,3.9968028886505635e-15,6.661338147750939e-16,4.440892098500626e-16,2.818521065454936,0.7908640914637887,3.434843290567236,0.9638012827399178,4.3792759476635155,1.2288047572421108,2.312840606229074,0.648972472537002,0.8201782307711185,0.2301382520312936,0.1867702565959716,0.05240687788558004,0.008209567041760546,0.0023035668810036164,0.6390708017666228,0.46731315072523305,-0.10137823164003597,-0.3548736590802278,0.5765070492822676,0.6180669635379433,0.005611627068333564,-0.07673741902563654,0.06343145967392894,-0.021475512164327266,0.10037596289187324,0.08094547301943253,0.6703394297041759,-0.41324261793532324,1.119653421263444,2.773615140933512
softplus_mlp,20260840,93,6702,4.932,3.5638500924200676,True,True,128,1.2878587085651816e-14,1.1691949126327148,4.0172657830480905,0.4949554859122145,3.522310297135876,0.8767929450919555,1.1272263644288492,0.1388822405759806,0.9883441238528684,8.703401050630866,0.46157424662820734,0.40470504307974653,0.9750833695146103,0.8095238095238096,1.0,False,0.47286717511651677,8.43769498715119e-15,1.3322676295501878e-15,5.551115123125783e-17,1.7763568394002505e-15,8.43769498715119e-15,1.1102230246251565e-15,4.440892098500626e-16,1.1579745730576525,0.32492235729009533,1.5198694823476409,0.4264684099873456,0.7527477614452819,0.21121757142543587,0.46420332973864326,0.13025332651503907,0.10181622040719877,0.028569164742296854,0.019799707187923375,0.00555570707927229,0.0008547088637446682,0.00023982738936257267,0.09919594439705966,0.051283724024753716,-0.04304359062623792,0.05682010870996792,0.015387128230354888,0.021223338090855824,0.008611189205509233,-0.06859358272149552,0.0029103917641273495,0.00844239235859641,-0.2850495998569471,-0.13934745650859467,1.552976085892379,1.7909975186650595,-0.18179263637352844,-0.5516311299864368
softplus_mlp,20260840,94,9850,5.0,3.5638500924200676,True,True,128,5.069389352740927e-12,0.9894672767421939,45.38164188360154,1.7230740367558846,43.658567846845656,0.9620314742869956,12.733880692715863,0.4834866765077131,12.25039401620815,68.57684816353927,0.6617633078641534,0.6366371306935904,0.600505177606694,0.5714285714285715,0.5,False,0.8082903579160448,2.1094237467877974e-14,2.220446049250313e-16,1.942890293094024e-16,6.661338147750939e-16,1.4210854715202004e-14,8.881784197001252e-16,4.440892098500626e-16,2.99566965934996,0.8405711748991442,8.506472336708457,2.3868771458150904,11.71458438148171,3.2870586802731667,11.649697087203648,3.2688516029283394,7.740779479008661,2.172027239718214,2.328024870683635,0.6532331075415034,0.4464140691654609,0.12526174154040218,-0.8910169700188969,-0.43147083649404544,-0.06463596794816505,0.07559144279874859,-0.16115224382259077,-0.015121034270747749,0.10223824427931083,-0.0010993964793719754,-0.023203713833178485,0.35809760838718285,0.5809546280836011,-0.31106613235172,0.49546100896727335,-0.23225462659461404,0.9508222910348403,1.5467902517467476
softplus_mlp,20260840,95,10805,5.00001,3.5638500924200676,True,True,128,2.6689761511988763e-13,1.7315801421216679,8.238253282671845,0.560153357051274,7.678099925620572,0.9320058102329183,2.311616108711682,0.1571764643643853,2.154439644347297,20.240074891982488,0.407026818163365,0.37935135944887366,0.9917077481456057,0.8571428571428572,0.5,False,0.3177280722075604,1.4953316362920077e-14,8.881784197001252e-16,3.469446951953614e-17,4.440892098500626e-16,1.1102230246251565e-14,1.1102230246251565e-16,6.661338147750939e-16,1.0677666898039087,0.2996104387429021,1.9371796887032917,0.5435637410292504,2.054934327295193,0.5766051528558457,1.8863047442155416,0.5292884648059447,0.8929620380274403,0.2505610547218796,0.3752292507448263,0.10528760778768424,0.02387654388163884,0.006699648768173983,-0.12179000181142513,-0.02012881269280752,-0.015045490546235848,0.001104484647067189,-0.09862621238380245,-0.14538916070177585,0.12212829128263906,-0.057343181067267886,-0.020633858196072302,0.002492807117665523,0.32259307783142643,0.12542951354842433,2.19140954651626,2.6106250739418697,-0.6484552105711211,-0.7852105826715186
softplus_mlp,20260840,96,14807,5.00001,3.5638500924200676,True,True,128,1.0658487425985186e-09,2.706114760367086,24.560414901734653,0.7386640983169915,23.82175080341766,0.9699246083068075,6.891539841693134,0.2072657601081628,6.684274081584971,39.763733283716476,0.6176586772296935,0.5990823505793113,0.997751626947217,0.9761904761904763,1.0,False,0.8022517843307897,2.6683211196143475e-10,4.440892098500626e-16,1.1102230246251565e-16,0.0,4.884981308350689e-15,1.1102230246251565e-16,1.7763568394002505e-15,1.877422586274891,0.5267961720017266,5.057457501492221,1.4190993926060187,7.258682617758763,2.0367530702812706,5.797328899069577,1.626703915352636,3.180515547195709,0.8924380837343101,1.2305289686200376,0.34528078811093726,0.15847878132344756,0.04446841960623293,0.16043226675397326,0.20844133866849845,-0.27365125816336555,-0.6238763295659744,0.2758757232057586,0.28124118247903096,0.023093303692602957,-0.004634543550231341,-0.029897160672861224,-0.0903671907637589,0.7083919283712143,0.9256611328655748,4.010796970365337,4.478817333000168,-2.1689270131855736,-2.469168162766227
softplus_mlp,20260840,97,15672,5.00001,3.5638500924200676,True,True,128,1.803426297186661e-10,4.535993798606274,55.92033672327216,2.8918458238868245,53.02849089938533,0.9482863302809238,15.690990157585135,0.8114386825746333,14.879551475010503,69.72862631313131,0.8019710078920804,0.7604981440656746,0.6156872122572152,0.8333333333333335,1.0,False,1.8020472144871547,1.3111581265157213e-10,4.440892098500626e-16,4.440892098500626e-16,0.0,1.0658141036401503e-14,3.885780586188048e-16,4.440892098500626e-16,5.194398887021135,1.4575245176751606,11.445555326831892,3.2115703607105637,15.3035625405408,4.294109500590348,13.638140265232561,3.826799644081395,7.691081407648243,2.158082188699901,2.2901647284814692,0.642609725182439,0.3574335675160445,0.10029422064532621,1.0097683373131123,1.0345768964672526,-0.09591012648036394,0.062254902597844615,0.8922900333685323,0.725392713948935,-0.07913311267713616,-0.27218033769871014,-0.07654537412426553,0.024410974188749903,0.26682277579325375,-0.01417507504255119,1.1824881598797707,-1.068415268730083,1.4362131055333704,4.044128992874826
softplus_mlp,20260840,98,15698,5.00001,3.5638500924200676,True,True,128,2.058297976503809e-10,4.74812306582114,49.37687393949565,1.05193417946027,48.324939760035384,0.9786958125224925,13.854924494303239,0.29516790891334704,13.559756585389891,74.48776024782272,0.66288573821011,0.6487634961671159,0.93691080474919,0.7857142857142858,1.0,False,2.1590616942475105,3.5526598329838066e-10,6.661338147750939e-16,5.273559366969494e-16,8.881784197001252e-16,2.7533531010703882e-14,4.440892098500626e-16,4.440892098500626e-16,6.399799803355086,1.795754489496285,13.556767966224719,3.803966949973157,15.779805389100337,4.427741060899928,9.781236548979384,2.744570140529491,3.2466126736084213,0.9109846344305063,0.5756404866489215,0.16152208193976733,0.03701107157877553,0.010385137034100891,2.427209938315628,2.2913842518588665,0.1977367831275927,-0.14103377275822107,0.8301505263700143,0.7972944391693743,0.14280509789329066,0.16907292199618065,-0.038086026505858114,-0.29832693511038527,-0.027173225784870372,-0.05345618930375016,0.15481141438522505,-0.10314656340843611,1.0606685580201174,2.0863349133774842
softplus_mlp,20260840,99,17110,5.00001,3.5638500924200676,True,True,128,1.813887928747704e-11,4.402664774034205,26.874639949412757,1.1700487621880586,25.704591187224697,0.9564627185930494,7.540900782154748,0.3283103194145648,7.212590462740183,48.789655758307546,0.5508265949352745,0.5268451024651452,0.9123571865939727,0.8571428571428572,1.0,False,1.8061304062204022,2.520900155289496e-14,6.661338147750939e-16,8.881784197001252e-16,0.0,2.4868995751603507e-14,7.771561172376096e-16,4.440892098500626e-16,4.63665053309381,1.301022886163331,8.882544169678631,2.492401178312989,7.9628052316025215,2.2343266481770843,3.8718956787971015,1.086436179521752,1.2686092376931306,0.3559659370609691,0.2409976447555663,0.06762283443631448,0.01113745379198223,0.003125118482303848,2.437757813060988,2.246985079489218,0.13211937625891568,0.05717644941992915,0.6980709848019351,0.7536130927501514,-0.04425550776063138,-0.05086093703404881,-0.018194855173980628,-0.25745672617986454,-0.021034741589942275,-0.03548377621647418,0.23040650558426368,-0.4136102612872166,0.9877951988526568,2.1023018530924866
softplus_mlp,20260841,0,18834,0.557,3.508405536678966,True,True,64,1.2208383748379958e-09,0.004967279158547333,7.022276115792547,0.4536618644007284,6.568614251391819,0.9353967492989235,2.001557699752061,0.12930713386975265,1.8722505658823085,16.79750669613797,0.4180546698282958,0.3910469791866226,0.6475278518749664,0.3333333333333334,0.2,False,0.45982199800515783,2.0692372815211968e-10,3.3306690738754696e-16,1.942890293094024e-16,2.7755575615628914e-17,2.314443081630202e-10,1.1102230246251565e-16,2.220446049250313e-16,1.1074967277317704,0.3156695302619206,2.2865741053597564,0.6517416762271481,2.078339135761516,0.5923885121127869,1.1268664826155375,0.3211904869133863,0.36678877070228205,0.10454571652782248,0.052484361957879165,0.01495960527059267,0.003726531579027205,0.0010621724142399786,-0.1607020316972022,-0.36556420155573527,0.12912237605892352,0.1915940702272829,-0.10680855402685599,-0.08020980386235421,-0.0019420544384433805,-0.01254540039524224,0.021014579117174696,-0.022211405194351733,0.10019451343362387,0.2106630054490582,-0.2756296502044101,-0.021506722036254915,0.2997181009157369,0.10474773675758892
softplus_mlp,20260841,1,12797,0.598,3.508405536678966,True,True,64,2.0055068716828828e-12,0.049691187908529555,3.1694574930468744,0.44183412038960646,2.727623372657268,0.8605962940475151,0.903389719321633,0.12593587479281082,0.7774538445288223,3.711443244856442,0.8539690044942257,0.7349225604991765,0.4253859056473833,0.3333333333333334,0.2,False,0.3981485655671123,1.1384339651532294e-14,8.326672684688674e-17,7.806255641895632e-17,2.220446049250313e-16,7.216449660063518e-16,8.326672684688674e-17,2.220446049250313e-16,1.1274854197714035,0.3213669024244768,1.1320785200440946,0.32267607270843407,0.6198263927899071,0.17666897008053145,0.24048930508274666,0.06854660972585064,0.04661170598972594,0.013285723529512008,0.002791381695963105,0.000795626864334905,0.000174767673031547,4.981398849261335e-05,-0.04542378380484729,-0.14324168779959853,-0.16797943138103005,-0.1797765160040654,-0.09659155630401876,-0.08618073921508133,-0.00592783210034295,-0.0037621330528543003,0.027385840692198488,0.05187802219077419,-0.07726586219469826,-0.06843855399266284,0.0924567831561545,0.48839489770872396,0.32303702984511407,-0.009182101926705455
softplus_mlp,20260841,2,19817,0.656,3.508405536678966,True,True,32,8.604228440844963e-16,-0.06489624161054453,0.1554864684660676,0.015374146251990442,0.14011232221407716,0.901122287980027,0.044318271317417335,0.00438208926854662,0.03993618204887072,0.9630027238771173,0.16146005053866103,0.14549525015876902,0.9990606035572804,1.0,1.0,False,0.014558609590331714,6.998958704262925e-15,5.551115123125783e-17,6.938893903907228e-18,2.7755575615628914e-16,1.1102230246251565e-16,7.112366251504909e-17,2.220446049250313e-16,0.060127930280129124,0.01713824974094809,0.06210116373006386,0.017700680004298596,0.02504167137169541,0.00713762166599466,0.0066392336390591325,0.0018923791932399549,0.0013906047384797011,0.000396363739579558,0.00018337911134292214,5.2268504716962575e-05,2.485595296564309e-06,7.084686392660175e-07,-0.09893431441938783,-0.10594832006640818,0.06449712949328032,0.06285439179968909,-0.0893679872693508,-0.08722526385409787,-0.017172661125221967,-0.014405324200068433,-0.03432264043010331,-0.038698940790051164,-0.04502056535313305,-0.04399615908656241,0.15905177497501768,0.1684914546200308,-0.0036269774816453074,-0.005968080033076451
softplus_mlp,20260841,3,2319,0.682,3.508405536678966,True,True,32,1.4155343563970746e-15,-0.010055301138591766,0.6787774191804469,0.08036652525657442,0.5984108939238725,0.8816010624607863,0.19347176718429568,0.022906851678454725,0.17056491550584096,2.3031169437271597,0.2947212129324071,0.2598265344509417,0.9667711026744511,0.9761904761904763,0.5,False,0.1731835451104924,5.451368523257116e-15,5.551115123125783e-17,4.163336342344337e-17,2.7755575615628914e-16,1.1102230246251565e-16,6.071532165918825e-17,2.220446049250313e-16,0.30730103596257313,0.08758994157028446,0.27630017328738016,0.07875377301705097,0.07567067180043505,0.021568393678931545,0.017324678468257367,0.004938049004636105,0.0020872058507672743,0.0005949157897929354,8.969184143918958e-05,2.5564844343533704e-05,3.961969594082782e-06,1.1292792559645649e-06,-0.178177882860222,-0.12313348429368236,0.015870668726411907,0.01406154189402153,-0.06830336355996604,-0.0693569449868418,-0.07187151678148544,-0.04654939009145078,-0.008492853357216803,-0.00979116620057464,-0.009685329641396397,-0.013890455936671535,0.28401636254052487,0.2805530038923289,0.026588613794758378,-0.04194840541572121
softplus_mlp,20260841,4,2961,0.699,3.508405536678966,True,True,32,9.120482147295661e-14,0.13393045432155337,1.4246460672231518,0.23343510779372004,1.1912109594294318,0.836145192013396,0.406066531456826,0.0665359535416445,0.3395305779151815,5.220167567992038,0.27291194174656513,0.22819400793443045,0.61963217992391,-0.14285714285714288,0.2,False,0.04990428020526507,4.593547764386585e-15,8.326672684688674e-17,4.163336342344337e-17,1.1102230246251565e-16,3.608224830031759e-16,6.938893903907228e-17,2.220446049250313e-16,0.3213161509413601,0.09158466647658865,0.4651648724626289,0.13258583353592326,0.3561300737517594,0.10150767065795645,0.20437125133342837,0.05825188941153162,0.06379714267689698,0.018184084482230908,0.012096803937242964,0.0034479491640221614,0.001769772119833645,0.0005044377285725355,-0.09825845311359352,0.007605241803499419,0.03526201570128405,0.054942548740001255,-0.07418168613750896,-0.06007835877426441,-0.06175066811684437,-0.053071079690719,0.11589615980509257,-0.009099160881024505,0.030129193479911106,0.09428884569858322,0.19103019612267286,0.08259040901507007,-0.004196303419460264,0.016752008410407665
softplus_mlp,20260841,5,9528,0.7,3.508405536678966,True,True,64,2.4837227829976882e-09,0.0841955106336294,7.6346852538025685,1.1496260912229233,6.485059162579645,0.8494206305819438,2.1761125314576697,0.3276776527696259,1.8484348786880438,10.628986424780985,0.7182891151316796,0.6101295931152977,-0.3055703228941524,0.6666666666666669,0.2,False,1.3985842184626458,1.985908633719835e-10,1.1102230246251565e-16,2.220446049250313e-16,1.1102230246251565e-16,1.1102230246251565e-15,2.220446049250313e-16,2.220446049250313e-16,2.2541205841979592,0.6424914567691896,1.8909429417742594,0.5389750192801867,2.1023091518826416,0.5992206801362746,1.017108584930854,0.2899062193060049,0.326642198358838,0.09310274851180272,0.0427099044501263,0.01217359395988048,0.0008518881418129556,0.00024281347549672019,-0.1083135342242803,-0.16907396392955526,-0.15297428611124222,-0.25292755818751445,-0.16703750234478612,-0.1797328808720453,0.008693002615122862,0.006592445943096995,0.15478470772750813,0.24827559577425265,-0.0684667269561737,-0.0606276722827112,0.53361194576019,-0.4405045084819005,-0.11610209583270917,0.9321940526700075
softplus_mlp,20260841,6,2903,0.725,3.508405536678966,True,True,32,2.0215454699101798e-08,0.09262691060269801,8.880476006657352,0.2687146495428243,8.611761357114528,0.9697409632837948,2.53119997497882,0.07659167297894184,2.4546083019998783,26.259126013707082,0.33818627482201064,0.32795308391525474,0.9375617727976137,0.9047619047619048,0.5,False,0.2879555437290597,9.103828801926284e-15,1.3877787807814457e-16,1.6653345369377348e-16,0.0,8.326672684688674e-16,1.3877787807814457e-16,2.220446049250313e-16,0.9928281934328522,0.2829855850622836,1.6778314483744596,0.4782319007404954,2.5900789837075737,0.738249599890703,2.11672442430262,0.6033294618233609,1.106811320821627,0.3154741688924957,0.36176874919540547,0.10311486098549869,0.03443288682281096,0.009814397583981956,0.5088884819255776,0.5335777311932312,-0.1653540725505834,-0.2678480846424494,-0.16250125081774008,-0.1532768246505695,-0.09592165259268812,-0.06933053196539464,-0.048982359218412416,0.0040126629107373225,-0.21345781717069592,-0.18818240429062189,0.3428110816234594,0.17659044417250055,-0.07285550059621905,0.0570839178752636
softplus_mlp,20260841,7,2561,0.741,3.508405536678966,True,True,64,3.474592480401384e-08,-0.08932629772292855,11.26051041332282,1.0909443168368564,10.169566096485964,0.9031176850077675,3.2095806187736056,0.3109516005009892,2.8986290182726164,21.367183412825515,0.5270002225264642,0.47594322096667857,-0.3792814413923371,0.8095238095238096,1.0,False,0.9171988184541311,1.540452626569433e-10,3.0531133177191805e-16,3.3306690738754696e-16,1.1102230246251565e-16,1.2212453270876722e-15,1.1102230246251565e-16,2.220446049250313e-16,2.29357253389914,0.6537364366578389,3.721468868918639,1.0607293911756157,3.0207032001033003,0.8609903184005001,1.5053105825250948,0.42905831916740506,0.5861104822869028,0.16705893208734107,0.128020105141282,0.03648954027773683,0.005324640391533686,0.0015176809909421007,-0.2054390832765791,-0.3018762427323174,-0.07710544691878517,-0.2446810662801577,-0.146677453969193,-0.08467147878648842,-0.0125254676113995,-0.004775312411985355,0.011625957987809212,0.03978986802893492,0.09944800621003802,0.1588385568781961,0.41799149258977775,-0.40894004542996726,-0.1766443027345967,0.7569894230108578
softplus_mlp,20260841,8,9579,0.797,3.508405536678966,True,True,32,1.8750506980413917e-09,0.2734449668639505,3.5359045449573676,0.33792078332053826,3.1979837616368294,0.9044315877241498,1.0078380358230856,0.09631748091482374,0.9115205549082619,6.993127497372184,0.5056256369251181,0.4573037975982191,0.6153414764575406,0.7857142857142858,0.5,False,0.5402328464197295,5.665606872540252e-15,1.6653345369377348e-16,2.7755575615628914e-17,1.1102230246251565e-16,5.551115123125783e-16,2.220446049250313e-16,2.220446049250313e-16,1.250822786766499,0.3565217229563831,1.2452815514249695,0.354942305958092,0.6672470452281035,0.19018526742484715,0.3065681383087303,0.08738104392541968,0.05765457353827925,0.016433269454036576,0.007960483169600737,0.002268974634310969,0.00036996652118426654,0.0001054514699958188,-0.2683573543851927,-0.12348697916581076,0.07750378159169652,0.0825749366061736,-0.023621916716486807,-0.019721336763261123,-0.026507571183947934,-0.0121681192683482,0.0364925587384983,0.038909964665975176,-0.04108276289683316,-0.03285368926396076,0.1152475710664595,0.27434031272396375,0.403770660649757,0.06584987732921818
softplus_mlp,20260841,9,12279,0.819,3.508405536678966,True,True,64,9.938716516444401e-13,0.011472538827220768,4.211253884572483,0.28870314257915414,3.9225507419933288,0.9314448498019106,1.2003326982999887,0.08228898841963368,1.1180437098803548,8.698236621716697,0.4841503016896939,0.45095930503890663,0.9686658627595887,0.9523809523809524,1.0,False,1.0236010045058532,8.688362529429838e-15,2.7755575615628914e-16,4.440892098500626e-16,3.885780586188048e-16,8.326672684688674e-16,4.440892098500626e-16,2.220446049250313e-16,1.3199903329889942,0.37623653229053117,1.7213755090205007,0.49064325404352876,0.7853206847455311,0.223839768959238,0.32520918434473073,0.09269429686642544,0.05135101199127472,0.014636566797771974,0.007656109638083457,0.0021822191186400535,0.0003510518433666133,0.00010006022385283223,-0.3829241715335627,-0.27162018427799883,0.023958723385881838,0.041288299383571335,-0.1203403728954136,-0.10992852094809819,-0.0029659594467605333,-0.03867221871594542,0.006016390253335067,0.012128366882149367,0.04089477369631099,0.045718290606099575,0.7531532082565602,0.8918754420965427,-0.3063200528891301,-0.559316936199099
softplus_mlp,20260841,10,5210,0.904,3.508405536678966,True,True,64,7.042810779012143e-12,0.1936095814275176,4.791029837087466,0.7922675180344101,3.998762319053056,0.8346352360610553,1.3655861008652448,0.22581982320788532,1.1397662776573596,9.862419692495958,0.4857864486068087,0.4054544872082054,0.9690618620680056,0.5000000000000001,0.5,False,0.6980376112320483,5.915407053080912e-15,1.1102230246251565e-16,3.3306690738754696e-16,7.771561172376096e-16,1.7763568394002505e-15,3.3306690738754696e-16,2.220446049250313e-16,1.7283298931584168,0.4926254605088905,1.6267273623793215,0.4636657152009773,0.8874726448078495,0.25295611796574846,0.3887078020491449,0.1107932928463832,0.13082935175272864,0.03729025917470501,0.026753265161656225,0.007625476838969047,0.0022095177783464726,0.0006297783295707565,-0.5097456186218353,-0.8446789827296539,-0.1795320967248101,-0.11745666767021139,-0.11168431955724784,-0.06006092383760213,-0.020061521674097752,-0.06155908384597537,0.037433601052984225,0.048092270261528236,-0.11145641520896821,-0.057722956624146365,1.084177530680635,1.6983540961474353,0.004478421480858376,-0.4113581702738549
softplus_mlp,20260841,11,7482,0.932,3.508405536678966,True,True,64,3.391287251020003e-12,0.8220919239841411,4.727615880127213,0.7684184554367965,3.9591974246904167,0.8374617407757503,1.347511235717164,0.2190221305385855,1.1284891051785786,7.284440733245608,0.6490019005235022,0.5435142613791825,0.9474063156347164,0.6190476190476191,0.5,False,0.7234355830931442,7.902532794812345e-15,4.440892098500626e-16,4.440892098500626e-16,8.881784197001252e-16,1.7763568394002505e-15,6.661338147750939e-16,2.220446049250313e-16,1.8948434876072702,0.5400867909360663,1.3542251578147884,0.38599447631036665,0.9826079302848626,0.28007250587541627,0.40538429129836673,0.11554658863128488,0.08652262886966697,0.024661524434706237,0.003967416716443068,0.0011308318479620798,6.496753581361882e-05,1.8517681361065424e-05,-0.1706294624117342,-0.19574942329382244,-0.053506236729464036,-0.04587128380483689,0.004290796703007761,0.0037748863931160496,0.011938978365386195,-0.15122456460318853,0.012607985397134888,0.016683382175102374,-0.2876382416474438,-0.13182986338608393,1.3355841038321667,1.9364838313050088,-0.030555999524911545,-0.6101750408011526
softplus_mlp,20260841,12,13055,0.961,3.508405536678966,True,True,64,9.492406860545088e-14,0.3534684803097634,2.308694827305184,0.5112352536496064,1.7974595736555776,0.7785609221265749,0.658046740369296,0.1457172633849901,0.5123294769843059,3.07688716103243,0.7503345772779382,0.5841811803889654,0.13377312351299606,0.880952380952381,1.0,False,0.4374670138539615,8.019409789006282e-15,3.3306690738754696e-16,1.3877787807814457e-16,0.0,7.216449660063518e-16,1.6653345369377348e-16,2.220446049250313e-16,1.1046154633383236,0.3148482841535889,0.8313177067637234,0.2369502892617834,0.27034161511161126,0.07705540659005883,0.08878262178167241,0.02530568967968095,0.012571058156774933,0.0035831257320026394,0.001008350395924761,0.0002874098747658627,5.8011757151713245e-05,1.6535077414860882e-05,-0.11476294066929653,-0.1761950940825985,0.06064604927951354,0.0627250743715939,-0.03382189573433983,-0.02961103035142011,-0.03466828780778062,-0.026768356500236786,-0.0041295420727356525,-0.011492841229942683,0.04960081676965289,0.04481365947799028,-0.08598635987439113,0.4110590719926719,0.5165906404191407,0.07893799663170618
softplus_mlp,20260841,13,12827,0.962,3.508405536678966,True,True,64,4.107825191113079e-13,0.5823394993448991,1.7229622123384716,0.47047694412262714,1.2524852682158445,0.7269371662631664,0.491095511714822,0.1340999320642897,0.35699557965053236,3.087079871985466,0.5581203868335102,0.40571845243845417,0.2810441431874545,0.5714285714285715,0.5,False,0.38059009056207127,7.363359054435303e-15,1.1102230246251565e-16,2.7755575615628914e-17,2.220446049250313e-16,5.551115123125783e-16,1.1102230246251565e-16,2.220446049250313e-16,0.6961969355978528,0.1984368478271381,0.6109477653214747,0.1741382969939655,0.31202252151102855,0.0889357054790157,0.089721799738659,0.025573383350543072,0.012568954332816469,0.003582526079557542,0.0014289205648349381,0.0004072848904997297,7.531527180312483e-05,2.146709410178898e-05,-0.01236094794590994,-0.01451880950389279,0.19114174505251202,0.12703909461141658,0.08822999177425295,0.07241290248612747,-0.020030238313335315,-0.02369699418511149,-0.002029049059624075,-0.006972433903308204,-0.10495760157817507,-0.08971832586336696,-0.012930917090362495,0.4423067513174566,0.4552765165055413,0.07548731438557843
softplus_mlp,20260841,14,2997,1.002,3.508405536678966,True,True,32,3.219646771412954e-15,0.16239074150289357,0.7255501349679534,0.11491682546035376,0.6106333095075996,0.8416142180644354,0.20680338329837275,0.03275471557063306,0.17404866772773972,3.329811713198338,0.217895243773724,0.18338373520858225,0.9377308787254455,0.9285714285714287,0.5,False,0.07088839682628117,4.19976553533985e-15,6.938893903907228e-17,4.163336342344337e-17,2.498001805406602e-16,5.828670879282072e-16,5.551115123125783e-17,2.220446049250313e-16,0.23445533891640896,0.06682674977714888,0.2643058143208399,0.07533502371878881,0.1535999040910218,0.04378054431997576,0.05996132485571434,0.01709076223624745,0.011628260161122207,0.0033144002423760406,0.0015329794554655145,0.0004369447714749142,6.651316737957009e-05,1.8958232360598492e-05,-0.11595379265486029,-0.0762660886290803,0.1364302000862429,0.18765688536504105,-0.03519727994543824,-0.03259824231488589,-0.08012498787087793,-0.07872118596023184,0.02040850658891584,0.020636821513256555,-0.018891316538489203,-0.030278167197999122,0.2735769368519968,0.1700469620511532,-0.017857525014596087,0.0019137566756404958
softplus_mlp,20260841,15,5030,1.01,3.508405536678966,True,True,64,4.512168416681561e-12,0.4481337862980064,4.923810372186016,0.778901136488557,4.144909235697459,0.8418092741977897,1.4034325053673422,0.22201000663847423,1.181422498728868,9.925963104699697,0.49605366454109767,0.4175825753104953,0.9885362545216144,0.6904761904761906,1.0,False,0.6545191750535198,1.453871745216162e-14,8.881784197001252e-16,8.326672684688674e-17,1.2212453270876722e-15,2.6645352591003757e-15,8.881784197001252e-16,2.220446049250313e-16,1.7420730670281315,0.4965426741052195,1.5068534548851504,0.42949808371113457,0.9759547017366234,0.278176137716524,0.5454285173670765,0.1554633612519537,0.13200160480225553,0.037624386184046274,0.020354229946443165,0.005801561345644879,0.0011447964203334113,0.0003263010528187309,-0.55899833774093,-0.8918884378993766,-0.16959165070380436,-0.061754630026593704,-0.04205752181634073,0.005775400014837305,-0.02665425521589242,-0.13143750224433173,0.03432509608590189,0.025195857234054247,0.04184265670113381,0.03288807581070067,1.3430016659332356,1.9662328599134042,-0.17373386694529622,-0.49687783650468553
softplus_mlp,20260841,16,9116,1.026,3.508405536678966,True,True,32,1.917087932845618e-08,0.2230462218192104,6.193089898436415,0.28808332835351746,5.9050065700828975,0.9534831024451542,1.7652149484117945,0.08211232291755396,1.6831026254942405,12.754445402451541,0.485563245050705,0.46297634932428283,0.9648507583574747,0.9285714285714287,1.0,False,0.623661177796068,7.556455461354972e-15,3.3306690738754696e-16,2.220446049250313e-16,6.106226635438361e-16,5.551115123125783e-17,3.3306690738754696e-16,2.220446049250313e-16,1.1263234922059855,0.321035718485428,2.0467085667212643,0.5833728585033148,1.6737307480003807,0.47706307908313345,0.8904955982674665,0.2538177496750857,0.3680511518356923,0.10490553272358792,0.08326855353931714,0.023734016113239467,0.004511787866306232,0.001285993828004576,-0.2755619328444433,-0.15025719759859582,0.06394320385851182,0.10953205335612971,-0.054252659373278424,-0.05207799508742557,-0.0354391251326606,-0.06770018896689346,-0.0033684444906776903,-0.019672363075819082,-0.10706385700548897,-0.08173479653789352,0.8338199362895135,0.9235059551461169,-0.19903089948226532,-0.43854924541640866
softplus_mlp,20260841,17,20015,1.034,3.508405536678966,True,True,32,4.2327252813834093e-16,0.08663583720134271,0.06763693710500715,0.008388095756824669,0.05924884134818248,0.8759835067072589,0.019278540179546017,0.0023908569488705076,0.016887683230675507,0.7039034429917983,0.09608837373707126,0.08417183057999736,0.9993862207838972,1.0,1.0,False,0.003399015020000201,6.89162268918686e-15,1.3877787807814457e-17,8.673617379884035e-18,2.7755575615628914e-16,2.914335439641036e-16,2.2659825404947043e-17,2.220446049250313e-16,0.021663499598263577,0.006174742164718536,0.026820183077053743,0.0076445504365614345,0.014175365033824033,0.004040400941574828,0.004105589358340668,0.0011702151633892904,0.0007911428003663302,0.0002254992451970706,7.175981720368743e-05,2.0453683718563166e-05,9.39741995426382e-06,2.678544386051607e-06,-0.05410505515601928,-0.056597661403617626,0.01135025634765573,0.011013348599939524,0.0983598429283783,0.09501250328640956,-0.07838949927298747,-0.07291776587140614,0.07421559438538586,0.0727430170854153,-0.02260880293368197,-0.0209896505146383,0.045732122604178235,0.04499345778460741,0.012081378298433585,0.013378588234633264
softplus_mlp,20260841,18,1857,1.059,3.508405536678966,True,True,64,1.4107124357565226e-08,0.044906027391282466,2.9240092216223883,0.5642939613197121,2.3597152603026763,0.8070136177591761,0.8334296565927315,0.16084057427804344,0.6725890823146881,6.936122313992597,0.42156252287011053,0.34020669669309334,-0.0994710817853881,0.880952380952381,1.0,False,0.3869585883782599,2.3078159045245017e-10,5.551115123125783e-17,5.551115123125783e-17,1.1102230246251565e-16,8.326672684688674e-16,1.1102230246251565e-16,2.220446049250313e-16,0.964760857170276,0.2749855588483401,1.1751304463894052,0.3349471530881735,0.5847533229341753,0.166672101278149,0.16777997699424613,0.04782228714445183,0.028183621386814538,0.008033170935391059,0.003226809023900809,0.0009197366125910534,0.0001741876433705564,4.964866277558132e-05,-0.2232877256321712,-0.28428772622041615,0.06488818142196448,0.0844044170704263,-0.04191076166643264,-0.0333669600305541,-0.02610495792640007,-0.01796228734960648,0.0029849978252729807,0.006181907563473866,0.05513914529741023,0.10300633114468542,0.3189432954349144,-0.1843506652965524,-0.10574614736327559,0.37128101050982687
softplus_mlp,20260841,19,19048,1.075,3.508405536678966,True,True,64,6.6643912610686584e-12,0.39044330892645696,1.076662485639143,0.06685163177948027,1.0098108538596626,0.9379084600130793,0.30688085353391176,0.019054704788421237,0.28782614874549056,1.9580179950261485,0.5498736418021349,0.515731140584424,0.9932102483823748,0.8571428571428572,1.0,True,0.11497248904385733,5.843849709696869e-15,1.1102230246251565e-16,1.1102230246251565e-16,0.0,1.4988010832439613e-15,1.249000902703301e-16,2.220446049250313e-16,0.3035053343030979,0.08650805362438063,0.4922511775813972,0.14030623667506778,0.20016045862701057,0.05705168816273194,0.06819694319170998,0.01943815858193656,0.011329257192285952,0.0032291754969153747,0.0011615779101816015,0.00033108427689951253,5.773683345713476e-05,1.645671597924454e-05,-0.0668642765607442,-0.0884300328214493,-0.11024670885044932,-0.11764808340495482,-0.03906771961516634,-0.03724770476978471,-0.03325205559552331,-0.026118866328333223,0.0205804003306005,0.04199133978565511,0.026626265941355115,0.020121319116550976,0.2281660506558163,0.19678649651635138,0.3645013526205683,0.400988840832423
softplus_mlp,20260841,20,9519,1.089,3.508405536678966,True,True,64,2.4886082083952488e-09,0.44504692343504293,7.302652512377145,1.0048370320140152,6.2978154803631305,0.8624010891506979,2.081473317731048,0.28640846148167565,1.7950648562493725,14.243742179906985,0.5126919892357131,0.44214612991571695,0.23418152630027278,0.7380952380952381,0.5,False,1.4035000609134607,1.3480927485431948e-10,1.1102230246251565e-16,4.440892098500626e-16,2.220446049250313e-16,1.2212453270876722e-15,3.3306690738754696e-16,2.220446049250313e-16,2.562858450400596,0.7304909377228327,2.3589624378669303,0.6723745055139517,1.6355964058334695,0.4661936565582195,0.5962727948262732,0.16995549362594528,0.13610132250679607,0.038792927751342195,0.012507018573156555,0.003564872544636222,0.0003540823025189679,0.00010092399490799457,-0.3250079251374326,-0.45796943993527456,-0.04716439070034942,-0.060995862521306406,-0.16100609776683103,-0.09637984066669926,-0.00614974776568431,-0.01273334420575686,0.0007959451689465557,0.004484985027450147,0.18516740660234488,0.1809094977362725,0.6652396779663498,-0.18196286212272134,0.13317205506769936,1.06969379012308
softplus_mlp,20260841,21,2993,1.098,3.508405536678966,True,True,32,6.319944567678704e-14,0.5582259659852418,0.3676716622221324,0.10529887923215303,0.26237278298997935,0.7136062143170129,0.10479736688882552,0.03001331463289967,0.07478405225592584,1.2777798911700358,0.28774256408548055,0.20533488185491022,0.9696021750487706,0.9761904761904763,0.5,False,0.10510010973775327,6.129211721495054e-15,5.551115123125783e-17,5.551115123125783e-17,2.220446049250313e-16,1.1102230246251565e-16,5.551115123125783e-17,2.220446049250313e-16,0.18827325578857013,0.053663481550308,0.11517031183258258,0.032826966731332334,0.05185704181824129,0.014780800359621147,0.010453247705526868,0.002979486720175982,0.0018186665264727274,0.0005183740897280266,9.574584258413414e-05,2.7290414857447333e-05,3.392708153406856e-06,9.67022802220969e-07,-0.02554036752924628,-0.025794237980115667,0.19804259037235303,0.2866848048296693,0.04536746130122562,0.043604985492699914,-0.06188585724791692,-0.06419793055618227,0.011731120393000845,0.011787711156277468,-0.00038873746543615956,-0.008669714194727804,0.46985622818236233,0.37716674524716126,-0.07895647202110041,-0.06235639800954034
softplus_mlp,20260841,22,11936,1.16,3.508405536678966,True,True,64,5.366374011828157e-12,0.8396443302990348,12.490837775438195,1.0810012622238456,11.40983651321435,0.9134564645175755,3.560260535691077,0.3081175339972569,3.25214300169382,21.368783617599586,0.584536677377864,0.5339488066984343,0.9745783157934322,0.8571428571428572,0.5,False,1.0186556504294577,7.216449660063518e-15,8.881784197001252e-16,2.220446049250313e-16,4.440892098500626e-16,1.3322676295501878e-15,8.881784197001252e-16,2.220446049250313e-16,1.938638563251594,0.5525696909846678,2.7926119879760116,0.7959775341762458,3.4254919884737656,0.9763671709731464,2.48819751794461,0.7092103498103363,1.3455924207744347,0.3835338893143362,0.42080612596971156,0.11994227051871659,0.07949917104806574,0.02265962991362713,-0.05403681858971197,-0.09818800860897124,-0.15771421400909916,-0.1215616293466749,-0.0913447435245026,-0.07064440859750672,0.10168622658578165,0.15366137451677342,0.07894934614831642,0.06100831138972188,0.15980368807328557,0.13210284015297752,1.3375659782722138,2.309739172975649,-0.5352651326572492,-1.5264733221829327
softplus_mlp,20260841,23,9470,1.162,3.508405536678966,True,True,64,1.2162417295513706e-08,0.7422405275531985,3.4974760092475456,1.869411851808088,1.6280641574394576,0.4654968763573371,0.9968847593822446,0.5328380178015741,0.4640467415806705,4.722217001779766,0.7406427972135492,0.34476690859946785,-0.38873990235691946,0.7380952380952381,0.5,False,2.1201906023008106,1.1690045806367344e-10,3.3306690738754696e-16,4.440892098500626e-16,1.1102230246251565e-16,2.220446049250313e-15,8.881784197001252e-16,2.220446049250313e-16,2.4338676407600515,0.6937247177713484,0.6731583222021853,0.19187015730210955,0.2799287522535879,0.07978802602123546,0.0911523435730475,0.02598113092117957,0.017384453802450926,0.004955086753997925,0.0018592043827207721,0.0005299285853027935,0.00012529221505119147,3.571201041080111e-05,-0.16778930610489404,-0.16274598534320517,0.08703797113909452,0.07157881718972653,-0.09291328800397501,-0.08092667558095162,-0.025704504116589595,-0.026416614272594098,0.010084517134636211,0.022770889725375016,0.017435692092315113,0.01462308696952368,0.8792269250090436,-0.971201057570879,0.03486252040356751,1.8745580664362054
softplus_mlp,20260841,24,16444,1.167,3.508405536678966,True,True,64,1.1762812945903534e-13,0.6015755369087008,3.2538315021436612,0.4504647075296977,2.8033667946139635,0.8615586863570144,0.9274388231708576,0.1283958490032782,0.7990429741675794,5.420911302049205,0.6002369935316324,0.5171393956499969,0.545155776516372,0.7142857142857144,0.5,False,0.32349864632745673,8.85055917443367e-15,5.551115123125783e-17,1.942890293094024e-16,2.220446049250313e-16,9.992007221626409e-16,1.1102230246251565e-16,2.220446049250313e-16,0.8552510347733706,0.24377200008153724,1.361166938126981,0.38797309031026467,0.8176947486833471,0.23306734074344543,0.17992151796657097,0.0512829876949982,0.03477569773646669,0.00991210889758917,0.004823404768465906,0.0013748139198958482,0.00019816008845723802,5.6481523126546845e-05,-0.08198769229898017,-0.11231572309927512,-0.018692845388161575,-0.015548025598342684,-0.037954386593337705,-0.03648843231519856,-0.025210801395255694,-0.01671614813867601,0.15393769116375852,0.23952399056072388,0.09198338323296301,0.057567084593094814,-0.06367397059335939,0.2880990102148356,0.5831741587810739,0.19745378069153985
softplus_mlp,20260841,25,12155,1.172,3.508405536678966,True,True,64,3.8906655674963986e-12,0.803964730703697,4.588108341160259,1.5240960924492784,3.0640122487109807,0.6678160193436368,1.3077474348941238,0.4344127486162782,0.8733346862778454,8.090306500378148,0.5671118073148165,0.37872634968375624,0.9510692824576973,0.6428571428571429,0.5,False,1.4172545819591567,1.1048670658930781e-14,2.220446049250313e-16,2.220446049250313e-16,1.1102230246251565e-16,1.5543122344752192e-15,2.220446049250313e-16,2.220446049250313e-16,1.7855590675351725,0.5089374785405713,1.1606359546188334,0.3308157915283317,1.0111188364486055,0.2881989627133367,0.4512446182052517,0.12861814675859762,0.1478991569457795,0.04215566171001425,0.030489995020099362,0.008690556066377947,0.0011607123865155855,0.00033083757689377847,-0.07910020313254038,-0.11438118675051444,0.04156137306261265,0.12893988617326294,0.06334376539878014,0.07010891603899602,-0.020110420816222642,-0.10297237032346161,0.04985535557366054,0.08266251633997028,-0.03776761417717415,-0.033443508183296014,1.1302582098844034,2.5230793718226288,-0.34407573508982264,-1.7500288944138873
softplus_mlp,20260841,26,13083,1.18,3.508405536678966,True,True,64,2.120525977034049e-13,0.7792827941451586,5.550400226291146,0.6630531985705284,4.887347027720617,0.8805395698440309,1.5820292632262571,0.18898989630433952,1.3930393669219174,10.227494670768998,0.5426940228240485,0.4778635614144144,0.15766486575486496,0.2380952380952381,0.2,False,0.38226154362242704,8.867906409193438e-15,3.3306690738754696e-16,1.5265566588595902e-16,5.551115123125783e-16,1.1102230246251565e-15,3.3306690738754696e-16,2.220446049250313e-16,1.1682911035130812,0.33299773680638356,1.8567705650785855,0.5292348748361037,1.4359386608451117,0.40928525674496624,0.6832917761027604,0.19475849326972616,0.3067212891123037,0.08742469646272537,0.08949211796788449,0.02550791720976394,0.009894713671416425,0.002820287896587547,-0.12145658941410936,-0.1599277536269391,0.11581273657172453,0.07372309578975393,0.15183113128747025,0.12397595482299495,-0.043528391999801304,-0.028550105802488138,0.04832427393540539,0.09103270346421212,0.1311201240882871,0.10538404018824607,-0.11206103852611776,0.49330544431829115,0.6092405482023002,0.0803394149910887
softplus_mlp,20260841,27,12928,1.216,3.508405536678966,True,True,64,3.368416656712725e-13,0.3575586794365251,1.410593387875618,0.46466140493385616,0.9459319829417618,0.6705915333733092,0.40206109958738595,0.13244233030532201,0.26961876928206396,2.2035632487003824,0.6401420012371135,0.42927380618625477,0.2673817232942258,0.5714285714285715,0.5,False,0.43349185814654756,6.355538925001403e-15,5.551115123125783e-17,2.7755575615628914e-17,2.7755575615628914e-16,7.771561172376096e-16,1.1102230246251565e-16,2.220446049250313e-16,0.7071499291421091,0.20155877698548288,0.4425867455119763,0.12615039535336217,0.21228800116299415,0.06050839874228012,0.04383453077028573,0.012494145933819045,0.004600027281495535,0.0013111446876377612,0.0001328997321166441,3.788037919996162e-05,1.254274638264047e-06,3.5750560337199084e-07,-0.02863406973767704,-0.05539921247516075,-0.17847520644456832,-0.16035602776754362,0.0010124171558837595,0.0009907474642572552,0.004033933678072043,0.0026417846690977064,0.06007061229149416,0.12092100743025232,0.02796171303242488,0.02417568762585479,-0.02169993961357841,0.3639918915044951,0.49328921907447426,0.06059280098527301
softplus_mlp,20260841,28,15342,1.256,3.508405536678966,True,True,64,1.9000068185448526e-10,0.8122858791246319,2.074109047414237,1.2362483817150696,0.8378606656991674,0.40396172358619076,0.591182811032038,0.35236758373300664,0.23881522729903137,4.330225542481921,0.4789840683969169,0.1934912298399444,0.952732692171009,0.9523809523809524,0.5,False,1.1758765980341397,8.664510081635157e-15,6.661338147750939e-16,4.440892098500626e-16,2.220446049250313e-16,2.886579864025407e-15,8.881784197001252e-16,2.220446049250313e-16,1.39238194812006,0.3968702972228461,0.4478405197363688,0.12764787737745156,0.16199197963107959,0.04617253562551955,0.05877316418336929,0.016752101080938206,0.010863768336678672,0.003096497318540389,0.0022474845198313348,0.0006405999809129218,1.0182886846891136e-05,2.902425828608796e-06,-0.0443466154079358,-0.0525907257449936,-0.10864102342615316,-0.06275566789667356,-0.05228085406482101,-0.0379155487299544,0.024771883453260018,-0.030237695788307904,-0.0012996947061421273,6.558780740432856e-05,-0.08232580991869626,-0.06772981444402486,1.4036067586436063,2.563643201506114,-0.3271987654484863,-1.5001934575849292
softplus_mlp,20260841,29,13936,1.286,3.508405536678966,True,True,64,6.120659534758488e-13,0.9637228178018287,24.241883637507364,1.394604516608674,22.84727912089869,0.9424712808021682,6.909658357355853,0.39750379539327646,6.512154561962577,35.83098923342834,0.676561941384834,0.637640199438966,0.7678568977045684,0.7857142857142858,0.5,False,2.5149613213264153,6.456640777585676e-15,4.440892098500626e-16,1.1102230246251565e-15,0.0,8.881784197001252e-16,1.1102230246251565e-15,2.220446049250313e-16,1.6203831388999772,0.4618574226837589,6.7036250851979355,1.9107326718973154,8.55875262638078,2.43949923602117,5.097990091816767,1.4530789096412415,1.8451363251518853,0.5259187701825597,0.3856148831632082,0.10991171890813647,0.030381486896801937,0.008659628021668458,-0.015210158018813681,-0.005140450750328016,-0.050316564021248275,-0.07181480355251649,1.4179344040103716,1.436344331864818,-1.2171584347070254,-1.6598499767087438,-0.04207495414959804,-0.18460937330841137,0.05776823652933142,0.02912946378813676,1.3304070779651023,0.5711655347894224,-0.5176267898062912,0.8484980916794519
softplus_mlp,20260841,30,243,1.375,3.508405536678966,True,True,64,4.375479562002127e-10,0.4349296508017153,10.610249335497492,2.5640298293624255,8.046219506135067,0.7583440550464497,3.0242368576185426,0.7308248155911644,2.293412042027378,13.604240499662422,0.7799222114428789,0.5914493724463874,0.08043688530341098,0.880952380952381,1.0,False,1.405460723082399,1.4833620443077677e-14,2.220446049250313e-16,4.440892098500626e-16,2.220446049250313e-16,8.881784197001252e-16,4.440892098500626e-16,2.220446049250313e-16,2.020383930505943,0.575869553671502,3.644210715877617,1.0387085180942917,3.0233403178030245,0.8617419754344873,1.5069173921854233,0.4295163077447032,0.3563350112838312,0.10156608395423285,0.05584829440098832,0.015918426138916072,0.003213673440663416,0.0009159925804088938,-0.06924234682100709,0.008585349737093349,-0.24381807291983124,-0.846884000501129,-0.22977890288767208,-0.2758712223850437,-0.006145829122889268,-0.005827885878145006,-0.036404014620869146,0.047410973123865836,-0.05345838415785682,-0.016695021179419667,0.7636023449139693,-1.1512692373697873,0.310174856417872,2.67548069525428
softplus_mlp,20260841,31,12361,1.375,3.508405536678966,True,True,64,7.547926728079801e-10,0.028677002386536365,71.18265201854462,1.5456562499343274,69.63699576861029,0.9782860541704509,20.28917446240427,0.44055803520291886,19.84861642720135,110.29193656241213,0.6454021412368953,0.6313879141038024,0.6794196912750115,0.11904761904761905,0.5,False,3.422854925039518,1.1386724896311762e-14,4.440892098500626e-16,8.881784197001252e-16,1.3877787807814457e-16,4.996003610813204e-16,1.1102230246251565e-15,2.220446049250313e-16,4.5278342664903315,1.2905675296523305,14.667045625766185,4.180544544360147,21.808143078424255,6.215969861644815,17.51866470937476,4.993340857042945,9.520250914913031,2.7135548657025663,2.94086271221994,0.8382334030300675,0.1998507113561117,0.05696340097139657,-0.1476248720706609,-0.06321611257113262,-0.08211462648899383,0.027626343128355275,0.9005106115310477,0.8036998368044239,-0.7930093270811456,-1.1511334544486245,-0.0006760196396861529,-0.04902435473920194,0.17439608039994295,0.03389868356365019,1.353542999426555,0.45166738352213853,-1.3763478436905228,-0.024841322873071982
softplus_mlp,20260841,32,6134,1.385,3.508405536678966,True,True,64,2.128297538206425e-12,0.6589257391551533,5.538869434935195,1.1625400860605044,4.37632934887469,0.7901123867033153,1.578742644494357,0.3313585256626169,1.24738411883174,8.418686497718323,0.657925608280623,0.5198351726318335,0.9289514612875535,0.8095238095238096,0.5,False,1.017193928602195,1.2043317731968983e-14,6.661338147750939e-16,2.220446049250313e-16,1.1102230246251565e-15,1.9984014443252818e-15,7.771561172376096e-16,2.220446049250313e-16,1.9175394311138503,0.5465558103436869,1.3265814344808993,0.37811519238925634,1.2617788529433236,0.35964452790646184,0.7854717150768757,0.22388281709884605,0.2170122493171589,0.06185495007586304,0.028810476921118055,0.008211843420014058,0.0016752750819670364,0.0004775032602282463,-0.21385259606406598,-0.3851670909487881,-0.07131042945951885,-0.015252137944539217,-0.042980270730390194,0.07331571830243608,-3.0251487866807302e-05,-0.04904918856959883,-0.002320608732879591,-0.002697750765489996,-0.20141327907095413,-0.15230584054399662,1.2782425363494374,2.2193209033351784,-0.08740936164860744,-1.0292388737100464
softplus_mlp,20260841,33,1951,1.426,3.508405536678966,True,True,64,3.1086244689504383e-15,0.5646009003149568,3.1335534892742913,0.6337150630085899,2.4998384262657014,0.7977647213689805,0.8931560096215367,0.18062765446678108,0.7125283551547557,5.792661253215845,0.540952310569632,0.43155266931548864,0.020019828614330017,0.19047619047619052,0.5,False,0.5712179498235557,1.766295443239585e-14,1.1102230246251565e-16,2.6194324487249787e-16,3.3306690738754696e-16,1.3322676295501878e-15,1.1102230246251565e-16,2.220446049250313e-16,1.264419416071687,0.36039716699015883,1.0037979942860236,0.28611230480391164,0.5519530508865327,0.15732304749724227,0.23079692476703415,0.06578399285776554,0.07009654400510876,0.019979601352317352,0.01174266342765062,0.003347008578365815,0.0007468958302530638,0.00021288754177490856,-0.13990316463673175,-0.17371626095989925,0.1207721020453495,0.13277078304418805,0.05236901170826097,0.04759233551496942,-0.05297456597787445,-0.0260528753343142,0.011302505907761369,0.03305484434948138,0.06777276893429388,0.09133176926413956,-0.07553415310337722,0.47394919949124875,0.5807963954372748,-0.014328895054855571
softplus_mlp,20260841,34,10023,1.444,3.508405536678966,True,True,64,1.0996661914397521e-10,0.490087886153838,3.5786773610492597,0.7020251711536468,2.876652189895613,0.8038311084439826,1.0200295614733332,0.2000980684285943,0.8199314930447389,6.237816034711654,0.5737067815297772,0.46116335811891057,-0.08192046720026915,0.3333333333333334,0.5,False,0.5098346354149819,1.3666556775149274e-10,8.326672684688674e-17,1.8735013540549517e-16,4.440892098500626e-16,5.551115123125783e-16,7.771561172376096e-16,2.220446049250313e-16,1.316599569449006,0.37527006376101285,1.1641490619354098,0.33181713167554333,0.6878884785181331,0.19606869027155963,0.30326375094108654,0.08643919517586729,0.08921329462092896,0.025428444257153262,0.01647697310409815,0.004696427745264347,0.0010862324122633263,0.00030960856745527397,-0.137551209105381,-0.21047826933549527,0.15903666636247052,0.18390186643363515,0.047041016564865465,0.040469564567201494,-0.03205491976351138,-0.026347571034184936,0.0008238945397150838,-0.04054545796182289,0.0546386085523473,0.06569691554355771,-0.15360125863214347,0.5067930567298021,0.551755087635476,-0.029402218788854843
softplus_mlp,20260841,35,9457,1.458,3.508405536678966,True,True,64,1.2154780515416519e-08,-0.04194284213846178,20.14037262793957,0.596338516664798,19.544034111274772,0.9703908895986596,5.740605644752321,0.16997422630602965,5.570631418446292,30.62441372732321,0.6576574104329794,0.6381847595612097,0.8069124988449397,0.30952380952380953,0.5,False,1.751147149482365,5.603748853832968e-10,1.1102230246251565e-16,3.3306690738754696e-16,1.5265566588595902e-16,1.5543122344752192e-15,5.551115123125783e-16,2.220446049250313e-16,3.5122143403553725,1.0010856224106897,4.985764015582111,1.4210911376857542,5.464297968496771,1.557487557059678,3.661845415684438,1.0437349324077048,1.910017334362068,0.5444117888863208,0.570772791516915,0.16268723371620397,0.03546076186938673,0.010107372565303172,-0.16906341936754965,-0.5069614354618377,0.07866529713446006,0.019911429009473038,0.1898412131792629,0.13459946818670965,-0.1782673975343606,-0.32271228498733,0.010983344507335659,0.04057609928351588,0.07750651190127571,0.15077124837797276,-0.16501215491924626,-0.1495215883876477,0.11340376296036056,0.5913942218406839
softplus_mlp,20260841,36,2358,1.487,3.508405536678966,True,True,32,4.632683126004622e-13,0.5670074285913465,0.9831019107819672,0.2997201072217677,0.6833818035601995,0.6951281409031461,0.2802133050196258,0.08542915124500709,0.19478415377461875,3.0530536739845036,0.32200610135325025,0.22383550259315493,0.6246683401465161,0.6428571428571429,0.5,False,0.10853275937169454,6.116526556076973e-15,1.1102230246251565e-16,1.734723475976807e-17,0.0,4.440892098500626e-16,1.249000902703301e-16,2.220446049250313e-16,0.30649184612589864,0.08735929838259857,0.32823276653406036,0.09355610778244393,0.1648733367543439,0.046993808164609144,0.1484999849076597,0.04232691556182779,0.030834558904390904,0.00878876702879072,0.0040453456425356355,0.0011530439113275751,0.0001240719130773383,3.536418802792792e-05,0.01880574322817731,0.022401573126930262,0.03518527735256763,-0.009099621344297362,0.25880551352512815,0.17812984938290302,-0.04829000973830354,-0.03084150674952411,0.16422292700992824,0.10537183439407846,-0.009845815731168868,-0.012961373596216524,0.05581616188323331,0.33449193621746826,0.09230763106178429,-0.020485262839995983
softplus_mlp,20260841,37,15340,1.516,3.508405536678966,True,True,64,2.484461525398274e-10,0.841371415575398,5.129748859605286,1.9429709591471607,3.186777900458125,0.621234681789731,1.4621311037095994,0.5538045527616983,0.9083265509479012,11.615544287635736,0.44162793689019725,0.2743545908434371,0.9290256912794592,0.7142857142857144,0.5,False,1.2417237308537354,1.2171253588322273e-14,2.220446049250313e-16,2.7755575615628914e-17,2.220446049250313e-16,2.220446049250313e-15,4.440892098500626e-16,2.220446049250313e-16,1.8317643688676628,0.5221073646467903,1.5949710085781796,0.4546142091908705,1.0169306358572725,0.28985549852366627,0.4860546485209931,0.1385400414631341,0.1667509365899476,0.04752898000149463,0.032453181112950244,0.009250122533916138,0.0008240800782765558,0.00023488734972657257,-0.10929486134056238,-0.17403386550729302,0.043889454471907306,0.012085048539746191,-0.00887854099093762,-0.0071782200199250485,0.041851768678196115,-0.008042990996899023,0.0060223647140718005,-0.15731172094773388,-0.13856710130286676,-0.12276840327357626,1.2079028447804816,3.13337478492734,-0.20155451343489184,-1.8347532171462586
softplus_mlp,20260841,38,7011,1.556,3.508405536678966,True,True,64,5.029088256947034e-12,0.7890783667466552,5.171373479203275,1.1403236484509836,4.031049830752291,0.7794930779923737,1.4739953591848634,0.32502617970737974,1.1489691794774834,8.849036158802878,0.5843996325022219,0.45553546831676894,0.9302056059809745,0.5000000000000001,0.5,False,0.919358344933209,9.162375719240501e-15,2.220446049250313e-16,2.220446049250313e-16,1.1102230246251565e-15,2.55351295663786e-15,8.881784197001252e-16,2.220446049250313e-16,1.7714684525483115,0.5049212338848297,1.253242042673521,0.35721128289514437,1.1309067435188465,0.3223420815226952,0.7134615306730647,0.20335777127647073,0.24973175903685083,0.07118098418954306,0.050361100559171756,0.014354412576501418,0.0022018501935078434,0.0006275928396784201,-0.2030938186359515,-0.36394884475032496,-0.048045141035510226,0.012292028088609717,-0.06720068838965093,0.024475170092850856,-0.006350347741454501,-0.051584711695655934,0.02046185536394088,-0.018541334174462746,-0.21279997867844572,-0.16577747212320812,1.335811700369425,2.2770998146585497,-0.029705214505696947,-0.9249362833497009
softplus_mlp,20260841,39,4943,1.563,3.508405536678966,True,True,64,4.5781156643442955e-11,0.9730276829243991,11.755838735341486,0.6040502649101739,11.151788470431311,0.9486169997301661,3.350763933199549,0.17217230408374168,3.178591629115807,24.7306620240784,0.47535479332885244,0.4509296378549692,0.9723008567691594,0.8333333333333335,0.5,False,0.7150975002061518,7.494005416219807e-15,1.6653345369377348e-16,1.3183898417423734e-16,1.1102230246251565e-16,2.7755575615628914e-15,1.3183898417423734e-16,2.220446049250313e-16,2.0330189081039416,0.5794708983467128,2.8203749991228446,0.803890818674455,3.535916148964387,1.0078413433104607,2.5243984857296535,0.7195287030926398,0.7291330556243538,0.20782462232531604,0.10866212383521509,0.030971939446337197,0.004335013961089091,0.0012356080036267948,-0.31028796547353343,-0.3576171562193737,-0.0709788165268759,0.060661900452781574,0.31057103408099773,0.5274712567323006,0.07480259234593012,-0.01373761954507442,0.004594911183138768,0.0060512394709194076,-0.29003426736917387,-0.30657426162179324,1.4978065391449182,1.7518595361363525,-0.24344634446100244,-0.6950872124817108
softplus_mlp,20260841,40,10139,1.595,3.508405536678966,True,True,64,1.049826892085548e-12,1.2290253473871857,3.635080012705477,1.0815257086671313,2.5535543040383457,0.7024754049740475,1.0361059959295413,0.308267016842898,0.7278389790866434,8.430494451902202,0.43118230294135135,0.3028949628763682,0.9124074735817332,0.5476190476190477,0.5,False,1.0873009679514607,8.98586760555986e-15,4.440892098500626e-16,2.220446049250313e-16,2.220446049250313e-16,1.9984014443252818e-15,4.440892098500626e-16,2.220446049250313e-16,1.5279403573591817,0.4355084785339611,0.613015608578622,0.1747276938682803,0.8750256566463392,0.24940835587514004,0.4730120276545106,0.13482250632355938,0.1302763234940881,0.03713262966099604,0.015088412638820915,0.004300646684391996,0.0007216263339114614,0.00020568498321164668,-0.050952853295356745,-0.07388761431911317,-0.0520299262259833,0.10918434020768954,-0.13459935931910372,-0.0781283454504012,0.0446996469277557,0.000812845863901158,0.012374008539077467,0.01759308502089458,0.0518192845153602,0.026033757095381565,1.3806485840093377,2.2392699358922776,-0.02293403776390153,-1.0118526569234425
softplus_mlp,20260841,41,13689,1.6,3.508405536678966,True,True,64,1.2101430968414206e-13,0.6038219830464542,6.453915989540942,0.4313615713109952,6.022554418229947,0.9331628158764309,1.8395581474455707,0.12295088660683146,1.7166072608387393,16.94835762295511,0.38079890294500635,0.35534737655481785,0.9813671548979704,0.9285714285714287,1.0,False,0.7223163876824092,8.094219738907782e-15,1.0408340855860843e-16,3.3306690738754696e-16,5.551115123125783e-16,1.1102230246251565e-15,4.440892098500626e-16,6.661338147750939e-16,0.873315683407466,0.24892096260745872,2.0211440590666316,0.5760862129353022,1.8922002493147683,0.5393333893509679,1.0708625971011805,0.305227712676241,0.48451635044563773,0.13810158072669038,0.10917786852805816,0.03111894203410853,0.002699181677197574,0.0007693471148015011,-0.1001404484314635,-0.09624138082180139,-0.010617030296164266,0.07345287774766715,0.016473706723474528,0.015022091181179894,-0.030790343198767077,-0.08761799038267769,0.028302944243406406,0.052246718269348624,0.23438253606047169,0.23024861084461984,1.1206315708357968,0.7516831874668587,-0.6544209528902998,-0.3349721312587398
softplus_mlp,20260841,42,12306,1.611,3.508405536678966,True,True,64,5.315556883545014e-10,0.7533263737266562,33.48586356261789,1.626409580606257,31.85945398201163,0.9514299645411591,9.544467768203157,0.46357513793739075,9.080892630265765,51.27039048169112,0.6531228502068037,0.6214006502132801,0.9091796182586714,0.7857142857142858,1.0,False,3.870716913837662,1.2269699145583957e-14,8.881784197001252e-16,8.881784197001252e-16,0.0,1.5543122344752192e-15,1.1102230246251565e-15,2.220446049250313e-16,4.388025651376507,1.250717913166385,10.140967049258107,2.8904774386080465,11.538828964855945,3.288909689664475,5.33645865966345,1.5210495491108211,1.6874542854234929,0.48097469570773344,0.3457465753564435,0.0985480645671666,0.048382376683936,0.013790417378526442,0.06540976889257816,-0.009912995914053674,0.018969280164280435,-0.0263637982920905,2.432367652305358,1.782211432737935,-2.1844906780347464,-1.9516602528647702,-0.03500522512606466,-0.16891537372978457,0.13978804722753765,0.024328633078600923,1.4451465955267577,0.8389186405035844,-1.1288590672290446,0.26472008820723614
softplus_mlp,20260841,43,14526,1.634,3.508405536678966,True,True,64,7.690446057750933e-10,0.8044923739701246,3.3997221439496874,1.326055797295246,2.0736663466544414,0.6099517133612934,0.9690219982858204,0.3779653701466,0.5910566281392203,7.240628657158113,0.46953411159799074,0.2863931358507672,0.9413241945182718,0.9761904761904763,1.0,False,1.1711484898360192,8.852293897909647e-15,6.661338147750939e-16,4.440892098500626e-16,1.1102230246251565e-16,1.9984014443252818e-15,6.661338147750939e-16,2.220446049250313e-16,1.5504263555515139,0.4419176572783366,0.7243993396004843,0.20647537236707136,0.5480390705059466,0.156207446595446,0.4146119968894115,0.11817675937254409,0.13591795416389973,0.038740662315953016,0.02257076944032786,0.006433341073134095,0.0037566577981014452,0.001070759283334581,-0.055796413639456865,-0.05904126086551094,0.03168663398565954,0.04314042339018359,-0.06921132766031843,-0.08640439101649187,0.03171925308679331,-0.020711016227770364,0.03754303417474033,0.05795433317603745,-0.12123532772484366,-0.08673030895189897,1.2151039961459686,2.4747896862624503,-0.2653174743984183,-1.5185050917968725
softplus_mlp,20260841,44,17733,1.645,3.508405536678966,True,True,64,3.044786645034492e-12,1.411239814237044,3.502859021866634,1.5331612072366607,1.969697814629973,0.5623114725240479,0.9984190781953951,0.4369965761392399,0.5614225020561552,3.6792072531421818,0.9520689596583775,0.5353592986499407,0.5154386257270822,0.6428571428571429,1.0,False,1.5407277638270593,6.121839146722152e-15,1.1102230246251565e-16,4.440892098500626e-16,2.220446049250313e-16,1.3322676295501878e-15,2.220446049250313e-16,2.220446049250313e-16,1.8760503400257107,0.5347301845275184,0.9540679731162484,0.271937768636451,0.45744463054269285,0.13038533480816103,0.18126498015866227,0.051665914405735015,0.031540004382482716,0.008989839986496623,0.002428975757815432,0.0006923303855331059,6.211788302069323e-05,1.7705445499750755e-05,0.04053216059805648,0.03660976347204074,0.1529322639515723,0.19253751027358668,-0.024281076506815574,-0.02064694893087859,-0.021498593965518772,-0.09168141757910091,0.012836166854576638,0.025768851036400333,-0.13022790048517935,-0.01946598112559425,0.596724671295896,-0.8623313152011665,0.7842221224944561,2.1504493522917576
softplus_mlp,20260841,45,6168,1.655,3.508405536678966,True,True,64,3.2018832030189515e-13,1.203632056586788,1.630941167056948,1.1097468193459818,0.5211943477109662,0.319566614810188,0.464866774951218,0.31631087334232777,0.14855590160889023,2.1387886525689175,0.7625536843474509,0.2436866995179515,0.9319279958529434,0.8571428571428572,0.5,False,1.058731904101946,5.881363104864867e-15,1.3322676295501878e-15,2.220446049250313e-16,1.3322676295501878e-15,2.4424906541753444e-15,1.3322676295501878e-15,2.220446049250313e-16,1.225895796392965,0.3494167887881599,0.25453689229743615,0.07255059018587091,0.10981208557345487,0.03129971276849662,0.03607452083287864,0.010282312137446502,0.004243078987018135,0.0012094037997199736,0.0003544541402908966,0.00010102997974014731,2.4338832902203177e-05,6.937291783333052e-06,-0.009027958624629788,-0.01359951427387758,-0.09730098961787512,-0.044500326342655064,-0.05212279887652939,-0.050319274384313974,0.010180145056547877,0.03797367715250653,0.018947379177091432,0.013143325033495003,0.02120296234790281,0.015578558929034201,1.447657647269763,2.4750067467523507,-0.13590433014548176,-1.2296511362797493
softplus_mlp,20260841,46,14636,1.663,3.508405536678966,True,True,64,1.1667702359829946e-09,1.0531751979555568,16.705886038095183,2.308315115297063,14.39757092279812,0.861826238366926,4.761674744678709,0.6579385111454644,4.103736233533245,27.971196235954977,0.5972531849253182,0.514728465716853,0.9427448375740902,0.8571428571428572,0.5,False,1.8609489223312592,1.0227929614359255e-14,8.881784197001252e-16,4.440892098500626e-16,4.440892098500626e-16,1.7763568394002505e-15,4.440892098500626e-16,2.220446049250313e-16,2.7856083487486285,0.7939812885443874,4.131957439253165,1.17773085125286,4.676276490804998,1.332877981726004,2.788940122610304,0.7949309432598538,1.811707164551363,0.5163904644462263,0.4795237043840359,0.13667852800105598,0.03187276774268686,0.009084687448320873,-0.27770403678537026,-0.22301485167516252,-0.24046488172641378,-0.15370904770417684,-0.2223238032223377,-0.12098140449912284,0.2014446866468951,0.08723918047612138,0.0019343561027506126,-0.012089265936848554,0.4887815352661711,0.10498829807079206,1.8080894269901038,3.873617124431508,-0.7065820853162423,-2.5028748352075523
softplus_mlp,20260841,47,13286,1.664,3.508405536678966,True,True,64,2.973177259946169e-13,1.2539377240218565,2.662184204770955,1.0773488008837977,1.5848354038871575,0.5953139534998898,0.7588017339896692,0.3070764738057075,0.45172526018396164,4.425670859034605,0.6015323528491388,0.35810060313271147,0.967142582079652,0.9285714285714287,1.0,False,1.002864884589707,1.1557811999129974e-14,2.220446049250313e-16,2.0816681711721685e-17,2.220446049250313e-16,1.1102230246251565e-15,1.1102230246251565e-16,2.220446049250313e-16,1.2156799996912326,0.34650498267141244,0.7174013167760085,0.20448072757720476,0.4829915948866269,0.13766698001047611,0.2057862750331015,0.0586552132818424,0.03458934458846373,0.009858992703906682,0.005407313007791049,0.0015412451471928687,0.00032836078772837307,9.359259763316794e-05,0.065189191429015,0.06167303662139924,-0.11840610134494675,-0.08040736617052961,0.24936248750031537,0.309228815584359,-0.0077156751105783,-0.04043842937482651,0.02562364447992089,0.045492742816240044,0.06547292454590753,0.043109016742950555,1.4233731116204718,2.38298775090949,-0.4489618590982487,-1.467707843107225
softplus_mlp,20260841,48,14542,1.683,3.508405536678966,True,True,64,7.69045493953513e-10,1.2575443218458568,3.267305578146853,1.2139797443881506,2.053325833758702,0.6284462180373424,0.9312793358659625,0.34602035930467034,0.585258976561292,7.722598706721357,0.4230836927086677,0.26588534659603535,0.9648079238098423,0.8571428571428572,1.0,False,1.1499958202595286,6.2276572787567375e-15,5.551115123125783e-17,5.551115123125783e-17,4.440892098500626e-16,2.220446049250313e-15,2.220446049250313e-16,2.220446049250313e-16,1.5069240402590243,0.4295182026435487,0.6627931218857831,0.188915766708423,0.643161569395559,0.1833201899471324,0.3558699129885831,0.10143351709718464,0.08419644269208845,0.023998492138907142,0.013666687871994886,0.0038954128104961563,0.0006938030538188647,0.00019775452027008663,0.04738671405914072,0.033123202709276205,0.11015179884381122,0.08508980719585137,0.18908033649738407,0.22952645111325098,0.11303700848299969,0.004849570191289096,-0.008718972551684833,-0.012960907891756147,-0.17425262328404675,-0.12975771172901762,1.4045863887585164,2.5336251069757716,-0.4237263289602632,-1.4859511967188064
softplus_mlp,20260841,49,14720,1.772,3.508405536678966,True,True,64,1.1667737886966734e-09,1.3222286240920684,2.5969497149585115,1.3722375555832287,1.2247121593752828,0.47159640878716386,0.7402079627934823,0.3911285457844135,0.34907941700906886,4.806822097765003,0.5402633303541644,0.2547862463944171,0.979846430530249,0.9047619047619048,0.5,False,1.178181234344656,1.2246605639310015e-14,8.881784197001252e-16,8.326672684688674e-17,2.220446049250313e-16,2.4424906541753444e-15,1.3322676295501878e-15,4.440892098500626e-16,1.5563626603258407,0.44360968082358104,0.7024170772062629,0.20020977331804304,0.2261048038120843,0.06444659873217326,0.09947821116245972,0.028354250990216243,0.011703649521550868,0.003335888453941236,0.0008507844187989056,0.00024249888158717613,3.252851151126047e-05,9.271593939522667e-06,-0.011633191019890127,-0.00737085070686996,-0.003355899596232015,-0.005057443041099837,0.1422982719250197,0.21667411350888727,0.023335909577746217,-0.000223446133271452,0.046893712576686335,0.025640821176411862,0.24315004385262348,0.21623122000632686,1.6068440289127732,2.9004434025991164,-0.7253042521366588,-2.02410919331743
softplus_mlp,20260841,50,7158,1.819,3.508405536678966,True,True,64,1.3928858066947214e-12,0.6704918194634601,5.315539876464291,0.9279129662276538,4.387626910236637,0.8254339187001136,1.515087073285133,0.2644828132114996,1.2506042600736336,9.197219807165059,0.5779507272755664,0.4770601336306514,0.9432386574392845,0.4047619047619048,0.5,False,0.853792622277486,5.027228633380787e-15,2.220446049250313e-16,2.220446049250313e-16,3.3306690738754696e-16,1.4432899320127035e-15,6.661338147750939e-16,2.220446049250313e-16,1.8914076010498242,0.5391074610035584,1.6170067909747954,0.46089506303351796,1.03836299331159,0.2959643582977861,0.570793730342832,0.1626932019048008,0.16847692101323353,0.048020936933280724,0.026792435231028318,0.007636641474574192,0.0026994045409851402,0.0007694106376141394,-0.43174145963249577,-0.6058357735144471,0.0285820891203589,0.012248957541019512,-0.08136386132582936,0.06940424265233851,0.021145041749725108,-0.01548537139432599,0.047380130829179176,0.0057009606300309785,-0.06356448651712969,-0.033574107955928335,1.1583675510038,1.905522034692085,-0.008313185764147895,-0.6674891231873109
softplus_mlp,20260841,51,730,1.828,3.508405536678966,True,True,64,1.7055906686991307e-10,1.2790120854399152,4.367202307437317,1.6905552484827624,2.676647058954555,0.6128974273521157,1.2447826403703839,0.4818585624748019,0.7629240778955821,4.517862923456644,0.966652238332177,0.5924586700179554,0.5778386734152858,0.9047619047619048,1.0,False,1.5036304939525509,1.2503019453102837e-14,2.220446049250313e-16,3.3306690738754696e-16,6.661338147750939e-16,4.440892098500626e-16,2.220446049250313e-16,2.220446049250313e-16,1.8301849596620092,0.521657186014605,1.6214090183140888,0.46214982885043104,0.7398886565307119,0.2108902887067855,0.14359045045818433,0.040927552119332855,0.02876046214235534,0.008197587719457257,0.00318944359298704,0.0009090863526586913,0.0001793167369785395,5.111060711307609e-05,-0.026349431481585025,-0.01891404224340449,-0.2084831324344724,-0.52708248541568,0.09229463262319047,0.10442889968758293,-0.037878530952943135,-0.07025436936441057,0.009633640181210261,0.04719108010323752,0.09276405638915834,0.0499269706517404,0.6214066833625255,-0.6753362879901438,0.7356241677528317,2.3690523200109936
softplus_mlp,20260841,52,738,1.869,3.508405536678966,True,True,64,7.76590458606563e-11,1.51301635583341,2.978481617731699,1.7836919674855498,1.1947896502461492,0.4011405150642013,0.8489559107671203,0.5084052994551995,0.34055061131192077,2.754250249566983,1.0814128520819666,0.433798508481207,0.5155806923740809,1.0,1.0,False,1.6167909228890012,1.0322180664466135e-14,3.3306690738754696e-16,4.440892098500626e-16,2.220446049250313e-16,4.440892098500626e-16,8.326672684688674e-17,2.220446049250313e-16,1.7922440359622225,0.510842893509611,0.7857126156182013,0.22395148092314088,0.3293818011893032,0.0938836168583561,0.061115437305659735,0.01741971863478223,0.008410541130286504,0.002397254548357562,0.0016014557233003015,0.00045646254589377634,1.5730802723950357e-05,4.483746978361297e-06,0.11111253561261131,0.09089507186497776,-0.19795419962362976,-0.33592044165559104,0.1307555030601469,0.14118306150695142,-0.021812086175059003,-0.04465378431005924,-0.009321771307347293,-0.027919700789477954,-0.006030680041682496,-0.0029703034169952466,0.6983419941663266,-0.8857266399224971,0.8079250601420436,2.578129092556102
softplus_mlp,20260841,53,3461,1.894,3.508405536678966,True,True,64,1.3100631690576847e-14,1.5054439008830014,0.8839166341143444,0.6997890873496962,0.18412754676464815,0.2083087246673867,0.2519425490791621,0.19946071799103135,0.05248183108813074,0.8920680220192012,0.9908623695686276,0.2064052765257456,0.9564423608780747,0.3571428571428572,0.5,False,0.6420290634686068,6.425686805561215e-15,4.440892098500626e-16,3.469446951953614e-18,0.0,2.4424906541753444e-15,3.3306690738754696e-16,2.220446049250313e-16,0.7271855441159881,0.2072695235808849,0.12506708579777356,0.03564784187296696,0.027057308711222017,0.007712138299962408,0.004182393544135009,0.001192106642293706,0.00040440991483762915,0.00011526886233922689,1.9633707934208823e-05,5.596191126979569e-06,2.583224523562081e-07,7.362958747372588e-08,0.003748677768623761,0.005353006837548859,0.008683190717737821,-0.007491274442776349,-0.046121555769132676,-0.04344516179237514,0.002867796593458768,0.018859248620340063,-0.023538230189562748,-0.025745822544945906,0.021002810598194314,0.013507976446830784,1.536346495888205,2.2158634081653386,0.0024547152754771685,-0.6714574804069572
softplus_mlp,20260841,54,15343,1.898,3.508405536678966,True,True,64,1.7893109216515768e-10,1.6908249056449451,5.622828498869914,1.6139688125698308,4.008859686300084,0.712961401384693,1.6026734766222173,0.4600291487675633,1.142644327854654,10.060870141197112,0.5588809337520056,0.39846053373501567,0.8783370393254558,0.7142857142857144,0.5,False,1.2083302329834318,1.0441300601904402e-14,2.220446049250313e-16,5.551115123125783e-17,2.220446049250313e-16,2.886579864025407e-15,6.661338147750939e-16,2.220446049250313e-16,1.702498625446368,0.4852627803848304,1.4689612068589497,0.4186976652218657,1.470613506667826,0.41916861984544107,0.6709260088690279,0.19123388156094467,0.24971825652217297,0.07117713557097925,0.05682266921257214,0.016196151960916158,0.003288225292996154,0.0009372420772396702,-0.015111059502995312,-0.008025737171284011,0.12414375782706152,0.29353385154401646,0.29435456955960615,0.4010246788678627,0.0018560566565413855,-0.07247515811916905,0.10333252051817465,0.20413385511435686,-0.12075166797134311,-0.08661300529644492,1.3881854869522405,2.5840687768940693,-0.08518475839434074,-1.6248223561884594
softplus_mlp,20260841,55,8280,1.986,3.508405536678966,True,True,64,4.7128967395337895e-12,1.6021293234726974,7.463655026537726,1.0333059109452671,6.430349115592459,0.8615549744366198,2.1273638262476275,0.29452293930746326,1.8328408869401642,17.19082177320682,0.4341651100222788,0.3740571102665166,0.9471202309085615,0.5714285714285715,0.5,False,0.7265881770252518,4.093947403305265e-15,2.220446049250313e-16,5.551115123125783e-17,4.440892098500626e-16,1.7763568394002505e-15,2.220446049250313e-16,2.220446049250313e-16,1.3902684133482608,0.39626787690692106,1.6629556700492845,0.47399186116421066,2.060867651567732,0.5874086191069394,1.5709805427657308,0.4477762123967034,0.6572109290171524,0.1873246755958731,0.09930406057823046,0.02830461289039894,0.022067759211332028,0.006289968186580057,-0.09680724294882469,-0.11442709050974287,-0.18786962965400708,-0.17077976380523224,-0.17825478300901396,-0.0825256190405113,0.11664620029380275,0.04120905189021734,-0.0001760396968841114,0.029408917094793374,0.3054089875334319,0.17924582225490687,1.689918975602317,2.58082089993863,-0.046737144648124514,-0.8608228943503619
softplus_mlp,20260841,56,15471,1.99,3.508405536678966,True,True,64,2.139102228682077e-10,1.0244254295516082,6.942613422782068,1.6840753877434915,5.258538035038576,0.7574291862172209,1.9788514612121781,0.48001160930147957,1.4988398519106985,12.701709078551445,0.5465889180618702,0.4140023994029535,0.95206095507276,0.9047619047619048,1.0,False,1.309830001348165,9.825473767932635e-15,6.661338147750939e-16,8.326672684688674e-17,2.220446049250313e-16,1.5543122344752192e-15,2.220446049250313e-16,2.220446049250313e-16,1.8157489152040323,0.5175424836784428,1.466589579181915,0.4180216807462285,1.7372992525424684,0.49518199489189746,1.2907148439230793,0.36789214656891167,0.5437143607404052,0.1549747755942381,0.08684626316618932,0.02475376984166928,0.0017002080239749357,0.0004846098907894045,-0.1538446766317622,-0.23790943550646285,-0.0445464436992262,-0.00894213875838858,-0.016160506453705405,-0.01675860879821808,0.10864954272311206,0.025204985596195394,-0.013708852108557325,-0.02299833056296857,0.11568817748841846,0.06446512719201117,1.366456022752146,3.0149271055548006,-0.3381078345188172,-1.7935632751653592
softplus_mlp,20260841,57,11110,2.013,3.508405536678966,True,True,64,8.497202941271098e-12,0.9296918009262545,5.099018206304041,1.0471440250076678,4.051874181296373,0.7946381082316871,1.4533719528702882,0.29846721368444984,1.1549047391858387,11.497844078907953,0.44347602657596114,0.35240295080442713,0.9094027176961847,0.4523809523809524,0.5,False,1.055948017876294,9.677154910736618e-15,5.551115123125783e-17,7.632783294297951e-17,0.0,1.887379141862766e-15,4.440892098500626e-16,2.220446049250313e-16,1.5633726699119477,0.4456077421972792,0.9492969146491468,0.27057787497044744,1.3681147085867047,0.38995341168049613,0.8734261636847064,0.24895245277473993,0.2931202606225627,0.08354799853041744,0.047193782719946675,0.01345163272220235,0.004493706129024366,0.0012808399947054237,-0.06305966602930796,-0.11210128844940202,0.002037660464833834,0.018323053396870355,-0.10255532132468562,0.0021250391582183174,0.060009758323891195,0.026494121524444747,0.00367366053655017,-0.005613617214379504,-0.22009175672286524,-0.16025920041689315,1.2718817114870347,2.138227426773791,-0.022204245809196343,-0.9775037338463933
softplus_mlp,20260841,58,14292,2.032,3.508405536678966,True,True,64,1.7730459322962133e-09,0.9952713574552621,12.940356308060027,1.4677565276038076,11.47259978045622,0.8865752617113332,3.688386696684239,0.4183542957788102,3.270032400905429,22.134221633824637,0.5846311888503497,0.5183195492596067,0.9884539331113473,0.8333333333333335,1.0,False,1.0253405412343817,1.9685642005384807e-14,1.3322676295501878e-15,1.6653345369377348e-16,1.5543122344752192e-15,1.4432899320127035e-15,1.3322676295501878e-15,2.220446049250313e-16,2.344746496383574,0.6683225390765675,3.2113051380103017,0.915317543664038,3.2843256407339276,0.9361305602780599,2.5167017720884837,0.7173349106246074,1.2323694013463928,0.35126195887632355,0.3117800985358855,0.0888666077157701,0.03912776096145977,0.011152576448872515,-0.3812511535707488,-0.4604190764896999,-0.008043055326758544,-0.11396410800552423,-0.0854818121741334,-0.037915204833818515,0.07957986952124438,0.006698253208825448,0.07090865851049588,-0.018321376534374878,0.40950472501947377,0.5502538747593632,1.8222873062682776,3.10172807679188,-0.9122331807925872,-2.0327890814413876
softplus_mlp,20260841,59,1456,2.041,3.508405536678966,True,True,64,2.002648047394473e-11,1.0239993908708487,1.1483621534048531,0.2832702659741861,0.865091887430667,0.7533267139340147,0.3273173928724002,0.08074045688638602,0.24657693598601416,2.0082573381013793,0.571820220256495,0.43076744748685,0.9125070163345583,0.8571428571428572,0.5,False,0.4298810736454633,1.0521016566636399e-14,2.220446049250313e-16,2.220446049250313e-16,2.220446049250313e-16,1.3322676295501878e-15,2.7755575615628914e-16,2.220446049250313e-16,0.5963477291921133,0.1699768521505106,0.42583030619582735,0.12137431141980114,0.10403517038687797,0.029653119999735546,0.021051599004529725,0.006000332283267638,0.0010366435403341427,0.000295474263022462,6.026784752480111e-05,1.7178130320091294e-05,4.3723764467291134e-07,1.2462574240684778e-07,-0.0702489820205501,-0.059260893661983616,0.05104594142641072,0.04858064367212685,0.018836819679245134,0.017036322999419543,-0.01998551960663647,-0.03229232300704592,-0.00033608319297404336,-0.0005875299513112926,0.08076526073050756,0.018872297585270006,0.4439705325267704,0.23941727429067858,0.5199514213280755,0.7922335989436958
softplus_mlp,20260841,60,15570,2.109,3.508405536678966,True,True,64,3.300084649993096e-10,1.3268856432096585,3.8608019079096185,1.5105719628168806,2.350229945092738,0.6087413965160516,1.1004434543117922,0.4305579691470839,0.6698854851647084,7.847552647310187,0.49197527960936205,0.29948571876077806,0.9725866467782733,0.9761904761904763,1.0,False,1.5123326366763712,7.466900361907669e-15,4.440892098500626e-16,4.440892098500626e-16,0.0,2.886579864025407e-15,6.661338147750939e-16,4.440892098500626e-16,1.849424950276028,0.5271411559869678,0.9136813760785134,0.26042638643860944,0.6911264420255143,0.19699160624393786,0.3305252502824646,0.09420953388282977,0.06846637023667054,0.01951495330881286,0.007380289304764734,0.0021036021142957348,0.00019722970566132724,5.621633633836515e-05,0.14212116952937873,0.11037973211000691,0.11461232725669973,0.08416540146457445,0.1634948810190516,0.19146889319123053,0.10945027673944896,-0.017250473691876905,-0.0009119020856761032,-0.0019982286466013886,-0.08897966690993216,-0.05867373897177379,1.4621081599711627,2.914400182677707,-0.575009602310475,-1.8956061249236054
softplus_mlp,20260841,61,15883,2.173,3.508405536678966,True,True,64,5.010780679270965e-10,1.8158987993104285,5.662917003067143,3.0179318665735955,2.6449851364935477,0.46707114638285774,1.6140998934882607,0.8602004058602503,0.7538994876280105,5.660524177568927,1.0004227215401178,0.4672685874172013,0.2979218775464789,0.8333333333333335,0.5,False,2.6623893829279006,1.596726223462852e-14,1.1102230246251565e-16,1.3877787807814457e-17,2.220446049250313e-16,2.220446049250313e-16,8.881784197001252e-16,2.220446049250313e-16,3.0014833678498705,0.8555120941608864,1.56113029216661,0.44496859779909187,0.7332649849797174,0.20900234517182448,0.3082139670727382,0.08785015410860728,0.053444289017973365,0.015233213053404136,0.005176785608842147,0.0014755379772152734,0.00020331637139011678,5.795121723088339e-05,0.017333981021260953,0.018356602956027715,-0.06970273617029936,-0.2738140460927092,-0.07732542462942447,-0.05195626091993471,-0.022578333626799094,-0.03877487690997376,0.12010448521200376,0.12462615415449153,-0.09154269279159441,-0.05526535971877213,1.025340823692491,-1.77228318967552,0.9142686966027903,3.8650097755168193
softplus_mlp,20260841,62,16663,2.193,3.508405536678966,True,True,64,8.20732370954147e-13,0.8786654822963655,2.77166123669027,0.18424356498880093,2.587417671701469,0.9335259437373334,0.7900059464944029,0.05251489973511007,0.7374910467592928,8.392303318597257,0.33026228098170585,0.30830840753429134,0.9785019560344891,0.9761904761904763,1.0,False,0.19913690567612594,1.3570741752566562e-14,2.7755575615628914e-16,1.3877787807814457e-16,2.220446049250313e-16,2.6645352591003757e-15,2.914335439641036e-16,2.220446049250313e-16,0.8014596289097451,0.22843984839574777,0.9882179913427616,0.28167154025135943,0.5962680953117068,0.1699541541244204,0.2982907832989126,0.08502175138546633,0.07529077760943104,0.021460112527555978,0.011609700065925382,0.0033091100628335713,0.0005242601517857484,0.00014942974701892919,-0.15865037116703143,-0.1995202336896835,-0.15207514022096824,-0.154361243469839,-0.06560523364240323,-0.045919772915771935,0.02049234759297933,0.032191130205053896,-0.010942694103538275,-0.03624934678776951,0.17016680587452765,0.21680021399183655,0.40470980868830814,0.5109357222210954,0.6705699592744918,0.5547890127414465
softplus_mlp,20260841,63,11025,2.223,3.508405536678966,True,True,64,1.6831647187132148e-11,0.8569398846380325,3.771896828597669,1.292139520289351,2.4797573083083178,0.657429781617397,1.075102860591231,0.3682982217364991,0.7068046388547318,4.797418834036321,0.7862346313890992,0.5168940620141701,0.8903006203399695,0.8571428571428572,0.5,False,1.0999655781458921,3.3792413312028202e-15,8.881784197001252e-16,2.220446049250313e-16,3.3306690738754696e-16,1.9984014443252818e-15,8.881784197001252e-16,2.220446049250313e-16,1.7185020350607725,0.48982422844067663,0.994180637891325,0.28337107198628186,0.8284182232450551,0.23612385016050066,0.2168169595656699,0.0617992866842034,0.01317179461299614,0.0037543535019798416,0.0008071782218481702,0.0002300698175879177,1.196959198423997e-16,3.411689971157185e-17,-0.004099889983650554,-0.004903909688472565,-1.2952601953960158e-17,0.0,-0.07901774166722528,-0.04088302680995526,0.009521103892082598,-0.01780265920486504,0.07398236397372923,-0.02667923909740832,-0.41863500362002154,-0.25093538584352415,1.3304411905174658,2.416746378173051,-0.055252138474348136,-1.218602272890791
softplus_mlp,20260841,64,17449,2.231,3.508405536678966,True,True,64,1.8022250358740166e-12,2.332886617163787,5.835883553300356,0.29709054343167635,5.538793009868679,0.9490924483468037,1.6634005083758263,0.08467964730009528,1.578720861075731,16.76453001733378,0.3481089864891119,0.33038761027847563,0.9933767517753256,0.9761904761904763,1.0,False,0.15768322179903718,4.468647674116255e-15,8.881784197001252e-16,1.1102230246251565e-16,4.440892098500626e-16,2.6645352591003757e-15,3.885780586188048e-16,2.220446049250313e-16,0.6059509308200515,0.17271405043831983,1.477222851788859,0.4210524799214599,1.43283742577986,0.408401312448097,1.3882791756887065,0.39570088496748945,0.6363204076914888,0.1813702552453003,0.24859599901012386,0.07085725877785588,0.046676762521263314,0.013304266577303157,0.34190496382844815,0.4343630095544424,-0.07558071945591407,-0.16305521359902708,0.22917965157841555,0.20380255056177804,0.05436295146919095,-0.010264343769894145,-0.07866879517011181,-0.1893035429680833,0.19506226464079454,0.1860853594059265,1.0907139424006713,1.1983359469487824,0.575912357872293,0.6729228510298649
softplus_mlp,20260841,65,11267,2.256,3.508405536678966,True,True,64,6.133316077239215e-12,1.649872166904302,2.935387696079113,0.7980392734575775,2.1373484226215353,0.7281315600922007,0.8366728604748845,0.22746494529050262,0.6092079151843819,6.541188876710548,0.4487544621330778,0.32675228661129435,0.9606011881430477,0.8095238095238096,0.5,False,0.9348646640235307,7.271093449556787e-15,4.440892098500626e-16,2.220446049250313e-16,6.661338147750939e-16,1.5543122344752192e-15,3.3306690738754696e-16,2.220446049250313e-16,1.2633144461143795,0.3600822176646731,0.7587267492550542,0.2162597058187464,0.5152268616014569,0.1468549904550565,0.29817170226510614,0.08498780974657609,0.07861812631833898,0.022408505942776043,0.01840905837967858,0.005247129554214669,0.00292075214509734,0.0008325012928414499,0.24684696511525073,0.2674534407929986,-0.06334938079585845,0.03518638981185287,0.2495197180610042,0.2512929527413235,0.027902177214590054,-0.05133787860204855,-0.005835904712355675,-0.006936694263172999,-0.2534807497496773,-0.13180720440166313,1.6986105009236256,2.2540607480674115,-0.2503411591522777,-0.9680395872423984
softplus_mlp,20260841,66,8013,2.262,3.508405536678966,True,True,64,3.5440539392084247e-12,1.6846505854328215,3.2931254387082607,0.617518970183304,2.6756064685249568,0.8124824026061006,0.9386387646125744,0.17601128596092785,0.7626274786516466,7.251807487888836,0.4541109846349442,0.3689571838460215,0.9655603994531897,0.7619047619047621,0.5,False,0.8136576258554108,5.422745585903499e-15,5.551115123125783e-17,1.1102230246251565e-16,0.0,2.6645352591003757e-15,2.220446049250313e-16,2.220446049250313e-16,1.152143852899375,0.3283952897845404,0.8910734007405692,0.25398244057728103,0.6219389188152318,0.1772711028736875,0.4331641138999124,0.1234646648944531,0.16113584654972277,0.04592851221590903,0.03131515060835516,0.008925749968459427,0.0023541551950929662,0.0006710042982435247,0.18537552140935593,0.18492653793141342,-0.08107173731078088,-0.0035553594761309677,0.31673232087515746,0.346632140264307,0.008843102073637032,-0.05059381168577949,0.04765642026763494,0.07005231979715171,-0.23153388656498836,-0.10534117465966969,1.6214748234755294,1.9829889850002,-0.18282597879272394,-0.7404590517386677
softplus_mlp,20260841,67,10222,2.296,3.508405536678966,True,True,64,2.0752288776293426e-12,1.6991818585184693,3.7795518361333023,0.9403823114567847,2.8391695246765174,0.7511921115973237,1.0772847655778703,0.268036947731802,0.8092478178460684,7.585242734284364,0.4982769791993858,0.37430173616512236,0.9609831713398235,0.7619047619047621,1.0,False,1.0710517434504538,5.322131624296844e-15,6.661338147750939e-16,2.220446049250313e-16,4.440892098500626e-16,2.886579864025407e-15,3.3306690738754696e-16,2.220446049250313e-16,1.3864047708576441,0.3951666238019924,0.9247337075887465,0.26357662987389235,0.7633572166150765,0.21757952683476423,0.491693518862614,0.14014728734239995,0.16837177011640608,0.047990965798037626,0.039870015219772154,0.011364141004495407,0.005120836873040594,0.0014595909222877197,0.17324628797499803,0.1751433546487598,-0.07982527814042033,-0.033278427866461645,0.2622046666455321,0.29186587989299856,0.013393961642243664,-0.09983436092828576,0.06228034888410781,0.09288445505352133,-0.1211948380348228,-0.059622684971709805,1.644089793693572,2.414190715722645,-0.25501308414674173,-1.0821670730329955
softplus_mlp,20260841,68,13255,2.305,3.508405536678966,True,True,64,1.6120438317557273e-13,1.2200718440711067,2.531125748455999,0.828779401009174,1.7023463474468248,0.6725649045628277,0.7214461731958005,0.23622679657314966,0.4852193766226509,4.723119291426549,0.5359012957920674,0.3604284038594875,0.98643447075449,0.7380952380952381,0.5,False,0.9433521503799103,4.98364370604687e-15,2.220446049250313e-16,2.220446049250313e-16,0.0,8.881784197001252e-16,1.1102230246251565e-16,2.220446049250313e-16,1.2081978476152722,0.34437234663554445,0.6690617950901303,0.19070252514863487,0.4454215530570222,0.12695839987718618,0.1752839565619232,0.04996114466511926,0.029221016546272755,0.008328859432234615,0.003781908649676711,0.0010779565275845053,0.00015767093569932255,4.494090949604784e-05,0.12240036982099424,0.08631923743675328,0.05493562069558909,0.06285837138306981,0.0914611871644809,0.08761332453907565,0.027607707476196616,-0.09954101645251975,-0.0021112739852641735,-0.011246423417188912,0.034459832966445385,0.02338585317749922,1.3492780027664626,2.1701346530881565,-0.4579596028337979,-1.0994521556837382
softplus_mlp,20260841,69,6618,2.306,3.508405536678966,True,True,64,6.763478666016454e-13,1.0903274591588974,2.746360875381871,0.9727336984531791,1.773627176928692,0.6458099490228413,0.782794590496958,0.2772580559127616,0.5055365345841963,5.112616168735229,0.5371732953818186,0.34691185850696393,0.9398234152808714,0.8333333333333335,1.0,False,0.9205518846904794,7.134917656692608e-15,2.220446049250313e-16,2.220446049250313e-16,0.0,2.220446049250313e-15,4.440892098500626e-16,2.220446049250313e-16,1.4522087138006308,0.41392270608924026,0.47189086165030936,0.13450294064265964,0.5135329885238467,0.1463721862125305,0.23701185058821916,0.06755543169407179,0.06097639987908943,0.017380088829984375,0.010484250335575021,0.002988323392483112,0.000255810604199185,7.291363598785495e-05,-0.09316796480832351,-0.10339922883502767,-0.07876511255784543,0.08501908661737773,-0.056144573973802236,-0.008870975163140603,-0.018192283453567208,-0.09129488258380704,0.001617676325651529,0.007006798254432462,-0.09132412545106532,-0.07548267551200973,1.5538980511148424,2.2943433797143014,-0.12759420803699265,-1.016994043333227
softplus_mlp,20260841,70,15039,2.414,3.508405536678966,True,True,64,1.0824328100511593e-09,1.546994104053226,3.705235485234569,1.1412347966712735,2.5640006885632953,0.6919939903363457,1.0561023936651066,0.32528588406902326,0.7308165095960834,7.9044665778225465,0.4687521224557135,0.3243736516967605,0.9890647405061309,1.0,1.0,False,1.1717389246076222,1.575866173664231e-14,1.1102230246251565e-15,1.1102230246251565e-16,6.661338147750939e-16,1.5543122344752192e-15,1.1102230246251565e-15,4.440892098500626e-16,1.5417082432940694,0.43943273580437925,0.9850148105729492,0.28075853839444054,0.6765336721395168,0.19283223249610967,0.37011470062210583,0.10549370554592558,0.11173199488406917,0.031846944065033585,0.01789322219847362,0.005100100889537196,0.0022388415233830714,0.0006381364696802823,0.3073013664796118,0.30338219993388316,-0.050416201241968356,-0.02537849807127069,0.23579740660588414,0.29327026210309487,0.02760037636223517,0.006559111808143591,0.055268644957815215,0.032676963470366104,0.10392140987381981,0.09480106849114812,1.853875644520855,2.912599882524222,-0.9863545435050277,-2.0709168862063594
softplus_mlp,20260841,71,19348,2.446,3.508405536678966,True,True,64,2.593220915780847e-10,1.5367827705650805,2.621735262921376,1.240502850401438,1.381232412519938,0.5268390108087585,0.747272581664859,0.3535802339360375,0.3936923477288215,4.201373310220195,0.6240186408914875,0.32875736349349716,0.37012168497390385,0.9285714285714287,1.0,False,1.2619573339434833,1.5881176582133172e-14,2.220446049250313e-16,1.1102230246251565e-16,2.220446049250313e-16,1.9984014443252818e-15,4.440892098500626e-16,2.220446049250313e-16,1.5719152924491244,0.4480426438777911,0.5604983971141211,0.1597587255105877,0.3329588811666763,0.09490319111793817,0.12322478862650775,0.035122732346144776,0.0296188818470711,0.008442262884782739,0.0033196810854763145,0.0009462079143275732,0.00019934063239788606,5.681801328662268e-05,0.08068943348798906,0.06339585535183692,0.0926171221696052,0.04878965184705664,0.21006735400200557,0.19161476204938122,-0.0022703897811898474,-0.012160633593033685,-0.012486844184011435,-0.03845195881636246,0.06328349304555742,0.03805378944508925,0.6426358975481878,-0.4572082503972619,0.4622467042769371,1.7027495546783764
softplus_mlp,20260841,72,11032,2.48,3.508405536678966,True,True,64,3.906652779051001e-12,2.068252845934821,2.2633109180667743,1.5488052232359997,0.7145056948307746,0.3156904732475181,0.6451109754573041,0.44145558631801973,0.20365538913928438,4.573450946916709,0.4948803309222403,0.15622900586973043,0.9499665826783595,0.8571428571428572,1.0,False,1.0713736508697314,7.781671357634523e-15,8.881784197001252e-16,4.440892098500626e-16,4.440892098500626e-16,2.6645352591003757e-15,2.220446049250313e-16,2.220446049250313e-16,1.4340495764596974,0.4087468114695656,0.49745349090365165,0.1417890508103969,0.26061239717685075,0.07428228990413256,0.06373793815713796,0.018167209431972305,0.006856746582992078,0.0019543768561836867,0.0005980765090106846,0.00017046960585315345,2.69227743205081e-06,7.673791994409239e-07,0.010580058182905028,0.009699789960921199,-0.007694028876572063,-0.01784047745969842,-0.016870844034396898,-0.01413942651054752,0.10222740687079497,-0.02427919092861065,-0.0015356964878281186,0.01044957744378838,0.37285429704570294,0.2963513907689859,1.88971906193049,3.4238075937110253,-0.28102740869627457,-1.6157964110510403
softplus_mlp,20260841,73,19241,2.542,3.508405536678966,True,True,64,5.164738775542688e-10,1.772536525925416,6.390212541396561,1.3000024634641796,5.090210077932381,0.7965635015983258,1.821400768693774,0.370539394569179,1.4508613741245948,11.495686704981345,0.5558791488835143,0.44279304130014924,0.6309564646418134,0.880952380952381,1.0,False,1.1658102750527148,8.590350653037149e-15,1.1102230246251565e-16,2.220446049250313e-16,2.220446049250313e-16,1.7763568394002505e-15,1.1102230246251565e-16,2.220446049250313e-16,1.7567825545512739,0.5007353158535467,1.3671418135869784,0.38967610764891963,1.6958146602786413,0.48335765137455816,1.0969697702139538,0.312669034051388,0.4100944964551855,0.11688913729265696,0.05990924057965469,0.017075916667365767,0.003500005730873021,0.0009976058053385993,0.30677183941212416,0.278059861940053,0.14256234842311621,-0.026709630008718094,0.3332966066980912,0.2806501743612736,0.018924011524560608,-0.0018675175152065722,0.03319177630604339,-0.06976954213807857,0.0696398360166981,0.04918096953336533,0.32380372958064074,-0.5813566316755928,0.5443463779641419,1.844348841428322
softplus_mlp,20260841,74,16647,2.589,3.508405536678966,True,True,64,6.394884621840902e-14,1.6351393845739228,1.179955764837137,0.19517604356684434,0.9847797212702927,0.8345903724672395,0.3363225124636178,0.0556309815174892,0.28069153094612853,4.138317137728625,0.28512937156980983,0.23796622841979753,0.9842388548992963,0.9285714285714287,1.0,False,0.11944502237448618,1.2027705220685192e-14,5.551115123125783e-16,2.220446049250313e-16,2.220446049250313e-16,2.220446049250313e-15,3.885780586188048e-16,2.220446049250313e-16,0.40623833661591247,0.1157900169660703,0.4874506799349506,0.13893795196674108,0.19131326212587296,0.054529973837337195,0.0711741449877629,0.020286749705433392,0.02254926813909195,0.006427212562330221,0.001112264851774059,0.000317028587529514,0.00011780818177040577,3.357883817556685e-05,0.009687394473779663,0.012474141848721034,-0.006031851855299565,-0.0020808879799709416,0.2098552847833288,0.20218355045146508,-0.07941387636077431,-0.1410440852022556,-0.057235689895295774,-0.15138520257378538,0.166808702837068,0.14107946213377795,0.4129603657953591,0.6013986981119344,0.9785090547957567,0.9725137077840386
softplus_mlp,20260841,75,20365,2.593,3.508405536678966,True,True,64,5.3734794391857577e-14,2.6445158782056515,2.7099905168531695,0.3233550520440516,2.386635464809118,0.8806803750665776,0.7724279558110688,0.09216581397546689,0.680262141835602,8.04399760844955,0.33689598738897564,0.29669768453214806,0.9940499184812019,0.8095238095238096,1.0,False,0.19519962259250062,6.5503158452884236e-15,2.220446049250313e-16,2.7755575615628914e-17,0.0,1.3322676295501878e-15,2.220446049250313e-16,2.220446049250313e-16,0.6074946920153597,0.17315406832655106,0.7942513387727204,0.22638527116353646,0.6869140093183197,0.1957909375461048,0.4099487220558389,0.1168475872501027,0.17001825420899563,0.0484602627693758,0.03844515298664827,0.010958012859323043,0.0029183474952852173,0.0008318158960744619,0.3567801486337671,0.39112213517694316,0.04055705759067745,0.06356968769603094,0.44952854182393914,0.418630086044207,0.075572062582387,-0.05420892275294184,0.00012727249823493367,0.0009420048083449875,-0.13140267329660543,-0.06339899897141967,1.895041152061188,2.092223180821415,-0.04168768368793675,-0.20436329461692676
softplus_mlp,20260841,76,18638,2.624,3.508405536678966,True,True,64,4.5062176212695704e-11,1.6134564054893061,4.640136367528345,1.5619282187416452,3.0782081487866995,0.6633874319573855,1.3225769709395305,0.44519603062197777,0.8773809403175528,7.971760956274363,0.5820716894271918,0.38613904326420156,0.5892200690988935,0.5952380952380953,0.5,False,1.3492251556631083,5.6246240304203e-15,2.220446049250313e-16,8.881784197001252e-16,4.440892098500626e-16,2.4424906541753444e-15,6.661338147750939e-16,2.220446049250313e-16,1.813418690979205,0.5168783004189919,1.1699685586217243,0.33347586143909946,0.9988855826005479,0.28471212126352036,0.4969210499688221,0.14163728929672262,0.13988841068450458,0.03987236059857609,0.020258599119622273,0.005774303713703214,0.0007954755539167184,0.00022673420891637015,-0.06783247498587139,-0.11913203890006482,0.05330465823245935,0.07039200919452349,-0.1014562846214543,-0.06847856200454759,-0.009569559471601418,-0.08095788733632527,-0.006064528906454645,-0.027386385130243468,0.1135231628960945,0.03240304051352515,0.7447827578778792,-0.5920155904784891,0.8867686744682551,2.39863181963093
softplus_mlp,20260841,77,8396,2.625,3.508405536678966,True,True,64,2.3915536218055422e-11,1.0499207572286697,4.751763760047745,0.599999093001316,4.151764667046429,0.8737312873072445,1.3543941002173123,0.17101759951310283,1.1833765007042094,7.575054726973501,0.6272910139021848,0.5480837850930226,0.968148600497054,0.7619047619047621,0.5,False,0.5914859759211533,4.531531400120414e-15,2.220446049250313e-16,2.220446049250313e-16,4.440892098500626e-16,2.6645352591003757e-15,4.996003610813204e-16,2.220446049250313e-16,1.427015806610865,0.40674197771380466,1.6241828187842957,0.46294044454214855,1.1940841690626913,0.3403495281771228,0.4428100703850288,0.1262140495890877,0.060824899733219966,0.017336906779253466,0.002793584939087139,0.0007962548542012417,5.24105325554402e-05,1.4938561693484178e-05,-0.21594085664861315,-0.3360030044614313,-0.06510097144809225,0.023214126859750092,0.2655433900240408,0.44946857882434166,0.0036310441300832987,-0.0008147258832512415,6.358955024597852e-06,-0.0016164499261827644,-0.28331020960328535,-0.25981703457390176,1.4574216838981682,1.761687314761958,-0.11232968207865592,-0.5861980483726105
softplus_mlp,20260841,78,19315,2.698,3.508405536678966,True,True,64,3.62322644109625e-10,1.7101649257786786,4.716500070423095,1.514652795791689,3.2018472746314055,0.6788608558939728,1.3443428991072974,0.4317211280043326,0.9126217711029647,6.238055716393266,0.7560849541674328,0.5132764791146587,0.4745246422533358,0.7380952380952381,1.0,False,1.7782841302550234,1.6034049088453628e-14,2.220446049250313e-16,4.440892098500626e-16,2.220446049250313e-16,1.7763568394002505e-15,4.440892098500626e-16,2.220446049250313e-16,2.1219168016042844,0.6048094438970921,1.2058533227797532,0.34370408727641166,0.8592109963952768,0.2449007070056674,0.35421670304591923,0.10096230305839116,0.14765433570133205,0.04208588036863626,0.02605795845742966,0.007427293733579031,0.001589952439097066,0.00045318376751910634,0.10588270846099691,0.07486960098929035,0.06867852660840681,0.045936218185473006,0.2138896645182704,0.19332715943199455,-0.04613891028988211,-0.09538586873309061,0.024382725836424375,0.04612435205789077,0.05738088620972726,0.02319075785197263,0.6244676080906149,-0.7324301799191936,0.6616217163441203,2.1545328859143433
softplus_mlp,20260841,79,17995,2.83,3.508405536678966,True,True,64,2.6565694088986902e-11,3.625554755411888,6.051999426901619,2.4419255067939685,3.610073920107651,0.5965092964253408,1.7249999646934782,0.6960214494204338,1.0289785152730444,9.107685456513995,0.6644936801778888,0.39637665764199786,0.7122470552449123,0.9285714285714287,1.0,False,1.9687454396882422,1.2014694794615366e-14,2.220446049250313e-16,2.220446049250313e-16,0.0,2.220446049250313e-15,4.440892098500626e-16,4.440892098500626e-16,2.4795456117960772,0.7067442990479371,1.5628067975409223,0.44544645172925623,1.210707136821344,0.3450875687442312,0.5843769276206336,0.16656481741098866,0.17396327111451587,0.04958471000453055,0.03738247077382389,0.010655116799641666,0.0032172112343015705,0.0009170009568925039,1.0139468713108775,1.0082563660114923,-0.048491128038133394,-0.10688691479085002,0.2530870916572299,0.2795958776711866,0.01083903323085462,-0.04497125011669729,0.01572848852976967,0.025827624190419295,0.09444813614665351,0.06058857168661466,0.6804456129222671,-1.6077237540120073,1.605550649652369,4.010868234771732
softplus_mlp,20260841,80,14381,2.868,3.508405536678966,True,True,64,8.922473870853764e-10,2.537577573642719,12.953558699943962,2.498760555974005,10.454798143969956,0.8070985268330304,3.6921497713191154,0.712221130040547,2.979928641278568,21.864357956378193,0.5924509068954936,0.47816625417624575,0.9547575995061246,0.9523809523809524,1.0,False,1.7538019951095125,1.1296519275560968e-14,4.440892098500626e-16,2.220446049250313e-16,4.440892098500626e-16,2.220446049250313e-15,1.3322676295501878e-15,2.220446049250313e-16,2.67584427446393,0.7626952604221652,3.6906471962100884,1.0519442970961763,3.239794705688739,0.9234379183985406,2.0140617432213768,0.5740675421256674,0.9579812303855727,0.27305316343001546,0.31540855783203015,0.08990082661042482,0.05982099214222142,0.017050763236124516,-0.3927590243657834,-0.5245650964024382,0.14373415872381812,0.13979799291774783,-0.13488062875066908,-0.14757362655386694,0.09084908285907564,0.03396290929527333,0.12272282036488584,-0.05086311016403673,0.9422372459771321,1.2346887670609528,2.4392250890766456,4.64553412396683,-0.6735511702423855,-2.793404386477741
softplus_mlp,20260841,81,15735,2.875,3.508405536678966,True,True,64,2.0898216490650157e-10,1.9338580303290642,11.042011903861592,2.957919259882455,8.084092643979137,0.732121348388692,3.147302040320541,0.843095026774585,2.304207013545956,16.826701784558043,0.6562196231465223,0.48043239533715115,0.32696619678513755,0.8095238095238096,1.0,False,2.6862684639862944,9.497611030973019e-15,1.1102230246251565e-16,5.551115123125783e-17,4.440892098500626e-16,1.5543122344752192e-15,4.440892098500626e-16,2.220446049250313e-16,3.7717498049426115,1.075060954473617,3.0841946030527336,0.8790872579605528,2.7197776673959875,0.7752175850145623,1.2080039951805646,0.3443170929219469,0.24999414211268015,0.07125577117556456,0.008291691177012284,0.002363378774296755,5.516420653606247e-16,1.5723440736637462e-16,-0.40146127297167133,-0.3259915159883901,-1.0996494720096789e-16,0.0,-0.1257716981030538,-0.027333143660851517,0.02140837952992821,-0.012397365006436324,-0.025026502807080405,-0.036303438239437685,0.3408989266894178,-0.008244226650847793,1.162631674424045,-1.4010617521494222,0.961178523567479,3.7451894720244514
softplus_mlp,20260841,82,19114,2.911,3.508405536678966,True,True,64,4.1590908494981704e-10,2.321784240539108,3.11330978097838,1.6031784077055113,1.5101313732728685,0.4850565730719861,0.8873859502357925,0.456953562222191,0.4304323880136015,4.823929076741604,0.645388796445845,0.31305007790307515,0.6628099191413969,0.9761904761904763,1.0,False,1.4456807190677523,6.789707684973223e-15,1.6653345369377348e-16,1.6653345369377348e-16,4.440892098500626e-16,2.220446049250313e-15,2.220446049250313e-16,2.220446049250313e-16,1.679834555200655,0.47880284580521315,0.8370028172149357,0.23857071494854531,0.4256304231731603,0.12131733880914443,0.14344848203262187,0.040887086892585765,0.024797984494846007,0.0070681636531447324,0.002486901368440037,0.0007088409086237282,0.00010861749371910388,3.09592185349019e-05,0.5013999869774033,0.4104284117544221,0.0452758385910055,0.04739528061832153,0.29614937428858173,0.2858220360367087,0.008774872458327743,-0.013914549595317245,0.002816632403034483,0.009664287963500575,0.027172895383699595,0.017373401884241798,0.4862455786540746,-0.9831450000234789,0.9539490617829812,2.5481603719007113
softplus_mlp,20260841,83,282,2.93,3.508405536678966,True,True,64,3.49273943101025e-11,2.8461724757199276,4.086809442041556,1.0849252160683696,3.0018842259731864,0.7345300211682007,1.164862328290048,0.30923597763311955,0.8556263506569285,6.828934795046391,0.5984548929953274,0.4395830852200711,0.8402293058844945,0.9047619047619048,0.5,False,1.0565650849804225,8.142358315366138e-15,3.3306690738754696e-16,1.1102230246251565e-16,0.0,2.6645352591003757e-15,4.440892098500626e-16,2.220446049250313e-16,1.5072699873835649,0.42961680787060236,1.3137732746152997,0.37446448561328777,0.858900419755785,0.24481218341959823,0.3426876495554427,0.09767617966987607,0.060031063887816316,0.017110639936066607,0.0040732731139703484,0.0011610040719027262,7.377372967526841e-05,2.102770871382849e-05,0.7136225117977432,0.6619188730206705,0.008455102024004499,0.011192400408616939,0.6387210478404705,0.5832019717641914,0.003473475870870489,-0.004793717098186139,0.007631340033487392,0.04907066761749031,0.034362203094723695,0.01777593964030059,0.31789604243681,-0.6349530023547275,1.1220107526218182,2.1627593427215737
softplus_mlp,20260841,84,4634,3.0,3.508405536678966,True,True,64,8.879563750952002e-12,1.7477002479389114,11.393452632611261,1.3024523789404663,10.091000253670796,0.8856841362369401,3.247473108082092,0.37123769339771345,2.8762354146843787,17.397737999432728,0.6548812628965189,0.5800179456662599,0.9602742279449707,0.9047619047619048,0.5,False,0.7167708635452967,1.0151601781416275e-14,8.881784197001252e-16,4.440892098500626e-16,4.440892098500626e-16,2.6645352591003757e-15,3.3306690738754696e-16,4.440892098500626e-16,2.194007351408491,0.625357396250527,3.070795789200636,0.8752681972185665,3.367659300795655,0.9598831336879771,1.9429765068354325,0.5538061340179737,0.6794652379722601,0.19366781601178223,0.128685338884456,0.036679151694153554,0.009863107514330602,0.0028112792011116697,-0.4256025856399007,-0.5644007140292856,-0.002420848339986184,0.030940734445069097,0.5037865502218832,1.0196622491867566,0.07407859856044582,0.03667821429653361,0.06994661139271201,-0.43287180343273907,0.16678732342944966,0.16581056904856314,1.6208199217290378,2.3740350189195767,-0.2596953234147299,-0.8821540204955605
softplus_mlp,20260841,85,9293,3.109,3.508405536678966,True,True,64,1.5799672681282573e-10,2.3884922634890566,3.7891588638290923,1.8941160886283923,1.8950427752007,0.5001222813037945,1.0800230544088942,0.5398794605772257,0.5401435938316684,4.6870706759593075,0.8084279341602976,0.40431282270196184,0.6011322327312665,0.9285714285714287,1.0,False,1.9807435690915272,1.537875729540339e-14,3.3306690738754696e-16,5.551115123125783e-17,0.0,4.440892098500626e-16,6.661338147750939e-16,2.220446049250313e-16,2.208579785273139,0.6295109736270016,0.9880665289198798,0.28162836895280274,0.48493164707270525,0.13821995262604062,0.08096047837210646,0.02307614599444029,0.024926049217674252,0.007104665910791228,0.001583349897878669,0.00045130184675784595,0.0001110250757065934,3.164545105914096e-05,0.32360727227912967,0.26748286828095563,-0.01372010646455231,-0.018359831523058995,0.24223582546107505,0.24093749118922045,-0.0005653184707728187,-0.05300652079796456,0.002298792026611222,0.007495307612100255,0.11696848203415589,0.06979938875806523,0.6827700273585405,-1.0496733023380342,1.0348972892648691,2.923816862307773
softplus_mlp,20260841,86,1661,3.204,3.508405536678966,True,True,64,1.8700818671391062e-11,2.759404826856093,4.530177414167542,0.5053194421152046,4.024857972052337,0.8884548228652406,1.2912353964803565,0.1440310810230726,1.1472043154572837,8.191620361354847,0.5530258012858248,0.49133844032130525,0.9561957831098605,0.9047619047619048,1.0,False,0.3934049229097263,1.2834351637014407e-14,3.3306690738754696e-16,2.220446049250313e-16,8.881784197001252e-16,8.881784197001252e-16,2.220446049250313e-16,2.220446049250313e-16,1.003572266754408,0.2860479657389844,1.5349887912341869,0.4375174919736324,1.21112736901451,0.34520734742681863,0.6571471160090062,0.18730648698925992,0.11286964110794898,0.03217120709904894,0.010158967984549561,0.0028956082409349903,0.0003132620629298622,8.928901167633945e-05,0.9093924653346135,0.8709110955440822,0.0817961162401543,0.07262147639756633,0.8051208742275865,0.6807277634267979,0.01594507535378143,8.391780343519172e-05,-0.0012696837787412674,0.004431366922433221,-0.07376491257067293,-0.046810261497662785,0.021227967823761365,-0.29618119630718887,1.0009569242256107,1.4736206645666308
softplus_mlp,20260841,87,17862,3.205,3.508405536678966,True,True,64,1.0879741552116684e-11,1.876551466014721,3.2900904198175955,1.534352973309379,1.7557374465082165,0.5336441320678219,0.9377736938962803,0.4373362649409645,0.5004374289553157,3.8424558715366928,0.8562467676438942,0.4569310631552039,0.6150485897878951,0.9761904761904763,0.5,False,1.440410224687272,6.099125111208581e-15,1.1102230246251565e-16,5.551115123125783e-16,2.220446049250313e-16,1.1102230246251565e-15,4.440892098500626e-16,2.220446049250313e-16,1.6898211689877571,0.48164932797003024,0.8233336204683536,0.23467458703411917,0.5699245842963186,0.16244546941281068,0.17215665632115962,0.04906977101744116,0.03164023667599389,0.009018409173400271,0.0031820040405527643,0.0009069658587886134,3.2149027457854194e-05,9.16342968956954e-06,0.24877991704836336,0.2008646555263847,0.12421690237463195,0.14190010796522734,0.22722113005192385,0.2153799041016092,-0.00044597183319618216,-0.0034161294226955274,-0.007542336714547031,-0.016037698773441335,-0.1109171082154879,-0.024644417063504977,0.5065329138973983,-0.9565980522912932,0.8887060194056349,2.319103095972436
softplus_mlp,20260841,88,18118,3.401,3.508405536678966,True,True,64,2.5352109300769143e-11,2.764673416000438,3.4595938445809047,2.113800503856571,1.3457933407243337,0.3890032764488755,0.9860872149505653,0.6024960574704488,0.38359115748011646,4.764240745001747,0.7261584856328741,0.2824780301323417,0.6788761571360895,0.9285714285714287,1.0,False,2.015181914309527,8.995083324025988e-15,2.220446049250313e-16,4.440892098500626e-16,0.0,1.3322676295501878e-15,4.440892098500626e-16,2.220446049250313e-16,2.275959637407512,0.6487162369381964,0.6299414642840931,0.17955206651520442,0.40426074603682005,0.11522634479122693,0.12831239280864923,0.03657285096240867,0.018644276801272463,0.0053141738052668265,0.002437700694428905,0.0006948172521516475,3.762654812747025e-05,1.072468611000064e-05,0.5487139318595786,0.5840290346617297,-0.09901474072807621,-0.15935358628635923,0.1988278485326415,0.20201547930957348,0.005829344853197101,-0.051890794490923056,0.015700686009407612,0.018362800918379933,-0.010849681502195072,-0.006080074696094764,0.7220596603775187,-1.2736818585766485,1.383406366598366,3.451272415160781
softplus_mlp,20260841,89,11610,3.591,3.508405536678966,True,True,64,3.906652779051001e-12,2.534237469167423,2.438406309913725,0.6905824287005503,1.7478238812131748,0.7167894350121723,0.6950183735663309,0.1968365462546417,0.4981818273116892,5.428760753546491,0.4491644448174968,0.32195632862828955,0.9802125169023368,0.8333333333333335,0.5,False,0.8323659050782753,2.6973649008832368e-14,8.881784197001252e-16,1.6653345369377348e-16,0.0,1.7763568394002505e-15,3.3306690738754696e-16,4.440892098500626e-16,1.1086949602511496,0.3160110621934068,0.6955405849325904,0.19824976835231672,0.4223168677157356,0.12037287688113103,0.17476359346551593,0.04981282569487278,0.033127123517239176,0.009442216177949912,0.0038381265839368918,0.001093980312085027,0.00012505344755625483,3.5643954568213805e-05,0.43220306556679855,0.41221214490620506,-0.004254067340351084,-0.005628291308262419,0.36655635714260454,0.39013733332736594,0.04520247754420091,-0.009457534501387126,0.005953693066228099,0.024770265390491486,0.022514786973984475,0.015928879264050046,1.9449397511234825,2.593124631315009,-0.2788785949095246,-0.8868499592260467
softplus_mlp,20260841,90,1571,3.866,3.508405536678966,True,True,64,2.541639121389494e-11,2.7148998848887915,3.776264346493238,0.6393614396079139,3.1369029068853242,0.8306894377768745,1.0763477331836118,0.18223703985290404,0.8941106933307078,7.656846711636149,0.493187925618836,0.40968600065065386,0.9369588676646796,0.9523809523809524,1.0,False,0.5619638017800049,7.351758091189708e-15,4.440892098500626e-16,2.220446049250313e-16,0.0,1.7763568394002505e-15,5.551115123125783e-16,2.220446049250313e-16,1.005866670846826,0.2867019391945701,1.3206281154182682,0.3764183192654422,0.9316652818837607,0.26555233485512886,0.4286692587717518,0.12218349740079575,0.07585078640842716,0.021619731703030838,0.012851206009429903,0.00366297620815944,0.0007330271547723368,0.00020893455648408752,0.6042125335281874,0.5564279458272375,-0.04093563582236483,-0.06140706347665006,0.5698551564675853,0.5504350097763021,0.016469981082061394,-0.007439082700171265,0.0014028442941276442,0.007589211910291878,0.22753798638959977,0.13765045128758063,0.22155627913455878,-0.21633239954258407,1.1148007398150357,1.7479758118067867
softplus_mlp,20260841,91,18148,4.473,3.508405536678966,True,True,64,4.1459724542391996e-11,3.7529657286726232,7.5197433242382825,2.121732343554653,5.39801098068363,0.7178451109207806,2.1433506604702326,0.6047568678628501,1.5385937926073825,12.167560617871015,0.6180156861675064,0.44363953878769596,0.73430375328189,0.9761904761904763,1.0,False,2.0654694357581693,1.043696379321446e-14,4.440892098500626e-16,8.881784197001252e-16,4.440892098500626e-16,8.881784197001252e-16,8.881784197001252e-16,2.220446049250313e-16,2.7135937124375107,0.7734549737959259,2.078412928969045,0.5924095453732687,1.7385604049724521,0.49554146087061596,0.7534051005375184,0.21474287754393606,0.19756336803640476,0.056311440046186045,0.0366612268186477,0.010449540805750461,0.0015465824667015371,0.0004408220345489256,0.9793892270850374,0.9942216788954141,-0.0026684741210091763,-0.0027420453964148166,0.4087348430412711,0.3898403957764816,0.018632425870694278,-0.018725850561530703,-0.010457617391793884,-0.006093575265391394,0.1665551847184879,0.08720475749868942,0.6571429739800801,-1.3289126473823547,1.5356371654898548,3.6381730151077303
softplus_mlp,20260841,92,9313,4.878,3.508405536678966,True,True,64,3.2990946086108863e-10,2.917312440233321,6.825977671138296,2.4279584239803995,4.3980192471578965,0.644306128593662,1.9456068005181986,0.6920404151108168,1.2535663854073817,9.371634182444907,0.7283657831976439,0.46929053797216447,0.6684653116478262,0.9285714285714287,0.5,False,2.047723238830416,1.55500612386561e-14,4.440892098500626e-16,2.220446049250313e-16,4.440892098500626e-16,0.0,8.881784197001252e-16,2.220446049250313e-16,2.458983248445099,0.7008834134872438,1.7120792140434604,0.48799353328580813,1.5944655013560842,0.45447012458696406,0.8103865078173675,0.23098427457860934,0.2056652960316717,0.058620730665689555,0.04222988026890172,0.012036772781083982,0.0021680231757100726,0.0006179511327992914,0.5551614951502075,0.5171393473718223,-0.1016240916732703,-0.25327477198464343,0.516476942317159,0.538167405343955,-0.005405835710568636,-0.034402820573243224,-0.001266219921527547,-0.0442762636877894,0.11075842323146878,0.08319387092917122,0.5827886464471022,-1.5559253685123058,1.2604230803927503,3.666691041346354
softplus_mlp,20260841,93,6702,4.932,3.508405536678966,True,True,64,4.503064587879635e-13,1.2073230491475737,2.0346592195516076,0.9142571702072346,1.120402049344373,0.5506583306816775,0.579938435930529,0.26059050490288094,0.319347931027648,3.589150424213866,0.5668915980297093,0.3121635810485083,0.9347926119994964,0.9047619047619048,1.0,False,0.9114790710792736,4.96868171606657e-15,1.3877787807814457e-16,2.7755575615628914e-17,6.661338147750939e-16,2.220446049250313e-15,4.440892098500626e-16,2.220446049250313e-16,1.2690426538329758,0.3617149273553602,0.40424327917696085,0.11522136621629406,0.2593144320853144,0.07391233122120192,0.08933843168633063,0.02546411204529617,0.011321643440348882,0.0032270053510022323,0.001381450577845378,0.00039375453133991186,1.7328751829787602e-05,4.939210033909275e-06,0.08981551861558626,0.10144473003865044,-0.08698493182662675,0.06673822162581505,0.014824163427114515,0.0136455814529237,-0.009923062912975487,-0.07216107676264226,-0.001954028445963982,-0.0023439940438735396,-0.2494330745862646,-0.14149245453843665,1.5605768187905131,2.2015410040744143,-0.10959835391380869,-0.9600489626992751
softplus_mlp,20260841,94,9850,5.0,3.508405536678966,True,True,64,8.031975085032173e-11,1.517374500140375,35.34117306209131,1.7006294143953742,33.640543647695935,0.9518796557373034,10.073286195855522,0.48472999960123736,9.588556196254284,50.66439420008889,0.6975544387744658,0.6639878790386664,0.783032680376206,0.6428571428571429,1.0,False,1.437743764847107,1.149080830487037e-14,8.881784197001252e-16,8.881784197001252e-16,2.220446049250313e-16,4.440892098500626e-16,6.106226635438361e-16,4.440892098500626e-16,3.758523791844918,1.0712911470897724,8.632898473526227,2.4606330092894773,9.57413110786609,2.728912324351449,7.6769093686179675,2.188147660912906,4.266434665150291,1.2160608631318233,1.2658520136742735,0.3608054999458588,0.16642364141153893,0.04743569113423372,-0.4472334013821465,-0.6991155142007445,-0.03146625869332999,0.12044202348289292,-0.22221359660214016,0.10738176064041931,0.11446468107469064,0.07694813172100533,0.13777588872465568,0.549755658271949,0.37559626392423157,-0.6663105304403028,0.36292132861403714,-0.006402629244518543,1.2275295944803764,2.034675599909675
softplus_mlp,20260841,95,10805,5.00001,3.508405536678966,True,True,64,8.79518680108049e-12,1.7408161582129658,3.9799357552977277,1.3586544920176709,2.621281263280057,0.658624014166773,1.134400146644709,0.38725696839019486,0.7471431782545142,8.395947035960962,0.47403059336262265,0.3122079322383478,0.9558354754343062,0.9523809523809524,1.0,False,0.8499356749819764,6.224187831804784e-15,1.1102230246251565e-16,2.220446049250313e-16,6.661338147750939e-16,2.4424906541753444e-15,2.220446049250313e-16,4.440892098500626e-16,1.3179758143079516,0.37566233450752645,1.2396726009391732,0.3533435881282525,0.771087008378061,0.219782747552031,0.40466322432820545,0.1153410630833906,0.21066416663040838,0.06004555756967073,0.030405485289604146,0.008666468277890641,0.005467455424322633,0.0015583875259466415,-0.09458701869316728,-0.07593926583474878,-0.009357532689923762,-0.007608599224310866,-0.09372945649410616,-0.09407160480170028,0.030526664478191717,-0.05644386075312319,0.02501977563332812,0.012802645995667212,0.3167083540437945,0.155669343934756,1.8133836886720573,3.1516414943656974,-0.24714831673720822,-1.3452339954692694
softplus_mlp,20260841,96,14807,5.00001,3.508405536678966,True,True,64,3.544213145190156e-09,2.9182983348930067,10.760569777576997,1.5581408702584718,9.202428907318525,0.8551990366248687,3.067082657657325,0.4441165235799388,2.6229661340773864,20.16751134410378,0.5335596243868226,0.4562996767575375,0.9826457732749344,0.9761904761904763,1.0,False,0.9517721847879257,1.1853365511349523e-14,8.881784197001252e-16,4.440892098500626e-16,1.7763568394002505e-15,3.552713678800501e-15,1.7763568394002505e-15,4.440892098500626e-16,2.3142768702986323,0.6596377887629581,2.914270484701839,0.8306538267125381,2.540545668912445,0.7241311308946653,1.8628164578197577,0.5309581342136085,0.8836027768946956,0.25185309043010695,0.21369342516706463,0.06090898641362465,0.03136409378256113,0.00893970022982297,0.24231969637303483,0.27549694369700195,0.16209131553001666,0.20928435673735785,0.16414825169129135,0.1674681886097613,0.09927737050543753,0.061802096402760895,0.06034966774148405,-0.014421071902992619,0.5776971003958865,0.7772470670415578,2.7188075402677416,3.9937082184307675,-1.1063926076118875,-2.5522874641232045
softplus_mlp,20260841,97,15672,5.00001,3.508405536678966,True,True,64,8.861027189777104e-10,4.150387399331894,35.24792229713778,4.141388002897701,31.106534294240078,0.8825068902505498,10.046706952384767,1.1804188425771076,8.86628810980766,51.338628159443395,0.6865770193092734,0.6059089502281186,0.6772593186821697,0.7857142857142858,0.5,False,2.661448346645734,1.1907141939104804e-14,8.881784197001252e-16,8.881784197001252e-16,0.0,3.552713678800501e-15,8.881784197001252e-16,2.220446049250313e-16,4.724269612855498,1.3465574499484634,7.982491141994444,2.275247561475068,9.28455286667431,2.646373906781315,7.757260904893711,2.211050240285701,4.009430002308429,1.142806884891571,1.3227502274326721,0.3770231843507974,0.16716754097871497,0.04764772465185273,0.8894259929970384,0.9086762262453678,0.04700609012402193,-0.5591797698247544,0.6949653857297569,0.769757574464071,-0.07190053594925541,-0.21667687627616125,-0.05650649220724974,0.020543362265974214,0.3469560619679413,0.2937674899093188,0.6032073970961612,-2.7340298334672326,1.6972334995734797,5.667529226015314
softplus_mlp,20260841,98,15698,5.00001,3.508405536678966,True,True,128,2.646771690706373e-13,4.515180015913134,33.52414843622578,2.806718969894089,30.71742946633169,0.9162776953086993,9.555380096669076,0.7999984438945195,8.755381652774556,40.532414400066095,0.8270947816069677,0.7578485002926842,0.7816060077586066,0.5952380952380953,0.5,False,2.7875505543273533,2.2100377083944522e-14,1.3322676295501878e-15,3.0531133177191805e-16,8.881784197001252e-16,2.3092638912203256e-14,2.220446049250313e-15,4.440892098500626e-16,5.353493848219108,1.5259050848741649,8.305341972269375,2.3672696572389853,8.87665108932497,2.5301097596965803,7.301443821986556,2.081128804995005,3.0462138527917952,0.868261613700257,0.5903682876063658,0.16827253333011344,0.050635564027592825,0.014432642833965005,2.0364533045802067,1.997169761147235,0.13790047875658829,-0.1932853698503573,0.6977413509874604,0.9171477092924234,0.135174138288702,0.11560663882429933,-0.13216330552835065,-0.06643272023775447,0.012251374287128367,0.02381353766041058,0.08712920963493215,-2.3295528687548472,1.5406934649064663,4.050713327831701
softplus_mlp,20260841,99,17110,5.00001,3.508405536678966,True,True,128,2.2382096176443156e-13,4.309969227395027,17.022661684313647,2.159088066266539,14.863573618047107,0.8731638972619579,4.851965232168453,0.6154043606687264,4.236560871499727,24.060403050110928,0.7074969462839138,0.6177607909181962,0.8024421216971139,0.9523809523809524,0.5,False,2.322049376992358,2.1935578353726726e-14,8.881784197001252e-16,6.661338147750939e-16,0.0,2.220446049250313e-14,1.1102230246251565e-15,8.881784197001252e-16,4.300935867813396,1.2258947327636003,4.932950317728249,1.4060376618826533,4.185987827702184,1.1931311200884187,2.5743775055673637,0.7337742112915068,0.897711801473338,0.2558745823674381,0.12597112459192875,0.035905519836561484,0.004727239437173743,0.001347403938271206,2.1407594980740052,1.9388444319172118,-0.08531546429727913,-0.07330118458127041,0.6300244030584776,0.8496787691025672,-0.03477941977641533,-0.0354776445531447,-0.09193563089747256,-0.08607127201882724,0.019031781176459244,0.016967777883572666,0.20572552476458625,-1.7486852472755536,1.526458535292666,3.4480135969204495
softplus_mlp,20260842,0,18834,0.557,3.5237546347180007,True,True,128,3.854139229986231e-13,-0.016091684824935504,12.991584382961467,0.5408397608942057,12.45074462206726,0.9583699920693645,3.6868584023873607,0.15348394453051584,3.533374457856845,29.190704342248115,0.44505895543460955,0.4265311475902664,0.12699888558952696,-0.09523809523809526,0.0,False,0.6474313695152984,1.740274591099933e-14,1.6653345369377348e-16,2.220446049250313e-16,4.85722573273506e-16,6.328271240363392e-15,2.42861286636753e-16,8.881784197001252e-16,1.7245307758417259,0.4894014920479095,3.5070679765375212,0.9952645232400482,3.6523768236561636,1.0365014600253109,2.5639724815867995,0.7276251462928517,1.1361765203393768,0.32243349441675945,0.3550083099685196,0.10074717077936678,0.05245149503135339,0.014885115585112522,-0.013057590246135106,-0.28088673233150335,0.1648229833055724,0.12455294454492032,-0.14621460475025333,-0.09253793086365593,-0.011433234154710857,-0.018173308845446594,-0.03906579045250908,-0.009091487856404101,0.11609983137533085,0.12478696878244737,0.005558347355523727,-0.22044215800192316,-0.09280162725775362,0.35570001974663623
softplus_mlp,20260842,1,12797,0.598,3.5237546347180007,True,True,64,1.3711545787664647e-10,0.021791899539678194,4.768830023572177,0.19185127255111006,4.576978751021066,0.9597697398307771,1.3533377087573002,0.0544451281201262,1.298892580637174,10.30197019644771,0.4629046612090324,0.44428188625504705,0.8984372350233939,0.7142857142857144,0.5,False,0.23366778715774167,1.2512343591786212e-14,5.551115123125783e-17,1.1102230246251565e-16,9.992007221626409e-16,2.7755575615628914e-16,5.551115123125783e-17,8.881784197001252e-16,0.8237228285594085,0.2337628223156149,1.474525954654669,0.4184530727896928,1.499522659863685,0.4255468428730961,0.7514855850293696,0.21326274469434206,0.19299338017053919,0.054769244790502866,0.025470502981440192,0.007228228302416564,0.0011091123130613442,0.0003147529916339094,0.0008231490443819101,-0.06492450708214038,-0.1913111483777325,-0.12761225501393658,-0.1667495229257747,-0.16064616947260432,-0.003046424640258074,-0.002869057140465531,0.05426069240684922,0.027791728843982223,-0.021221990955620447,-0.08444505776001962,0.10866311972847756,0.23053477796282804,0.24037402525935622,0.20396243920203405
softplus_mlp,20260842,2,19817,0.656,3.5237546347180007,True,True,32,4.552247467870529e-12,-0.10834387910523136,0.6677260091501146,0.040713491407767075,0.6270125177423476,0.9390266503777689,0.1894927650669274,0.011554008615309079,0.1779387564516183,2.8202064717706667,0.2367649375440525,0.2223285862288933,0.9820033284296178,0.9047619047619048,0.5,True,0.033892169335583505,7.919446348703119e-15,5.551115123125783e-17,1.3877787807814457e-17,8.881784197001252e-16,8.187894806610529e-16,4.5102810375396984e-17,8.881784197001252e-16,0.17071318981820452,0.04844638958009242,0.18513330878504242,0.052538649246745374,0.16338283117947577,0.046366120265507925,0.10850089885437454,0.0307912752452634,0.03382502311778223,0.009599142569269492,0.0055507057878128666,0.0015752248278368222,0.0006200516074196835,0.00017596333221121257,-0.03721324830949466,-0.04205663499031162,0.05412979522256074,0.029590982250680683,-0.1389666981852718,-0.12189819428495201,-0.002165052812197263,0.0013977058043472105,-0.022088622922963604,-0.008243113722220679,-0.03895092574488718,-0.0502822174999573,0.0771882358365518,0.07943809790204741,-0.00027736218952851156,0.0037094954351357644
softplus_mlp,20260842,3,2319,0.682,3.5237546347180007,True,True,32,7.131753521072426e-12,-0.05317505999408523,0.9172115767226716,0.11207512917227436,0.8051364475503973,0.8778088589191876,0.26029382627433545,0.0318055996487518,0.22848822662558366,2.714034216828616,0.3379513681277185,0.29665670482637085,0.8578437267977586,0.880952380952381,1.0,False,0.09642299041095388,7.0251963968370745e-15,2.7755575615628914e-17,1.3877787807814457e-17,8.326672684688674e-16,5.828670879282072e-16,1.3877787807814457e-17,8.881784197001252e-16,0.31053485377016143,0.08812612850809715,0.289971341244585,0.08229044621541615,0.1959175161330408,0.05559908008428052,0.10309096076059285,0.029255998628531926,0.014305241944997495,0.004059658922915419,0.003329349190344886,0.0009448300280451642,6.231367894594052e-05,1.7683887048204584e-05,-0.042057176134995614,-0.10898602128663978,0.016813971584395567,0.006257759857280651,-0.11291269940013604,-0.09555197716009299,-0.015673472794889388,0.015650297577149197,-0.006721439810335416,-0.0012811660676027455,-0.010594873864832708,-0.020271363868388504,0.13692104873449257,0.11200746644453295,-0.018950418307783334,0.038999944509676567
softplus_mlp,20260842,4,2961,0.699,3.5237546347180007,True,True,32,4.065442427148014e-12,0.35426301051710585,3.273171649779627,0.30881179536862835,2.964359854410999,0.9056536508284191,0.9288875046890354,0.08763714485851026,0.8412503598305252,11.63809616356017,0.28124631415473217,0.25471175119626965,0.6990072305397473,0.7857142857142858,0.5,False,0.1425812447773527,5.6473922760424955e-15,1.1102230246251565e-16,1.1102230246251565e-16,7.771561172376096e-16,2.220446049250313e-16,1.1102230246251565e-16,8.881784197001252e-16,0.42868731828417095,0.12165640424009772,0.7230940788108804,0.20520557012867846,0.9250386187324051,0.2625150484708576,0.6946636923380229,0.19713736180544691,0.35160452049059154,0.09978121547578461,0.1336056608523875,0.03791571057077296,0.016477760271165928,0.004676193997396363,-0.12715067927385987,0.11388708389207787,0.048240913174512484,0.08720918023065757,-0.08710873491861716,-0.10404482165074516,0.016302244521126504,-0.016642264358303883,0.38621996008419335,0.21428459331311656,0.09454921600473654,0.07368650548898131,0.05018020931807591,-0.015952913152162452,-0.026970118393061064,0.001835646753483815
softplus_mlp,20260842,5,9528,0.7,3.5237546347180007,True,True,128,1.914104430511543e-10,0.13045853174567545,21.663464436974706,1.96845705491842,19.695007382056286,0.909134706471108,6.147835670376747,0.5586248927561757,5.58921077762057,35.65225651792545,0.6076323507344513,0.5524196588273147,-0.5403988389293539,0.880952380952381,0.5,False,2.232124078448452,7.523402317799466e-10,2.220446049250313e-16,2.220446049250313e-16,1.3322676295501878e-15,4.440892098500626e-16,4.440892098500626e-16,8.881784197001252e-16,5.345094104856225,1.5168746575579835,6.119133711354792,1.736537967503658,5.652315458618666,1.6040604538491114,3.1057781168110825,0.8813831945650302,1.235830753816114,0.35071419038091317,0.19658115438584625,0.055787412792315,0.008731137033105463,0.0024777936996751757,0.004600217653308793,-0.09437385666547299,-0.34057177460685495,-0.23095758493057564,-0.2393979489608311,-0.32873125419491706,0.0038838130565728058,0.012031283619877774,0.5847959605842785,0.2449268967954959,-0.006960965454323846,-0.08253962721396899,0.8662803290663924,-0.4984216207507329,-0.7421710995928658,1.1085242950859697
softplus_mlp,20260842,6,2903,0.725,3.5237546347180007,True,True,64,1.3988810110276972e-14,-0.06450840428958937,15.348466757953908,0.49813088880052026,14.850335869153387,0.9675452345399661,4.355713819212108,0.14136367041355724,4.21435014879855,33.199975169757,0.4623035613573396,0.44729960770214877,0.9098967959352817,0.7857142857142858,0.5,False,0.6462436770522474,9.825473767932635e-15,6.661338147750939e-16,2.220446049250313e-16,5.551115123125783e-16,0.0,3.885780586188048e-16,8.881784197001252e-16,2.080395106729255,0.5903915914666814,3.2903670486750825,0.9337673560629185,3.980521579472255,1.1296250710120197,3.4801215050231447,0.9876174324781419,1.8703418484727579,0.5307809545094612,0.604173678621974,0.1714573633105203,0.04254599095943491,0.012074050372363622,0.3045098183536691,0.5881849726695748,-0.6814326237763042,-0.5297010329932812,-0.40518414308261697,-0.40550070699571633,-0.04991400771033181,-0.08489017220572628,0.7630041654561674,0.4487800594728377,-0.049577569496968274,-0.05847613786318075,0.05758814285757835,-0.08212734318490565,-0.0035021868907824443,0.05922195681080833
softplus_mlp,20260842,7,2561,0.741,3.5237546347180007,True,True,128,8.815486118862736e-10,0.005914400252863272,22.298298436282984,2.505437300980227,19.792861135302758,0.8876399780844502,6.327994071036525,0.7110135525031335,5.616980518533392,35.016373743493254,0.6367963341842745,0.5652458841195876,-0.7299175407567685,0.6666666666666669,0.5,False,2.3561171190507495,9.462750583111301e-10,4.440892098500626e-16,2.220446049250313e-16,6.661338147750939e-16,3.9968028886505635e-15,8.881784197001252e-16,8.881784197001252e-16,4.302368207595716,1.2209613476507073,5.5859823867999925,1.5852359105153835,6.123796483033688,1.7378612071052342,4.064551858640849,1.1534718730398001,1.7513735779361692,0.4970191626512975,0.4003069955866685,0.11360240342577209,0.06991892621676306,0.01984216651405938,-0.02657374093889355,-0.29749731256792056,-0.3592985438663989,-0.22805522196751715,-0.2988075283876406,-0.15619649360070217,-0.015042079508247768,-0.004147375181530794,0.1629479396216046,0.033583825225348425,0.08254653099730978,0.1641802718161188,1.619238716770739,-0.48591089818420374,-1.1590968944356086,0.9799576047132744
softplus_mlp,20260842,8,9579,0.797,3.5237546347180007,True,True,32,5.899120941732505e-09,0.21074917649129854,7.007882397151129,0.3948474037648498,6.61303499338628,0.9436566738155645,1.9887543610742797,0.11205303566672674,1.876701325407553,9.735547561177109,0.7198241653193483,0.6792668775773213,0.7809624348960339,0.523809523809524,0.2,False,0.44654007396370954,6.626643678231403e-15,2.7755575615628914e-16,1.3183898417423734e-16,6.106226635438361e-16,4.718447854656915e-16,3.0531133177191805e-16,8.881784197001252e-16,1.3765784304256583,0.39065672077812624,2.557394715363526,0.7257584538283806,1.9327109651885774,0.5484805741428272,0.8790386630647702,0.24946080365641518,0.21909491263892056,0.06217655181784651,0.04076320212683339,0.011568115931004824,0.00230150834283891,0.0006531409196778808,-0.15690375722044045,-0.07389192804553281,0.09047698629594735,0.07745081909615564,-0.033283171019175606,-0.03002183921151775,-0.0012220677484285954,0.00696038689529568,0.1687429176299459,0.021792492988248112,-0.04958265603142644,-0.061462415305095046,-0.26351430171772167,0.03687748642083809,0.4560352263025987,0.23304417365290708
softplus_mlp,20260842,9,12279,0.819,3.5237546347180007,True,True,128,2.584044089815052e-14,0.0783341809899758,7.372415465607283,0.30767479554079025,7.0647406700664925,0.9582667584353989,2.0922045459607554,0.0873144777191369,2.0048900682416186,14.122031389585409,0.5220506357919744,0.5002637704995143,0.9801019806907075,0.9761904761904763,1.0,False,0.8861812895373409,9.769962616701378e-15,8.881784197001252e-16,1.6653345369377348e-16,6.661338147750939e-16,1.7208456881689926e-15,1.3877787807814457e-16,8.881784197001252e-16,1.1933408107472467,0.3386560457387657,2.7159683307170637,0.7707597753708005,2.3682924527478444,0.6720934623012916,0.8596936506336799,0.2439709173174254,0.21512191780778211,0.06104906274922797,0.018619768837849326,0.0052840707620209855,0.0013785341158073557,0.0003912117212206738,-0.33962396671679107,-0.17110856167696886,0.07568868146390667,0.04181749192117537,-0.3051995985495174,-0.17106069082844727,-0.002430336029895689,-0.02377405797729416,0.018208933039847615,0.0021720375765935645,0.03523586472241913,0.04025634750231583,1.0190165011934686,0.8539982086582956,-0.42256189813346146,-0.493966594185696
softplus_mlp,20260842,10,5210,0.904,3.5237546347180007,True,True,128,1.2878587085651816e-14,0.2330238391883528,11.875794426133464,0.6546827300956533,11.221111696037811,0.944872510705054,3.3702103742202985,0.18579123632654584,3.1844191378937525,15.644206241847602,0.7591177361473417,0.7172694812742754,0.961106537651897,0.7619047619047621,1.0,False,0.6975000812303148,1.1102230246251565e-14,4.440892098500626e-16,1.249000902703301e-16,1.1102230246251565e-15,1.0769163338864018e-14,1.249000902703301e-16,8.881784197001252e-16,2.153883557125951,0.6112467468377867,3.673500377042621,1.042496075308207,3.2250060529067053,0.9152186764458974,1.9994459844162016,0.5674191854099436,0.6643680619098346,0.1885398192496461,0.14266776561911002,0.04048742900923561,0.01692262711302979,0.004802441959578742,-0.5428830306136538,-0.1289971136539534,-0.2957765080176973,-0.24424246399086075,-0.20655102802360847,-0.05594710056479392,-0.016076196499052373,-0.04666161444851382,0.0766072750141781,0.05618233265486307,-0.08781412302021532,-0.049155281369919715,1.2741124658854635,0.7688066152261003,0.03140498446293965,-0.06696153466457971
softplus_mlp,20260842,11,7482,0.932,3.5237546347180007,True,True,64,1.7709058885984064e-08,0.6200495168317637,8.938090999750722,0.6246436420724376,8.313447357678285,0.9301144235284853,2.5365247942315996,0.1772664974791659,2.359258296752434,12.026876168642055,0.7431764387044416,0.6912391248655344,0.9390938397919383,0.4761904761904762,0.2,False,0.64554273088743,8.715250743307479e-15,2.220446049250313e-16,8.326672684688674e-17,7.771561172376096e-16,1.9984014443252818e-15,1.6653345369377348e-16,8.881784197001252e-16,1.847801296422381,0.524384211720308,2.6339939489202684,0.7474964127662828,2.2672030969240162,0.6434054955433798,1.6460573798921254,0.4671316679300675,0.5031616754283534,0.1427913483166289,0.03911795091314671,0.011101213043534527,0.0007556512504265196,0.00021444491139690063,-0.3088977328924407,-0.004611248192744545,-0.11847261480034015,-0.0996337349404976,0.00544047396674757,0.0028331521458643044,0.08651947066762113,-0.10905854527329376,0.02808112607308087,0.030192845185313507,-0.2587761105176117,0.04063044788305501,1.4357132279872669,1.1054890839433247,-0.2495583236525593,-0.34579248391925593
softplus_mlp,20260842,12,13055,0.961,3.5237546347180007,True,True,64,2.627786876985283e-12,0.3341561383541327,2.1636884724296532,0.12691500572920095,2.0367734667004522,0.9413432167586098,0.6140292661446358,0.03601698156811583,0.57801228457652,5.189852043716074,0.416907544608997,0.39245308913316684,0.9649706388169523,0.2380952380952381,0.2,False,0.11451014032933149,8.727393807639316e-15,2.7755575615628914e-17,1.1102230246251565e-16,6.661338147750939e-16,1.1102230246251565e-16,1.3877787807814457e-16,8.881784197001252e-16,0.47311235198597257,0.13426370477802432,0.7111021547909219,0.2018024035455664,0.6356074209232739,0.1803778885910257,0.27930399321610844,0.07926317867431783,0.055114580650594915,0.01564086787075787,0.008652475917217881,0.0024554706028532326,0.0007954949455591111,0.00022575208208921535,-0.03390630801916603,-0.1236874436885968,0.07835949015746942,0.04122562009769891,-0.04876323667696217,-0.0456002486667301,-0.03826116119974185,-0.011260934882554962,-0.009957900889790965,-0.005194510282829877,0.04527037026581149,0.05425059335690345,-0.05516958206560316,0.0008694907071899356,0.3965844667821167,0.4235535717130523
softplus_mlp,20260842,13,12827,0.962,3.5237546347180007,True,True,64,3.203837195542292e-11,0.7641313631762245,2.3126744206504233,0.2015861212247322,2.111088299425691,0.9128341977475422,0.6563097208485126,0.05720776334384722,0.5991019575046653,4.58342175396842,0.5045737758363744,0.46059219787004496,0.8867538481980967,0.9285714285714287,0.5,False,0.19901807890410553,5.6365502543176405e-15,1.1102230246251565e-16,5.551115123125783e-17,6.661338147750939e-16,8.881784197001252e-16,1.6653345369377348e-16,8.881784197001252e-16,0.6356823846729388,0.18039916241892684,0.8218423005868427,0.23322915065924082,0.5262573603324074,0.14934563126144645,0.27977467991899296,0.07939675400849322,0.041838876910607184,0.011873379746247704,0.0067959667479913916,0.0019286151995470194,0.0004828514806379517,0.0001370275546091175,-0.002560933916758065,-0.00641968886755904,0.30348182016274905,0.1584793159691023,0.13144660890446125,0.1362990126203882,-0.032675114879155226,-0.04045909975905512,-0.015562262383983073,-0.007147926370555563,-0.05631096898630765,-0.09818164014477886,0.059219298474112905,0.24753867996948967,0.37709291580110593,0.374022709759192
softplus_mlp,20260842,14,2997,1.002,3.5237546347180007,True,True,32,1.885075429086669e-12,0.21498251032311866,1.3738403735763227,0.08924510642587788,1.2845952671504448,0.9350396828173284,0.3898796925417222,0.025326708490592733,0.36455298405112946,4.828840911300695,0.28450727593058467,0.266025593045356,0.9632455990669849,0.880952380952381,0.5,False,0.05532246001857292,6.564193633096238e-15,5.551115123125783e-17,5.551115123125783e-17,8.881784197001252e-16,6.661338147750939e-16,1.734723475976807e-17,8.881784197001252e-16,0.1901703405521838,0.053968099446686575,0.3356862668569091,0.09526380286230499,0.4871081680331083,0.13823555228103748,0.2552560958450066,0.07243866906341345,0.07872086196930367,0.02234005205518617,0.02594980410973202,0.007364248308908924,0.0009488362100753718,0.00026926852418352484,-0.0338169131537032,-0.003218353007532959,0.23810322775637388,0.16778898592871755,-0.049230676948928145,-0.04879596015265868,-0.02772246577717111,-0.015574998352502374,0.020457931094037065,0.0015270664958154149,0.05954042549229918,0.06936348656725398,0.034261464996650504,0.06157981570058793,-0.026610483136438656,-0.017687532856561522
softplus_mlp,20260842,15,5030,1.01,3.5237546347180007,True,True,128,1.021405182655144e-14,0.43550341242818313,11.586129502713717,1.0252155125929172,10.5609139901208,0.9115135462319155,3.288006885769143,0.29094406928675476,2.9970628164823885,13.05888963958109,0.8872216415396083,0.8087145447734697,0.9326144388037694,0.5714285714285715,0.5,False,0.9032280094591771,9.345822726825048e-15,6.661338147750939e-16,2.220446049250313e-16,1.1102230246251565e-15,1.609823385706477e-14,2.220446049250313e-16,8.881784197001252e-16,2.5467007863204736,0.7227236429088886,3.582293197352455,1.0166125535693376,3.1743585256887834,0.9008455056470812,1.6462278760150746,0.4671800527186306,0.5531108731541255,0.1569663414428939,0.07525038511177456,0.021355171659900977,0.008187859071025011,0.002323617822408418,-0.5946350010583421,-0.10505162095137205,-0.39276874299331765,-0.06508463331206102,-0.08729037339522612,-0.033264837579797146,0.0012324021779235497,-0.09340009903485554,0.11016806752187071,0.11484182508738143,0.03301560612453087,0.005829551031009975,1.4284392913445878,0.5250423350579623,-0.06265783729384293,0.08659089212989911
softplus_mlp,20260842,16,9116,1.026,3.5237546347180007,True,True,64,1.0303841113668e-12,0.2230893698783265,14.269914732684677,0.18768618229873563,14.082228550385942,0.9868474208981188,4.0496334767720485,0.05326312463687069,3.996370352135178,19.839290029480864,0.7192754736424446,0.7098151460793193,0.9948826126030018,0.9047619047619048,0.5,False,0.3799495119733455,7.882583474838611e-15,2.220446049250313e-16,1.3877787807814457e-16,8.326672684688674e-16,4.440892098500626e-16,1.3530843112619095e-16,8.881784197001252e-16,1.3625024440514417,0.3866621218819568,3.2300850639034815,0.9166600398560324,3.7227361782479327,1.0564686149170135,3.191411981021412,0.905685075112165,2.050449151397639,0.5818932825786073,0.63293079379921,0.17961829338604396,0.07979912026355589,0.02264604904022838,-0.15732320620044998,-0.10301601183650472,0.14475893718629385,0.13097560993995913,-0.06469755619784665,-0.029575888094442854,0.009566158889198356,0.023794541375205716,-0.010556446075937066,0.020103815882758162,-0.08952121674873895,-0.10908189601764524,0.6852666526824724,0.5309244768989776,-0.29440395365666466,-0.2410352782699808
softplus_mlp,20260842,17,20015,1.034,3.5237546347180007,True,True,32,8.031682957598818e-14,0.12168403411678264,0.29775833273645014,0.034854843567286964,0.2629034891691632,0.8829425082852763,0.08450030254739321,0.00989139346533313,0.0746089090820601,1.8605678734791375,0.16003626472366309,0.14130282099171756,0.9769909298461321,0.8571428571428572,1.0,True,0.024046015403810968,5.412337245047638e-15,2.7755575615628914e-17,5.204170427930421e-18,9.159339953157541e-16,3.3306690738754696e-16,1.9895109865109006e-17,8.881784197001252e-16,0.0970448474075937,0.02754018297739962,0.07340509619837998,0.020831500432848513,0.0703920629783771,0.019976437146001922,0.04282006633504157,0.01215182973103585,0.01142888092127651,0.0032433815932224074,0.0023740720329909204,0.0006737336389997861,0.0002933068627870238,8.323702788417803e-05,-0.04230311349039018,-0.011319293050714841,0.01255110161568434,0.009115038086211023,0.13416876330808558,0.13460839260214305,-0.04317182531133827,-0.03974043147778442,0.06286636874455886,0.045707875222233275,-0.027234959357249865,-0.03029705204353411,0.03918161559410489,0.03246722365723202,-0.014373916986671809,-0.018857718879003046
softplus_mlp,20260842,18,1857,1.059,3.5237546347180007,True,True,128,9.871423678475821e-10,0.1572287776775001,6.192702272542033,1.8743094670147482,4.318392805527285,0.6973357696646757,1.757415857372153,0.5319069178506368,1.2255089395215164,13.134744422951785,0.47147489689413696,0.3287763101032466,-0.9320119302541972,0.5476190476190477,0.5,False,1.7081047005144288,8.485856461959429e-10,6.661338147750939e-16,1.1102230246251565e-16,6.106226635438361e-16,6.356026815979021e-15,1.5543122344752192e-15,8.881784197001252e-16,2.5904266936676463,0.7351325396340921,1.9059499787622873,0.540886121860984,1.0543967210858733,0.29922535204278056,0.502293614286097,0.14254500280388976,0.11896419510914441,0.03376063529992771,0.019191060995047603,0.005446196737413707,0.0014800082116397315,0.00042000887265471415,-0.017991882493592612,-0.21526316857333214,0.13067543328040954,0.07147798557964997,-0.07550974890140599,-0.04107536596708871,-0.02730981123013694,-0.01903521123531286,0.019779528459306903,0.0021001048494936232,0.045080957290042266,0.08896614873973702,0.9576642904527708,-0.6424970191716629,-0.8751599891798932,0.9125553034560224
softplus_mlp,20260842,19,19048,1.075,3.5237546347180007,True,True,64,6.403312206859635e-09,0.4362559548783749,2.8326735924578386,0.7725870989334946,2.060086493524344,0.7272586926391542,0.803879352026601,0.21925110543212475,0.5846282465944763,4.765337369484941,0.5944329588492507,0.43230653651433026,0.005517137630298741,0.7619047619047621,1.0,False,0.7792903315136085,1.1668617461157993e-14,8.326672684688674e-17,1.942890293094024e-16,8.881784197001252e-16,2.220446049250313e-16,3.3306690738754696e-16,8.881784197001252e-16,1.2230151420338469,0.34707727092687385,0.6592842909307087,0.18709710501266782,0.6464279355209605,0.18344862299775105,0.22863675124205096,0.06488441306026074,0.06310728883773112,0.01790910417426992,0.011083208842092355,0.0031452839346117873,0.0011189750504454598,0.000317551920165125,0.01836009734373014,-0.07317913814166886,-0.15523816212858219,-0.10456112220845037,-0.06146381367978649,-0.059604671688049594,-0.009918334872789893,-0.00019255190957746652,0.04438990704286551,0.012622282370734978,0.01966911371328084,0.034014809542980265,0.5108038008560619,-0.1384764379199037,0.06965334660359593,0.7656327848323099
softplus_mlp,20260842,20,9519,1.089,3.5237546347180007,True,True,128,8.149969588089334e-11,0.38275938356195316,13.131625111012214,2.4244287683120667,10.707196342700147,0.8153748109760661,3.726600309122577,0.6880242864884062,3.0385760226341705,23.969704145206315,0.547842602956716,0.4466970588304684,-0.6184234475422119,0.7857142857142858,0.5,False,2.2481583540565606,5.59510007769326e-10,2.220446049250313e-16,2.7755575615628914e-16,9.992007221626409e-16,2.3314683517128287e-15,4.440892098500626e-16,8.881784197001252e-16,3.676672871275585,1.0433963917495697,3.3751646401213415,0.9578319122640755,3.549719591373169,1.007368548422568,1.8907965596458067,0.5365857602616885,0.5164333227411992,0.1465576852749648,0.11698979500256598,0.03320032383921318,0.005848330755215269,0.001659687282875557,-0.09607485863960291,-0.4627867773650913,-0.12394724354015907,-0.05814781784312513,-0.3146113442390135,-0.1918850208610267,-0.006068843303677216,0.01637137178958922,0.00796163816518417,-0.0011703286320606033,0.14634484343893633,0.283410245226721,1.2603516221873554,-0.7882332606019797,-0.4911964305070691,1.5852009718489242
softplus_mlp,20260842,21,2993,1.098,3.5237546347180007,True,True,32,7.105793731199128e-11,0.5151185464302737,0.48389379002244826,0.09685886447441783,0.38703492554803043,0.7998344544369448,0.13732334971761545,0.027487403214772714,0.10983594650284273,2.3787266494125747,0.20342555549287075,0.16270676819617272,0.9767915412866369,0.9761904761904763,1.0,False,0.07192401922912728,9.545315926562381e-15,2.7755575615628914e-16,5.551115123125783e-17,1.1102230246251565e-15,0.0,2.636779683484747e-16,8.881784197001252e-16,0.17352185043552498,0.04924345433302611,0.17071126344751514,0.04844584289881376,0.10083155988388226,0.02861480731105207,0.032894419049737084,0.009335048111932333,0.005068893899256617,0.0014384922971977221,0.0008466772197141803,0.00024027700776105209,1.9126086813620047e-05,5.427757831143845e-06,0.0269157962803417,-0.016176212872522577,0.38389831218403014,0.34053741471706783,0.053460758594909334,0.046312632377008424,-0.016869542071128552,0.012650473190284776,0.010252147027896182,0.011712826243881837,0.024626486603274985,0.037762464573387756,0.07462060371227858,0.1273627957391842,-0.041786015901327564,-0.04504384753801855
softplus_mlp,20260842,22,11936,1.16,3.5237546347180007,True,True,128,2.2840063174101033e-13,0.6369733706832401,21.866129448184445,0.2855765141011174,21.58055293408333,0.9869397775780191,6.2053496099720205,0.0810432461123876,6.124306363859633,46.028801836497195,0.47505319660192274,0.46884889619202863,0.9923538075733687,0.9047619047619048,0.5,False,0.6827695247057953,1.176836406102666e-14,6.661338147750939e-16,8.326672684688674e-17,1.1102230246251565e-15,7.327471962526033e-15,3.3306690738754696e-16,8.881784197001252e-16,2.2959229342736567,0.6515558466111517,5.222487381494374,1.4820803157062947,5.838284441197297,1.656836257461077,4.642894271653615,1.3175986278696097,2.6497401919376946,0.7519650107958633,1.0818222191054259,0.3070083848763783,0.1349780085223694,0.038305166651642145,-0.07665562976825793,0.005775613748961364,-0.30817188994853373,-0.2917608317795546,-0.1579135350444999,-0.06441839397693597,0.029582815738256114,0.12282188708560716,0.3181700403219708,0.2028043588045286,0.17335781618918414,0.15020480813247752,1.4802297728254594,1.404686451664277,-0.8216260196303378,-0.8931405229961283
softplus_mlp,20260842,23,9470,1.162,3.5237546347180007,True,True,128,3.4659208836274047e-10,0.6254585026017481,6.441427439288406,2.7915167190632895,3.649910720225116,0.5666307281462333,1.828001125794589,0.7921995168334668,1.0358016089611222,11.517892708790562,0.5592539887415559,0.31689049485931314,-0.8508393413192773,0.8333333333333335,0.5,False,3.008576742208322,8.722302879959898e-10,7.771561172376096e-16,4.440892098500626e-16,1.3322676295501878e-15,1.887379141862766e-15,1.3322676295501878e-15,8.881784197001252e-16,3.6514008306308305,1.0362244847172923,1.453897081228585,0.4125988418444287,0.7900709257052336,0.2242128092350736,0.4190478173940682,0.11892082759264078,0.10755056994488361,0.03052158311059325,0.016865937722886457,0.004786354179350006,0.0025942762258009543,0.0007362249914454016,-0.06301431187473419,-0.12081460510706551,0.23399414852398348,0.08499170513788681,-0.1584759738278729,-0.13900626860134818,-0.004097710493462648,-0.011160109109853746,0.05093116841092692,0.010507440343047465,0.007621062606877711,0.022444513186708592,1.4365483783959723,-1.1006794773646196,-0.8780482591399412,1.8791753041169903
softplus_mlp,20260842,24,16444,1.167,3.5237546347180007,True,True,64,3.84614562420893e-12,0.6951753279786581,4.021799152087198,0.222874725278847,3.798924426808351,0.94458332779667,1.1413391592201636,0.06324921805932814,1.0780899411608356,10.287700086221946,0.39093277587606684,0.369268582381805,0.930768826879988,0.6190476190476191,0.5,False,0.2814439435032481,5.037636974236648e-15,3.885780586188048e-16,5.551115123125783e-17,4.440892098500626e-16,0.0,2.914335439641036e-16,8.881784197001252e-16,1.0157390376964655,0.2882547574932819,1.297970526301324,0.36834872482691977,1.1286281095641169,0.3202913444779162,0.4405436531887032,0.12502109223162727,0.12217917514040974,0.034673008709696244,0.015588978146116837,0.004423968114160251,0.0011496720500573817,0.00032626336656081835,0.037963555768071845,-0.034253688140660016,-0.02651411848690784,-0.014398189045088827,-0.06282350298420092,-0.06575861985918592,-0.022365637698042,-0.02111396947289141,0.32411151378567005,0.17638914929053964,0.09122796801060915,0.10646142657967674,-0.09202995305229769,0.007898548879471966,0.44560550263575593,0.539950669746796
softplus_mlp,20260842,25,12155,1.172,3.5237546347180007,True,True,128,3.3997804571583856e-13,0.999945411230305,6.682590334081211,0.48312010744455913,6.1994702266366515,0.9277046649140458,1.8964403106392809,0.13710378772817772,1.759336522911103,12.923229346739092,0.5170991054002632,0.47971525230270395,0.9974805760840186,0.7142857142857144,0.5,False,0.3322594753255316,1.554312234475219e-14,2.220446049250313e-16,2.220446049250313e-16,3.3306690738754696e-16,5.10702591327572e-15,2.7755575615628914e-16,8.881784197001252e-16,1.242488427371477,0.3526035596036643,1.9369450357191607,0.5496821534153642,1.7580428658721714,0.4989118278982737,1.238797501246053,0.3515561183065153,0.4185083099585081,0.11876772174632429,0.07423677197074105,0.02106752020680409,0.013571421943089183,0.00385140946233201,-0.033727659939012125,-0.03796641821623192,0.111620708451255,0.12006611105092152,0.12233447266171178,0.1046740753976153,-0.03879491907951387,-0.1275088306412323,0.07690998215171427,0.04698443485620966,-0.05665840237692395,-0.05373077736726863,1.5320412477305225,2.0037883275657573,-0.7137800183694483,-1.056361511415471
softplus_mlp,20260842,26,13083,1.18,3.5237546347180007,True,True,64,2.8981650412873705e-11,0.9096943685753784,8.277662437113278,0.22961135873876837,8.04805107837451,0.9722613285473812,2.349102958406105,0.0651609951716016,2.2839419632345033,17.525776663741212,0.4723135867775148,0.45921223537128536,0.938485378855493,0.5714285714285715,0.5,False,0.2352039614679422,7.056855100273651e-15,3.3306690738754696e-16,1.1102230246251565e-16,5.551115123125783e-16,8.881784197001252e-16,4.510281037539698e-16,8.881784197001252e-16,0.9325109620036707,0.26463561134934066,1.8050139611189584,0.5122416706699586,2.3840527529298843,0.6765660495883747,1.876984682174002,0.5326661123566606,0.938552682864396,0.26635018046297837,0.29950037429714127,0.08499467339362853,0.04104702172522244,0.011648660585162268,0.04030833225933684,-0.031237863055070446,0.17812274116586505,0.113679494079433,0.23972557757149493,0.2084034759482033,-0.06610356298070019,-0.05985511633935119,0.13735984441308383,0.07506002969844655,0.12583309994261913,0.13421136621153684,-0.2620500670499665,-0.055746869654420286,0.5164984032536459,0.5251798516866015
softplus_mlp,20260842,27,12928,1.216,3.5237546347180007,True,True,64,1.793637460778541e-11,0.40508335553570984,1.6887082985102815,0.11922008788901199,1.5694882106212695,0.9294016095058076,0.47923549553427564,0.033833254652406566,0.4454022408818691,3.801421088262024,0.44423079140710087,0.41286881252579827,0.9676687106961418,0.9523809523809524,0.5,False,0.10905217741220037,1.2129728645116078e-14,2.220446049250313e-16,6.938893903907228e-17,1.2212453270876722e-15,2.220446049250313e-16,1.8041124150158794e-16,8.881784197001252e-16,0.49756729793063137,0.14120372997266045,0.6167448469044379,0.17502491258271016,0.42479945215013637,0.12055307369156032,0.13756451511648976,0.039039186713265235,0.011351355132231549,0.0032213806887663667,0.0006752651824081138,0.00019163229350733553,5.566093941492179e-06,1.579591804336179e-06,0.019146399187913152,-0.01887936204291998,-0.21709560816098059,-0.12865513683260096,0.0018378468187495757,0.001713266819779514,0.003912367861715972,0.002075924481165812,0.11482554501451778,0.06498310612520332,0.018272669266168138,0.03068335064771812,0.11048666703948631,0.0810958026501417,0.35369746850814077,0.3720664036872225
softplus_mlp,20260842,28,15342,1.256,3.5237546347180007,True,True,128,4.266262898511286e-10,0.8162329537749247,3.4447458677053886,0.18585970564584756,3.258886162059541,0.9460454521802932,0.9775782438895791,0.05274479210744523,0.9248334517821338,7.836623731833619,0.43957014979707143,0.41585334112972966,0.9972632118715963,1.0,1.0,False,0.28905430605784993,1.1102230246251565e-14,6.661338147750939e-16,5.551115123125783e-17,1.1102230246251565e-15,1.2434497875801753e-14,4.996003610813204e-16,8.881784197001252e-16,0.6936866809473414,0.19686009749735478,1.4812393364594416,0.4203582513565058,0.8085517187236122,0.229457440298853,0.3567532060584863,0.10124235170733918,0.08879058486530803,0.025197720633126253,0.015604697163424178,0.004428428985854457,0.00011964348776581636,3.395341054312404e-05,0.004518684220346068,0.03508660693440844,-0.2484170851964985,-0.20680373884226055,-0.18076335343477876,-0.09700593163415984,0.0269394883427969,-0.0356788200620868,-0.002699563587831731,-0.00033196191506370106,-0.07613135976161924,-0.048577946657465516,1.9106598646665849,1.870169008377623,-0.6178737214740738,-0.7006242624260827
softplus_mlp,20260842,29,13936,1.286,3.5237546347180007,True,True,128,3.7769787297747826e-13,1.1108261697450705,41.57017413414348,0.5426458984969312,41.02752823564655,0.9869462683330155,11.797125067838403,0.15399650507741955,11.643128562760984,65.72837506533742,0.6324540062464737,0.624198121357223,0.9809958323763112,0.880952380952381,1.0,False,3.1096374949749914,1.9984014443252818e-14,6.661338147750939e-16,5.551115123125783e-16,0.0,1.1102230246251565e-15,8.881784197001252e-16,8.881784197001252e-16,2.9908218040853365,0.8487599490095276,12.781256005108599,3.627169689733933,13.167718364862086,3.736843148818128,7.727133261611656,2.1928692723039283,3.911847803445979,1.1101362634345386,0.9253494798541009,0.26260326719035443,0.06604741517571765,0.01874347734799171,0.012174769047942693,0.10471393887838056,-0.08307768623111772,-0.1554830568911105,0.9108551729402394,1.0460176517930417,-0.2956796087877261,-0.3064605792444163,0.08206168678026529,0.007470910133020036,0.06851107815246796,0.06625892186320234,1.6113093106250846,1.228692686181347,-1.1953285527820858,-0.8803843029683931
softplus_mlp,20260842,30,243,1.375,3.5237546347180007,True,True,128,4.6629367034256575e-14,0.7183879284385961,20.62068886845052,3.5267951004038114,17.093893768046712,0.8289681240572047,5.851908264350748,1.0008628482970563,4.851045416053693,26.18267862375267,0.787569872615846,0.6528703198663295,-0.15939986364683081,0.880952380952381,1.0,False,2.0343452669724367,2.3522850334245504e-14,4.440892098500626e-16,4.440892098500626e-16,1.1102230246251565e-15,1.1324274851176597e-14,1.3877787807814457e-16,8.881784197001252e-16,3.3605200717672097,0.9536759565088577,6.217163488384162,1.764357661889733,6.146419797929976,1.744281437013807,3.500141185637338,0.9932987816892783,1.204977475165976,0.34195839383760274,0.17889090689846845,0.05076712922515524,0.012575942667382089,0.0035689041863121995,-0.04606957617782784,0.13771266967264803,-0.44167334571710515,-0.7412074125927373,-0.15617347630832618,-0.3951267981819898,0.0076108834903689145,-0.02370506693430598,0.09157667932806154,0.05425011185491978,0.008602596275128268,-0.004822315954408244,1.0337486908692664,-1.8724915906578907,0.22076547667903118,3.5637783312323714
softplus_mlp,20260842,31,12361,1.375,3.5237546347180007,True,True,128,1.3110037500041472e-09,2.012976971649028,122.15496388124976,3.6748678887523614,118.4800959924974,0.9699163441910981,34.66613783993663,1.0428841590006037,33.623253680936024,176.17610767130498,0.6933685020965302,0.6725094427307243,0.32514931438753025,0.5952380952380953,0.2,False,3.496703324841902,3.8746783559417963e-14,8.881784197001252e-16,7.771561172376096e-16,0.0,5.773159728050814e-15,1.3322676295501878e-15,1.7763568394002505e-15,9.081419243524223,2.5771996591502155,24.06464262814508,6.829261717330363,32.212497435266904,9.141526801523401,33.157359477014225,9.409667503613726,18.43983711505537,5.2330082615218965,4.719147390853193,1.3392383636356273,0.4800605913907521,0.13623553316139744,-0.17338327477620707,-0.32844571194022554,0.7450494702868624,1.6132367196391106,1.5314439849757382,-0.8420049271022266,-0.5257418743511861,1.7643192083331134,0.007241364939624492,-0.034997884974664446,0.16575981696082606,0.14358111698045992,2.020197344098723,0.9382587544830022,-1.7575898604853526,-1.240970303769536
softplus_mlp,20260842,32,6134,1.385,3.5237546347180007,True,True,64,1.3610122251428436e-08,0.7311352483287707,13.213688103349257,0.531472208729432,12.682215894619825,0.959778662507198,3.749888818353189,0.15082554372346776,3.5990632746297213,17.937510128319463,0.7366511856340469,0.7070220896821872,0.9582497411150103,0.8095238095238096,0.5,False,0.7713412659677956,8.798517470154366e-15,4.440892098500626e-16,1.1102230246251565e-16,4.440892098500626e-16,1.5543122344752192e-15,5.551115123125783e-16,8.881784197001252e-16,1.4608230740852215,0.4145643569198536,3.7723835641033263,1.0705579573945627,4.059940423270174,1.1521632020769468,2.578850876012007,0.7318474591288867,1.0864837331304702,0.30833126757062623,0.23946218365702943,0.06795654308552421,0.015744249091024586,0.004468032176787635,-0.14510857163864466,0.09767771258520933,-0.11934343219359916,-0.1561781997230682,-0.12221599995709923,-0.013522029582888761,0.019028904549339216,-0.06602575290413301,-0.006714106333871397,0.0021672751038982383,-0.1652254547812203,-0.12632196425168477,1.4690184499167427,1.601225532080806,-0.19830454123287594,-0.6078873249793665
softplus_mlp,20260842,33,1951,1.426,3.5237546347180007,True,True,64,2.5757174171303632e-14,0.6323643053117427,4.629875021635342,0.4055773398476184,4.224297681787723,0.9123999378055863,1.3139039182862577,0.11509806495936002,1.1988058533268977,9.9277127104669,0.466358682675619,0.4255056330683299,0.5808409819529003,0.9761904761904763,1.0,False,0.37586622266298364,4.2587461335230614e-15,2.220446049250313e-16,4.440892098500626e-16,8.881784197001252e-16,1.1102230246251565e-16,5.551115123125783e-17,8.881784197001252e-16,1.091611716216588,0.3097865286820538,1.2047156383373583,0.3418840876342031,1.088146992295364,0.3088032809022318,0.782519564518831,0.22206982200435035,0.37275299369808085,0.10578290270994183,0.080009891144276,0.022705863329975876,0.010118225424840529,0.002871433023500023,-0.049850650140573355,-0.04838193770991448,0.17145091470004678,0.12468003331008937,0.08812129311632015,0.08359629774866592,-0.07495976357893401,-0.06447646310099132,0.04547201879402395,0.037928197669802835,0.06571604350276883,0.06872736610249888,-0.18665782799994177,0.20395617633934468,0.573072276918033,0.22633463495224693
softplus_mlp,20260842,34,10023,1.444,3.5237546347180007,True,True,64,1.254996107036277e-12,0.4639821973955389,5.2675072027008465,0.39495354399832416,4.872553658702523,0.9250207871009998,1.4948564099220816,0.11208315701298298,1.3827732529090988,11.66767657937681,0.4514615370819777,0.41761130637739824,0.6133062535534356,0.9047619047619048,1.0,False,0.30214294463072733,1.19747961546679e-14,2.220446049250313e-16,6.938893903907228e-17,1.0547118733938987e-15,2.7755575615628914e-16,2.220446049250313e-16,8.881784197001252e-16,0.9600025112736155,0.2724373887486756,1.382792612032222,0.3924202322171289,1.5462790958546,0.4388157678800317,0.9386531717077492,0.26637869801138064,0.36501720614426947,0.1035875774515955,0.06564996249018502,0.018630684964090545,0.00911264319820054,0.002586060649177353,-0.06895520472341926,-0.11716494593773885,0.2245661127279342,0.16633181585592854,0.06547887372301284,0.06268969744514415,-0.07831831055649788,-0.05495322521506013,-0.038228220442625055,-0.0367865390628179,0.04728346990929205,0.04574158348989172,-0.19110095236903074,0.17904582490804807,0.5032564291268738,0.21907798591214306
softplus_mlp,20260842,35,9457,1.458,3.5237546347180007,True,True,128,4.4735459781009013e-10,0.1894573802475732,45.814892089450865,2.1825556790588907,43.63233641039197,0.9523614357794932,13.001725953917715,0.6193835568331382,12.382342397084576,81.63651500632193,0.5612058781037256,0.5344708358387553,-0.5839611401750996,0.07142857142857144,0.2,False,2.7734895961126504,2.1009931017168526e-09,2.3592239273284576e-16,2.7755575615628914e-16,1.3877787807814457e-15,4.9960036108132044e-15,6.661338147750939e-16,1.3322676295501878e-15,5.671581295102241,1.6095278709881362,8.038356713627405,2.281190816871589,11.96953139396498,3.396811819992932,11.939286873512117,3.3882287818452475,6.067809684455708,1.72197281407515,1.755798991674973,0.49827504286929053,0.3725271366582037,0.10571880714617814,-0.04316868302090311,-0.4397751852810646,0.14892476231219917,0.026902619163181464,0.1835377326975638,0.2221883799367249,-0.07331886027886172,-0.24463056968410538,0.23935974537288393,-0.05441956249597274,0.028140575810750246,0.2008310568596574,0.08164405954657972,-1.1171919568290298,-0.3756619521926375,1.5955525985781869
softplus_mlp,20260842,36,2358,1.487,3.5237546347180007,True,True,32,1.6654766454848868e-10,0.5018449447658382,2.0387884497423285,0.32397346205694527,1.7148149876853833,0.8410951062147275,0.5785841129955659,0.09193984702140655,0.48664426597415933,7.155667705988636,0.2849193860743492,0.23964430129283965,0.3809457993705747,0.6666666666666669,0.5,False,0.12367496976759791,5.218915577476224e-15,1.3877787807814457e-16,2.7755575615628914e-17,7.771561172376096e-16,4.440892098500626e-16,1.249000902703301e-16,8.881784197001252e-16,0.424304546084044,0.12041262518779214,0.5534261129946434,0.15705580279114215,0.5747299992841342,0.1631015944247573,0.35180161778571406,0.09983714936322974,0.11123751712882869,0.031567895231085184,0.02043862057429888,0.005800239430102812,0.002850035890662705,0.0008088065674557922,-0.0019601832728941265,0.011067039943242613,0.12963949552199336,0.10320038024495298,0.19397038612247508,0.09755672696413234,0.003366356487984701,0.010143113384731858,0.24772423851789618,0.046603550896333876,0.02803546776863528,0.033334899495567984,-0.17201705883275292,0.11527438417999343,0.07308624245250142,0.08466484965688348
softplus_mlp,20260842,37,15340,1.516,3.5237546347180007,True,True,128,2.2751800443643333e-11,0.9256898604706667,11.854289526913325,0.6367851250939975,11.217504401819328,0.9462823036633047,3.364107537488064,0.18071210714277167,3.1833954303452923,25.90439164210408,0.45761698211996543,0.43303485203593023,0.9948160273240527,0.9047619047619048,1.0,False,0.8964954467083077,9.769962616701378e-15,1.1102230246251565e-15,2.220446049250313e-16,3.3306690738754696e-16,1.1546319456101628e-14,9.992007221626409e-16,8.881784197001252e-16,1.7135422786161754,0.48628308615287763,4.468648756115755,1.2681498059167142,3.320221791332914,0.9422397798700944,1.7261902046896869,0.489872418380751,0.5135612239550613,0.14574261751802156,0.10754023803733487,0.030518651037103526,0.004585034166389753,0.0013011786124991318,-0.05666271185024809,-0.07193547369441172,0.04628907925483812,0.06889914786535471,-0.01613759939319754,-0.012412219290391612,0.020300280371014334,-0.009994793410356561,0.042857469604023014,-0.09774663656329241,-0.15375238259460586,-0.1524265975881787,1.7141799433097549,2.323303834683997,-0.6713842182309118,-1.1219974015320657
softplus_mlp,20260842,38,7011,1.556,3.5237546347180007,True,True,128,1.0658141036401503e-14,0.8884465677467153,14.789156287187605,0.4098413220222822,14.379314965165323,0.9722877144535051,4.196988105095789,0.11630813280365675,4.080679972292132,17.961677423726577,0.8233727807432834,0.800555239132114,0.9767937002717858,0.7142857142857144,1.0,False,0.5848204268508599,9.769962616701378e-15,6.661338147750939e-16,5.551115123125783e-17,2.220446049250313e-16,1.176836406102666e-14,5.551115123125783e-16,8.881784197001252e-16,1.8008918350347238,0.5110718599108266,4.2385232142982545,1.2028428916525442,4.3496154909646325,1.2343695693536063,2.842043810913058,0.8065385094954267,1.2241443546751196,0.34739772815455566,0.30674247675189303,0.08704989664424835,0.027195104549914594,0.0077176498845785745,-0.12975672063659544,0.07780540172392048,-0.09021152736571841,-0.08863794033945196,-0.14049957267394744,0.00899118648680923,0.016281425441154084,-0.03598134455014915,0.08038128918456733,0.02335231382538761,-0.1782405863303928,-0.1270257328556559,1.5697033220702123,1.4559181299184365,-0.2392110619425642,-0.42597544646259344
softplus_mlp,20260842,39,4943,1.563,3.5237546347180007,True,True,64,2.298723145166548e-08,0.9604395407850297,25.525477146412925,0.7404733362922309,24.785003810120696,0.9709908131375994,7.2438293219742524,0.2101375984004884,7.033691723573765,34.774292133590436,0.7340329760949019,0.7127392763282009,0.937100092961562,0.5952380952380953,0.2,False,0.8325580638459863,2.0919030396804317e-14,8.881784197001252e-16,1.6653345369377348e-16,4.440892098500626e-16,3.9968028886505635e-15,7.771561172376096e-16,8.881784197001252e-16,3.3623458072151484,0.9541940786930616,6.395139588542261,1.8148651797528041,7.14636039748357,2.0280527841165874,5.654995649456801,1.6048210603941098,2.4282832136181103,0.6891181326001835,0.510618404223454,0.14490747999096076,0.027734085873579315,0.007870606426545025,-0.03592638708009402,0.3154334548183731,-0.3426870057346544,-0.12630592852254263,0.08470268020199373,0.09217730971353279,0.08655772896313313,-0.07642186293502833,-0.004027540373850936,0.007985482382072272,-0.2918440154729393,-0.13859925055874792,1.6005101484679902,1.2053829521584811,-0.13684606818654899,-0.3192126162711066
softplus_mlp,20260842,40,10139,1.595,3.5237546347180007,True,True,128,1.2878587085651816e-14,1.1214838045257902,8.552063895769408,0.39174391522756735,8.160319980541841,0.9541930556176788,2.4269748556013786,0.11117230222782463,2.315802553373554,13.571159963218857,0.6301645488629991,0.6012986364215213,0.9777363428412295,0.5952380952380953,0.5,False,0.7815807305714216,1.1102230246251565e-14,4.440892098500626e-16,1.1102230246251565e-16,1.1102230246251565e-15,7.771561172376096e-15,1.3877787807814457e-16,8.881784197001252e-16,1.421365552121853,0.4033667776177617,2.730443380849314,0.7748676238542432,2.297859394237511,0.6521053911068937,1.5172216991760776,0.43056962145648886,0.5006609902434134,0.1420816833586032,0.08025022048363845,0.022774065961621848,0.004262658657591836,0.0012096922457635784,-0.033798806874316106,0.005684123535977251,-0.01529002957947692,0.19828917727199957,-0.17982190699182823,-0.04114012902603522,0.06413958320930056,-0.042435707637862384,0.017468744996139422,0.01316519084703963,0.05428009447308364,0.038821352401601554,1.6208970058064485,1.5766098624637095,-0.40639088051355954,-0.6275100653306475
softplus_mlp,20260842,41,13689,1.6,3.5237546347180007,True,True,128,2.070565940925917e-14,0.6764105055503877,10.659790142194346,0.6092506123696693,10.050539529824677,0.9428459093244163,3.025122702122371,0.17289813722186886,2.852224564900502,23.40867607525465,0.455377745752261,0.42935104477989333,0.9747296013720305,0.8333333333333335,1.0,False,0.5840669078780465,1.2656542480726785e-14,2.220446049250313e-16,4.440892098500626e-16,1.6653345369377348e-15,2.886579864025407e-15,6.106226635438361e-16,8.881784197001252e-16,1.3818277032005606,0.3921464024725279,2.6243334256731563,0.744754870221881,2.852295634140445,0.8094478559994029,2.451572441409711,0.6957273407335031,1.0991084803378186,0.3119140219096947,0.2290643162565845,0.06500575096793483,0.021588141176066077,0.006126459817425323,-0.06147689637783574,-0.051915493142215524,0.1023578228272251,0.16241422867580368,0.02771422260742954,0.02095064604612917,-0.015815483645252735,-0.07545046944074568,0.0696620849214811,0.024056054062911333,0.2678454798159016,0.17023031597848381,1.254164826984919,0.8545339716680284,-0.9680415515834786,-0.42840874829801034
softplus_mlp,20260842,42,12306,1.611,3.5237546347180007,True,True,128,3.144969840107592e-10,0.8332357806478854,63.35118413839314,1.6830768281516386,61.668107310241496,0.9734325908656278,17.978318783669515,0.47763735067391605,17.500681432995595,94.75108494686643,0.668606424653803,0.6508432842201556,0.9064487362191164,0.5952380952380953,0.5,False,8.23130650948491,2.69411160047639e-10,8.881784197001252e-16,3.552713678800501e-15,6.661338147750939e-16,3.1086244689504383e-15,8.881784197001252e-16,8.881784197001252e-16,7.358786209152638,2.0883367237462456,22.11102654897241,6.274848518430375,19.326844338744397,5.4847304486883175,9.19328847189088,2.6089468265790874,4.113233167643889,1.1672870543022538,1.1513887696079206,0.3267505513192646,0.09661663224628105,0.027418660565738592,-0.03150727973635333,-0.1221341328531692,-0.02730861701874011,-0.05071028279696573,1.6203961735152035,2.647884457234422,-1.019650379218766,-2.076326684066431,0.09897976645922653,0.012916462181827675,0.0924390333039045,0.050051274387387434,1.9474685716951674,1.563547630480152,-1.8475814883517565,-1.1919929439193346
softplus_mlp,20260842,43,14526,1.634,3.5237546347180007,True,True,128,5.352314147444304e-10,0.8722458508850479,7.256211351707677,0.4154982141140092,6.840713137593667,0.9427389592206095,2.059227189150864,0.11791349205199719,1.9413136970988663,16.70213921134716,0.4344480224891148,0.40957107655684005,0.994146560902533,0.9285714285714287,1.0,False,0.4976430405524598,8.43769498715119e-15,3.3306690738754696e-16,5.551115123125783e-17,1.5543122344752192e-15,1.354472090042691e-14,3.3306690738754696e-16,8.881784197001252e-16,1.1896276257008933,0.33760228762241756,2.391370706053463,0.678642798364092,1.7139298990682188,0.48639308826489314,1.2994615213450158,0.36877185163291293,0.5295659937478485,0.15028458239693204,0.12018021294406855,0.034105726817635344,0.012075392848160537,0.0034268540519782555,-0.01654413353552549,-0.008237426090454069,0.03730998858132838,0.09533169012537548,-0.1392102220853921,-0.0923604669192497,0.033791910438696046,-0.03572990497663613,0.06411779564240355,0.04046284975766053,-0.16456391154602132,-0.09811858766107068,1.842241377335036,2.078116103408826,-0.7848969539454755,-1.107218406759417
softplus_mlp,20260842,44,17733,1.645,3.5237546347180007,True,True,64,1.9683650404056507e-09,1.5355985439519844,4.81709951794347,1.4829291148856623,3.334170403057808,0.6921531080348619,1.3670360218849271,0.4208377905416613,0.9461982313432657,7.818882149354723,0.6160854487800428,0.42642545818815936,0.68275649426924,0.6190476190476191,1.0,False,1.1560167537061845,1.2238474123016374e-14,2.220446049250313e-16,2.7755575615628914e-17,4.440892098500626e-16,4.440892098500626e-16,2.220446049250313e-16,8.881784197001252e-16,1.5989536997107305,0.45376419911787974,1.5877745942237969,0.45059170084663497,0.9860524295238865,0.27983004826974806,0.505127096007956,0.14334911149350793,0.12086961440855416,0.034301370821248206,0.01721224167648372,0.0048846311564656325,0.0011098423920583638,0.0003149601794414333,0.046156520389352744,0.0314887707850276,0.2402020734268197,0.20675036344460176,-0.021396856961007505,-0.030355283486588083,0.06937220723845457,-0.007602480196220981,0.056743114728622694,0.03661825019978002,0.012089681769100948,-0.13676248666138668,0.3752660554011015,-0.8046334529784311,0.7571657479595403,2.2400948628452024
softplus_mlp,20260842,45,6168,1.655,3.5237546347180007,True,True,64,9.556482272188305e-10,1.1232717012527236,1.7991012753745408,0.2811026105936941,1.5179986647808468,0.8437538706456792,0.5105637202002629,0.07977360507003355,0.43079011513022936,2.802134487385994,0.6420467266911428,0.5417294107810403,0.9921275138768822,0.9047619047619048,1.0,False,0.1973531530920885,7.719519468096792e-15,4.440892098500626e-16,5.551115123125783e-17,1.1102230246251565e-15,3.9968028886505635e-15,4.718447854656915e-16,8.881784197001252e-16,0.5534554480467216,0.15706412773289297,0.6901628415159108,0.19586007343304798,0.3964361776410115,0.11250391095200009,0.1352082116901612,0.038370495595242166,0.02127875097945249,0.006038658529116171,0.0024049784830290615,0.0006825045249558153,0.00015486701825089986,4.394943300678867e-05,0.003815905788623613,0.024251356415980224,-0.17580351716815779,-0.22544664488559885,-0.08967877633975424,-0.09410365412008305,-0.010745421851830491,0.03041379192152303,0.039255019139774174,0.03140282138380069,0.01799898152963737,0.011896161831436809,1.7110184791046326,1.4979388914628835,-0.3725889689502004,-0.15308102275721489
softplus_mlp,20260842,46,14636,1.663,3.5237546347180007,True,True,128,6.059473367514556e-09,1.0631669186488688,37.23386692239583,1.5747328650200982,35.65913405737574,0.9577069749885981,10.566532231145427,0.44689061193561824,10.119641619209808,58.06662593552531,0.6412266310038183,0.6141072170607969,0.9563727930044766,0.7380952380952381,1.0,False,1.2954052932688047,2.070565940925917e-14,1.3322676295501878e-15,4.440892098500626e-16,2.220446049250313e-16,9.769962616701378e-15,8.881784197001252e-16,8.881784197001252e-16,2.3391515038974777,0.66382360475694,7.590407396364059,2.1540680845309494,10.669215125775446,3.0277974012879256,9.320753297568384,2.6451198405629928,5.695979953956336,1.6164519225704186,1.421501748985877,0.4034054286812274,0.19685789584824676,0.05586594875497082,-0.16805066647651856,-0.10973623936915143,-0.21656655359247684,-0.07066338890708579,-0.6837508734770154,-0.33719068626238696,0.2184768398119865,0.13351530918487958,0.0317372816394195,-0.00873915564978373,0.6406363526524582,0.007143988692331436,2.417595006563707,3.441550092576414,-1.1769104684726912,-1.9927130016163581
softplus_mlp,20260842,47,13286,1.664,3.5237546347180007,True,True,64,6.418382936246303e-09,1.3655972059911934,3.9360611090631212,0.2228137020599239,3.7132474070031973,0.9433917066107342,1.117007713954555,0.06323190038961247,1.0537758135649424,8.006554258966581,0.49160487542504394,0.46377596240538965,0.9970445133061779,1.0,1.0,False,0.28513164041372147,1.2578479924307828e-14,4.440892098500626e-16,1.1102230246251565e-16,6.661338147750939e-16,3.1086244689504383e-15,2.498001805406602e-16,8.881784197001252e-16,0.7152247623509148,0.2029723509418393,1.4514402881785382,0.411901632956545,1.0937996147899636,0.3104074284892706,0.48798663961450894,0.13848485215360676,0.14595945121481063,0.04142157055339112,0.037633735044922276,0.010680010087573544,0.004016617869459096,0.001139868772327429,0.020231491819851715,0.020955036642210927,-0.14771052217119507,-0.11406590672593057,0.35609738111718814,0.4556940169042125,0.019698732654030663,-0.013480280706163283,0.03911336254858159,0.04774678914314183,0.0702178183319787,0.050932070082775484,1.7723006625337483,1.601951722083223,-0.76435172084299,-0.6841362414322734
softplus_mlp,20260842,48,14542,1.683,3.5237546347180007,True,True,128,3.919580215949736e-10,1.255197540253987,6.663084047795863,0.20674921361589152,6.456334834179971,0.9689709431649322,1.890904656682799,0.058672988061904956,1.8322316686208941,16.496185076512077,0.4039166641797094,0.3913835110502462,0.9976628438673112,0.9761904761904763,1.0,False,0.553454740412177,1.3470127790959907e-14,4.440892098500626e-16,1.1102230246251565e-16,2.220446049250313e-16,1.354472090042691e-14,9.43689570931383e-16,1.5543122344752192e-15,1.2167511306759606,0.3452996183922252,2.293221315119082,0.6507891589627108,1.6007682183614889,0.45427913810735443,1.0941955490972222,0.310519789975328,0.340785657679896,0.09671094982672322,0.1009161647606713,0.028638817177106726,0.01644601210153651,0.0046671842413490445,0.007877835105891118,0.00507754207844633,0.11968507338126315,0.19676950697139495,0.2525642943351552,0.24022771565273646,0.08157687202889909,-0.030304136510483547,-0.022266125185289753,-0.01166301478288579,-0.24647839484032064,-0.1671847037886112,2.0686565606080367,1.988925227241385,-1.0064185751796475,-0.9666505966080088
softplus_mlp,20260842,49,14720,1.772,3.5237546347180007,True,True,128,8.054112932143198e-10,1.325787132911069,2.3133988734335995,0.7334036257739128,1.5799952476596868,0.6829757141338197,0.6565153120029131,0.20813129794793608,0.44838401405497713,8.285477679172592,0.2792112854577892,0.1906945270797554,0.9941728800043086,0.9047619047619048,0.5,False,0.3076051595102267,1.6391185284070353e-14,8.881784197001252e-16,1.3322676295501878e-15,2.220446049250313e-16,1.176836406102666e-14,7.771561172376096e-16,8.881784197001252e-16,0.7202082291248061,0.20438660002853545,0.9949429127740409,0.2823530625462134,0.42808094892383897,0.1214843237682176,0.12198343344353996,0.034617459525044955,0.04170695073639221,0.011835940654173822,0.005827194820665621,0.0016536891539645922,0.0006492036103086962,0.0001842363267613412,0.0015496530619606998,0.00428100615181876,-0.015132955939178865,-0.030031780943168402,0.22427083585782348,0.24073964796706718,0.03533550110715985,0.00048622498121200395,0.06933078970304836,0.031881505613771614,0.3282871957707613,0.20993045043946984,2.679777933050614,2.1519284378272006,-1.9976318197011196,-1.2834283591263143
softplus_mlp,20260842,50,7158,1.819,3.5237546347180007,True,True,64,2.1324683130430344e-09,0.7593820237242701,14.304982814204697,0.5914935102285591,13.713489303976138,0.9586512253869182,4.059585384653065,0.16785888109258074,3.8917265035604847,17.79954784904784,0.8036711345434496,0.7704403179381728,0.9349095924746815,0.9047619047619048,0.5,False,0.9147569292011875,1.16157083951407e-14,4.440892098500626e-16,1.1102230246251565e-16,7.771561172376096e-16,2.1094237467877974e-15,4.440892098500626e-16,8.881784197001252e-16,1.7772504333066852,0.504362708968502,4.0355165849403125,1.1452320048564526,4.519051003253551,1.2824533691220537,2.776368301033373,0.7879005744835468,0.981876830291484,0.2786450624619219,0.1954766024652449,0.055473953986267976,0.019443058914040613,0.005517710774319167,-0.4146723781775332,-0.21829682766863043,0.052607466095721984,0.037984097255220305,-0.12724514215753793,0.1030853328498596,0.02449325861356523,-0.01192768698753809,0.016820388711715588,-0.013747774210266612,-0.06850965278366566,-0.06544008075650838,1.3999674493979308,1.5616853620830327,-0.12407936597592585,-0.6339603988408969
softplus_mlp,20260842,51,730,1.828,3.5237546347180007,True,True,128,4.851674617611934e-14,1.312455602277865,6.19614185665958,2.2546797232506735,3.941462133408906,0.6361155416693122,1.7583919707722342,0.6398515098174851,1.1185404609547491,6.6087056507828486,0.9375726782332335,0.596404552068681,0.0018121405495002455,0.8571428571428572,1.0,False,1.6715896661116048,1.4054729602364091e-14,2.220446049250313e-16,5.551115123125783e-16,1.3322676295501878e-15,5.10702591327572e-15,8.881784197001252e-16,8.881784197001252e-16,2.1110891377361733,0.5991021954072917,2.3510131497223767,0.6671897999250234,1.3066994095924398,0.37082587894120284,0.3330060427143562,0.09450318686590561,0.0778358729686329,0.022088902615905875,0.015900820042623456,0.004512465165979404,0.0005974238829686727,0.00016954185092302358,-0.01284716193162696,0.0027410286273925975,-0.29009182090603386,-0.622271961402408,0.1506042077804305,0.17498185163764127,-0.022982619200617407,-0.08888448411409945,0.039050473773319605,0.06309612257670034,0.08477509761379984,0.0796449742224034,1.1143856347683656,-0.7370819596810525,0.24956179038022888,2.4402300304112927
softplus_mlp,20260842,52,738,1.869,3.5237546347180007,True,True,128,1.7319479184152442e-14,1.5619245976942342,4.222887387374011,1.8811509934353383,2.341736393938673,0.5545344166506117,1.1984056284077682,0.5338484623478568,0.6645571660599114,5.6519338024443835,0.7471579701707883,0.41432480913451325,0.14571253188148633,0.9047619047619048,1.0,False,1.7357100350283963,2.08211811507375e-14,1.3877787807814457e-16,1.1102230246251565e-16,8.881784197001252e-16,3.3306690738754696e-15,4.440892098500626e-16,8.881784197001252e-16,2.0357639637618328,0.5777257995503853,1.0702355341274974,0.3037202203532955,0.8684578939519179,0.24645810619030767,0.20858018681546012,0.05919259665823821,0.03412642318822931,0.00968467635402213,0.005645306055979626,0.0016020712680613217,7.807947308464508e-05,2.215803345538377e-05,0.052114509371470566,-0.04875995930354661,-0.22844909271334793,-0.3901913666835948,0.21383554626737258,0.23977980633929644,-0.011108071225072408,-0.04649826277983899,-0.02860689039415741,-0.03943127367197098,-0.004589430327481129,-0.0037451240683162267,1.2465236724020738,-0.3257960035554196,0.32220435431337696,2.176566781417628
softplus_mlp,20260842,53,3461,1.894,3.5237546347180007,True,True,64,1.4654943925052066e-14,1.6491423315774616,1.04331591834942,0.3883212259617511,0.6549946923876689,0.6278009190388896,0.2960807509325673,0.11020098338737701,0.1858797675451903,1.2759123955088931,0.8177018438113827,0.5133539690445805,0.9737155893214343,0.4047619047619048,0.5,False,0.3444539433121209,1.0183260484852852e-14,2.220446049250313e-16,5.551115123125783e-17,8.881784197001252e-16,2.4424906541753444e-15,2.220446049250313e-16,8.881784197001252e-16,0.5493788174875055,0.15590722806710725,0.29592734602030213,0.08398069011521417,0.14984359496200206,0.04252384473245078,0.03887031698315688,0.01103093745523164,0.008634178019705245,0.002450277875376593,0.0006336703521340252,0.0001798281713178184,2.799452461100049e-05,7.944515868154606e-06,-0.009254007260845886,-0.01760840304193001,0.049832288827549906,0.11729166730806646,-0.05607186567711705,-0.06611130567573194,-0.004166349478659799,0.01864206312492374,-0.016152917580517925,-0.04347545707533433,0.020011505879992446,0.008565678184325647,1.6599041967577712,1.3287451737662033,0.0050394801092893925,0.3030929149869413
softplus_mlp,20260842,54,15343,1.898,3.5237546347180007,True,True,128,3.31745741988243e-11,1.682071481174608,9.457727738795288,0.19387624635105968,9.263851492444228,0.9795007583527927,2.683991571266758,0.05501979179846477,2.6289717794682934,19.312832401612965,0.4897121013697297,0.4796733746661899,0.9965984721448732,0.8333333333333335,1.0,False,0.7680551387463483,1.9127061046120275e-14,6.661338147750939e-16,1.1102230246251565e-16,2.220446049250313e-16,1.176836406102666e-14,7.771561172376096e-16,8.881784197001252e-16,1.3679376605881846,0.3882045722226224,3.084159153557924,0.8752479878056956,2.3645180852398644,0.671022341324027,1.7054831823209076,0.48399600968737544,0.7063726807634078,0.20046023460425683,0.19886131790417677,0.05643449630257564,0.030395658420813154,0.008625929320202416,-0.0076916978139205255,-0.0017046536333497606,0.11705138189825334,0.006880636290515521,0.3631204554579391,0.445481726896302,0.005920045499848953,-0.0757855593379435,0.019989106912747873,0.07141218547146987,-0.16736933011522986,-0.1430355558850119,1.9561359663720708,1.9541360704665358,-0.6050844470371015,-0.5753133690939218
softplus_mlp,20260842,55,8280,1.986,3.5237546347180007,True,True,128,1.7319479184152442e-14,1.5807662480542646,16.241990120714274,0.7731869369311235,15.46880318378315,0.9523958005647942,4.609285209784219,0.21942133238031206,4.389863877403907,28.211516541552882,0.5757219785328225,0.5483151946475148,0.9691977995686633,0.8571428571428572,0.5,False,0.6280173949741196,1.4654943925052066e-14,8.881784197001252e-16,9.71445146547012e-17,6.661338147750939e-16,1.2656542480726785e-14,2.220446049250313e-16,1.1102230246251565e-15,1.997774524017092,0.5669448446648074,3.4667791941233337,0.9838310420273554,4.508543651222731,1.2794715065578173,3.647061830814631,1.0349931277512172,2.034817646533382,0.5774572458834735,0.5126672510945205,0.1454889185652815,0.07434602290857227,0.02109852433426371,-0.08329584054291109,0.014046882083580197,-0.1647529596993308,0.07977074131650055,-0.2746824753907018,-0.13146759936414623,0.1419493850250545,-0.0530439913920233,-0.04909796027178561,-0.030709429125751458,0.35612386417608305,0.08120685131385945,2.002456624553535,1.6991800769017065,-0.34793438979567815,-0.07821728367947388
softplus_mlp,20260842,56,15471,1.99,3.5237546347180007,True,True,128,4.3783199288327523e-11,1.0792082050641323,10.125723537087442,0.428485707304399,9.697237829783043,0.9576834479299197,2.8735608993098305,0.12159918942219139,2.7519617098876394,21.62755097075136,0.4681863217329255,0.44837429087081476,0.9972166838681573,0.7619047619047621,0.5,False,0.6181545255967935,1.1268763699945339e-14,1.1102230246251565e-15,2.220446049250313e-16,2.220446049250313e-16,1.021405182655144e-14,1.0547118733938987e-15,1.5543122344752192e-15,1.1996126420331965,0.3404359174767568,2.9667798632274334,0.8419371297868073,2.714123450962482,0.7702362202581928,2.385331240592249,0.6769288693062315,0.7325470767156637,0.20788821942884453,0.12114013794048162,0.034378142208580945,0.006189125615928529,0.001756400844414592,-0.12907989871151626,-0.14979459310668472,0.005686995802723534,0.05059377358750104,-0.02936010970381457,-0.02201370298514604,0.0645758763362321,-0.008048239926906599,-0.06889122533785277,-0.021655435271307928,0.1675807137997387,0.07329501356559133,1.940511628418004,2.2695083611524076,-0.8718157755393825,-1.1126769719513325
softplus_mlp,20260842,57,11110,2.013,3.5237546347180007,True,True,128,1.554312234475219e-14,1.057189280455596,16.329354105555222,0.5939613926118532,15.73539271294337,0.9636261551576135,4.634078078158251,0.168559237002433,4.465518841155818,30.29072227228421,0.5390876440241394,0.5194789537039577,0.94972861667566,0.8333333333333335,0.5,False,0.614010804643608,1.2878587085651816e-14,4.440892098500626e-16,1.457167719820518e-16,1.3322676295501878e-15,8.659739592076221e-15,2.220446049250313e-16,8.881784197001252e-16,1.748857279454734,0.49630506682389697,4.218235202247647,1.1970853931449243,4.743547074276124,1.3461627059784602,3.7351916211272935,1.0600033226848706,1.4882871944014837,0.4223583503056786,0.3525530193300215,0.10005038825815851,0.042682714717911394,0.012112850962259808,-0.03202704177096284,0.01911695257101943,0.07386894029170751,0.17376560599360233,-0.18125806759091057,0.04933141015873053,0.04453500226142926,-0.007348556397796516,-0.017604983720286786,-0.009550996684462007,-0.14881563196903938,-0.11933573760370755,1.5326858253835134,1.7074831988006867,-0.2141947624298533,-0.7562725963824856
softplus_mlp,20260842,58,14292,2.032,3.5237546347180007,True,True,256,1.509903313490213e-14,0.8140911209120014,29.98577722900246,1.108285721229982,28.877491507772476,0.9630396199916392,8.5096098728231,0.31451841462244035,8.195091458200661,46.09964969298919,0.6504556418259004,0.626414554125433,0.9872702127818375,1.0,1.0,False,1.6491116433289652,1.4738210651898953e-14,8.881784197001252e-16,2.220446049250313e-16,4.440892098500626e-16,6.661338147750939e-16,2.220446049250313e-16,2.220446049250313e-15,2.8252958831800647,0.8017856451591919,5.663457281624565,1.6072223717920133,8.46811702671615,2.4031517243804457,7.4326142379486395,2.1092882474614916,4.390524960198327,1.245979194164208,1.093393420751005,0.310292155412378,0.11237441858370423,0.03189053445337216,-0.3210111608029455,-0.2099870956396131,-0.41623914910005255,-0.3055666762156401,-0.2501095774014772,-0.07888530670285983,0.07515966574206812,-0.015595325466658821,0.14505250699506853,-0.021555965123005612,0.48282664337030956,0.33759751276100636,2.5247275129723508,1.8190343856784732,-1.4263153208633197,-0.7109504083797
softplus_mlp,20260842,59,1456,2.041,3.5237546347180007,True,True,64,7.866520823629486e-09,1.0695469260131352,2.210607178804421,0.972096532948873,1.238510645855548,0.5602581307663086,0.6273442415724078,0.275869529442043,0.35147471213036474,3.130290171233435,0.7061988051840481,0.3956536225418153,0.11322956172665105,0.9047619047619048,1.0,False,0.9735269379185616,1.379996919688431e-14,2.220446049250313e-16,2.220446049250313e-16,6.661338147750939e-16,2.220446049250313e-16,1.1102230246251565e-16,8.881784197001252e-16,1.2426787451881702,0.35265756955510025,0.5432063718608738,0.1541555608069021,0.32942304715453324,0.09348637499015204,0.08392603309889947,0.02381721822286185,0.010817774738786652,0.0030699568670882723,0.0005460854308653779,0.00015497260379171662,9.121332287731913e-06,2.5885265102920185e-06,-0.0019469426000549503,-0.04388194087469202,0.06589372962315125,0.03454731886046889,0.03085979383028027,0.029019089930690137,0.0008114935547083827,0.00627591963970655,-0.0005314486568152386,-0.00013814505068450423,0.07441388833744608,0.08908924656138838,0.7056113159054578,-0.19136310410650567,0.1944350960189622,1.1459985410527636
softplus_mlp,20260842,60,15570,2.109,3.5237546347180007,True,True,128,1.4901757605656485e-10,1.317887248552826,6.567649072508669,0.3250969852280424,6.242552087280626,0.9505002502967376,1.8638213364235179,0.09225868964456412,1.7715626467789536,16.600965487675968,0.3956185004651858,0.3760354837141791,0.9977199950115752,0.9523809523809524,0.5,False,0.43606787813761183,1.2231535229112467e-14,4.440892098500626e-16,2.7755575615628914e-17,1.5543122344752192e-15,1.199040866595169e-14,3.3306690738754696e-16,8.881784197001252e-16,1.105177952061458,0.31363646639088516,2.191321166946112,0.6218710989000172,1.5739453332966369,0.44666711972202816,1.1713898491903287,0.3324266217769935,0.43159581231938304,0.1224818005394189,0.09223744518213864,0.026175898932736055,0.0019815135126033676,0.0005623301614364373,0.038389555415302826,0.051982520627888766,0.14502687221334135,0.2108172423226205,0.21016732432296545,0.2062705411588738,0.09635602613654956,-0.02172757382988777,-0.0045046570181985525,-0.0021362429200568298,-0.12693089225162635,-0.08755361123637366,2.0201183705584715,2.2240863253512475,-1.0607353508239783,-1.2638519529214984
softplus_mlp,20260842,61,15883,2.173,3.5237546347180007,True,True,128,5.803135749715693e-13,2.0021147924785883,8.075016403558738,3.012681194596402,5.062335208962336,0.6269133034493052,2.29159440444552,0.854963386188636,1.4366310182568842,9.379894484865954,0.8608856332645768,0.539700656241943,-0.09891655671175141,0.8095238095238096,1.0,False,2.550883422389674,1.8151062250448824e-14,4.440892098500626e-16,1.3877787807814457e-17,1.3322676295501878e-15,5.773159728050814e-15,8.881784197001252e-16,8.881784197001252e-16,3.114185360355278,0.8837690711131198,2.401565839525717,0.6815360569842599,1.5709099059814886,0.4458057012551345,0.7300023860159717,0.20716606622481035,0.2311183555947121,0.06558866310315845,0.02606681484656237,0.007397454575791837,0.0011677412390006074,0.0003313911892432486,0.006771400934144442,-0.006937666850575672,-0.2169169392523546,-0.35914057778169467,-0.07895441071250307,-0.05593157544491152,0.023311518634412567,-0.011893103824667624,0.017689384991463053,0.14425878407260762,-0.03218826947282648,-0.06336713545624857,2.024012747842569,-0.7663522519972739,0.2583893595136843,3.1214783197613465
softplus_mlp,20260842,62,16663,2.193,3.5237546347180007,True,True,64,3.747752108651525e-12,0.6487634405159206,4.313220361833367,0.5744141392193312,3.738806222614036,0.8668247640899173,1.2240410610140413,0.16301195706417296,1.0610291039498683,11.168160508938364,0.38620687429960465,0.3347736827046591,0.8421899764749287,0.4523809523809524,0.5,False,0.26263909631435095,1.2545520178264269e-14,3.3306690738754696e-16,8.326672684688674e-17,5.551115123125783e-16,1.9984014443252818e-15,3.3306690738754696e-16,8.881784197001252e-16,1.2029622664035207,0.3413865013617191,1.1443844168292445,0.324762798622279,1.0287065723397806,0.29193479086324237,0.6137229660079279,0.17416733842963586,0.25801937760708443,0.07322285583250697,0.05869944605689879,0.016658210386886484,0.0067253165889074075,0.0019085655177706838,0.007334929331621512,0.2466183843243097,-0.2748486866788078,-0.15471893541256684,-0.12102615614651042,-0.12650333020207383,0.003955573510689291,0.01930427808927215,0.06471556583905991,0.10932542523081216,0.10509872694249672,-0.0012171805831928204,-0.033716918837151486,0.12132545015291618,0.8972504065545235,0.4346293489164459
softplus_mlp,20260842,63,11025,2.223,3.5237546347180007,True,True,64,2.7218397105621683e-08,0.9661671201984532,6.30591334986493,0.3841786490330326,5.921734700831897,0.9390764465481813,1.7895438257066898,0.10902536891981349,1.6805184567868763,9.733815993414517,0.6478356848055522,0.6083672328343056,0.9760656198349665,0.9285714285714287,0.5,False,0.7465511120577811,3.898791012257874e-15,2.220446049250313e-16,1.1102230246251565e-16,8.881784197001252e-16,3.552713678800501e-15,1.3877787807814457e-16,8.881784197001252e-16,1.5084476336108819,0.42807964514578073,2.579585423777784,0.7320559151202716,1.3994892632334843,0.39715854487850366,0.7245107446308239,0.20560760317774085,0.09005687148830335,0.02555707783993037,0.003823413123647061,0.0010850395444610863,6.010816844259637e-16,1.7057989183008682e-16,-0.0020931864553795105,0.004795134632798846,-7.930164461608261e-19,0.0,-0.16210591116693174,-0.010049609967663466,0.031110191293309514,-0.007630525360267758,0.11499160284860827,0.06278332420674716,-0.2270585201276373,-0.044193878359987726,1.5771310148270972,1.6195003998050348,-0.36580807102061236,-0.6590377247582051
softplus_mlp,20260842,64,17449,2.231,3.5237546347180007,True,True,64,3.484361132954916e-10,2.1414079199361495,16.141884482123075,0.43740173177406094,15.704482750349014,0.972902684797523,4.580876410373244,0.12412945199547509,4.456746958377768,34.00601671888806,0.47467730829989685,0.46181482765743115,0.9203113439152435,0.7619047619047621,1.0,False,0.2907298119512904,2.1926904736346842e-14,2.220446049250313e-16,1.1102230246251565e-16,8.881784197001252e-16,4.884981308350689e-15,2.220446049250313e-16,8.881784197001252e-16,1.3716680684074174,0.3892632179587582,2.427026332518441,0.688761444569954,3.6458196460537646,1.0346406103685857,3.9868145854970303,1.1314109518911175,3.167663789797018,0.8989456185704372,1.352752628509513,0.38389523923755586,0.19013943133988628,0.053959327776833925,0.1520332956122302,0.07423900938726637,0.37640396105000673,0.49929028487147886,0.08444673772306985,0.2480446919664141,0.139032689263951,0.1967282003252975,0.03236461048953798,-0.034602818773071406,0.22213671264186566,0.2070584901657522,0.5163079394851744,0.6095298821330746,0.6186819736703146,0.3411201798599425
softplus_mlp,20260842,65,11267,2.256,3.5237546347180007,True,True,128,3.5083047578154947e-14,1.7622372604793963,7.529343366504486,0.7669824339488815,6.762360932555604,0.8981342201285535,2.1367388331529065,0.2176605676207253,1.919078265532181,15.064708505433273,0.49980013644398996,0.4488876057652676,0.9707681569830231,0.8095238095238096,0.5,False,0.4134731963357878,1.3766765505351941e-14,1.3322676295501878e-15,5.551115123125783e-17,2.220446049250313e-16,1.5765166949677223e-14,1.2212453270876722e-15,8.881784197001252e-16,1.3381711312731372,0.37975718232158595,2.228348279330715,0.6323789566321621,2.140858999150641,0.607550530918839,1.2581601693490132,0.35705101511691983,0.4282217073005694,0.12152426933518291,0.11614757882908916,0.032961312823752906,0.019435501271312487,0.005515566004460998,0.1556224837136071,0.13898009013158136,-0.12425769009890934,0.016874818514123677,0.31437402398308373,0.45349113490502385,0.04329386916285956,-0.03234846994745572,-0.01668632289139663,-0.019526235690730677,-0.18439249765997107,-0.08541258129340831,2.06655256123493,1.3946947727777164,-0.49226916696480705,-0.10451626891746985
softplus_mlp,20260842,66,8013,2.262,3.5237546347180007,True,True,128,1.6431300764452317e-14,1.8109252140906411,9.41523670237928,0.9173995157287276,8.497837186650553,0.9025622462049313,2.671933116345589,0.2603471611473724,2.411585955198217,17.58820477055763,0.5353153903541215,0.4831554611460855,0.9359993094928084,0.4761904761904762,0.5,False,0.535220415392503,1.2878587085651816e-14,2.220446049250313e-16,1.1102230246251565e-16,1.1102230246251565e-15,1.4876988529977098e-14,4.440892098500626e-16,8.881784197001252e-16,1.5546913992217546,0.4412030803461926,2.3364986090187365,0.6630707444832412,2.567973950809454,0.7287607160579057,1.7394494929688966,0.49363524799112507,0.889683283597092,0.2524816214021927,0.2914242817475484,0.08270277359163249,0.03551568501579117,0.010078932473297313,0.12283403836983957,0.10375778080836226,-0.13248320152185686,0.008516129648512612,0.3559042640288927,0.5880768796742611,0.0190330572806476,-0.03734193805336876,0.07426308423771792,0.12315094916220921,-0.1716020431987312,-0.04385349570932098,1.963311904478838,1.1213636416455957,-0.42033588958470547,-0.052744733085625065
softplus_mlp,20260842,67,10222,2.296,3.5237546347180007,True,True,128,1.4210854715202004e-14,1.7201741799214345,9.299354567155877,0.6473708063168595,8.651983760839018,0.9303854045308382,2.6390471332860233,0.18371619860775787,2.4553309346782655,18.42992345902841,0.5045791203544218,0.46945304900876317,0.974971572847425,0.8095238095238096,1.0,False,0.41432196217349326,1.2878587085651816e-14,1.1102230246251565e-15,4.440892098500626e-16,1.7763568394002505e-15,1.4432899320127035e-14,6.661338147750939e-16,8.881784197001252e-16,1.0721965131820868,0.3042767230777669,2.6083336502572534,0.7402143226882179,2.716750839391679,0.7709818421023787,1.700740610295595,0.48265012368879145,0.8382066159244749,0.2378731503226685,0.308844425071644,0.08764640478333426,0.05428191303313463,0.015404566622862692,0.10041619437767538,0.08451415521368723,-0.13334068688609924,-0.0830390626889857,0.27969692112836786,0.4586023161373189,0.04349740923732563,-0.06065585104875375,0.10841915450545574,0.16507086078265987,-0.10149810543448809,-0.047047187311578816,1.9243220972908195,1.397006590424019,-0.5013388042976207,-0.1942776415869468
softplus_mlp,20260842,68,13255,2.305,3.5237546347180007,True,True,64,6.042990149945915e-09,1.3442864942600028,4.109106615765876,0.4336392606327747,3.6754673551331014,0.8944687249123735,1.1661159875550529,0.12306170706675154,1.0430542804883014,7.6120318405401575,0.5398173184039506,0.4828497084783984,0.9788705502822386,0.7857142857142858,0.5,False,0.29801379865393574,7.72559100026271e-15,2.220446049250313e-16,5.551115123125783e-17,6.661338147750939e-16,2.6645352591003757e-15,1.942890293094024e-16,8.881784197001252e-16,0.63046834282687,0.1789194788465529,1.5794530893462033,0.4482301559207751,1.1647062763902611,0.3305299026540962,0.5447444117073523,0.15459203837299731,0.16104880977186137,0.045703752521562786,0.026015196694067575,0.007382805952988699,0.0026704890292558146,0.000757853286078623,0.041690490936141196,-0.013103608021172768,0.1119928279072104,0.1600743701846578,0.13513745472062033,0.11705870332107882,0.11999103035862832,-0.029785879099693137,-0.02219839879967029,-0.023379409846013645,0.038584043184949145,0.03296629208188772,1.65924279138347,1.4550520527152782,-0.7401537454313457,-0.35459602707601745
softplus_mlp,20260842,69,6618,2.306,3.5237546347180007,True,True,64,8.717018218362682e-10,1.2336792667632583,6.0731745894883815,0.4444120945760385,5.628762494912343,0.9268237578176595,1.7234953108403377,0.12611891026618088,1.5973764005741569,6.649770112528898,0.9132909088159081,0.8464597120894654,0.9775113211321547,0.7857142857142858,0.5,False,0.7834397387625321,7.0551203767976745e-15,8.326672684688674e-17,9.71445146547012e-17,6.661338147750939e-16,3.9968028886505635e-15,1.3877787807814457e-16,8.881784197001252e-16,1.6000888650408425,0.45408634564843775,2.064053022841935,0.5857539008266156,1.5237545392522933,0.43242356441036267,0.6498715834198772,0.18442588965104978,0.19745529190245847,0.05603548270842088,0.03463467487594434,0.0098289121877852,0.0033166121550270433,0.0009412154076648601,-0.028018975578253575,0.07572325864037914,-0.15813752015109456,0.11694656733994645,-0.08392050045041032,-0.12209597165468516,0.025290038571708442,-0.07666633931309329,-0.003149784173821439,0.003958316243780872,-0.09874042201383222,-0.04026274956506825,1.7592004828936503,1.609403979234211,-0.17884405233468748,-0.3333277941622084
softplus_mlp,20260842,70,15039,2.414,3.5237546347180007,True,True,128,8.358968406341205e-09,1.6147171921223273,6.918372491169429,0.43331375964530616,6.4850587315241235,0.9373676742328655,1.9633525055932544,0.12296933372603665,1.840383171867218,14.754663340557105,0.46889395789549787,0.439526038774346,0.9976566333836051,0.8333333333333335,1.0,False,0.37673854117029476,3.311413643292127e-14,4.440892098500626e-16,8.326672684688674e-17,4.440892098500626e-16,8.43769498715119e-15,6.106226635438361e-16,1.5543122344752192e-15,1.1523497610748785,0.327023269361971,2.1778453115217005,0.6180468100884071,1.994098367863658,0.5659015949114862,1.1185836353509468,0.3174408411783373,0.38149108494696865,0.10826266993402582,0.08028549799515242,0.022784077303264764,0.013718832416115889,0.0038932428157597244,0.08650614771399467,0.18776659663280063,-0.1188331934911902,-0.12032614441942034,0.31913778156036127,0.35475453990347744,0.03847462102411642,0.009561009155098806,0.1034667749574526,0.04593633812764311,0.13226383846393946,0.0830822151504309,2.6052422280772847,2.3090470913725403,-1.5515410061836312,-1.255104453800252
softplus_mlp,20260842,71,19348,2.446,3.5237546347180007,True,True,128,1.5831780331154732e-13,1.4784012330704168,4.467117357003331,1.977507068499933,2.489610288503398,0.5573192037590656,1.2677152129126112,0.5611931798589005,0.7065220330537109,10.18004173204668,0.4388113010323804,0.2445579648918459,-0.3823148385236086,0.7142857142857144,0.5,False,1.991653299541176,2.260171216850182e-14,3.469446951953614e-16,2.220446049250313e-16,4.440892098500626e-16,2.4424906541753444e-15,2.220446049250313e-16,8.881784197001252e-16,2.359303332720937,0.6695424560710788,0.852893134718083,0.2420410111177728,0.756622274233485,0.21472047649936218,0.3806833825133009,0.10803345351080788,0.0976503976179523,0.02771203098417977,0.018880602354547523,0.005358092237332666,0.001084232845018233,0.00030769249207528946,0.011122078139832113,0.028930629746579305,0.1551848830351891,0.05254713298920346,0.32690294241329576,0.2592546795144194,0.006587473146476456,0.012995079313032166,-0.06428216241784114,-0.019578727585744672,0.04538552761679289,0.05724814152010681,1.10279302280896,-0.7044280327461121,-0.10529253167228786,1.7914323303189301
softplus_mlp,20260842,72,11032,2.48,3.5237546347180007,True,True,64,1.8170183996302214e-08,2.060010103920847,2.126428617390031,0.4086801827234134,1.7177484346666174,0.8078091221209082,0.6034553587923709,0.11597861516714807,0.4874767436252228,5.634324172379838,0.37740615419575074,0.3048721341038975,0.9893065786729279,0.7619047619047621,1.0,False,0.4463158341948083,9.911559420427984e-15,1.3322676295501878e-15,2.949029909160572e-17,8.881784197001252e-16,3.552713678800501e-15,1.7208456881689926e-15,1.3322676295501878e-15,0.6885366488338984,0.19539857913205716,0.8719922116285609,0.24746110385700698,0.4627740545771895,0.13132981792139578,0.08167713498412776,0.02317900746533228,0.01972271560895269,0.005597074045574419,0.0016979399681196256,0.0004818553344749296,2.791178917707193e-05,7.921036527932274e-06,0.0033761544108903228,-0.0013925907679685574,0.024439506170461388,0.03727193982302041,-0.02867205130031681,-0.024787507831034165,0.16888327090546412,-0.007287500103209608,-0.038255657080835705,-0.018822285137496394,0.41211344833093744,0.3459758371198032,2.382312730208833,2.2207096748840893,-0.8641872977245875,-0.4916574640663535
softplus_mlp,20260842,73,19241,2.542,3.5237546347180007,True,True,128,1.96037630573187e-12,1.654677128623032,13.881875789709978,1.84998344458211,12.031892345127869,0.8667339001870755,3.939512601966657,0.5250034796279625,3.414509122338695,28.601801439639317,0.48534970145170814,0.4206690396938717,-0.04060030670151784,0.5714285714285715,0.5,False,1.8788996216107225,2.6794538809937762e-14,4.440892098500626e-16,1.3877787807814457e-16,6.661338147750939e-16,2.4424906541753444e-15,6.661338147750939e-16,8.881784197001252e-16,2.8600955039966176,0.8116613670592605,3.0835190006234687,0.875066319953982,3.988067643231296,1.1317665548953448,2.6991788422670906,0.7659951165933268,0.9967798836670373,0.2828743732171941,0.21861683983447633,0.062040880395173095,0.035618076089984387,0.010107989852373711,0.10669250002208125,0.10171187091675811,0.34574553429590194,0.07261704732640564,0.4318543246833644,0.36533985397075897,0.01631327041238231,0.023182152774675665,-0.16116837668705558,-0.05875312717265537,0.0492608832249472,0.06204215754139359,0.717045520174,-0.7883143376206869,0.1489334724974109,1.8768515108863797
softplus_mlp,20260842,74,16647,2.589,3.5237546347180007,True,True,64,9.10937991704941e-13,1.6116234544091348,2.1296849643549502,0.5066800084954889,1.6230049558594613,0.7620868734221661,0.6043794716499564,0.14378980973970043,0.4605896619102559,6.251506795257802,0.3406674637177813,0.25961820230134314,0.9225899974950644,0.8571428571428572,0.5,False,0.2642063232324193,1.552143830130248e-14,1.1102230246251565e-16,1.1102230246251565e-16,6.661338147750939e-16,3.3306690738754696e-15,1.6653345369377348e-16,8.881784197001252e-16,0.6622822299539013,0.18794788474450705,0.5249387051731038,0.14897141248176426,0.5681069740810516,0.16122205799567998,0.259393780923464,0.07361289528157593,0.09692714964250512,0.027506781740001037,0.017692351356964196,0.005020880620531651,0.0003437732239567311,9.755878589550054e-05,-0.007576900778516863,-0.011807797547709128,-0.02987109780685217,-0.03687859979549994,0.35522575675272183,0.526167063309188,0.002483219230401225,-0.041259856909475257,0.046995476597028366,0.118467077353041,0.197011287780318,0.11568976940110214,-0.10450685385095902,0.1597602473320525,1.1518625664849942,0.7814855512664389
softplus_mlp,20260842,75,20365,2.593,3.5237546347180007,True,True,64,5.8124616231225446e-12,2.235184639465052,8.112106695301174,0.7445044182852871,7.367602277015886,0.9082230490488332,2.30212019173417,0.21128157192047747,2.0908386198136926,17.33583178019557,0.46793870626781425,0.42499271857452064,0.9603775191124948,0.2380952380952381,0.5,False,0.3471843439045832,6.9735883734267645e-15,1.1102230246251565e-16,5.551115123125783e-17,8.881784197001252e-16,4.440892098500626e-16,4.440892098500626e-16,8.881784197001252e-16,1.3546464883475218,0.38443269432008326,1.7777279887933195,0.5044982335824831,2.2561075493185454,0.6402567100132661,1.4982580140500288,0.4251879513086278,0.9555739510896826,0.2711806156066696,0.24133230678059514,0.06848726196848508,0.02846039692147665,0.008076724934553874,0.09321999933476283,-0.05982992072954763,0.07957101517661284,0.32821685728715316,0.21783709479832625,0.43315965906049747,0.09264158459985582,0.04879011555878745,0.06051335508487697,0.0869106440270787,-0.12055733123777641,0.012578533783704993,1.9765362988953785,1.4289332697154702,-0.16457737718698423,-0.04357451923809194
softplus_mlp,20260842,76,18638,2.624,3.5237546347180007,True,True,128,1.2490009027033011e-14,1.693509291264632,8.659071536140303,1.1626493686113415,7.496422167528961,0.8657304811770176,2.457342361703136,0.3299461764892112,2.1273961852139247,14.535911554718288,0.5957019966408373,0.5157173761899823,0.5197767621567374,0.3571428571428572,0.5,False,0.9709510937818442,2.5878604814622008e-14,1.1102230246251565e-16,5.551115123125783e-17,8.881784197001252e-16,8.215650382226158e-15,1.249000902703301e-16,8.881784197001252e-16,1.9070204445732644,0.5411899074311908,2.0503217317938707,0.5818571223980679,2.178088353697633,0.6181157825910718,1.657951371583747,0.47050704247358294,0.741179194424902,0.21033791261241352,0.10968687128055465,0.03112784023037764,0.014823568786322171,0.004206753966428901,-0.045032848673386174,-0.03824790762631009,0.10601018884898358,0.04299401322377304,-0.1316381530367204,-0.10882449764670926,0.021470897163667693,0.0040555977771316335,-0.022705561618703646,0.09452836147481966,0.11619989156059299,0.07387646506132518,1.0150655942885538,-0.024828872811777567,0.6341392827316449,1.6499561318123712
softplus_mlp,20260842,77,8396,2.625,3.5237546347180007,True,True,128,1.199040866595169e-14,0.997052256905999,9.122253250435449,0.6264077334026772,8.495845517032771,0.931331907128014,2.588787868643835,0.17776712578990547,2.4110207428539296,17.13984390314578,0.5322249900281288,0.4956781149840855,0.9330865811804492,0.5952380952380953,0.5,False,0.617311122947647,1.3877787807814457e-14,8.881784197001252e-16,8.326672684688674e-17,2.220446049250313e-16,1.5765166949677223e-14,6.661338147750939e-16,8.881784197001252e-16,2.1594485186720855,0.6128260172816777,3.321167989655858,0.942508299793026,2.206290070534684,0.6261190971689915,1.1138815307347387,0.3161064393531136,0.2880627737133553,0.08174881726304091,0.03292111940442119,0.009342625357640943,0.00048124772029874336,0.0001365724263424081,-0.04898842982969909,0.3363602602022009,-0.20796974498866444,-0.2532504888706754,0.06304572156542376,0.16037095720747285,0.00610597451416493,-0.00412765473120832,0.00197972628072263,-0.002310984189217913,-0.24498246472123927,-0.12655888980539406,1.5891833732736922,1.0225807234683322,-0.16132189918840156,-0.136011666375527
softplus_mlp,20260842,78,19315,2.698,3.5237546347180007,True,True,128,2.2082335959794364e-13,1.8129980622120645,7.578539102131881,2.435965719631731,5.142573382500149,0.6785705415247535,2.1507000026233034,0.6912983371859195,1.4594016654373836,14.41555298669713,0.5257196244310198,0.35673785024034715,-0.29940285538976863,0.4761904761904762,0.5,False,2.6182531602678667,3.0080105073437835e-14,2.220446049250313e-16,2.220446049250313e-16,2.220446049250313e-16,2.886579864025407e-15,8.881784197001252e-16,8.881784197001252e-16,3.044581171043194,0.86401622322005,1.5352079632870144,0.4356739110496762,1.6093694118356987,0.4567200553577969,0.922589536060908,0.2618200276974566,0.35464548551760056,0.1006442054799829,0.10614057082764482,0.03012144199311966,0.006004963559817253,0.0017041378252200068,0.0453380841656648,0.06908101192493642,0.12988370011316028,0.051653679977741784,0.2556758715153784,0.23164624323906075,0.02326255871454863,0.037625593376498206,0.1145198881285319,0.024738555151665714,0.029335558475501376,0.05011595244380081,1.121476897519554,-1.122447840723577,0.09350550357972558,2.470584866821935
softplus_mlp,20260842,79,17995,2.83,3.5237546347180007,True,True,128,9.14823772291129e-14,3.574436287147442,11.286834926938774,1.931114471306762,9.355720455632012,0.8289055803680013,3.2030706155685658,0.5480275080110126,2.6550431075575536,22.736406137213944,0.4964212399630292,0.4114863360185576,0.7074009652447574,0.9047619047619048,0.5,False,1.5096856749098788,2.1760371282653068e-14,2.220446049250313e-16,4.440892098500626e-16,4.440892098500626e-16,3.1086244689504383e-15,6.661338147750939e-16,8.881784197001252e-16,2.338849037173026,0.663737768268363,2.802219065029516,0.7952367163764716,3.4601579785196797,0.9819520191412503,1.7579492362881548,0.49888525692676106,0.7780180089798991,0.22079233364163064,0.13923409350095817,0.039512993364846136,0.010407507447529257,0.0029535278492403175,0.7814244679699114,0.27242669253108653,-0.013306893875321822,-0.09614238090255187,0.3416115399844504,0.498916911476413,-0.00860733415936701,8.155732326494181e-05,0.10360663423947103,0.20044240192946916,0.05303113781069797,0.03555857424560913,0.9866769633944068,-0.3351316818812138,1.3299997717831942,2.998284212425362
softplus_mlp,20260842,80,14381,2.868,3.5237546347180007,True,True,128,2.6470044822701766e-08,2.4708434869264293,29.854145643491595,1.151234458875682,28.702911184615914,0.9614380370276429,8.47225438154855,0.3267067597536663,8.145547621794885,45.00645377539546,0.6633303257456942,0.6377510062858471,0.993132992433705,0.8333333333333335,1.0,False,1.509067361279656,2.6798008256889716e-14,8.881784197001252e-16,8.881784197001252e-16,2.220446049250313e-15,7.549516567451064e-15,1.5543122344752192e-15,1.7763568394002505e-15,2.1489233891227797,0.6098391096673943,6.483895807878011,1.8400531478540092,8.006197069174837,2.272064289123115,7.2449921411405525,2.0560433095309305,4.225351683042437,1.1991049664502487,1.4999904408449964,0.4256795935977642,0.2447951122879749,0.06946996532508723,-0.30191439055196734,-0.2615628447801943,-0.0209286738971102,-0.26878325067341763,-0.5127692181537773,-0.38007510726036114,0.12104619789944644,0.06282821699470684,0.2532526364602939,0.030446737588014354,1.1996693924314759,1.2850324850487487,3.3017302868710723,4.1945559964642865,-1.5692427441330021,-2.1915987464553615
softplus_mlp,20260842,81,15735,2.875,3.5237546347180007,True,True,128,1.554312234475219e-14,1.9732379454185136,15.282987442988471,2.659864277961199,12.623123165027271,0.8259591399990653,4.337131562002625,0.754838106988134,3.582293455014491,25.50915833991273,0.5991176674408755,0.4948467133577115,0.07475838888659318,0.9523809523809524,0.5,False,2.635186859860459,2.5673907444456745e-14,2.220446049250313e-16,4.440892098500626e-16,2.220446049250313e-16,8.881784197001252e-16,8.881784197001252e-16,8.881784197001252e-16,3.9769922291572746,1.1286234830239665,4.081236335378838,1.158206730732105,4.848232838897485,1.3758712911307684,1.7095985601771404,0.485163905379001,0.5959514327408608,0.16912398691702712,0.07097604663686671,0.02014216481975533,5.447031714567174e-16,1.5458033487632688e-16,-0.20499925723481083,-0.2255432216491003,1.1630907877025448e-17,0.0,-0.2680440224341032,-0.2883055359722666,0.08548124190551895,0.058457529151937415,-0.05688222495394514,-0.007946115506256055,0.28587458966979595,0.28768632883021644,1.5554251493447955,-1.0366099379103701,0.5763824691212628,3.1854988984743535
softplus_mlp,20260842,82,19114,2.911,3.5237546347180007,True,True,128,3.323452624215406e-13,2.4105156496628606,5.978839533248122,1.8942816038279164,4.084557929420205,0.683169017449978,1.696724134632205,0.5375747746918571,1.159149359940348,12.313097903333185,0.48556744859712647,0.3317246367637916,0.2340809742451414,0.9523809523809524,1.0,False,2.169505730580764,1.7198048540834066e-14,2.220446049250313e-16,4.440892098500626e-16,4.440892098500626e-16,2.220446049250313e-15,6.661338147750939e-16,8.881784197001252e-16,2.8061411998651375,0.7963497719782943,1.5709197263781287,0.445808488167862,1.0664328492723427,0.302641063246927,0.39251485105613293,0.11139108472220431,0.1343428409817803,0.038124913595901234,0.008043233149326985,0.002282574691801908,0.00044483254526729555,0.00012623822921282787,0.23724007552329057,0.07688940491468699,0.08116670762521137,0.06881567295753323,0.356158673729538,0.30955128983159264,0.022763039085156825,0.03259371538722544,0.021971228077036675,0.01911623884154256,0.017890716933434553,0.019833542489440536,1.1577112129541511,-0.5144063124640453,0.515613995735042,2.3981220977048823
softplus_mlp,20260842,83,282,2.93,3.5237546347180007,True,True,128,4.413136522884997e-14,2.912814866639774,8.466279022012124,1.1959604859654742,7.270318536046649,0.8587383568559451,2.402630120326089,0.3393994786646615,2.0632306416614274,17.178204465049962,0.4928500553848484,0.42322924673754625,0.7693419902042037,0.9761904761904763,1.0,False,1.462211667380879,1.8326052481087984e-14,2.220446049250313e-16,4.440892098500626e-16,4.440892098500626e-16,2.6645352591003757e-15,4.440892098500626e-16,8.881784197001252e-16,2.4038902855122846,0.6821957073366611,2.84130157570248,0.8063278718978866,2.4765986835986364,0.7028294930633937,0.5457216828837606,0.15486937640521434,0.18555652980221765,0.05265875437920989,0.01244993127558492,0.00353314363971919,0.0007603332371482113,0.00021577360400096624,0.3518764077130648,0.12854961281803337,0.02045463144426945,0.01819627895778019,0.6472569007498952,0.7169034699960364,0.004455460123089165,0.00787263252821453,0.08412491723334334,0.09829599320757625,0.0234394786227232,0.01939788565328322,0.7347750541618296,-0.23155869145268615,1.04643201659156,2.1551576849315337
softplus_mlp,20260842,84,4634,3.0,3.5237546347180007,True,True,64,1.0169474262688993e-08,1.7465051806991496,24.90103547689447,0.6998526238985485,24.201182852995924,0.9718946376929611,7.066620141923489,0.19860991937497838,6.868010222548511,40.064342344508624,0.6215261257198074,0.604057908773162,0.9113438905012969,0.9761904761904763,1.0,False,0.9886054315424488,1.0956513474269514e-14,6.661338147750939e-16,3.469446951953614e-16,2.220446049250313e-16,5.10702591327572e-15,8.881784197001252e-16,8.881784197001252e-16,3.2301440786530966,0.9166767875458499,7.07568267799541,2.0079952810226422,7.624896854745133,2.163855785990428,4.898852567169426,1.3902365729166246,1.777242377507943,0.5043604228278432,0.27426416747814975,0.07783293557841565,0.019952753345308334,0.005662356041684246,-0.18919559543403422,0.21337511591717911,-0.021651434984172446,-0.009972706575530605,0.3765588039737871,0.6621619881124824,0.07636605416792026,-0.011225980933401533,0.1268574423074817,0.09963598882826609,0.15854459462846274,0.0797490228353397,1.533063989575366,1.0628291750542,-0.31403867353566134,-0.35004742253938054
softplus_mlp,20260842,85,9293,3.109,3.5237546347180007,True,True,128,8.748557434046234e-14,2.4897638317995154,5.5153297853371654,1.982227688540789,3.5331020967963767,0.6405967066900224,1.5651855356207418,0.5625328361432359,1.002652699477506,9.432106417498012,0.5847399871470256,0.3745825100363507,0.23956208585523486,0.6666666666666669,1.0,False,2.4356496839484665,1.9187776367779463e-14,2.220446049250313e-16,8.881784197001252e-16,8.881784197001252e-16,2.220446049250313e-15,5.551115123125783e-17,8.881784197001252e-16,2.782575809159598,0.789662192067548,1.4035703188806365,0.3983167003320484,0.9381153658715651,0.26622607505889545,0.28863054767470797,0.08190994481595242,0.09364089676175048,0.02657418193626424,0.008321119673301297,0.0023614356094255186,0.000475727315599213,0.00013500580060600177,0.14284936712837704,-0.007547892119089872,-0.02380489809256481,-0.02982589727180325,0.3325458880410909,0.3030051227494004,0.024020938854535937,0.011526645320120568,0.016764989636327398,0.018581651925380194,0.08839733609223727,0.08613444262481133,1.3537190317836774,-0.42779244603687605,0.5552711783558354,2.53568220460757
softplus_mlp,20260842,86,1661,3.204,3.5237546347180007,True,True,128,1.8207657603852567e-14,2.652636284563262,11.007773111066264,0.46691856951131133,10.540854541554953,0.9575828312593115,3.1238761639676977,0.13250598237203254,2.9913701815956655,24.88621625458982,0.44232409613639345,0.42356196031250354,0.9514855264760352,0.9761904761904763,1.0,False,1.6779101244928083,1.9317880628477724e-14,6.661338147750939e-16,3.608224830031759e-16,8.881784197001252e-16,8.881784197001252e-16,4.3021142204224816e-16,8.881784197001252e-16,2.1509896185162316,0.6104254811965281,3.992380972556355,1.132990626878837,3.0677462886832183,0.8705902103563247,1.498436945503623,0.42523872994452694,0.2658873402179696,0.07545569081294676,0.030226570071515073,0.00857794404119572,0.0021053755173434186,0.0005974807373362725,0.5220847039563945,0.33266815494573665,0.13863691790159274,0.1152946734587862,0.7072700950715474,0.6788463893898132,0.013253905392941925,0.026154179877237727,0.0069675016368801555,0.004846858719033681,-0.04651553298203765,-0.05520915219679237,0.3211356654505568,0.10621385720704382,0.9898030281353873,1.4438213231624022
softplus_mlp,20260842,87,17862,3.205,3.5237546347180007,True,True,64,2.6577115508352733e-08,1.8927026733893382,5.923594220272207,1.2892160476912324,4.634378172580975,0.7823591556492557,1.6810461664696075,0.36586430706302736,1.3151818594065803,12.30105644990162,0.4815516654522451,0.3767463543847113,0.5894708127385077,1.0,1.0,False,1.2918672474302744,2.6118755595827547e-14,3.3306690738754696e-16,1.6653345369377348e-16,6.661338147750939e-16,1.7763568394002505e-15,2.220446049250313e-16,8.881784197001252e-16,1.8626156749861649,0.5285883576099862,1.9014964444503304,0.5396222613560332,1.4088329367259516,0.39981016920001805,0.5879108982215594,0.1668421780645941,0.14186733974670254,0.04026027758827082,0.020381949083578762,0.0057841567295192475,0.0004889770579158337,0.00013876592118479487,0.10463468545087622,-0.09091256150343098,0.2049047962864479,0.24299906204892868,0.2793476186239421,0.29622535393195704,0.0003770105623013655,0.0002095237229832337,-0.02652757319655064,-0.01947463843171925,-0.04818930370520867,-0.0661851266138191,0.6621603199162241,-0.41334517107277174,0.7159951194513061,1.9431862313072121
softplus_mlp,20260842,88,18118,3.401,3.5237546347180007,True,True,128,1.559863349598345e-14,2.7517634852096418,5.551440861375681,1.8388776787160994,3.712563182659582,0.6687566841412026,1.575433433043204,0.5218517942760397,1.0535816387671644,12.766374783340087,0.43484865167989756,0.29080794240072105,0.5782029145465786,0.7619047619047621,0.5,False,1.5739456600543387,1.455432996344541e-14,2.220446049250313e-16,4.440892098500626e-16,4.440892098500626e-16,8.881784197001252e-16,4.440892098500626e-16,8.881784197001252e-16,1.9614054880624878,0.5566237412609903,1.70967863935614,0.48518663090540703,1.3513526266963831,0.38349793523706266,0.4302855304633526,0.12210995800443623,0.0853246805727116,0.024214137877832113,0.013125113835663659,0.0037247524859840408,0.000268782388934984,7.627727148956106e-05,0.28464127794786187,-0.05734539127026714,-0.08510222680731512,-0.15658041231742448,0.2881119204672348,0.3729352147123559,-0.01133283288944044,-0.04079117357593767,0.041502438990897776,0.06408142746827783,-0.005934123121104305,-0.003454470530887042,1.2458063366862748,-0.15014814661508918,0.9940706939352327,2.7230664373386126
softplus_mlp,20260842,89,11610,3.591,3.5237546347180007,True,True,64,2.0455178662004414e-08,2.6635040993485486,4.997169069951349,0.8979368279787168,4.099232241972633,0.8203108969480077,1.4181376366891285,0.25482387994094174,1.163313756748187,12.353257466976892,0.40452237665327834,0.33183411362799053,0.9410508869283977,0.8333333333333335,1.0,False,0.5260772459015473,8.526165884426007e-15,1.1102230246251565e-16,8.326672684688674e-17,4.440892098500626e-16,5.329070518200751e-15,6.661338147750939e-16,8.881784197001252e-16,1.174698732089452,0.33336564371300526,1.7600234625824966,0.49947389788203794,1.4011872349293193,0.39764040921692995,0.48836856640644943,0.13859323847204608,0.1582217658379147,0.0449014708002156,0.01353318944956124,0.003840559531649761,0.0011361186561504664,0.0003224170732424983,0.2018877578917116,0.15118513019074714,0.00461129810370199,0.006255725997254808,0.35492382741552664,0.5308705761181775,0.05421995538048257,0.004630120875401093,0.04932583362649651,0.09961894414953343,0.01980998945995105,0.010019959278290151,2.448505008275121,1.660650672684114,-0.4697795708044423,0.20027297005503591
softplus_mlp,20260842,90,1571,3.866,3.5237546347180007,True,True,128,4.704570066849101e-14,2.527868116949076,8.149163578237255,0.5094043176479475,7.639759260589308,0.9374899874376879,2.3126364979976586,0.1445629365418952,2.1680735614557634,16.729557941456093,0.48711171010941695,0.456662350991228,0.9399230511454867,0.8095238095238096,1.0,False,1.3450873041552163,1.8164289516953147e-14,2.220446049250313e-16,1.1102230246251565e-16,1.3322676295501878e-15,1.7763568394002505e-15,3.3306690738754696e-16,8.881784197001252e-16,1.8313215638025415,0.5197074579936235,3.0661200117448275,0.8701286921443675,2.2205244954920182,0.6301586590661477,0.7988044331688358,0.22669127563496275,0.21295562099756932,0.060434293267587785,0.01843963382672543,0.005232950570691799,0.000997819204729063,0.00028316932027502433,0.2675570794462496,-0.016473903506372217,-0.05878605454341478,-0.08002035088975729,0.7020006420394683,0.6700109132845166,0.012622686788103516,0.013094205994501016,0.012557130541102074,0.022209814961335655,0.16778112030749362,0.09989871014354873,0.5359212302522376,0.4316543308221498,0.8882142821178372,1.387494396139152
softplus_mlp,20260842,91,18148,4.473,3.5237546347180007,True,True,128,7.743805596760467e-14,3.8114730267953965,12.20936533226959,1.7551495389424105,10.45421579332718,0.8562456367569315,3.464873862662314,0.49809073584457214,2.9667831268177416,21.949697903975903,0.5562429781804888,0.47628062304372465,0.7729747398521093,0.8095238095238096,0.2,False,1.6400672442098243,2.2648549702353193e-14,8.881784197001252e-16,4.440892098500626e-16,4.440892098500626e-16,5.773159728050814e-15,4.440892098500626e-16,8.881784197001252e-16,2.7252848082590013,0.7734036818023513,3.0784090611659014,0.8736161794114988,3.9037945488623293,1.1078508447778863,1.7073811822658231,0.4845346396834074,0.670887769851332,0.1903900354585903,0.11590147104907658,0.03289147033881148,0.007706490816114941,0.0021870111897651116,0.6829454072041616,0.11901898615089905,0.0031669096361931857,0.013885467750778093,0.44430595238093046,0.616010034811759,0.017763539100035874,0.04188922913615503,0.1478116859481175,0.2790783504385222,0.13236415830135773,0.09796262836777833,0.914777366351395,-0.24204422160417707,1.4683380078732058,2.885672551743676
softplus_mlp,20260842,92,9313,4.878,3.5237546347180007,True,True,128,3.4222069622558138e-12,2.8305185374679596,12.713788848688864,2.5643163829815716,10.149472465707293,0.7983043124673238,3.608023306567804,0.7277227414521128,2.8803005651156908,19.990639644847867,0.6359870956888343,0.507711241161965,0.27750459941878275,0.8095238095238096,1.0,False,2.4492232763859545,1.707661789751569e-14,3.3306690738754696e-16,4.440892098500626e-16,4.440892098500626e-16,2.6645352591003757e-15,1.3322676295501878e-15,8.881784197001252e-16,3.1848075707174215,0.9038108213718733,3.0878290403718833,0.8762894583944255,4.087276726744381,1.1599209225506923,1.6911503303505222,0.4799285153649359,0.5173386920978118,0.14681461841885976,0.14256537071517145,0.04045837054332266,0.0028211176916640417,0.0008005999236918522,0.306930555313351,0.0698260378266831,-0.12086038014247077,-0.24446761862046573,0.6744926941237572,0.6904916667301212,-0.010796968551313029,-0.025330829299218264,-0.03692970954901117,-0.07626751628134718,0.08854676986235532,0.06851756749489689,1.2759903161877575,-0.8537134409814525,0.653145260223534,3.2014626705987395
softplus_mlp,20260842,93,6702,4.932,3.5237546347180007,True,True,64,1.1589862403127427e-10,1.1875607003815944,4.274589879407247,0.4566559020125739,3.817933977394673,0.8931696572313277,1.213078185777068,0.12959355839176334,1.0834846273853047,4.597290665889467,0.9298063120357901,0.8304747850125316,0.9905904126006934,0.5714285714285715,0.5,False,0.4511534314277064,9.251280297384312e-15,8.881784197001252e-16,4.440892098500626e-16,0.0,3.3306690738754696e-15,8.881784197001252e-16,8.881784197001252e-16,1.217365425266985,0.34547394795109176,1.616391651835172,0.45871288423705153,0.9442563804747018,0.26796882256538523,0.4128999573369936,0.11717613742707066,0.07360773565294677,0.020889007119769976,0.009554148330270526,0.002711354597774123,0.0005145805101737537,0.0001460318789236398,0.04293199489322966,-0.018220966603290603,-0.11615819105583644,0.004367819884243183,0.02317379640236464,0.030576138302677143,0.014448229570156445,-0.057771689144143594,-0.008135023008589518,-0.007071470886302667,-0.21590803693705105,-0.053671051054475165,1.8005131116029458,1.4772300898011943,-0.3533051810856249,-0.18787816991830492
softplus_mlp,20260842,94,9850,5.0,3.5237546347180007,True,True,128,2.842170943040401e-14,1.2831524191844998,70.03391411561009,0.9821199616035822,69.0517941540065,0.9859765090384306,19.87479872338352,0.27871406026037887,19.596084663123143,93.48800410782616,0.7491219304974694,0.7386166258760248,0.8746232512439378,0.8333333333333335,1.0,False,1.1195773903767166,2.836619827917275e-14,4.440892098500626e-16,3.608224830031759e-16,4.440892098500626e-16,4.440892098500626e-15,6.661338147750939e-16,8.881784197001252e-16,4.161578499977361,1.1810068893489811,10.441490443566346,2.963171822660677,18.34422826133778,5.205875596615096,20.439214168055074,5.800407885008936,12.044815730953989,3.4181766267951037,4.017877825691894,1.1402263330441669,0.5847091860276274,0.16593356991055666,-0.6624003281000475,-0.829117258305614,-0.012567750393405821,0.02443717660509967,-0.35856452637089214,0.17354790691771546,0.15018759475910062,0.23364525206135792,0.5483769176655948,0.3197164370474795,0.3410223173741117,0.11191879799895088,0.22620455640071482,-0.1314344750040269,1.0508936378493237,1.380438581863533
softplus_mlp,20260842,95,10805,5.00001,3.5237546347180007,True,True,128,2.1471713296250527e-13,1.7743715495674868,6.340572842216028,0.40607307837880724,5.934499763837221,0.9359564051255524,1.7993797808011829,0.11523874970690304,1.6841410310942797,15.242740661263396,0.41597328086342245,0.38933285658521066,0.9882905685322148,0.9047619047619048,1.0,False,0.5249682766848242,1.4210854715202004e-14,1.1102230246251565e-16,8.881784197001252e-16,6.661338147750939e-16,1.4210854715202004e-14,2.220446049250313e-16,8.881784197001252e-16,1.2844132679475764,0.36450133482417274,1.6831175153811975,0.4776488972297284,1.7990872618920717,0.5105597433392377,0.9359444608297776,0.2656099978154919,0.5048794056244197,0.14327881988435448,0.11066556344207625,0.03140558152140823,0.022465367098899347,0.006375406186786671,-0.071365094446391,-0.010125051089893642,-0.001879009575921414,0.011554288665827589,-0.16914173061904386,-0.14770773410656984,0.11675249062657152,-0.005189148402035628,0.12906583862925036,0.0412409835583404,0.37035211469145857,0.17404553041216098,2.132926468638586,2.218057820335225,-0.7323395283770228,-0.5075051398055822
softplus_mlp,20260842,96,14807,5.00001,3.5237546347180007,True,True,128,3.4698534046029295e-08,3.264810349768328,18.520452125328983,0.6518110898978787,17.868641035431104,0.9648058759318058,5.255885850522944,0.18497629871157073,5.070909551811373,33.30576501665258,0.5560734640405025,0.5365029455560305,0.9953886656449658,0.9285714285714287,1.0,False,0.8133209398828559,2.0997092953223273e-14,3.0531133177191805e-16,4.440892098500626e-16,4.440892098500626e-16,1.509903313490213e-14,1.1102230246251565e-15,1.3322676295501878e-15,2.6066146095865177,0.7397264792232391,3.7301969894212195,1.0585859051221198,5.274705251525646,1.4968991312721664,4.212151745347239,1.1953589798355324,1.6521753407939685,0.46886787306806593,0.8520999848998059,0.24181592455514367,0.19250820375457892,0.05463155744667363,0.18444008940591533,0.23303227854061062,-0.18267308427888393,0.017490836574809043,0.27327912940225163,0.27138081119648866,0.10972742749019158,0.05744017598374951,0.15762626961597018,0.003168324721625835,0.7993457769011093,0.7728721006524586,3.291079963126555,3.694134943036038,-1.3680152218947814,-1.7847091209374681
softplus_mlp,20260842,97,15672,5.00001,3.5237546347180007,True,True,128,4.09390299438428e-11,4.338860467608757,58.00324583404916,3.5725018420820236,54.430743991967134,0.9384085874727912,16.460636975846377,1.0138338824399797,15.446803093406395,76.18018782901417,0.7613954164071765,0.7144999972189161,0.6030261447657906,0.9047619047619048,0.5,False,2.7241005075556495,2.656208586415687e-14,2.220446049250313e-16,2.220446049250313e-16,1.7763568394002505e-15,1.5987211554602254e-14,2.6645352591003757e-15,8.881784197001252e-16,5.059940957453894,1.4359515579207833,11.64870614121746,3.305765397638046,16.70038591939053,4.739372530325747,14.424955226139936,4.093632139995564,7.496455871027428,2.1274057498692316,2.2832203647569522,0.6479510072186606,0.38958135406295535,0.1105585928783412,0.7696324747831642,0.5333415458747712,0.12134404519821088,-0.09953902757426755,0.8664113695380445,1.16486185670675,-0.04018945019070643,-0.07005520113383722,0.018542614083329495,0.09475220782341541,0.38705384984146635,0.35523257570226635,0.7509642920266998,-2.302676523292132,1.46510127232855,4.662943033501775
softplus_mlp,20260842,98,15698,5.00001,3.5237546347180007,True,True,128,1.5749401782727546e-11,4.361324036513811,62.4154654769314,1.503356855805785,60.91210862112562,0.9759137123416725,17.7127728650512,0.42663494245424266,17.286137922596957,69.06097135898358,0.9037733505439941,0.882004805644861,0.84991855133595,0.9523809523809524,1.0,False,4.521860282232364,3.653327640407156e-14,6.661338147750939e-16,8.881784197001252e-16,2.6645352591003757e-15,3.108624468950438e-14,1.9984014443252818e-15,8.881784197001252e-16,9.193421595342603,2.6089846054443955,17.47948999361816,4.960473076473728,15.941782583221121,4.524089851817084,12.168168935511204,3.4531828112047305,6.374792437060449,1.8090908981722025,1.1673550663353083,0.3312815979960334,0.09045486584254825,0.02567002394302269,1.8945777028804027,1.6163139869014862,-0.11324478770520825,0.4205021013556914,0.9283266168591274,0.8090091613860189,0.12454623618932503,0.06565864179991751,0.03631839806344428,0.03324720108459057,0.020340331757956194,-0.004267554603657566,0.3095161808250663,-0.7096928257988366,1.1609433576436994,2.13055332438857
softplus_mlp,20260842,99,17110,5.00001,3.5237546347180007,True,True,128,9.147571589096515e-12,4.240765757334926,32.88882326335374,1.3757209471213117,31.51310231623243,0.9581705634128235,9.333460093763247,0.39041337713101243,8.943046716632233,35.402783752613445,0.9289897510086584,0.8901306331287049,0.8768898108768233,0.9523809523809524,1.0,False,3.7434484903072014,2.8537935903294454e-14,7.771561172376096e-16,6.661338147750939e-16,8.881784197001252e-16,2.7533531010703882e-14,6.661338147750939e-16,8.881784197001252e-16,7.4326001981604035,2.1092842631352,10.865603669748044,3.083530153516945,7.899980566236486,2.2419212984926538,4.465551205505935,1.2672707575915838,1.8600061842327336,0.527847814915066,0.34001568864339826,0.09649244169652836,0.025065750826730057,0.007113364415265543,1.995854047824716,1.5441370442121227,-0.11297277342383698,0.3457478514138704,0.8808228199880281,0.8237278795897535,-0.039705570588939296,-0.008790158185126337,-0.021698274111668334,0.015375568047657724,0.017940885980299512,-0.0015261828816887696,0.2495933631468088,-0.5978485711016616,1.2709312585195187,2.11994232623997
softplus_mlp,20260843,0,18834,0.557,3.5460034788051735,True,True,256,1.8273715873817764e-11,0.20160354299490502,6.3979303664121865,0.4014178519166832,5.996512514495503,0.9372581711698451,1.804265112725713,0.1132028928668567,1.691062219858856,15.008554847925542,0.42628557054555444,0.39953963424562033,0.8205935063849524,0.523809523809524,0.5,False,0.34386052228104,2.0505075415400142e-10,1.6653345369377348e-16,8.326672684688674e-17,3.885780586188048e-16,3.885780586188048e-16,3.3306690738754696e-16,2.220446049250313e-16,1.0502120142229092,0.2961677901615535,1.9202497278803405,0.5415250547152224,2.0928975011276747,0.5902130422705837,1.0186800882623466,0.287275546781356,0.2665252886361029,0.07516216220010835,0.04423744335659954,0.012475296096298629,0.005128302925078141,0.0014462205002703844,-0.1938458037004721,-0.2720416971867127,0.08390910985517747,0.16755733189130342,-0.1019533857005,-0.09831302889483669,0.029011308178602386,0.028539377879010768,0.03266445662875296,-0.012140506715328002,0.15947907049351234,0.14226644897658472,0.017047988012143113,-0.24368445525769952,0.17529079922768853,0.48942007230258266
softplus_mlp,20260843,1,12797,0.598,3.5460034788051735,True,True,128,7.380596134254347e-12,0.15676290695158945,2.8416296936349994,0.12326045716319986,2.7183692364717995,0.9566233216666857,0.8013612255655449,0.03476038811014717,0.7666008374553976,6.917200068681927,0.4108063472821413,0.39298693249880007,0.9847191842426266,0.9761904761904763,1.0,False,0.17647421638076355,1.0459081517533164e-14,2.220446049250313e-16,5.551115123125783e-17,1.1102230246251565e-16,1.5543122344752192e-15,2.498001805406602e-16,2.220446049250313e-16,0.7558443053268833,0.21315385330122832,1.002931489476366,0.28283432192635743,0.7395057294442768,0.20854625040961702,0.25365628640434906,0.07153300551465296,0.06936594158176197,0.019561724063828285,0.01972920595923263,0.005563786408320273,0.0005967354421248154,0.00016828394153913396,-0.06689305203546733,-0.10596401213495771,-0.1019361565030649,-0.1174527588225769,-0.14293922365336129,-0.15764720069439692,0.004009283568989289,0.006489222780990645,0.020856279635588486,0.01888437659634319,-0.06573893826934255,-0.08307821993111993,0.3334043971479828,0.4541849150991804,0.17600031706026506,0.14134658405812517
softplus_mlp,20260843,2,19817,0.656,3.5460034788051735,True,True,32,3.1858196636314062e-15,0.04868764589630947,0.21173333050889426,0.049121144839301266,0.16261218566959298,0.7680046654854,0.05971041251776714,0.013852537126064142,0.045857875391702996,1.3234516343308413,0.15998569574924443,0.12286976074634745,0.9809879340428237,0.880952380952381,0.5,False,0.044764222394264724,7.578139504804682e-15,5.551115123125783e-17,6.938893903907228e-18,2.3592239273284576e-16,1.942890293094024e-16,6.245004513516506e-17,2.220446049250313e-16,0.09173821721445917,0.025870876259086576,0.06771331930547508,0.019095671989665136,0.03664976601688436,0.010335513271756153,0.013073427758576815,0.003686806241651491,0.002323017159619432,0.0006551085393751991,0.00021869895650337054,6.167477212319633e-05,1.6884097373716508e-05,4.761444108736635e-06,0.05009011559014745,0.01763040049915668,0.03361208382073215,0.03362965836346834,-0.1456535765481532,-0.15853874452921743,0.010268676945660853,0.015908888053713707,0.01341839082053517,0.009642129053289199,-0.03891881019598303,-0.0356749252741706,0.1294336323083517,0.16662353410948993,-0.003562866844981858,-0.0005332943794201889
softplus_mlp,20260843,3,2319,0.682,3.5460034788051735,True,True,32,9.922618282587337e-15,0.07320177287254181,0.3961758068844967,0.09119063690144322,0.3049851699830535,0.7698228026124032,0.11172459622571725,0.025716454438496468,0.08600814178722077,1.8082978666794671,0.21908769245632337,0.16865870142461112,0.9379310106079811,0.7857142857142858,0.5,False,0.07782816668137038,2.577365404432541e-15,2.7755575615628914e-17,3.469446951953614e-18,2.220446049250313e-16,2.7755575615628914e-17,6.938893903907228e-17,2.220446049250313e-16,0.1810116401597782,0.05104666175363429,0.1310063202061062,0.0369447805082946,0.06930746946806474,0.01954523448223404,0.012831376806510216,0.0036185460288475947,0.0018680345013492431,0.0005267999629765388,0.00014659710583418874,4.134150085029941e-05,4.3686368513520726e-06,1.2319888791604022e-06,-0.01126898308735973,-0.07774987878541181,0.009220716933783474,0.008756707898618465,-0.1092579591897672,-0.13177955130711227,0.028788657424472335,0.05972287043266325,0.0006889512422038233,-0.0006769841392099578,-0.019869879159326833,-0.020228083828793975,0.21421449956679847,0.2175167530663518,-0.03931423085826275,0.0176399395354363
softplus_mlp,20260843,4,2961,0.699,3.5460034788051735,True,True,32,8.089756642348789e-11,0.3547016236146052,0.8479361380621604,0.08320701137715575,0.7647291266850047,0.9018711343435442,0.23912445183157932,0.023465011208954698,0.21565944062262463,5.329938200430187,0.15908930013367176,0.1434780475734751,0.9822026758661967,0.9761904761904763,1.0,False,0.07242614673009623,4.304716305636447e-15,2.7755575615628914e-16,5.551115123125783e-17,0.0,0.0,2.3592239273284576e-16,2.220446049250313e-16,0.16743895707649545,0.04721906170631114,0.29003894075394754,0.08179319126096182,0.22744436611590502,0.06414104427008133,0.11824134355877644,0.03334495983027571,0.03732791672949265,0.01052675693991995,0.006909103458415402,0.0019484198195833201,0.0005355103691256121,0.00015101800444540243,-0.024096276040733573,0.04184403583748009,0.007943146456422186,-0.006553684121178329,-0.13657196408435207,-0.12999497827690362,-0.08224228838379989,-0.11264164683609604,0.33150651997620395,0.3097683079076496,0.18999879306393969,0.19770964946128566,0.08515637334953029,0.06858376307082542,-0.016992680722605347,-0.014013823428457556
softplus_mlp,20260843,5,9528,0.7,3.5460034788051735,True,True,256,3.7013836440280556e-11,0.38042205381048055,12.864573637277363,0.3912101399305907,12.473363497346773,0.9695901200489855,3.6279077880690864,0.11032424030853151,3.5175835477605553,16.30535033635643,0.788978670920852,0.764985924254238,0.8300222690807255,0.6190476190476191,0.5,False,0.6897920677697829,1.00119884605121e-10,3.3306690738754696e-16,1.1102230246251565e-16,5.551115123125783e-17,4.440892098500626e-16,1.3530843112619095e-16,2.220446049250313e-16,1.628506573732024,0.45925126229169677,2.9852496487309215,0.8418631472230822,4.283996407414612,1.20811962904732,2.8656711530522094,0.8081411003064773,0.9723248378544875,0.27420301295984983,0.11540951754002401,0.03254636331572672,0.013415498952292078,0.0037832729247102804,-0.15760641320849667,-0.16033291733311703,-0.05032023332922559,-0.16191346774248985,-0.2157857942710658,-0.2221527454874162,-0.004500921621018241,-0.006010877515566089,0.27655604869721495,0.295999935298543,-0.04490595464571735,-0.07870395766665929,0.28622354478411066,0.051008053523245105,0.29076177740467857,0.6625280307339413
softplus_mlp,20260843,6,2903,0.725,3.5460034788051735,True,True,32,2.3633098256148344e-09,0.24052514740625353,5.515440792733051,0.47956212161571643,5.0358786711173344,0.9130509890981751,1.5553963287682615,0.13524017234673016,1.4201561564215315,17.742632582920006,0.31085808529014486,0.28382928224333165,0.6883921607094484,0.28571428571428575,0.2,False,0.25348002446339835,1.2496947920936918e-14,2.220446049250313e-16,2.220446049250313e-16,2.498001805406602e-16,5.551115123125783e-16,5.551115123125783e-17,2.220446049250313e-16,0.6984475651942216,0.19696753524606345,1.6288792587995264,0.4593563623204277,1.7128461427866226,0.4830356633952786,0.8778918010634004,0.24757217704682177,0.45293262762737063,0.12773045213705947,0.13241845160956361,0.03734301232388583,0.012024945652342859,0.0033911262987239557,0.5335320316151123,0.16221791790076423,-0.29005789119653214,-0.00881659411261288,-0.24176288909489374,-0.33351703204594163,0.012250289580104533,0.04031957746384773,0.07628179179389008,0.16535759384009152,0.13260288249490337,0.1953567953111213,0.045179756848300244,0.06360157863393473,-0.02750082463463141,-0.043994689584952014
softplus_mlp,20260843,7,2561,0.741,3.5460034788051735,True,True,256,2.3049784303452725e-10,0.056121799924989446,17.402234709716804,0.7156778308692686,16.686556878847536,0.9588743720098397,4.907562785465876,0.20182660145342451,4.705736184012451,28.24040635036279,0.6162175746983629,0.5908752399603192,0.7066420159699496,0.6904761904761906,0.5,False,1.0503078371262529,7.254770117981479e-10,1.1102230246251565e-16,1.942890293094024e-16,4.440892098500626e-16,9.992007221626409e-16,4.996003610813204e-16,2.220446049250313e-16,1.689672845159413,0.4765006168941347,5.386211119631694,1.518952576280771,4.77171405785803,1.3456597226649816,3.5284329313062264,0.9950449717255022,1.643643862704903,0.46352009312149045,0.35475653023145326,0.10004404461300431,0.027803362823836827,0.007840760165640101,-0.3429004012090149,-0.293749104347363,-0.0036897687338766777,-0.14691604786532192,-0.21624590265515656,-0.10897967649778788,0.03339967229470772,0.027852655577045995,0.017794014821512223,0.026566371798126865,0.05009285133414139,0.18695423044655052,0.10424511410284486,-0.46265942091731554,0.4134262199698309,0.8270527917310554
softplus_mlp,20260843,8,9579,0.797,3.5460034788051735,True,True,64,3.0225821845419887e-13,0.46311959599942965,3.8076058002885085,0.3783024399755615,3.429303360312947,0.9006455868023688,1.0737738479521972,0.10668417057025296,0.9670896773819442,8.941932260052315,0.4258146549933976,0.3835080898155768,0.7493294461771435,0.880952380952381,1.0,False,0.4101493446680201,5.196364172288526e-15,4.440892098500626e-16,5.551115123125783e-17,0.0,7.216449660063518e-16,2.220446049250313e-16,2.220446049250313e-16,1.1623085168751273,0.32777985803521187,1.2839373604390203,0.36208011867818113,0.8181634325125557,0.2307283220117528,0.41818947442668325,0.11793261820701662,0.11139886672411962,0.03141532922625769,0.012997881772169161,0.0036655016978575554,0.0006102675388317109,0.00017210009591906567,-0.10020245757885429,-0.03184086385039595,0.07965273112302414,0.051748881324629015,-0.024872606207439238,-0.029699241709762805,-0.010110493046396513,-0.01626423708189748,0.25324585654629517,0.28690939166129326,-0.04564203564568874,-0.06243678901598671,-0.21154807497396735,0.06472923615813797,0.5225966757824565,0.19997321851341304
softplus_mlp,20260843,9,12279,0.819,3.5460034788051735,True,True,128,3.1416425017027905e-11,0.27067819755889766,4.411323804863524,0.45445956900914597,3.9568642358543777,0.8969788686769944,1.2440269253063225,0.12816106124133758,1.115865864064985,13.648786242302085,0.3232026442901844,0.28990594222882266,0.9120528367096907,0.9523809523809524,0.5,False,0.5503639822967492,6.980527267330672e-15,3.3306690738754696e-16,2.220446049250313e-16,1.1102230246251565e-16,3.7192471324942744e-15,6.661338147750939e-16,2.220446049250313e-16,1.0343916484700182,0.29170632647505373,1.8568302165734731,0.523640269298081,1.1142705914097644,0.3142327970262505,0.3114043564100719,0.08781840127099923,0.07985834142888432,0.02252066076815937,0.013492329373765263,0.0038049396889795225,0.0010763211975403286,0.0003035307787974859,-0.28038647377288073,0.11547366905601608,0.01231776776197587,0.03556115568459699,-0.1590845636302581,-0.24908412923974393,0.01893068234004431,-0.04774880063699443,0.0015679388297014398,-0.010725458737199304,0.04686393455236816,0.04085195219091618,0.970935864811167,1.006291903068793,-0.34046695333322013,-0.6199420938274905
softplus_mlp,20260843,10,5210,0.904,3.5460034788051735,True,True,128,5.722291529508539e-10,0.23977957866494903,6.464129306514984,0.782908627868774,5.68122067864621,0.8788841326116874,1.8229337182413237,0.22078619847619982,1.602147519765124,14.738554370171364,0.438586386708144,0.3854666160572813,0.8383635892012947,0.3333333333333334,0.2,False,0.38252218907662244,9.974659986866641e-15,4.440892098500626e-16,1.1102230246251565e-16,2.220446049250313e-16,1.3433698597964394e-14,3.3306690738754696e-16,2.220446049250313e-16,0.9791230589827873,0.27612016311746623,2.1074710370423553,0.5943228904424166,2.030078663990224,0.5724976515460891,0.9285057402112401,0.2618456935423256,0.31518036472034455,0.08888326438600806,0.09113120306976027,0.025699693645102387,0.012639238498265808,0.0035643615619138087,-0.5168216579464187,0.025475215964146782,-0.12349915161984401,-0.10595357432164672,-0.12340428961658495,-0.2185977416670863,0.02438923724378877,-0.05257978318370031,0.009466829327965135,-0.0801879724775013,-0.11448245694598007,-0.1712382858049736,1.1593854154412084,0.6950498907148778,-0.07525434721918536,0.1478118294408193
softplus_mlp,20260843,11,7482,0.932,3.5460034788051735,True,True,128,5.794553725735341e-11,0.673958396110576,5.9231005147171505,0.4349303989175891,5.488170115799561,0.9265704848606037,1.6703594765544167,0.12265368647188665,1.5477057900825302,17.82529492454507,0.3322862561202935,0.30788663744589506,0.9070806886608868,0.8571428571428572,0.5,False,0.6388875188908428,1.1546319456101628e-14,1.1102230246251565e-15,8.326672684688674e-17,6.661338147750939e-16,8.770761894538737e-15,6.661338147750939e-16,2.220446049250313e-16,1.308366950501223,0.36896944921838526,1.8767349127860118,0.5292535452949916,1.4938923637187276,0.42128902936725116,1.0099126678054104,0.2848030674086368,0.1969612736335502,0.05554457992238528,0.03643750674716682,0.010275654540374124,0.0007948395250570491,0.000224150802391449,-0.3594287228157828,0.07239244771195137,-0.027221005869925725,-0.028438685777099366,0.0035370732990998564,0.006646301688950554,0.12287785161161563,-0.25241135541833054,0.0052486478725275,-0.0071976652373149175,-0.23498565069593252,-0.2742526857724293,1.2606293130383703,1.2577359631087135,-0.09669911032939713,-0.10051592419387419
softplus_mlp,20260843,12,13055,0.961,3.5460034788051735,True,True,128,1.819100425848319e-13,0.5227561446538491,1.568673349396715,0.23377226560796172,1.3349010837887534,0.8509745411956756,0.44237783712645423,0.06592556014263452,0.37645227698381967,3.5922451172014025,0.4366832713851152,0.37160634651477514,0.8798851367491378,0.5000000000000001,0.5,False,0.16699955348144702,7.105427357601002e-15,4.440892098500626e-16,2.7755575615628914e-17,2.220446049250313e-16,2.886579864025407e-15,1.3877787807814457e-16,2.220446049250313e-16,0.5330914334789506,0.15033584616182494,0.6073608275805641,0.17128038119838912,0.33140186659110143,0.09345785151422563,0.08366836601635684,0.02359511673252755,0.011675823490983762,0.0032926711890643528,0.0014101141514290066,0.0003976629351486549,6.491808732441004e-05,1.8307395272574352e-05,-0.13217768237952315,-0.18563891950573908,0.05921279680165572,0.052562488836648755,-0.044558240309712935,-0.049928626573261914,0.04404624077543708,0.06493214235033791,0.0016108556334619175,-0.00509307818635815,0.06198979939960801,0.06180282845731783,-0.01563702852985839,0.19724933550320123,0.5482694032627807,0.3868699737716997
softplus_mlp,20260843,13,12827,0.962,3.5460034788051735,True,True,128,1.9867441025667176e-12,0.8318288649445817,1.7582129979481045,0.22419377988446454,1.5340192180636398,0.8724877019188764,0.4958294622261721,0.06322435418478684,0.4326051080413852,3.69249003544251,0.4761591720145019,0.41544302173852776,0.8785953882106975,0.9285714285714287,0.5,False,0.17759938495524774,7.66053886991358e-15,4.440892098500626e-16,1.3877787807814457e-17,1.1102230246251565e-16,3.219646771412954e-15,2.498001805406602e-16,2.220446049250313e-16,0.5692548901546687,0.16053421649391028,0.7128738248561078,0.2010358503924285,0.3876374986051975,0.10931672823282508,0.07444838933556168,0.020995013056402043,0.012426165247959824,0.003504273281803667,0.001474621245504422,0.0004158544271934262,9.76085030993732e-05,2.752634160761241e-05,-0.01784755081173746,-0.016633093136268557,0.16962597341185934,0.13700757773408667,0.10466627515451526,0.10615225529196923,0.042090642220009085,0.05274808307303502,0.00027741778572635645,-0.0031502462676264143,-0.11341713196267879,-0.11316678175222795,0.10966885934251042,0.320254410350574,0.5367643798043774,0.34861665965103644
softplus_mlp,20260843,14,2997,1.002,3.5460034788051735,True,True,32,2.736699755701011e-14,0.30552820513950607,0.3193683817332601,0.030753162019297946,0.28861521971396215,0.9037063035094585,0.09006431709448613,0.008672626014924337,0.0813916910795618,2.837104241626001,0.11256843405592447,0.10172880343252774,0.994199344679779,0.9047619047619048,1.0,True,0.01589985645815059,3.642919299551295e-15,1.942890293094024e-16,1.1102230246251565e-16,3.3306690738754696e-16,5.551115123125783e-17,1.3097162243624894e-16,2.220446049250313e-16,0.07902015564884511,0.022284285991583677,0.11752553848723703,0.03314309734598379,0.08890018823866216,0.02507053046338722,0.02759063632821378,0.007780769672992665,0.004999984557652177,0.0014100337429271003,0.001210365968140018,0.00034133242546841806,0.00012151250450801333,3.426745214275903e-05,-0.04591877943819174,-0.05410583697693724,0.1705645487786205,0.16835932729531872,-0.05091233764786627,-0.054272934673607276,0.015394577695496958,0.019580266393634325,-0.009086742017945473,-0.007111214343892081,0.11167287980159783,0.1190608322369354,0.1297074755659316,0.11270718959442216,-0.015893417598137668,0.0013105756136321128
softplus_mlp,20260843,15,5030,1.01,3.5460034788051735,True,True,128,1.6982149020350334e-10,0.6048179381994052,5.844964305188931,1.040307466692079,4.804656838496852,0.8220164551272735,1.6483244701041277,0.2933746322895912,1.3549498378145364,13.451288915171514,0.43452819592600384,0.357189327267943,0.8241578899841879,0.4285714285714286,0.5,False,0.32731865975650676,1.1075342032373925e-14,4.440892098500626e-16,1.6653345369377348e-16,0.0,1.8984813721090177e-14,5.551115123125783e-17,2.220446049250313e-16,1.1535258160607906,0.32530306948527626,1.6938467634868342,0.47767769366587765,1.7168874738280757,0.48417534954212205,0.8888659019355716,0.25066695711056525,0.3294701801021076,0.09291310120573334,0.058776451899863684,0.016575407286308817,0.00359171787568491,0.0010128918082435553,-0.5704833653907104,0.034293011435355236,-0.11546258314329537,-0.20791571560251218,-0.07781640098896984,-0.13788389311362045,0.07052611795812459,-0.13886252638780627,0.03414224477386398,-0.052685624396969846,0.041395837984481064,0.04853092685206336,1.4651155651912724,0.873545236599816,-0.2425994781853611,0.18579652281306056
softplus_mlp,20260843,16,9116,1.026,3.5460034788051735,True,True,64,1.2673087856907017e-08,0.39592630402979645,8.85362550901899,0.3815994512122779,8.472026057806712,0.9568990747549068,2.4967898542508538,0.10761395286077324,2.3891759013900806,16.983860546743117,0.521296408708254,0.498828051165984,0.9393534441557752,0.523809523809524,0.5,False,0.5226729348680581,5.113964807179627e-15,4.440892098500626e-16,9.71445146547012e-17,3.3306690738754696e-16,9.43689570931383e-16,2.7755575615628914e-16,2.220446049250313e-16,1.1913068722861082,0.3359576152157412,3.090831133235535,0.8716379303375617,2.6494557297244516,0.7471667034622274,1.2878107307556967,0.3631724386208512,0.5207246099679186,0.14684830770199267,0.10082579213670301,0.028433641630457814,0.01267064091257254,0.0035732172820208048,-0.08568905874392109,0.0908715202488478,0.06029329096183425,0.09307794346747862,-0.07390124650748593,-0.1430879645407967,0.008878522693521709,-0.13167541271279856,0.031035693982247092,0.042797361267002405,-0.11807343715220865,-0.14548587939216032,0.8456875496568989,0.7012411941242045,-0.27230501086109016,-0.11181245843198044
softplus_mlp,20260843,17,20015,1.034,3.5460034788051735,True,True,32,5.273559366969494e-16,0.24582260320869453,0.12348780681381669,0.03970175289306857,0.08378605392074812,0.6784965745409411,0.03482450244392482,0.011196196825629195,0.023628305618295625,1.0041285778976363,0.12298007399845698,0.08344155894474453,0.9783367754606167,0.8571428571428572,0.5,False,0.0121981055277577,5.140419340188274e-15,2.7755575615628914e-17,6.938893903907228e-18,2.7755575615628914e-16,1.3877787807814457e-16,2.42861286636753e-17,2.220446049250313e-16,0.052289521818908974,0.01474604357594368,0.03990729405649576,0.01125416099984835,0.024636547830582833,0.0069476942078139535,0.005301384977279949,0.0014950309577999206,0.0011850108550987637,0.0003341820903960459,0.0001563389172859988,4.4088765908001086e-05,1.1708358161518486e-05,3.3018462140549335e-06,-0.016909730262410633,-0.056154317267511925,0.005806582851019297,0.006089355735376804,0.1484220769878373,0.15558374734936153,0.027878947984126545,0.0404984002451119,0.04137218244349024,0.04740628063622029,-0.02693720844631936,-0.02739437433428647,0.062490723544389636,0.07534920611419198,0.0036990281065612373,0.00444430473023055
softplus_mlp,20260843,18,1857,1.059,3.5460034788051735,True,True,256,5.251254986404774e-11,0.16172456318508943,4.548841260972589,0.4126349506654804,4.1362063103071085,0.9092878983916765,1.2828078957512252,0.11636620018334494,1.1664416955678802,11.509847786649296,0.3952129815521071,0.35936238141262383,0.9386369443707245,0.8095238095238096,1.0,False,0.6419704113868991,6.59996501894966e-11,1.3877787807814457e-16,5.551115123125783e-16,2.220446049250313e-16,9.159339953157541e-16,1.1102230246251565e-16,2.220446049250313e-16,0.9794750827902532,0.2762194365134372,1.6099305215079758,0.45401267402321954,1.0154334093671775,0.2863599585946622,0.6646873290374908,0.18744689141180915,0.20299610840782373,0.0572464493115002,0.07088736947727832,0.01999077832297103,0.005431440382572305,0.0015317075730569868,-0.29186155155394367,-0.24286586797197116,0.021239181400488288,0.08655006033396984,-0.04563949939038713,-0.04709017305425032,0.05672214563713087,0.01960086124282238,-0.0027896488263394583,0.000716026035490509,0.05545459003690644,0.10637877554853066,-0.1897968207818085,-0.5638598133891176,0.5583961666630424,0.8022946944396142
softplus_mlp,20260843,19,19048,1.075,3.5460034788051735,True,True,128,1.716031761134218e-10,0.6331645938913082,1.391934239507496,0.03187781430149531,1.3600564252060008,0.977098189413909,0.3925360614639071,0.00898978652785658,0.38354627493605054,3.279487714571527,0.4244364854067934,0.41471612141218084,0.9989987696342609,0.9761904761904763,0.5,True,0.13011727551683405,2.0815163828680205e-14,1.1102230246251565e-16,2.220446049250313e-16,2.220446049250313e-16,3.6637359812630166e-15,1.3183898417423734e-16,2.220446049250313e-16,0.39686862142734564,0.1119199752057408,0.5380575802762232,0.15173633739849623,0.326633096425575,0.09211302199162931,0.11388168315046254,0.0321155023764486,0.013353527779299585,0.0037657965817334896,0.002875989238855152,0.0008110508791221539,0.00026374120972902447,7.437703073486327e-05,-0.09743798332952557,-0.0942725986360119,-0.09661114022778232,-0.09828871341961712,-0.0564513893841417,-0.06129936750170404,0.05863172327668313,0.0673963251049943,0.022983053228425532,0.015705768866945344,0.029364693025709907,0.033061328105694156,0.2505436167272902,0.26679480942697464,0.5221420205746488,0.5040670419440292
softplus_mlp,20260843,20,9519,1.089,3.5460034788051735,True,True,256,4.0972503168035246e-11,0.6534038886576397,8.484394251538177,0.7699532641799328,7.714440987358244,0.9092506499164222,2.3926638262625155,0.2171326872018097,2.1755311390607055,13.92935116448161,0.6091018993887164,0.5538262978845176,0.6672372679477356,0.9047619047619048,0.5,False,0.5810655336135799,6.676620367684905e-11,2.220446049250313e-16,5.551115123125783e-17,5.551115123125783e-16,8.881784197001252e-16,4.440892098500626e-16,2.220446049250313e-16,1.4230952904015273,0.40132371524943894,2.873923973886188,0.8104684586645011,2.530389089750667,0.7135890037545259,1.1333472716769113,0.3196125662174457,0.4141990721246278,0.1168072943527377,0.10633788401286028,0.029988093539234442,0.0031016696835506415,0.0008746944841113776,-0.3549529664412854,-0.3794204666814993,-0.039217391667993186,-0.050552651004013224,-0.20350325637767308,-0.16366304464366555,0.040058530392820785,0.02073155906164744,0.0020957839313848784,5.3607087534939384e-05,0.21741291224537793,0.2901060714122444,0.4696664126530175,-0.2431149437756586,0.5218438639219898,1.1792637572010487
softplus_mlp,20260843,21,2993,1.098,3.5460034788051735,True,True,32,4.656219854126675e-12,0.5901523476951609,0.24112690843571394,0.07787977465964349,0.16324713377607045,0.6770174877417019,0.06799962545918362,0.02196268986343045,0.04603693559575316,1.8531934905090435,0.13011426473847593,0.08808963263260168,0.9923595933223861,0.5952380952380953,0.5,False,0.027176335832733045,4.351011738401578e-15,1.6653345369377348e-16,5.551115123125783e-17,2.220446049250313e-16,2.220446049250313e-16,4.163336342344337e-17,2.220446049250313e-16,0.054808623622773826,0.015456449479074284,0.1242351436077422,0.03503525711418739,0.036607863971356354,0.010323696575642216,0.01862003290610997,0.005250991155931971,0.006306842426128782,0.001778577619516006,0.0005419285475198454,0.00015282797965625468,6.473354080994672e-06,1.825535174933294e-06,-0.03669132933081044,-0.05006836678204472,0.38256425780514813,0.33929705529136633,0.04686554695007504,0.04422492839376575,0.011476100316325781,0.04647983172050013,-0.0050180006663221605,-0.0024217832535117236,0.04156049579236222,0.048978643157664314,0.21171405944070343,0.1931191433023856,-0.06231878261232141,-0.029457104134964517
softplus_mlp,20260843,22,11936,1.16,3.5460034788051735,True,True,128,1.581295094865709e-10,0.9417508250711213,12.128348604693956,0.9862341069369671,11.142114497756989,0.9186835620345484,3.420286719171693,0.2781255328235828,3.14216118634811,24.24554752094375,0.5002299327007265,0.4595530164098058,0.9839427603004938,0.8571428571428572,0.5,False,0.5342272671072589,1.0158540675320182e-14,6.661338147750939e-16,2.220446049250313e-16,5.551115123125783e-16,7.66053886991358e-15,4.440892098500626e-16,8.881784197001252e-16,1.5883744185705269,0.44793368874689593,3.513612016764088,0.9908653608958106,3.644594196628466,1.027803333643799,1.985488683385493,0.5599229372596396,1.1223717436952803,0.3165173836979606,0.2419951833698372,0.06824448560647704,0.031912362280259704,0.008999529321108445,-0.0366858267972743,0.026417157382732637,-0.06871950523041225,-0.03811576956563764,-0.14306259677398855,-0.22860264080072645,0.007310277614189403,0.06857871364736444,0.301998901722746,0.18447630484549285,0.1892717927592183,0.2546207636188496,1.4279685194859728,2.193878499685349,-0.7363307377093308,-1.5195022037423107
softplus_mlp,20260843,23,9470,1.162,3.5460034788051735,True,True,256,2.5331070574452497e-11,0.9390500720267723,4.334629719622395,1.0871893196005151,3.2474404000218797,0.7491851922947587,1.2223986088933418,0.30659567202873805,0.9158029368646038,7.302613427611336,0.5935723919375314,0.4446956465945793,0.7029402041349827,0.9285714285714287,0.5,False,0.9054033604464803,5.263212088379987e-11,5.551115123125783e-16,2.220446049250313e-16,1.1102230246251565e-16,4.440892098500626e-16,2.220446049250313e-16,2.220446049250313e-16,1.528415240589604,0.4310247436938793,1.396545729481718,0.39383653677415015,0.924161249317746,0.2606205140072627,0.3686313950807119,0.10395686222082397,0.0971714528263635,0.027403090100494045,0.017518456013471,0.004940338078679451,0.002186196311947005,0.0006165240178172764,-0.18454537504890375,-0.11033586899484393,-0.022530124211335135,0.023990622263385487,-0.13234917756230014,-0.1332349804376566,0.02954794163720692,0.022340289462118797,-0.020243461707086522,-0.016319547788946013,0.015722745813008795,0.021205143141627233,0.391268047493808,-0.6878278170562622,0.8621794756123742,1.81923223143735
softplus_mlp,20260843,24,16444,1.167,3.5460034788051735,True,True,128,1.816324868286756e-13,0.726430888072769,2.448333320617965,0.34472555466696536,2.1036077659509997,0.8591999088670019,0.6904486516304635,0.09721523307222493,0.5932334185582386,4.601183058868158,0.5321095225496698,0.45718845328194024,0.7587981038047029,0.8333333333333335,0.5,False,0.2584018723516253,8.215650382226158e-15,1.1102230246251565e-16,5.551115123125783e-17,1.1102230246251565e-16,3.774758283725532e-15,1.1796119636642288e-16,2.220446049250313e-16,0.7930850412663376,0.22365602459407843,0.8778962268358668,0.24757342514837974,0.5627877158727146,0.15871042406939376,0.18024552755397874,0.050830612161359895,0.030409333435958707,0.008575663734601054,0.003762168272987129,0.0010609601190393622,0.00014730738011586517,4.15418036097078e-05,-0.07831635038484633,-0.10955915244858386,-0.012318915299290583,-0.011322522544690457,-0.04596880401010382,-0.055127213336883356,0.007507244725230943,0.017383004916292088,0.1873268411771171,0.1508370373072682,0.10885163079124512,0.1129030795185567,-0.051654286712841425,0.27814766628114934,0.6110035277862581,0.3431689883796567
softplus_mlp,20260843,25,12155,1.172,3.5460034788051735,True,True,128,3.9713965449550415e-10,1.1480745431670678,6.219894064075692,0.799277160587472,5.42061690348822,0.8714966601756345,1.754057518909002,0.22540224942384676,1.5286552694851552,15.510329846379252,0.4010162340633698,0.3494843086624373,0.9742944178208545,0.5476190476190477,0.5,False,0.7094431235305765,1.3555996603020759e-14,2.220446049250313e-16,2.7755575615628914e-17,8.881784197001252e-16,4.440892098500626e-15,4.440892098500626e-16,2.220446049250313e-16,1.6934762179981908,0.47757319701468764,1.9353117782526983,0.5457726676863842,1.5601648017209713,0.4399783618505273,0.70920097908145,0.20000007989851587,0.2650849773005005,0.07475598342893362,0.049517755710533316,0.013964384413750867,0.0071375540113448425,0.0020128446162015166,-0.11315115306987253,-0.051623794525924784,-0.010278110461924644,0.1476684010864412,0.09325589477668718,0.13054203468630296,0.015362183919825433,-0.050895493707223814,0.04634950780899354,0.0028921785449924167,-0.04945322156646223,-0.05050962940146027,1.63349019766921,2.176007348254751,-0.4675007559093897,-1.1560065017708154
softplus_mlp,20260843,26,13083,1.18,3.5460034788051735,True,True,128,8.58424442640171e-13,0.8754515321042067,4.369045426765041,0.39915914750214626,3.969886279262895,0.9086392773449156,1.232104100540023,0.1125659210116294,1.1195381795283936,9.092706335745628,0.480500003567614,0.43660117600590614,0.7107942410689482,0.6904761904761906,0.2,False,0.1530449925372841,7.105427357601002e-15,5.551115123125783e-17,1.1102230246251565e-16,4.440892098500626e-16,3.774758283725532e-15,2.220446049250313e-16,2.220446049250313e-16,0.694032554617992,0.1957224686231403,1.4014896207636005,0.3952307517859042,1.277317787684766,0.360213348723267,0.6558067231249958,0.1849424928781993,0.25503173388802725,0.07192089218535122,0.0771501945459575,0.02175694271229347,0.008216812139696415,0.002317203631865886,-0.14914463576102915,-0.1800703388551919,0.08039045727265862,0.05542156737771173,0.16192486866759506,0.15975819988385243,0.019340159012451324,0.03397027737924088,0.0188339575552217,0.012835859271792836,0.15533320853743812,0.1432513210707134,-0.06495764572087973,0.31957138341447516,0.6537311625407503,0.3307132625616084
softplus_mlp,20260843,27,12928,1.216,3.5460034788051735,True,True,128,3.5349501104064984e-13,0.4776460078169049,1.1538902133744577,0.16718647210985446,0.9867037412646033,0.8551105900959751,0.3254058323042766,0.047147859021894695,0.2782579732823819,2.6831867564699063,0.43004468868673,0.36773576751054965,0.9057855224596858,0.9285714285714287,0.5,False,0.15601821794251258,8.215650382226158e-15,6.938893903907228e-17,2.7755575615628914e-17,3.3306690738754696e-16,2.4980018054066022e-15,8.326672684688674e-17,2.220446049250313e-16,0.47387859003628263,0.1336373731353349,0.43024939283507757,0.121333607089424,0.19237452479214437,0.0542510818001129,0.049332442681969325,0.013912124727692569,0.007922299832630755,0.00223414891721995,0.00013181978304806138,3.717418322795275e-05,1.1434132985443674e-06,3.2245126249273755e-07,-0.033382736553312656,-0.03404954216102782,-0.12840672903015296,-0.1325300576953317,0.001470220532693631,0.001662697336205987,-0.002626605928689204,-0.004641159085707371,0.07615601502098393,0.053417272219137536,0.028850214534769308,0.033848344954563285,0.0628138226064937,0.22480968749304076,0.4727718066341189,0.33512876475602166
softplus_mlp,20260843,28,15342,1.256,3.5460034788051735,True,True,128,1.780933800432649e-08,0.8940076362315064,2.516327502890309,0.2605931601382734,2.2557343427520355,0.8964390923522672,0.7096235291168371,0.07348925676352701,0.6361342723533102,8.73753559701386,0.28799052947495735,0.2581659688485796,0.9982381647856062,0.8571428571428572,1.0,False,0.35125473212772224,8.881784197001252e-15,1.7763568394002505e-15,2.7755575615628914e-17,2.220446049250313e-15,1.1435297153639112e-14,1.942890293094024e-15,2.220446049250313e-16,0.7741842682722508,0.21832586259422182,1.0925005637467926,0.3080934833473178,0.46397338318747317,0.1308440293306788,0.1514059692063385,0.04269763696265599,0.03098647778418712,0.00873842283838594,0.0031819602297304362,0.0008973370299125026,9.488046352972623e-05,2.6757013662517953e-05,-0.05983833992084718,0.03323841979619146,-0.036362430629689274,-0.1095105886388538,-0.12675707925985868,-0.18107696702370776,0.059195542560727545,-0.032298036443156444,-0.000246428748895053,0.0020399417576523952,-0.0803313487980085,-0.07168439145983746,2.3157811063134357,2.4723641788899484,-1.1774333852853602,-1.2190649206467419
softplus_mlp,20260843,29,13936,1.286,3.5460034788051735,True,True,128,1.8097523479809752e-11,1.0642830246110915,27.649349106864086,1.1823272746190034,26.467021832245084,0.9572385132811143,7.7973271239374355,0.33342530025305805,7.463901823684378,42.2544271475218,0.6543538978846553,0.6263727523708095,0.7363380330091781,0.7142857142857144,0.5,False,2.0101838859355445,1.4876988529977098e-14,6.661338147750939e-16,5.551115123125783e-16,8.881784197001252e-16,2.220446049250313e-15,8.881784197001252e-16,2.220446049250313e-16,2.810529049991427,0.7925906070849189,8.593554387263895,2.4234478162890847,8.218700269537234,2.3177360988677105,5.220753806611155,1.4722923532974899,2.0694534508826745,0.5836016414682078,0.6514634344734425,0.18371765238452423,0.08489470810424994,0.023940954545497297,0.16965173658053406,0.1803663099596827,-0.05932162920379898,-0.2541466552071136,0.8335816119090406,1.1310961953327034,-0.479992049482708,-0.641388754859111,-0.0008029986048544782,-0.13923832299436417,0.05521713869657609,0.07680506826431814,1.220697663630223,0.5330274447804486,-0.6747484489139217,0.17776173933452946
softplus_mlp,20260843,30,243,1.375,3.5460034788051735,True,True,128,3.429792150289046e-08,0.704001012832612,12.031813289170072,1.9598063623902413,10.072006926779832,0.8371146297495925,3.393063024637583,0.5526803270510604,2.8403826975865223,15.8966392708793,0.7568777956238136,0.6335934756493165,0.27984623314142065,0.6904761904761906,0.5,False,1.1175323246177429,1.2021816875318336e-10,3.3306690738754696e-16,2.220446049250313e-16,2.220446049250313e-16,1.199040866595169e-14,6.661338147750939e-16,2.220446049250313e-16,1.51035623914676,0.42593196768539965,3.7328982924835388,1.052705761513054,3.9705962257769953,1.1197383898548483,1.8699248883693238,0.5273330665201139,0.7853606117740717,0.22147767662052578,0.15308606996870328,0.043171438179267003,0.009590961650675835,0.002704724264373116,-0.14624358529354375,0.002764148416190496,-0.1319998302289863,-0.36598367377369195,-0.339737998267548,-0.2854904905182633,0.019114689105764766,0.024764868622869408,-0.018592461128568175,-0.007655952503918678,-0.02518938421095173,-0.05782900261938187,0.7820809472730683,-0.9111019531640316,0.5645686355833767,2.3045330683728515
softplus_mlp,20260843,31,12361,1.375,3.5460034788051735,True,True,256,9.60453938603223e-12,0.4251521321669822,88.48665297553046,1.8859056995746977,86.60074727595577,0.9786871168005845,24.953910368228417,0.5318397770467371,24.422070591181683,141.86006702912493,0.6237601238223262,0.610465997158848,0.5126876983127875,0.19047619047619052,0.5,False,1.952088160402938,5.576789030570239e-10,9.992007221626409e-16,7.91033905045424e-16,4.996003610813204e-16,6.661338147750939e-16,8.881784197001252e-16,4.440892098500626e-16,5.42302956065291,1.5293356571889776,17.856703139982187,5.035726345648992,26.510586007112348,7.476187252936676,21.435899505939886,6.045086992741112,12.408269178724225,3.4992264539191016,4.373203033980748,1.2332765774539791,0.4789625491381588,0.13507108833958203,-0.5107812215887206,-0.24538267838211855,0.20453360394308584,-0.10114857424645622,0.15855909422845763,0.5051276447762034,0.2508542591587689,-0.006164244217089596,-0.03671193852985973,-0.043778089962200534,0.07082544992201625,0.13271793539522317,1.578261181407614,0.2621223148306593,-1.2903882963743805,-0.07834217602723809
softplus_mlp,20260843,32,6134,1.385,3.5460034788051735,True,True,128,4.902966921349616e-12,0.9778376562133435,7.530798868586831,1.2690715777311807,6.26172729085565,0.8314824761786097,2.123742662295508,0.3578878546838862,1.7658548076116216,14.476406104339876,0.520211909938695,0.43254708701343003,0.9208460872632387,0.4047619047619048,0.5,False,0.4800817301523803,8.715250743307479e-15,2.220446049250313e-16,4.440892098500626e-16,2.220446049250313e-16,1.1324274851176597e-14,2.220446049250313e-16,2.220446049250313e-16,1.4130575226540103,0.3984929882612919,2.4680835501329876,0.6960183668417068,2.152956386810841,0.6071501056553615,1.0512011195786795,0.29644672540842565,0.3588632559485137,0.10120217255664755,0.0822171984909776,0.023185876433116388,0.004419834970817066,0.0012464271389565388,-0.10906121097208953,0.34095125666833653,0.0030373047889629746,-0.06416617106671842,-0.16320087763279612,-0.4499388686523438,0.03796043814771642,-0.10999849651867868,0.01279269237042238,0.029229297109827045,-0.19051723159359846,-0.22590152356271,1.3897091542770719,2.1923316596284166,-0.0028826131723463655,-0.7346694973927969
softplus_mlp,20260843,33,1951,1.426,3.5460034788051735,True,True,64,6.413623965251247e-09,0.6724552696403976,2.341483753321968,0.3759333907941116,1.9655503625278565,0.8394465089664799,0.6603162595065845,0.10601608064997793,0.5543001788566065,5.124019918222318,0.45696226609015633,0.3835953789987934,0.7020651034422186,0.9761904761904763,0.5,False,0.2736348071547491,4.479056014972116e-15,2.220446049250313e-16,5.551115123125783e-17,3.3306690738754696e-16,5.551115123125783e-16,1.1102230246251565e-16,2.220446049250313e-16,0.7535726503751625,0.21251322929583785,0.8217016726761964,0.2317261326977234,0.5079563381543127,0.14324755776197623,0.19127733109891454,0.053941664818491795,0.056944334802694174,0.016058736304985683,0.009244132651597514,0.002606915843949574,0.0007872935630875858,0.0002220227836191702,-0.0978506810049889,-0.14147298771500347,0.12891196861104898,0.11298739587913076,0.05730224508952463,0.07187666132047593,0.02448455107747296,0.045769009464309056,0.0080600097858007,0.02077100114529976,0.09053871033830133,0.08957182854378772,-0.13344927438905185,0.19391425042777377,0.5944577401322895,0.2790381105746246
softplus_mlp,20260843,34,10023,1.444,3.5460034788051735,True,True,128,5.617728504603292e-14,0.5882804909745951,2.9413338208103728,0.3156113553699177,2.625722465440455,0.892697879738464,0.8294785491303172,0.08900480703314566,0.7404737420971715,6.899921601401736,0.42628510738626846,0.38054381152780536,0.8114167639632017,0.9285714285714287,0.5,False,0.15703947932856765,7.882583474838611e-15,1.1102230246251565e-16,1.6653345369377348e-16,5.551115123125783e-16,2.1094237467877974e-15,1.3877787807814457e-16,2.220446049250313e-16,0.695094880331781,0.19602205256888056,1.0776241800984168,0.30389822980701714,0.7702973447956922,0.21722972055719586,0.2990640194563215,0.08433833222213621,0.08603494252464755,0.024262509340131,0.011581200537487447,0.0032659867951933693,0.0016372530660205757,0.00046171783976146815,-0.13110341006220783,-0.1878855693277664,0.16068306329081572,0.15562035207707767,0.05211941916573391,0.059296865059851364,0.023649535037987862,0.05454131107128514,0.018633467259857848,-0.027794391254257707,0.061875787555373596,0.06066593497331796,-0.13982273800212341,0.13771939544037867,0.5422453667291569,0.33611659293470636
softplus_mlp,20260843,35,9457,1.458,3.5460034788051735,True,True,256,9.015743707152524e-11,0.057966598820254456,26.388712835941863,0.7693490872045041,25.61936374873736,0.9708455242971671,7.44181809004698,0.2169623046911777,7.224855785355802,40.56362690850813,0.6505511180117597,0.6315846412482351,0.8542406842672935,0.7380952380952381,0.5,False,1.4500651580145216,1.2073098076825772e-10,3.3306690738754696e-16,4.440892098500626e-16,6.661338147750939e-16,7.771561172376096e-16,5.551115123125783e-16,1.1102230246251565e-15,2.3858883403721753,0.6728386913980414,6.6592136755440015,1.8779489967640486,8.57161778296273,2.417261526728941,5.452882612138669,1.537754445175,2.588427334832355,0.7299562310933,0.6744317597129681,0.1901948951105423,0.05625133037744856,0.015863303776679445,-0.6239406311198036,-0.7001247396324911,-0.007821363558211784,0.027427760799315238,0.18152717100814597,0.1879353133650255,0.17865241775446383,-0.2086254376450413,0.020425287447397866,0.04802746770202751,0.10171844923746338,0.24226843197523562,-0.7870212177893008,-0.22748156029160552,0.994426485840099,0.6885393625477878
softplus_mlp,20260843,36,2358,1.487,3.5460034788051735,True,True,32,3.318734176360749e-13,0.7608295388653044,0.5818036758826377,0.08257426218432723,0.4992294136983105,0.8580719483096146,0.16407306968539032,0.02328657111530828,0.14078649857008202,2.7781458187587127,0.20942157605772832,0.1796987797859251,0.9865095137447468,0.9285714285714287,1.0,False,0.04311856782328624,4.3597937759987104e-15,1.1102230246251565e-16,1.214306433183765e-17,0.0,1.1102230246251565e-16,2.0816681711721685e-16,2.220446049250313e-16,0.21509005315417384,0.06065703388047675,0.16982386228988594,0.047891623148409355,0.11625729658390521,0.032785443465802276,0.06432179786414916,0.018139237101319032,0.014253505692367194,0.004019597210651896,0.001947345385084418,0.0005491662365036868,0.000109814913069655,3.096864222667293e-05,0.02440702154903562,0.023636957782948945,0.018555300906925875,-0.006957544085310114,0.3057152311105702,0.337236662078903,0.00459360621832105,0.01642328205358568,0.1434936697749198,0.08850855581370391,0.0226190263756708,0.02131278691088215,0.2507665084037528,0.2755824917814935,-0.009320825473891771,0.0050863465290971735
softplus_mlp,20260843,37,15340,1.516,3.5460034788051735,True,True,128,2.246000985195451e-08,0.94114948671821,7.874643987069619,0.6729850853725396,7.201658901697079,0.9145377128823093,2.2207096056552604,0.18978692192352334,2.030922683731737,26.389009077990853,0.29840620251395816,0.2729037259570105,0.9847451151397608,0.6904761904761906,0.5,False,0.5465948038182942,1.3692172395884938e-14,6.661338147750939e-16,2.220446049250313e-16,1.1102230246251565e-15,9.43689570931383e-15,8.881784197001252e-16,4.440892098500626e-16,1.2776686140230862,0.36031228442381474,2.6253793258154836,0.7403769741083575,1.908135160238399,0.5381086543325517,1.3777521194570914,0.3885365955482157,0.5961296512862794,0.16811310390680873,0.0839478511303346,0.023673933664222133,0.005631265118937713,0.0015880596712880746,-0.18705377826715708,-0.0501242647534014,-0.05039577124649943,-0.0274831137242595,-0.01182142893666249,-0.019504076684212078,0.04737884029636681,-0.03215298007435733,0.0071639984223513566,0.054409938759401776,-0.1747462400449637,-0.18123654894323402,1.9315266959663118,2.397423669965802,-0.6209028294715383,-1.2001831378275387
softplus_mlp,20260843,38,7011,1.556,3.5460034788051735,True,True,128,3.4642066992773834e-11,1.0235195186449935,7.999024706884869,0.8824983106562332,7.116526396228636,0.8896742611762838,2.2557859163691916,0.24887124785156475,2.0069146685176267,17.195459051185985,0.4651823881568995,0.4138607974957088,0.9388491416914182,0.6904761904761906,0.5,False,0.5089867114221487,1.1757955720170798e-14,1.1102230246251565e-15,1.1102230246251565e-16,1.1102230246251565e-15,1.3988810110276972e-14,1.1102230246251565e-15,2.220446049250313e-16,1.2476960127700905,0.35185978249251515,2.4987259928424623,0.7046597691676288,2.32734813952504,0.6563299087087304,1.313089680003672,0.37030129492318425,0.5143652936287282,0.1450549320391653,0.0881653844203889,0.02486331018775431,0.009634203694482913,0.002716918850211946,-0.15131597645398606,0.2729696364627604,-0.00929521936570437,-0.015210384280826578,-0.1527939027959365,-0.3749646176177765,0.0231908326752241,-0.08941279916227729,0.10351923330743791,0.10336512551457325,-0.20403207335701762,-0.24364225166424003,1.4596415538741525,1.9178542516136334,-0.04539492923917783,-0.5474394422208673
softplus_mlp,20260843,39,4943,1.563,3.5460034788051735,True,True,128,1.4827705729913987e-10,1.1110538742945666,16.002642782414767,0.8669846355517437,15.135658146863024,0.9458224090020638,4.512867197695717,0.24449627326476123,4.268370924430956,26.694376590012244,0.5994761753830277,0.5669980003401189,0.9297588923465787,0.8095238095238096,0.5,False,1.4420762466290076,8.69269933811978e-15,2.220446049250313e-16,4.440892098500626e-16,0.0,1.3988810110276972e-14,2.220446049250313e-16,2.220446049250313e-16,1.8401172345536043,0.5189270810229527,4.273772816503249,1.2052364985110782,4.514862361753729,1.2732255872673348,3.5948502185960534,1.0137751528115644,1.5301764212614575,0.43152141006275907,0.21767052547173119,0.06138474673608479,0.031193204274935556,0.008796721283941355,-0.15250267032330794,0.2849167278058593,0.008485863766413533,0.08624088546730112,0.003326559175313354,-0.08584400052349017,0.12156453064919569,-0.05862625308386345,0.004742783245172643,0.016860837737394187,-0.2882706692437883,-0.27799814643312737,1.5808020728930494,1.9102217113118487,-0.16709459586748188,-0.7647178879873698
softplus_mlp,20260843,40,10139,1.595,3.5460034788051735,True,True,128,5.076827847005916e-12,1.3281604254521562,6.832045553617019,0.7037488641318732,6.128296689485145,0.8969929490942438,1.9266889032830496,0.1984625419400326,1.728226361343017,12.613339426957927,0.5416523984929156,0.4858583823081309,0.9523295156527813,0.7380952380952381,0.5,False,0.4647115459961163,7.105427357601002e-15,4.440892098500626e-16,1.1102230246251565e-16,6.661338147750939e-16,6.8833827526759706e-15,8.326672684688674e-16,4.440892098500626e-16,1.6450928092562433,0.4639287070892998,2.2981886615230653,0.6481067137298581,1.7648658348658988,0.4977056129286626,0.7731456495004985,0.21803296418677232,0.2961958720156014,0.08352949278983918,0.051849700385992264,0.014622010580616528,0.0027070260697123994,0.0007634019779993369,-0.07521998606656802,-0.036310560030595136,-0.0861985529942533,0.2527528059820241,-0.19260580425084967,-0.23694270427973146,0.09628833414559641,0.01659318118984023,0.0055973258722822414,0.0046690579048246405,0.05378200352219084,0.05536236657579729,1.6864642681674642,2.010771984233478,-0.15994716294370726,-0.7387357061234884
softplus_mlp,20260843,41,13689,1.6,3.5460034788051735,True,True,128,1.7008616737257398e-13,0.7932259050517456,5.7688174295053365,0.2963242776984947,5.472493151806842,0.9486334450137203,1.6268504709558662,0.08356570417080955,1.5432847667850567,16.106040318871337,0.35817726239925357,0.3397789303553872,0.9928393082664467,0.7142857142857144,1.0,False,0.26076339905373014,5.447248555001671e-15,1.3322676295501878e-15,5.551115123125783e-17,1.7763568394002505e-15,5.773159728050814e-15,1.5265566588595902e-15,2.220446049250313e-16,1.1341516561115794,0.31983940875707545,1.7803512765379659,0.5020726254723967,1.6974371196577172,0.47869020146299146,0.7527359913410175,0.21227728507323745,0.3033611482117511,0.08555015527338644,0.09729355857953662,0.027437524853280656,0.0034866790657645938,0.000983270063496788,-0.14390589977491974,-0.06983356984462975,-0.021059503837552195,0.11246397671629492,0.022009537643787668,0.03154428864893106,0.0631695816859234,0.0036759062077855727,0.0017151177497464476,-0.03349503026315698,0.34820770578275284,0.2858030273843126,1.2504358931824449,1.1112201173734306,-0.7273465273804394,-0.6481528111712281
softplus_mlp,20260843,42,12306,1.611,3.5460034788051735,True,True,256,6.698230858859233e-11,0.7385074205555122,43.90706363024387,1.943459647212839,41.96360398303103,0.9557369706255155,12.382126496119051,0.5480704288162989,11.834056067302752,77.80710264083046,0.5643066267732089,0.53932870597613,0.6475002876820604,0.6904761904761906,1.0,False,3.4850431640058206,5.264115809922032e-10,8.881784197001252e-16,6.661338147750939e-16,1.2212453270876722e-15,1.5543122344752192e-15,1.3322676295501878e-15,8.881784197001252e-16,4.581261576528981,1.291950671766582,12.431273225428475,3.5057137703703534,13.990559672012001,3.9454444293794437,9.68811747802303,2.7321229479694256,2.544501731818244,0.7175688763496686,0.6172749727920123,0.17407624568941574,0.05407497364112088,0.015249554594160029,-0.066653187821025,-0.09700075815772545,0.04280699142950514,-0.12861548535043466,0.9962462335393587,1.740075902341298,-1.046285833942334,-1.2571916300520372,0.05392040948075297,-0.12298968041065644,0.06550858395503545,0.1276732281643228,1.6731307707497978,0.3192570566547143,-0.98016654683558,0.15729878736603248
softplus_mlp,20260843,43,14526,1.634,3.5460034788051735,True,True,256,1.7541523789077473e-14,0.9315363729498765,4.929278091651218,0.30928362968423206,4.619994461966986,0.9372557960955641,1.3900939807628556,0.08722034017531344,1.302873640587542,15.604887746105806,0.3158803941336469,0.29606073027471175,0.9946388532250106,0.9285714285714287,0.5,False,0.43335337518559225,1.944971961265196e-14,1.7763568394002505e-15,1.1102230246251565e-16,4.440892098500626e-16,1.1102230246251565e-16,5.551115123125783e-16,6.661338147750939e-16,1.1541248822209387,0.32547201070705695,1.4861496234983969,0.4191055176288646,1.174814992358916,0.3313067794154477,0.7175880607497912,0.20236530083483806,0.316403449787803,0.08922818369439818,0.07472655823492043,0.021073458805545096,0.005470524800449305,0.0015427296767042652,-0.07766765875504704,-0.01987738099242905,-0.13922313988541332,0.07153578524582983,-0.11148190022821466,-0.15131122428024965,0.07059919488582438,-0.011467073575508437,0.005472107949823083,0.00327512763438909,-0.14950206100221378,-0.10876763421184278,2.3064762111461037,2.144658213713385,-0.9731363811609854,-0.9965094405836975
softplus_mlp,20260843,44,17733,1.645,3.5460034788051735,True,True,128,1.0826894936144527e-10,1.5355640375225008,3.1860223670956067,0.8123112310876881,2.373711136007919,0.7450390683138252,0.8984825836011694,0.22907795661875563,0.6694046269824138,4.3681932201227855,0.729368461179483,0.5434079987746504,0.7977755671039539,0.9761904761904763,0.5,False,0.49250325554554564,1.0972559666422299e-14,1.1102230246251565e-16,8.881784197001252e-16,4.440892098500626e-16,8.881784197001252e-16,5.551115123125783e-17,2.220446049250313e-16,0.8192149647545027,0.2310248621161921,1.353238728334693,0.3816236324705093,0.6578726975973435,0.18552511342121236,0.293270388959983,0.08270448427726881,0.05447446495898698,0.015362214189745284,0.007292467666979307,0.002056531447463922,0.0006586548231125127,0.0001857456787759403,0.06083286628305128,0.04577707383596414,0.10236424472146212,0.22078642638569163,-0.03224336264421618,-0.030564336102480483,0.09567600294992629,0.10479510446310539,0.014149013524865358,0.01575325532487013,-0.1577036937614039,-0.1680528191126565,0.4978963225003643,-0.28900999078898426,0.9545926439484512,1.63607932351699
softplus_mlp,20260843,45,6168,1.655,3.5460034788051735,True,True,128,1.0227374502846942e-12,1.317917455636995,1.7365492187641018,0.9222500362313694,0.8142991825327325,0.4689179976783309,0.48972011142787497,0.2600815373543067,0.22963857407356822,2.637091176217427,0.6585093585027126,0.3087868898415342,0.9696015192779215,0.9285714285714287,1.0,False,0.47341231502914505,5.773159728050814e-15,4.440892098500626e-16,2.7755575615628914e-17,2.220446049250313e-16,1.1102230246251565e-14,3.3306690738754696e-16,2.220446049250313e-16,0.6983870055874828,0.1969504569755257,0.7008550493578928,0.1976464641241824,0.28692483332295093,0.08091498923730055,0.0427499457700525,0.012055810442819165,0.006728594206391006,0.001897514835111839,0.0008759296320911687,0.0002470188304457934,2.786088723525853e-05,7.856982487971575e-06,-0.010275457583464657,0.013991228475234985,-0.01218239912752355,-0.04308084268282461,-0.10691046638583931,-0.19668132206793418,-0.018814644409574942,0.019821768131190902,0.008843679659880676,-0.01026567550746085,0.020981331504185703,0.024113307940139283,1.6602515396418827,2.5164665008378275,-0.2239761276625516,-1.0064475094891892
softplus_mlp,20260843,46,14636,1.663,3.5460034788051735,True,True,256,3.6768366129535934e-12,1.0866091716223851,23.301275916454323,1.118820828989925,22.182455087464398,0.9519845680124381,6.571137353848759,0.31551599869465213,6.255621355154107,37.29495073950118,0.6247836625180102,0.5947844050634369,0.9844840145269116,0.880952380952381,0.5,False,1.8768237264627483,8.304024134986321e-11,8.881784197001252e-16,1.6653345369377348e-16,4.440892098500626e-16,1.5543122344752192e-15,3.3306690738754696e-16,1.9984014443252818e-15,2.232032162551215,0.629450076936557,5.575467461870177,1.5723243068415804,5.821563429184055,1.6417252447664354,5.273624670435029,1.4872023397484027,3.513459137930918,0.9908222478999875,0.8525026439956187,0.2404122412995685,0.03262641048730569,0.00920089635622669,-0.2218548625083739,-0.13910511714066034,-0.37623148953565266,-0.12847956481116246,-0.5478351653688455,-0.45161973137684736,0.22105300738037603,0.1699872011131435,0.000430867280288101,-0.018968236623988624,0.6471222596513087,0.39277492180229195,2.8404213691242814,3.5325250940300057,-1.4764968144009973,-2.2705053953703955
softplus_mlp,20260843,47,13286,1.664,3.5460034788051735,True,True,128,3.5296210398882977e-12,1.4538611481902726,2.6145743741545324,0.6464120559941355,1.9681623181603969,0.7527658565065054,0.7373298954110202,0.18229312516409155,0.5550367702469287,5.428959478563422,0.48159769555811555,0.3625303017883641,0.9845750272801512,0.9761904761904763,1.0,False,0.49335799733981933,7.030834248133999e-15,2.220446049250313e-16,2.220446049250313e-16,2.220446049250313e-16,1.0658141036401503e-14,3.3306690738754696e-16,2.220446049250313e-16,0.8117177772913727,0.22891059812633946,1.0682647007886548,0.3012587853265747,0.5363068866862277,0.15124262846660727,0.15338515391839988,0.043255782131968755,0.03636640146519076,0.0102556023090661,0.008252634552982814,0.002327305825363584,0.0002808194516994132,7.919322509915736e-05,0.07966889624422467,0.04568349042448684,-0.05843176057112105,0.028434279784853356,0.3465501424281022,0.5597815750703748,0.032025161106869704,0.005932374372312774,0.0242174682644356,0.016297301608117792,0.08574797430700776,0.07777188909948082,1.6422913711828508,1.9886059541787342,-0.6982081047720974,-1.2686457163480986
softplus_mlp,20260843,48,14542,1.683,3.5460034788051735,True,True,256,1.1546319456101628e-14,1.4541190078480766,5.1976132754424365,0.932806344665536,4.2648069307769,0.8205317911833037,1.4657665471873065,0.26305849676713944,1.202708050420167,17.22473927977881,0.30175279817118844,0.24759776397797914,0.9872208476801327,0.9285714285714287,1.0,False,0.4567192862099636,1.6352370846295372e-14,4.440892098500626e-16,2.220446049250313e-16,4.440892098500626e-16,2.220446049250313e-16,5.551115123125783e-16,2.220446049250313e-16,1.32948622985022,0.374925246914363,1.6367367031426725,0.46157222149544286,1.1894278634718933,0.33542772041291713,0.7770425645534793,0.21913192392448072,0.2192150634401051,0.061820318211861895,0.04046658985329566,0.011411886676132332,0.005238261130767843,0.0014772295521077367,0.09205938143039469,0.023903433120329075,-0.11181009070852144,0.10282723021351106,0.24292560305680577,0.3261825813961514,0.1925918804926627,-0.00467738566458608,-0.00017146866895280285,0.0002879715632576001,-0.2280548362456338,-0.18042520420149724,2.6700369704394094,2.002655840241187,-1.4034584319480876,-0.8166354588202762
softplus_mlp,20260843,49,14720,1.772,3.5460034788051735,True,True,256,2.353672812205332e-14,1.323618556245279,2.066699585622764,0.846872059906714,1.2198275257160498,0.5902297238562981,0.5828250304816787,0.23882437368393888,0.3440006567977398,8.368046281084446,0.24697516196754743,0.14577208164747002,0.9961250161122105,0.8571428571428572,0.5,False,0.5436662438636568,2.953719083556572e-14,8.881784197001252e-16,8.326672684688674e-17,6.661338147750939e-16,1.1102230246251565e-15,1.5265566588595902e-16,1.5543122344752192e-15,0.800877582770169,0.22585358067387593,0.8517708581505741,0.2402058721153817,0.2904831179809922,0.08191845262342227,0.10772936086601587,0.030380500614262028,0.014145160648032496,0.0039890430826082296,0.00164615607190804,0.0004642285552586972,4.734913506975957e-05,1.3352816869123284e-05,-0.014745392537489304,-0.0018276406113248906,0.007068151172496649,-0.013377459771694957,0.20749790187528339,0.3152752280497886,0.033584483848355676,0.001975163774396358,0.02728929221490367,-0.04087379730960605,0.2492625917176625,0.1973368952251385,3.087036105079353,2.4123077622078246,-2.2733745771252876,-1.547197595319242
softplus_mlp,20260843,50,7158,1.819,3.5460034788051735,True,True,128,1.6580736783566863e-11,0.9900216268550006,7.7655205457877985,0.9352544669256492,6.83026607886215,0.8795631971596607,2.189935963741466,0.26374888589809936,1.9261870778433667,16.084254150507334,0.48280265115947923,0.42465544345099193,0.8821922382442685,0.6190476190476191,0.5,False,0.675560109461952,1.0956513474269514e-14,8.881784197001252e-16,4.440892098500626e-16,3.3306690738754696e-16,1.199040866595169e-14,3.3306690738754696e-16,2.220446049250313e-16,1.2165530503709938,0.34307722980038124,2.4361142854299374,0.6870027906038001,2.4258133347791335,0.684097844031589,1.1567813125373958,0.32622114429712107,0.4224337564441434,0.11912953807549069,0.09773531587936475,0.02756210377782728,0.010089490346824062,0.0028453131552549174,-0.2882413285463199,0.2995316107528357,-0.0038578386147411292,-0.01848821202100741,-0.14977829030234938,-0.34261686020265386,0.02681501937280203,-0.1017103943486535,0.10454057507355427,0.10533291200238996,-0.08230151521127083,-0.10471069482504486,1.3881729105165546,1.734862101214206,-0.005327905433228756,-0.5821788357170835
softplus_mlp,20260843,51,730,1.828,3.5460034788051735,True,True,128,5.101343902857991e-09,1.318025327941492,3.5105893480613037,0.6148270626517369,2.8957622854095666,0.8248650008035628,0.9900129452902278,0.17338591637786632,0.8166270289123614,4.543198431139001,0.7727131890167479,0.6373840652792234,0.9500398917013443,0.8095238095238096,0.5,False,0.7762099446035292,1.240630861931713e-14,6.661338147750939e-16,2.220446049250313e-16,6.661338147750939e-16,7.327471962526033e-15,5.551115123125783e-16,2.220446049250313e-16,0.8793101031711096,0.24797214904803005,1.4630187132841892,0.41258242470116063,0.8768457643507651,0.2472771867235219,0.243779617933992,0.06874770975017024,0.04248565915292707,0.011981279603042752,0.004805936465737383,0.0013553107024465594,0.000343553702579299,9.68847618545088e-05,-0.028502895421780458,-0.01713049285606737,-0.13157787507264795,-0.4194467269274896,0.11333455873073933,0.0980082190984806,0.04152661548494051,0.05881263271904847,0.006196580593064617,0.02674596188492376,0.07733949938282547,0.1128665403465027,0.2506514413396801,-0.060980429824952664,0.9890574029046697,1.5191496235010535
softplus_mlp,20260843,52,738,1.869,3.5460034788051735,True,True,128,1.9147310403866413e-09,1.6695418967976055,2.4829450755885674,0.5260932632801326,1.9568518123084346,0.7881172368843377,0.7002094302584261,0.14836230884279894,0.5518471214156271,3.7454364531303215,0.6629254311639429,0.5224629590692849,0.9667858933580219,0.6666666666666669,0.2,False,0.6282503216747313,7.827072323607354e-15,2.220446049250313e-16,2.220446049250313e-16,0.0,4.440892098500626e-15,2.220446049250313e-16,2.220446049250313e-16,0.8867333650966029,0.2500655654729893,0.861402718904506,0.2429221302385061,0.5651128784005438,0.15936613761895085,0.139515851140741,0.03934453307072076,0.02442783873156585,0.006888836651620211,0.005726388125540181,0.0016148850839451767,2.6035189062903453e-05,7.342121692355478e-06,0.16162234810131051,0.10484331409103045,-0.10318397157368317,-0.2821280366613873,0.16075367357641926,0.14753783350065194,0.038020561195881354,0.04689472212681397,0.005871695428615781,-0.008004715606099616,-0.004490889437321158,-0.006187845428764333,0.2852405705606554,0.02365961348043495,1.1257079089457276,1.6429270112949297
softplus_mlp,20260843,53,3461,1.894,3.5460034788051735,True,True,64,2.6718400381042784e-08,1.7371855648539627,0.5963873802692402,0.24315850394048247,0.35322887632875777,0.5922809368791337,0.16818578544378446,0.06857255087138683,0.09961323457239762,1.0292691252285522,0.5794280287352549,0.34318417571334636,0.995297640859837,0.6428571428571429,0.5,False,0.13027285971028546,3.5521986827685703e-15,2.220446049250313e-16,2.7755575615628914e-17,2.220446049250313e-16,2.4424906541753444e-15,3.3306690738754696e-16,2.220446049250313e-16,0.270278315167525,0.07622054427837034,0.23245848322490334,0.06555506350017182,0.0795085830752982,0.022422026247444247,0.012562142871092478,0.0035426200076163756,0.0014699445112201816,0.0004145355524906252,0.00010832387756340374,3.054815885287949e-05,1.587541634820589e-06,4.4769883738396997e-07,0.003510454363418716,-0.010174915511179213,-0.01511794115303575,0.015030078319078384,-0.0754746940599449,-0.12246522609305255,-0.017067835240642575,0.015974467225452635,0.0447726987116079,0.04779052563118071,0.022949837119835118,0.022143730336304825,1.784113308593323,1.9610636636760244,-0.010500263480598697,-0.19217675872984388
softplus_mlp,20260843,54,15343,1.898,3.5460034788051735,True,True,128,1.400312088506439e-08,1.6542988689268905,7.25045736027535,0.6071310197243769,6.643326340550973,0.9162630728578867,2.044684220873464,0.1712155736319102,1.873468647241554,20.22297543078697,0.35852574637644213,0.3285039020735462,0.9724674231429312,0.9047619047619048,1.0,False,0.7280440648070359,9.658940314238862e-15,8.881784197001252e-16,8.881784197001252e-16,6.661338147750939e-16,1.3766765505351941e-14,8.881784197001252e-16,2.220446049250313e-16,1.3824613375576291,0.3898646309347248,2.733978196044987,0.7710026829883995,1.856495957374489,0.5235460056570603,0.8357332417461658,0.2356831420898003,0.34569395805315484,0.09748833020593552,0.09017643221158528,0.025430440988165708,0.005918237287332992,0.001668988009376444,-0.05634654223445297,-0.012009446289391405,-0.22013487260634365,0.1760930746652716,0.2543709486082584,0.3808313314068846,0.05315006202620397,-0.024109760658743085,0.046302019255541026,0.026162597334189245,-0.14828929193700938,-0.10818369822794238,2.1890325690932215,1.8093184752233418,-0.4637860232785278,-0.5938037045267338
softplus_mlp,20260843,55,8280,1.986,3.5460034788051735,True,True,128,6.990119594263433e-11,1.7072968644879982,9.835624650481709,0.4435106001278981,9.392114050353811,0.9549077342936042,2.773721094542136,0.12507336859052914,2.6486477259516072,20.30305481022741,0.48444062937401594,0.4625961037953092,0.9850146208528755,0.880952380952381,1.0,False,0.49633616665563857,1.1025902413308586e-14,1.1102230246251565e-16,1.249000902703301e-16,6.661338147750939e-16,1.3988810110276972e-14,6.106226635438361e-16,2.220446049250313e-16,1.3559716084921114,0.38239432549823843,2.8050379629598736,0.7910420787023682,2.660136277689555,0.7501786993694345,1.7290564742028423,0.4876071003702027,0.8649783232010692,0.24393047789465896,0.37367450445788275,0.10537905749144737,0.046769499478369364,0.013189355215784604,-0.1249730748930924,-0.06010106766226183,-0.2688821479211352,-0.016058210484503052,-0.28793343162806084,-0.2564996443348757,0.1704049972720485,0.026713296945425465,0.00285819497239432,0.011995873741631897,0.4060708432453069,0.37103054322628765,2.1411410384707192,2.2263842278687243,-0.33138955503018175,-0.5961681548124443
softplus_mlp,20260843,56,15471,1.99,3.5460034788051735,True,True,128,1.0008201822842011e-08,1.1403626507978928,7.197770806879429,0.3616102901249926,6.836160516754437,0.9497607940253703,2.0298262113675984,0.1019768571255991,1.9278493542419994,22.547123535443763,0.31923233114701455,0.3031943523087585,0.9935854907830436,0.7619047619047621,0.5,False,0.4792331763247515,1.5181432500011027e-14,8.881784197001252e-16,1.3877787807814457e-16,6.661338147750939e-16,1.0436096431476471e-14,4.440892098500626e-16,2.220446049250313e-16,1.0835611447194253,0.3055724990671841,1.9574480090533775,0.5520152534404563,2.096893596626238,0.5913399716496575,1.4270497472700776,0.4024389022175811,0.5141316417487591,0.14498904042869012,0.11715549699707774,0.0330387428262065,0.001531170464467958,0.0004318017378211614,-0.21959438962370798,-0.1545423341438349,-0.22732618698382331,-0.019208014034913182,-0.021778397554791575,-0.030043160605299286,0.12553173659602973,0.001191088074836273,0.003714273256977046,0.006697891416459487,0.1662586401894171,0.09757313521618206,2.2970901029606905,2.382546546497412,-0.983533128042898,-1.1438525016229601
softplus_mlp,20260843,57,11110,2.013,3.5460034788051735,True,True,128,2.42994513399708e-11,1.1731162334784844,10.274393707904377,0.8612562709645685,9.413137436939808,0.9161744920966012,2.897457311961334,0.24288083080357523,2.6545764811577586,20.599455419603835,0.4987701615707068,0.456960499449982,0.9610793210979863,0.5476190476190477,0.5,False,0.7688953883721248,7.549516567451064e-15,1.6653345369377348e-16,2.220446049250313e-16,4.440892098500626e-16,1.021405182655144e-14,2.220446049250313e-16,2.220446049250313e-16,1.8342839298291946,0.5172820446434692,3.380450344829038,0.9533127547771276,2.8052189712167666,0.7910931244100149,1.4734413961218502,0.4155217006776109,0.615585739077571,0.1735998689107301,0.15278236974774004,0.04308579240289411,0.012630957082208842,0.0035620261394850197,-0.05803390667387973,0.03887053269763412,-0.01178693933046054,0.20433580865524964,-0.21585385323181028,-0.3590467240007945,0.06162285245419908,-0.05034066777912671,0.004116792824706984,0.007890696036141516,-0.15873487115391682,-0.18671468270212999,1.604602632527603,2.149057812923508,-0.05281647393795775,-0.630936542352008
softplus_mlp,20260843,58,14292,2.032,3.5460034788051735,True,True,256,2.8761881765149155e-11,0.8632056149014644,18.034280399277332,0.8589388588791871,17.175341540398144,0.9523718806704587,5.085804485830337,0.24222730293784334,4.843577182892493,34.69858700254369,0.5197410602903015,0.49498677105033273,0.9815180079174395,0.8095238095238096,0.5,False,0.8225505348444262,7.386805056519563e-11,8.881784197001252e-16,2.220446049250313e-16,2.220446049250313e-16,4.3298697960381105e-15,1.3322676295501878e-15,2.220446049250313e-16,1.9013250390835144,0.5361881482767654,3.7504279858586616,1.057649268613343,5.4168298165424495,1.5275872821105216,4.296179248244648,1.2115552829892446,2.098660794765182,0.5918383349901072,0.5270496879839566,0.1486320278968102,0.04380782679891765,0.012354140953544328,-0.31426311342069907,-0.09662238446143692,0.15413352882841036,-0.5186893747629528,-0.2196155188233745,-0.1640787968891457,0.0707574696082794,-0.02405469867636467,0.05256085930423958,-0.03874292769893749,0.4132990178544512,0.510502903765339,2.994846604471263,3.4686402609939533,-2.2885132329211055,-2.273749367368986
softplus_mlp,20260843,59,1456,2.041,3.5460034788051735,True,True,128,4.083544613564527e-10,1.2244791917106592,0.8112278351128384,0.22391356737865972,0.5873142677341786,0.7239818979491571,0.22877243069885023,0.0631453321230546,0.1656270985757956,1.6414900026949295,0.4942021174548724,0.3577933869654708,0.9449255039753574,0.9285714285714287,1.0,False,0.1785151172166376,7.438494264988549e-15,3.469446951953614e-17,6.938893903907228e-18,4.440892098500626e-16,3.9968028886505635e-15,5.551115123125783e-17,2.220446049250313e-16,0.3354116522500943,0.09458864162285348,0.2727116832425015,0.07690677261670137,0.17265016503823163,0.04868866205861878,0.02860067006793132,0.008065606883603036,0.00178296023579413,0.0005028083718617497,7.006782991466435e-05,1.9759661921785177e-05,6.364483651722454e-07,1.794832884334047e-07,-0.07768546220217859,-0.07296129676594205,0.06096451197429384,0.049731516702526686,0.02690047814937023,0.02463937900841607,0.06007941047550152,0.07347603026453557,-3.30424476662359e-05,-0.0001276373958738382,0.1007862328800343,0.09321781898972405,0.22617082620489287,0.43196360835828,0.8272962366764111,0.6245397725489885
softplus_mlp,20260843,60,15570,2.109,3.5460034788051735,True,True,128,2.368360618731913e-08,1.6136414235333765,5.203777378459845,0.4325255387998814,4.771251839659964,0.9168823899749733,1.4675048712059524,0.12197549759472345,1.345529373611229,18.023121793894283,0.2887278595777306,0.26472948994198814,0.9926059907340397,0.7142857142857144,0.5,False,0.3758178310339658,2.5828080993384184e-14,1.3322676295501878e-15,1.1102230246251565e-16,2.220446049250313e-16,1.2212453270876722e-14,4.718447854656915e-16,4.440892098500626e-16,1.1852995800066555,0.3342635130200274,2.038393305606456,0.5748424438357553,1.1242075535712566,0.31703509607104463,0.6748466743540014,0.1903119042007796,0.1641458669923735,0.046290385210699926,0.014973532359317754,0.0042226502170164505,0.0019108655697795207,0.0005388786506276602,0.243698272654415,0.06548171690277863,-0.10595742340108247,0.1544099495280294,0.22487315381667572,0.29668471526179346,0.1895199685282438,0.01007904484310729,7.319764713332365e-05,-6.0938203871891115e-05,-0.11806344335749085,-0.09504448930580235,2.679920196213146,2.605186272701036,-1.5004224985676637,-1.4230948481937065
softplus_mlp,20260843,61,15883,2.173,3.5460034788051735,True,True,128,1.4090177469228138e-08,2.003184096040507,5.45415815488977,2.073980010020634,3.380178144869136,0.6197433313954663,1.5381141579498816,0.5848781656354893,0.9532359923143922,7.677004036536939,0.7104539907667048,0.4402991230409615,0.6943481512108313,0.8333333333333335,0.5,False,1.6972424246224025,1.386996073549085e-10,8.326672684688674e-17,8.881784197001252e-16,0.0,7.993605777301127e-15,8.881784197001252e-16,2.220446049250313e-16,2.0454546798147044,0.5768338051670273,1.6916946317056405,0.4770707761052895,1.1820875045214598,0.33335768325860876,0.4065621073120995,0.1146536120853132,0.1122735184527772,0.03166198767819815,0.015140731887773406,0.004269801758027343,0.0009449811953105095,0.00026649189741599497,0.02620895478426511,0.01687779481655588,-0.027438562195103714,-0.22855340240395447,-0.10323854973957494,-0.04188107805343287,0.02410607813753954,0.009250391800754721,0.1785150068048754,0.16728528598296136,-0.08424693462932198,-0.09878792754140833,0.667944528292449,-1.1549630814808438,1.321333574585379,3.3339561129198665
softplus_mlp,20260843,62,16663,2.193,3.5460034788051735,True,True,128,7.205347429817266e-14,0.5617859258585269,2.2767729264341288,0.6710172406822272,1.6057556857519015,0.7052770467834175,0.6420673132563558,0.18923197472674974,0.45283533852960606,5.486081879921596,0.41500892189867705,0.29269626682546895,0.40878357898226136,0.7380952380952381,0.5,False,0.3148468026551632,9.066532247192782e-15,4.440892098500626e-16,2.7755575615628914e-17,3.3306690738754696e-16,1.1324274851176597e-14,5.551115123125783e-16,2.220446049250313e-16,0.824382996689497,0.2324822864999763,0.6550068675594125,0.18471692751415947,0.4973084807468787,0.14024478084111944,0.18732733675346125,0.05282773631586544,0.09532877001032536,0.02688343950594386,0.01678194178066412,0.00473263545311546,0.0006365328938845245,0.00017950712617433877,-0.044794151922663825,-0.04080026618853804,-0.12781394518500588,0.15467276187950826,-0.07558449636462798,-0.029467469340828167,-0.019476319813148558,-0.000885229864152239,0.04046502100036825,0.05634581793414253,0.16791614195499516,0.1408989904212988,-0.16865625224729108,0.13529148172972041,0.7897299284359013,0.14572983928736405
softplus_mlp,20260843,63,11025,2.223,3.5460034788051735,True,True,128,7.572142912692925e-11,1.1475302437847008,5.427782445430992,0.7643821293580274,4.6634003160729645,0.8591722978872393,1.5306760069112748,0.215561584732451,1.3151144221788238,14.11577324636902,0.3845189597974856,0.33036803827041666,0.9658102967852146,0.8333333333333335,0.5,False,0.6229936751126932,7.249409406107077e-15,4.440892098500626e-16,5.551115123125783e-17,2.220446049250313e-16,1.2656542480726785e-14,9.71445146547012e-17,2.220446049250313e-16,1.5161135687262932,0.4275555784951311,2.352553864089814,0.663438115092461,1.0823133084720662,0.3052205997374689,0.4418920875008494,0.1246169356973516,0.032309581665530294,0.009111548214390645,0.0026000349764351343,0.0007332296744703749,8.6801225929189485e-16,2.447860709895219e-16,-0.00791098445085476,0.002415275029512549,-2.6433881538694215e-19,0.0,-0.14464730997797806,-0.2493489711054095,0.03697577774078586,-0.02151465195424788,0.12087319311893027,0.18378595346117002,-0.23263944152214733,-0.1500910425013553,1.4992972639417563,2.1078919744563787,-0.12441825506579182,-0.7256082936013604
softplus_mlp,20260843,64,17449,2.231,3.5460034788051735,True,True,128,3.6947112036500585e-12,2.692815450042694,7.384489817712313,0.19121640114599747,7.193273416566316,0.9741056720415067,2.082482395138687,0.053924482107509907,2.028557913031177,18.390860307373607,0.40153041751676977,0.3911330572002798,0.993189398135852,0.8571428571428572,0.5,False,0.2906549499211949,1.1546319456101628e-14,1.942890293094024e-16,5.551115123125783e-17,8.881784197001252e-16,1.0658141036401503e-14,9.020562075079397e-17,2.220446049250313e-16,0.8399068563696401,0.2368601332147161,1.86347568848765,0.5255143430134334,2.148246203327275,0.6058217980234827,1.4211355582629812,0.40077105585407746,0.771550421758135,0.21758309780849652,0.29370518535172596,0.08282710017269639,0.046469904154902604,0.013104867051783223,0.3847132884965674,0.348411760457113,0.14416459222185954,0.20843709497997862,0.20835831584306214,0.18618775356485878,0.28832335342640913,0.2984687653271819,-0.13541005912582327,-0.18982053144804456,0.2787606945845281,0.3495288555391241,0.8922122852094712,0.9382426107419758,0.6316929793866194,0.5533591408804959
softplus_mlp,20260843,65,11267,2.256,3.5460034788051735,True,True,128,1.0203993205948336e-10,1.781963630509633,4.673353601319234,1.0761010351626594,3.5972525661565746,0.7697368684323633,1.3179213244578998,0.3034686913294433,1.0144526331284562,9.985108952182774,0.46803230928167544,0.3602617240716442,0.9332298954032948,0.6190476190476191,0.5,False,0.47558181173164243,1.4089424071883627e-14,4.440892098500626e-16,5.551115123125783e-17,0.0,9.769962616701378e-15,1.1102230246251565e-16,2.220446049250313e-16,0.7803056783373701,0.22005214687502062,1.912808522290586,0.5394265780402187,1.041281024283371,0.29364918294841347,0.6270383139732323,0.17682958229485804,0.2578197201682878,0.07270712555960611,0.049911277409915675,0.014075360531437856,0.004189064856467438,0.0011813482083438181,0.36801861766484334,0.259351678250914,-7.271625504397597e-05,0.10256489904802564,0.2931175476955915,0.44959289038244293,0.07281965239789677,-0.03295259645451568,0.0003131402487797979,0.0012711348158673745,-0.24016455106785675,-0.18924195720779985,2.154249888196059,1.2925880412997366,-0.8663179483706368,-0.10121045962504777
softplus_mlp,20260843,66,8013,2.262,3.5460034788051735,True,True,128,1.0335998723576267e-10,1.7881807906172307,5.087173335202779,1.1160747482096214,3.9710985869931577,0.7806100412410788,1.4346216425362626,0.31474158299068644,1.119880059545576,10.866263358804934,0.4681621609217342,0.36545208374462745,0.9085889319102044,0.5000000000000001,0.5,False,0.4693633506378747,9.166278847061449e-15,1.7763568394002505e-15,2.7755575615628914e-17,1.5543122344752192e-15,9.103828801926284e-15,1.2212453270876722e-15,2.220446049250313e-16,0.7720989359729077,0.21773778299649796,1.848274311507087,0.5212274388771506,1.2489843359596646,0.35222309944842756,0.7588408181011387,0.21399889273566935,0.36943218167721115,0.10418269014267617,0.07791503600545108,0.021972633831624035,0.01162771597931406,0.003279104504215552,0.2776044387607952,0.2079195180459811,-0.021735920404337816,0.10345348585837938,0.3577795611265658,0.5304372640754932,0.04199168080806034,-0.02471547683346093,0.030918242828307588,0.06640720119184494,-0.22448539821410296,-0.16120209594603085,2.0713210517362093,1.09163838188292,-0.7452128660242682,-0.02575748765790531
softplus_mlp,20260843,67,10222,2.296,3.5460034788051735,True,True,128,4.001887710103347e-11,1.8430921700128315,5.599762078724987,0.6139329616766557,4.985829117048331,0.8903644560169524,1.5791755739088635,0.17313377309023975,1.4060418008186237,10.60642919894397,0.527959219233041,0.47007612303156143,0.9846920970259919,0.9047619047619048,1.0,False,0.45462371970074295,1.0248746296070976e-14,4.440892098500626e-16,1.1102230246251565e-16,8.881784197001252e-16,1.5765166949677223e-14,4.440892098500626e-16,2.220446049250313e-16,1.098343556725962,0.3097412518884638,1.9565215934649889,0.551753997185654,1.3664367089680383,0.38534556357188327,0.8013640506435131,0.22599076832082884,0.30717576283261316,0.0866259056621445,0.06202996128810676,0.017492921724094803,0.007890444801759445,0.0022251655557930057,0.24204579381770358,0.2033645798633503,-0.0275181024440896,0.060378857720743966,0.3061831465621189,0.486581412232232,0.09134973812849286,-0.01593148494056688,0.03497941356036407,0.0878644906323887,-0.13043817681219244,-0.10506506277868595,2.0483962367794506,1.5804257121262006,-0.7219058795790171,-0.4545263348428468
softplus_mlp,20260843,68,13255,2.305,3.5460034788051735,True,True,128,6.905587213168474e-14,1.4941332094763136,3.399980967837104,0.2336777745807987,3.1663031932563053,0.9312708580455812,0.9588205392801048,0.06589891295299474,0.89292162632711,5.759924307532656,0.5902822305131182,0.5497126392990112,0.9927530686667793,0.7142857142857144,0.5,False,0.46831080322731256,6.659169743405968e-15,2.220446049250313e-16,1.1102230246251565e-16,8.881784197001252e-16,6.661338147750939e-15,8.604228440844963e-16,2.220446049250313e-16,1.0921470813030807,0.30799379860481124,1.3336209979633031,0.37609128302735534,0.7144998089623238,0.20149439029966057,0.214309264898067,0.06043684564299372,0.03627847839017867,0.010230807331977777,0.008673662964820887,0.0024460390455520588,0.00045167335532541805,0.0001273753277528113,0.14569304408077074,0.05641188257510109,0.036341335524590054,0.07969965004179466,0.13606153343156302,0.179897751321702,0.17062133439401359,0.04432123516611332,0.005092457905788377,0.010474904846852123,0.04669679702081443,0.04226987193108173,1.6111559228078969,1.5974863340503984,-0.6575292156891244,-0.5164284204567364
softplus_mlp,20260843,69,6618,2.306,3.5460034788051735,True,True,128,7.367439991412539e-13,1.5206794724861783,4.471597925957726,0.9405486825251527,3.531049243432573,0.7896616158028774,1.2610246867170112,0.26524189503673884,0.9957827916802723,6.538742542315381,0.6838620571187567,0.5400196170106771,0.9756720427397833,0.6190476190476191,0.5,False,0.548045756543316,1.7819079545233762e-14,1.1102230246251565e-15,4.440892098500626e-16,8.881784197001252e-16,1.6653345369377348e-14,7.771561172376096e-16,2.220446049250313e-16,1.1832607714147294,0.3336885534622852,1.6347100138684798,0.46100067967764535,1.0114109502732607,0.2852255944808198,0.44795441712675466,0.12632655884412528,0.17115245830638803,0.048266297348376515,0.022463935533397716,0.006335000985663709,0.0006453794347095781,0.00018200191809372924,-0.05627272577372475,0.08365919287508584,0.09891922939228315,-0.06904975205390446,-0.11476061875696773,-0.23355848557543862,0.04084926770236167,-0.11864526915025894,0.005583967364385841,0.012043659206646427,-0.10062416420320956,-0.08648631198550107,1.7269990715565746,2.50701829137294,-0.08001455479552584,-0.5743018522034077
softplus_mlp,20260843,70,15039,2.414,3.5460034788051735,True,True,256,1.4672707493446069e-12,1.515352025599369,5.390221640091094,0.9192489243813233,4.470972715709771,0.8294599024381142,1.5200835736087124,0.25923520094544983,1.2608483726632627,18.241808580902482,0.2954872383505968,0.24509481589399384,0.9943046060468039,0.9285714285714287,0.5,False,0.5795460046495107,7.796049049380027e-11,2.220446049250313e-16,4.440892098500626e-16,2.220446049250313e-16,2.4424906541753444e-15,8.881784197001252e-16,1.5543122344752192e-15,1.4309750492095812,0.40354586727358444,1.8847920834440015,0.5315257288126188,1.147502548752903,0.3236044622098211,0.6460325370597829,0.18218609793283783,0.23062465573569144,0.06503791017526031,0.04628057764528376,0.013051475533486507,0.004014188243848053,0.001132031671102769,0.48345827863014945,0.22560445884614055,0.10231349322230131,-0.028181178928190557,0.34904422770642585,0.4509591159428873,0.042577588729115795,0.01592371795883981,0.03218931840301231,-0.018029222088846168,0.09447559383478094,0.10282214305537957,3.4808744466877455,3.026846425503058,-3.069580921614162,-2.260593434689897
softplus_mlp,20260843,71,19348,2.446,3.5460034788051735,True,True,256,1.9077406321343915e-11,1.6967220903343667,2.7230037448395565,0.2805133927440781,2.4424903520954784,0.8969838387935796,0.7679078041280075,0.0791069141417191,0.6888008899862884,5.680394661463101,0.4793687599407383,0.42998603048936135,0.9888837368742993,0.5476190476190477,0.5,False,0.33898632376946036,5.3964721580257446e-11,2.220446049250313e-16,4.440892098500626e-16,2.220446049250313e-16,4.440892098500626e-16,1.6653345369377348e-16,2.220446049250313e-16,0.6901432681202626,0.19462566019613903,0.9337775049567579,0.2633323713690756,0.769476411212608,0.21699821103161557,0.2405146588288668,0.06782696640498172,0.07951601768381775,0.022424122863695183,0.00887743344697177,0.002503503874159487,0.0006984505888611959,0.0001969683879431892,0.08971326376116939,0.0654194634980821,0.03408230941247838,0.030475780635240632,0.27200341132517836,0.2268812836942877,0.03826014135641577,0.04476735308682933,0.05661353107121299,0.00393324957173007,0.06538583436979217,0.06773335849541468,0.028852057464622452,-0.1259585971087566,1.111811541573497,1.3834701984615394
softplus_mlp,20260843,72,11032,2.48,3.5460034788051735,True,True,128,1.2784440173163603e-11,2.2217040489198663,1.6513278503420512,0.44383280727844066,1.2074950430636107,0.7312267172224424,0.46568703618375085,0.12516423346205802,0.34052280272169283,5.203288161550789,0.3173623676167666,0.2320638422423502,0.9968842900601335,0.9285714285714287,1.0,False,0.27970478722126607,1.439137437692084e-14,4.440892098500626e-16,6.938893903907228e-18,4.440892098500626e-16,9.325873406851315e-15,6.661338147750939e-16,2.220446049250313e-16,0.600905935537568,0.169460052458844,0.5502221333005568,0.15516683403986797,0.4431951839670411,0.12498441882983595,0.046649837478142574,0.013155609619949172,0.009591264033432087,0.0027048095386144025,0.0007531547489325432,0.00021239537790479517,1.0341276372918394e-05,2.91631873311159e-06,0.01213473613118421,0.0026156424325353305,-0.023293356036824062,-0.011135294304049727,-0.025844545073352425,-0.03178044189714058,0.19146470065014823,0.03515431738036534,0.008897122159674514,0.0237539029420363,0.41941160439874725,0.4173234593050865,2.442489629442794,2.8593075942060935,-0.8035558427525048,-1.0735351311450694
softplus_mlp,20260843,73,19241,2.542,3.5460034788051735,True,True,128,2.9365697096217502e-08,1.8801764600373636,9.901996666456082,0.32611236223373197,9.57588430422235,0.967065999593954,2.792438508772293,0.09196617098176553,2.7004723377905275,18.046821714252093,0.5486836864264133,0.530613337674855,0.979893350727717,0.8571428571428572,0.5,False,0.5078083351402873,2.4499038908665227e-10,2.220446049250313e-16,6.245004513516506e-17,0.0,3.9968028886505635e-15,1.1102230246251565e-16,2.220446049250313e-16,0.9605939642546378,0.2708948172206278,2.7814510283324743,0.78439038341544,3.2971172458288693,0.9298121858977515,1.9387927033670493,0.5467543150917398,0.7632198689628098,0.21523381844508988,0.1447680664841685,0.040825697817123446,0.01605378922439913,0.004527290884048556,0.36591029307989964,0.28514937821831665,0.004625449081706874,0.019490268767423942,0.3805899847074999,0.3139050551031699,0.04936427294272422,0.059966339640159495,0.20684738303719705,0.028180865269376174,0.07492474636103574,0.08158228243584012,-0.34933054192362345,-0.3420512434634331,1.1472448727509235,1.4339535140665063
softplus_mlp,20260843,74,16647,2.589,3.5460034788051735,True,True,128,6.217248937900877e-15,1.518754883796469,1.5207875047004886,0.3727983827590823,1.1479891219414062,0.75486490939278,0.42887366405317745,0.10513198449672609,0.32374167955645133,3.4393547145209507,0.4421723349091404,0.3337803795271822,0.9203282127168291,0.7380952380952381,0.5,False,0.3206903734938845,8.1002912710737e-15,4.440892098500626e-16,2.220446049250313e-16,4.440892098500626e-16,8.881784197001252e-15,6.106226635438361e-16,2.220446049250313e-16,0.5844013940487278,0.16480564600169031,0.5520369196381487,0.15567861761493748,0.22499339264542356,0.06344985107607258,0.11515120647592299,0.03247351762743425,0.041669862115791295,0.011751218622558138,0.0023895119532688826,0.0006738605778452392,0.0001452178232004058,4.095253263804946e-05,0.005579140638008687,0.006670208856489447,-0.01914526908134844,-0.022421765870549632,0.20074664711942292,0.2145080389945483,0.09361913904659157,0.05428723054318942,0.03732899993168598,0.08443924526271167,0.22837875320148615,0.2438793146936038,-0.03432601072538662,0.2610091051169419,1.0065734836660092,0.6763835061995254
softplus_mlp,20260843,75,20365,2.593,3.5460034788051735,True,True,128,1.765254609153999e-13,2.687633632531629,3.646916434034719,0.5049351207159549,3.141981313318764,0.861544641932657,1.0284582222867835,0.14239555142401972,0.8860626708627639,7.6811179549161555,0.47478979693321577,0.40905260559210627,0.9865324681488136,0.7142857142857144,1.0,False,0.1811618111113137,8.548717289613705e-15,2.220446049250313e-16,1.1102230246251565e-16,1.3322676295501878e-15,6.217248937900877e-15,8.326672684688674e-16,2.220446049250313e-16,0.7680208220063278,0.2165877237844991,1.1362470134442044,0.3204303154905711,0.9080784290373014,0.2560850361442055,0.5533152145876863,0.1560391065307488,0.22886551611324735,0.0645418193978658,0.046500291500784885,0.01311343651486015,0.005889147345161632,0.0016607844240316373,0.5313255597546616,0.3698858514655151,-0.023292749932435713,0.1558298370671903,0.38031088046797734,0.5226841033852788,0.14758620821719523,0.046877310546745474,-0.011276132841191121,0.05261328244376906,-0.17108801498565862,-0.13455215364364798,1.963612568314012,1.7208260535576514,-0.12954468646293327,-0.04653065229087942
softplus_mlp,20260843,76,18638,2.624,3.5460034788051735,True,True,128,1.7146006836554761e-09,1.9223999384803194,4.782591666899285,0.8199268209109566,3.9626648459883285,0.8285601452062616,1.3487272912971817,0.23122561097634092,1.1175016803208409,10.040873668608878,0.47631230356490417,0.394653391405266,0.8540449394868714,0.9761904761904763,1.0,False,0.9263409182741751,2.4603583059779055e-14,2.220446049250313e-16,4.440892098500626e-16,2.220446049250313e-16,1.0880185641326534e-14,4.440892098500626e-16,2.220446049250313e-16,1.3921402848660216,0.39259416782498574,1.5336316596169595,0.4324958136063975,1.0749862152235534,0.30315430361218093,0.5710396615624594,0.1610375356300754,0.17410953796639173,0.04910021634413567,0.0318838172181099,0.008991479396081461,0.0048004904457843,0.0013537748833235286,-0.10518981954702605,-0.09517524548713238,-0.017543608754477562,0.07482040806338064,-0.17407809590465015,-0.10296123532785048,0.019518565940108805,0.0039008972831238212,0.22794986492246688,0.22082583154063626,0.18478044228432325,0.17140686742918665,0.5615260949596075,-0.2222854490574023,1.225436494579967,1.8718678640363662
softplus_mlp,20260843,77,8396,2.625,3.5460034788051735,True,True,128,5.562261762293019e-11,1.1329053572514813,7.226052521049289,0.6153762160142462,6.610676305035043,0.9148392273344718,2.0378018702576424,0.1735407818103995,1.864261088447243,11.8865645538003,0.607917661014933,0.5561469232858807,0.9598894561690066,0.880952380952381,0.5,False,1.5316152482139804,7.804087237550661e-15,6.661338147750939e-16,1.3877787807814457e-16,1.5543122344752192e-15,1.509903313490213e-14,8.881784197001252e-16,2.220446049250313e-16,1.5329204853339164,0.43229525703974614,2.902439691947113,0.8185101084348317,1.8812587423228977,0.5305292996939721,0.784644161977405,0.22127563231883546,0.11563310611338037,0.032609416997059174,0.008838935052594624,0.002492647033604407,0.00031739830197577293,8.950873959173902e-05,-0.07971863192221883,0.33374670515239085,-0.03124569628841354,-0.039331585765980885,-0.012242061737965368,-0.1951366846817554,0.008252966448936985,-0.006195818653750929,-0.002656637008719034,-0.007690584091616816,-0.26193298065295817,-0.29576653708094314,1.7120242319781813,1.9139351109178115,-0.19957583356536346,-0.5706552485446889
softplus_mlp,20260843,78,19315,2.698,3.5460034788051735,True,True,256,3.7737035718521383e-11,1.9658406939871134,5.655855979978317,0.7191824953674467,4.93667348461087,0.8728428556325786,1.5949944814730015,0.20281494354590293,1.3921795379270985,9.144676901704338,0.6184861467247911,0.5398412144764566,0.9545462684601475,0.7142857142857144,0.5,False,1.1571685246771712,5.67011437802023e-11,2.220446049250313e-16,4.5102810375396984e-17,2.220446049250313e-16,1.5543122344752192e-15,1.1102230246251565e-16,2.220446049250313e-16,1.6992282948910218,0.47919532652674585,1.4488137498291556,0.4085765167713072,1.4894021987876864,0.42002276864362825,0.7317601075194783,0.20636192600861322,0.2522101001863473,0.07112516998187761,0.03196509191315039,0.00901439947936008,0.002476436850161491,0.0006983740610981935,0.14699598506877318,0.09398078471725732,-0.026473538461285008,-0.00817126734681262,0.2600082907589174,0.22893992036623922,0.14628735718022765,0.14572102334576076,-0.010719458196376439,-0.05995078769751847,0.04881780395583278,0.06181339936892024,0.03462349374833534,-0.5506777675393075,1.3663007599326882,2.054185388772576
softplus_mlp,20260843,79,17995,2.83,3.5460034788051735,True,True,128,1.121347792398808e-09,3.710916792026837,7.455480765621057,1.2813360625573034,6.174144703063753,0.8281350186743368,2.1025023833685528,0.3613465328547985,1.741155850513754,13.54786574697672,0.5503066612012145,0.45572821715047973,0.8965744920213856,1.0,1.0,False,1.27924046537411,1.2954914918594795e-14,2.220446049250313e-16,2.220446049250313e-16,8.881784197001252e-16,4.884981308350689e-15,2.220446049250313e-16,2.220446049250313e-16,2.100538599341168,0.592367890188575,2.4674097326330178,0.6958283451725241,1.6679594021790793,0.47037726052685613,0.8722096254411068,0.24596976022567185,0.2781492464717866,0.07844020687918475,0.05819995578776351,0.016412830990051367,0.011014203767129277,0.003106089385687945,1.1057915317411282,1.0402514801400746,-0.01762864569983838,-0.0588359824127725,0.26782718675601497,0.31820655888860255,0.03987882384341818,0.06022156917947185,0.008699348015387114,0.016190874167982216,0.06754622246642292,0.09957057655262347,0.3697438961938672,-0.8048447780494503,1.869058428710436,3.0401564935603003
softplus_mlp,20260843,80,14381,2.868,3.5460034788051735,True,True,256,2.048761160722279e-11,2.8748779570358494,15.843138023968976,2.1387096892874076,13.704428334681568,0.8650071920062952,4.467885640458346,0.6031324284002243,3.8647532120581216,30.46691280714834,0.5200112700703879,0.44981348853521347,0.9911955550349603,0.9047619047619048,1.0,False,1.9489025193326655,2.2232751750728141e-10,8.881784197001252e-16,4.440892098500626e-16,4.440892098500626e-16,8.881784197001252e-16,4.440892098500626e-16,4.440892098500626e-16,1.991518033304764,0.5616232598778517,4.939398594460396,1.3929480396687957,3.5539355729112145,1.0022369109769498,3.2841909977059203,0.9261668854347906,1.407463084223145,0.3969153139966433,0.536952924075264,0.15142481593283444,0.12967881728827038,0.036570414570480256,-0.41041844142339895,-0.388912061084327,0.3750136146286551,0.13935479395079334,-0.35652806673023785,-0.43296557445228934,0.1341278943953398,0.08247635288609349,0.12067016861702415,-0.08393085081020844,1.1049026085592777,1.4137482603829774,3.770341756862652,5.5786994139872865,-1.863231577873462,-3.4335923778244775
softplus_mlp,20260843,81,15735,2.875,3.5460034788051735,True,True,128,2.767651680057881e-08,2.236609358287181,8.597331067075146,1.998904148801574,6.598426918273572,0.7674971298410622,2.424512868772486,0.5637062007268828,1.860806668045603,13.46322374819871,0.63857893383265,0.4901074988935245,0.611908320631959,1.0,1.0,False,1.714268207492252,5.4434678986581275e-11,4.440892098500626e-16,4.440892098500626e-16,4.440892098500626e-16,3.552713678800501e-15,4.440892098500626e-16,2.220446049250313e-16,2.7116457597988655,0.764704765803714,2.336711306629347,0.6589703931753339,2.185398769781611,0.6162991048497171,1.0775472327024953,0.30387653005506216,0.24663216011570568,0.0695521483805223,0.03939583804711727,0.01110992650813521,5.828670879282072e-16,1.6437295998496999e-16,-0.3516619688641449,-0.35599708478810943,7.850862816992179e-17,0.0,-0.25466611979586873,-0.20981122509075584,0.10886464866744992,0.12030814489959285,0.013781837199564027,0.011494886223271964,0.4727311077860711,0.5196581172607672,0.9337037251557059,-1.058578356745613,1.3138561281384031,3.209534876528024
softplus_mlp,20260843,82,19114,2.911,3.5460034788051735,True,True,128,1.067822397171625e-08,2.5963366310515763,3.782611706383362,0.35721252205973,3.4253991843236324,0.9055645808273384,1.0667253230270135,0.10073665302214897,0.9659886700048645,8.162262309837097,0.46342687392251375,0.41966296282776494,0.9847473596858727,0.9523809523809524,0.5,False,0.7110049972737249,3.173302176584514e-10,6.661338147750939e-16,5.551115123125783e-17,0.0,1.3322676295501878e-15,5.551115123125783e-16,2.220446049250313e-16,1.1841254398794396,0.33393239655772444,1.3966090747703843,0.3938544006282171,0.8401982915109365,0.23694232014516844,0.2598812549525658,0.07328849407675507,0.09491133216484389,0.026765718852826473,0.006222479355393776,0.001754786590759477,0.0006638337480442563,0.00018720617506780765,0.7056346329266684,0.44825622222302597,0.015790642190677967,0.03893842836366569,0.3203419434503432,0.29658551532040844,0.07404586868554965,0.08189939643649713,-0.0015102469754784671,-0.0029927394318363205,0.020951604727482837,0.02716461301380164,-0.24223288753056318,-0.3168280783003586,1.703315073576896,2.023313273426371
softplus_mlp,20260843,83,282,2.93,3.5460034788051735,True,True,128,1.1201464200638611e-09,3.0978918847479893,4.856393422477573,0.2555117316552046,4.600881690822368,0.9473865254671129,1.3695399487069695,0.07205625521306575,1.2974836934939038,11.496225632937444,0.42243372542755997,0.4002080193729444,0.9940246427281657,0.9761904761904763,1.0,False,0.6630728965754062,1.986952269383835e-14,2.220446049250313e-16,1.1102230246251565e-16,4.440892098500626e-16,2.6645352591003757e-15,1.6653345369377348e-16,2.220446049250313e-16,1.1554111444904613,0.3258347464678115,1.6795375322539459,0.47364238142819487,1.434336813331824,0.40449391037121146,0.5022580539162672,0.14164059818844374,0.07939685488905954,0.022390518047605616,0.005230161423924708,0.0014749453730617918,0.00022286217208524676,6.28488306391454e-05,0.870555950691112,0.7877717391985579,0.004665816643627729,0.001461186613705903,0.6120040647570238,0.6524830945693413,0.009573510037481633,0.013584145666366999,-0.01977191889115317,-0.007213451721684643,0.0264096898694915,0.0341580642393872,-0.061985086239505445,-0.23150797637223536,1.6564398578799109,1.8471550825545473
softplus_mlp,20260843,84,4634,3.0,3.5460034788051735,True,True,128,1.3323786518526504e-11,1.6759146128325149,18.25689447095311,1.3320034050660403,16.92489106588707,0.9270410744179264,5.148583350263597,0.37563510950498535,4.772948240758612,28.201915966078378,0.6473636221352029,0.600132667803299,0.9223633158367445,0.6428571428571429,0.2,False,1.8382323730406862,1.609823385706477e-14,6.661338147750939e-16,2.220446049250313e-16,4.440892098500626e-16,1.5987211554602254e-14,4.440892098500626e-16,2.220446049250313e-16,2.292052690155995,0.6463763230509584,5.2666180691054025,1.485226424786247,5.125987257293712,1.4455674643108118,3.4717149571167605,0.9790500708382146,1.5889967857273732,0.4481092010272889,0.4936027005237378,0.1391997225817887,0.017922011030124085,0.005054143668286222,-0.41187578955729254,-0.026845470954951524,0.0034298920083291966,0.017316506126356924,-0.040588322126439966,-0.19377825461747222,0.023380736622332525,-0.024628089952302618,0.07684500806100691,0.09982921418487149,0.19251867624572497,0.12579227070728782,1.9282987885946217,2.838401054816421,-0.09609437701576853,-1.160172617477712
softplus_mlp,20260843,85,9293,3.109,3.5460034788051735,True,True,128,1.251429082582689e-08,2.7054347177243248,3.6356541632947073,0.7520781931226891,2.8835759701720183,0.7931381370880612,1.0252821761245823,0.21209178096353756,0.8131903951610447,6.272707075641064,0.5795989067324888,0.4597019971440831,0.9592120470936657,0.8571428571428572,0.5,False,1.1490222622080557,1.8394917533637312e-10,2.220446049250313e-16,2.220446049250313e-16,0.0,4.440892098500626e-16,8.881784197001252e-16,2.220446049250313e-16,1.5200118845505577,0.4286549332610147,1.060598798028264,0.2990969423373586,0.758117814032742,0.21379500007941052,0.24227090383150535,0.06832224087753534,0.04562320257625761,0.01286609075511408,0.00875279456144912,0.0024683547587489607,0.00027876571277921515,7.861405507507998e-05,0.43913639533488635,0.2755740221788757,-0.007304962701708417,-0.016697893141374518,0.2665488466573076,0.24305786700474882,0.14317825058561554,0.15273440004929625,0.0012263361162707207,0.0009071197358929209,0.08867106860501658,0.11961433060068405,0.10535925486711215,-0.44995343862696335,1.6686195282598244,2.3801983099231645
softplus_mlp,20260843,86,1661,3.204,3.5460034788051735,True,True,128,3.4705061047191066e-10,2.8428741751361155,6.06327340630553,0.5788106539442319,5.484462752361298,0.9045382559621515,1.709889300037729,0.1632290146932575,1.5466602853444715,11.920726431533675,0.5086328791395184,0.46007789742186783,0.9406259945201035,0.9761904761904763,1.0,False,0.6542070026204394,1.9382932758826854e-14,4.440892098500626e-16,2.7755575615628914e-17,0.0,3.552713678800501e-15,3.3306690738754696e-16,2.220446049250313e-16,1.1674032832695131,0.3292166209782935,2.1956946705417617,0.6192026273142861,1.837299859394804,0.5181325597610194,0.665897648645612,0.187788210763399,0.1857007743172896,0.05236903331517923,0.010965752619134102,0.003092425792777004,0.00031141751741138807,8.782211277365138e-05,1.1132610826627682,0.9927605006407035,0.061393608337238184,0.06320794600123683,0.5739395536760941,0.5747860453399016,0.03553325978666062,0.04332487743174422,-0.009897646449465714,-0.0049512623621206925,-0.060314065670936126,-0.06774136835196974,-0.34972137666854763,0.21369044621544775,1.4786797594623036,1.0277969902211683
softplus_mlp,20260843,87,17862,3.205,3.5460034788051735,True,True,128,3.0154068131338363e-10,1.9857838159647148,3.0192175825439693,0.4312949058168608,2.5879226767271084,0.8571501079251614,0.8514423633789822,0.12162844971663302,0.729813913662349,5.629137057429833,0.5363553155201539,0.459737016584334,0.9682769139821337,0.880952380952381,1.0,False,0.39074239528805454,1.1102230246251565e-14,4.440892098500626e-16,4.440892098500626e-16,6.661338147750939e-16,2.220446049250313e-16,2.220446049250313e-16,2.220446049250313e-16,0.7768663652370374,0.21908223437468333,1.2106331491057787,0.34140777253656324,0.7143412801583084,0.20144968396900892,0.24328981775752873,0.06860958236834705,0.06348051739387862,0.017901989598517933,0.010360528926741327,0.0029217480999855954,0.0002459239646908578,6.935243187457952e-05,0.31761811355139796,0.22890129315433075,0.08895652984756426,0.18290721075650868,0.2787609822921702,0.25001510909106855,0.004192571856797543,0.004324451102256736,-0.0019970612574612663,-0.007114140678781949,-0.09475157040716242,-0.09097418793824476,0.1710822269426748,-0.1376329058546963,1.221922023138733,1.5553569863322727
softplus_mlp,20260843,88,18118,3.401,3.5460034788051735,True,True,128,6.486204906508419e-10,2.9750332870391505,4.715380859471553,1.0527838677126453,3.6625969917589076,0.7767340753402834,1.3297733314859583,0.29689307244204427,1.032880259043914,8.022486699358183,0.5877704801740331,0.456541360430292,0.9202031950873093,0.9523809523809524,1.0,False,1.3299733033262773,1.603318172671564e-14,2.220446049250313e-16,1.1102230246251565e-16,0.0,2.6645352591003757e-15,3.3306690738754696e-16,2.220446049250313e-16,1.8502680828654559,0.5217896975918659,1.5218603516918607,0.4291762150793636,0.843772683917596,0.23795032603913444,0.44551086411926577,0.1256374582772211,0.04897331515419292,0.013810848028466821,0.004804776421617677,0.0013549835611657796,0.00019078530155979272,5.380290873941214e-05,0.6987167480119455,0.5879718582243153,-0.051202414542698166,-0.11071854252966935,0.21132577235436437,0.21450238540709168,0.05179588631367914,0.05668719880098151,0.005670716466825884,0.01278782118420009,-0.008003407248447038,-0.009737148206753862,0.32257492840668694,-0.5582141805730513,1.7441550572767937,2.7817538947320335
softplus_mlp,20260843,89,11610,3.591,3.5460034788051735,True,True,128,6.814770969754136e-11,2.7916533717226963,3.2071889356276087,0.8676783500968106,2.339510585530798,0.7294582989925985,0.9044517172070772,0.24469190605226787,0.6597598111548092,6.723180442712499,0.4770344873167874,0.34797676567891006,0.9688485411964542,0.7619047619047621,0.5,False,0.5633073383012847,1.0008053413779194e-14,4.440892098500626e-16,1.1102230246251565e-16,8.881784197001252e-16,1.0658141036401503e-14,5.551115123125783e-16,2.220446049250313e-16,0.7155270753170383,0.20178408723900498,1.589706978200389,0.4483094807160316,0.6684892353812962,0.18851905796960577,0.19483723913145315,0.05494558600859117,0.03542227215535506,0.009989350649844991,0.003134812606281975,0.0008840410408560148,7.132283578941659e-05,2.0113583141054567e-05,0.6216483480618273,0.4991169233681741,-0.00847130424285799,-0.012692703706350577,0.41477044623699,0.6118921910648206,0.07463649985813436,0.03020492239860335,-0.004711507132304314,0.04731700226623847,0.025787185969549247,0.022000850697062604,2.519194598711051,1.8264869855033978,-0.8512008957396927,-0.2326727998692609
softplus_mlp,20260843,90,1571,3.866,3.5460034788051735,True,True,128,6.979478106572401e-10,2.906052612056003,4.3813189144008735,0.3639059001750813,4.0174130142257924,0.9169414718981159,1.235565317571871,0.1026242366512566,1.1329410809206144,10.531113287636563,0.4160356834775013,0.38148037196999873,0.9778083844526432,0.9761904761904763,1.0,False,0.5140164805529235,1.6474235170482743e-14,6.661338147750939e-16,2.7755575615628914e-17,4.440892098500626e-16,2.6645352591003757e-15,4.996003610813204e-16,2.220446049250313e-16,0.8592667024782065,0.24231975733078992,1.5207357896396427,0.42885908001197304,1.3446113223694038,0.3791906382512831,0.5094941559241007,0.14368123409054717,0.13595364199914411,0.03833996295033352,0.010366250344140855,0.0029233615832869302,0.0008910516462304264,0.0002512833536561184,0.7630004887732952,0.6619806373102399,-0.024080011407779853,-0.03240784020705644,0.546312758420214,0.5347191334719336,0.049036980310685735,0.05623264114465257,-0.004851769339619876,0.0016359884205343841,0.182143700450647,0.21257619990801255,-0.08546481471820526,0.23432516740538845,1.4799552795667665,1.2369906846022956
softplus_mlp,20260843,91,18148,4.473,3.5460034788051735,True,True,128,1.3808097998335711e-09,4.00382303081486,8.495250359061911,1.2111743338404592,7.284076025221452,0.8574292360261643,2.3957253313029425,0.3415603907553313,2.0541649405476115,15.986438049845436,0.5314035767426032,0.45564096282798144,0.9075566504459034,0.9523809523809524,0.5,False,1.3500584088712797,1.1471726346634625e-14,8.881784197001252e-16,4.440892098500626e-16,8.881784197001252e-16,4.440892098500626e-15,4.440892098500626e-16,2.220446049250313e-16,2.3369481751430774,0.6590371919010392,2.8305939739663883,0.7982490685316974,2.112227825915161,0.5956643411491735,0.9530531191823696,0.2687682414523465,0.2295474406565463,0.06473412731503929,0.03200764473984025,0.009026399700720326,0.0008721794585214164,0.0002459612529244606,1.0313788531730554,1.0136246653225882,0.0008225908429397464,-0.00037724607092314125,0.4410968996766182,0.5255854570308326,0.0321747757564784,0.048983583618866844,0.0001847528576616772,-0.011965185918525053,0.14062371934608564,0.1869029600145231,0.37027190349412437,-0.8097984668058207,1.9872695356678953,3.0508672636233127
softplus_mlp,20260843,92,9313,4.878,3.5460034788051735,True,True,128,1.4227903077923543e-08,3.146404092135043,8.882329318548628,0.703359068312484,8.178970250236144,0.9208136691302713,2.504884547248535,0.19835261654889322,2.306531930699642,16.20843466260815,0.5480066091168946,0.504611976448566,0.9773660822955521,0.6190476190476191,1.0,False,1.191903327583464,2.7815435892086793e-10,1.6653345369377348e-16,4.440892098500626e-16,0.0,1.3322676295501878e-15,6.661338147750939e-16,2.220446049250313e-16,1.8266303165188027,0.5151236673727929,2.2216102274074916,0.6265110118154942,2.7417924648788143,0.7732063663408085,1.40905583754177,0.3973644825685709,0.5829002051456861,0.1643822992926376,0.09436721686156477,0.02661227419138399,0.005973050193155923,0.0016844456664685912,0.7370488229396933,0.6153212053795319,-0.002941348195810557,-0.18537237834505466,0.4921438325330101,0.497460681227008,0.030118155289351425,0.046102262944897214,0.03022438990676834,-0.0120674207919073,0.06434286394921715,0.10212570435832478,-0.010813104602679618,-0.3677217145070819,1.8062804803154928,2.4505557518693264
softplus_mlp,20260843,93,6702,4.932,3.5460034788051735,True,True,128,3.161915174132446e-13,1.3878985169509928,2.9184853443941066,0.3375026224762542,2.5809827219178523,0.8843569240035634,0.8230351046856532,0.09517831115889817,0.727856793526755,5.090925224712191,0.5732720901551052,0.5069771422666622,0.9946412528289484,0.9285714285714287,1.0,False,0.3437016241413322,1.202564523655747e-14,8.881784197001252e-16,1.1796119636642288e-16,8.881784197001252e-16,1.354472090042691e-14,7.771561172376096e-16,2.220446049250313e-16,0.8195661239923525,0.2311238916969437,1.1781690280905397,0.3322526430480333,0.6311999189402926,0.17800318660515682,0.24921249930199824,0.07027982369209926,0.035154641415663414,0.009913876742024172,0.0049779520479746545,0.0014038204073200673,0.00020518060528105234,5.7862494074649916e-05,0.11729944179102156,0.05199792172959832,0.03216572411124695,0.025539894131489153,0.023044474605252878,0.04163694261393448,0.03781271512921545,-0.07919969551750146,0.0016098240379473839,-1.8633332649153255e-05,-0.25807275108965116,-0.21047635823027613,1.669559686488224,1.9408734480964158,-0.23552059812226522,-0.3824550025400317
softplus_mlp,20260843,94,9850,5.0,3.5460034788051735,True,True,128,7.497974741088598e-09,1.1112614069961702,26.212358927960558,0.6673019429057736,25.545056985054785,0.9745424688888276,7.392084944257533,0.18818423244486526,7.2039007118126674,44.10253222445865,0.5943504285548382,0.5792197340289648,0.9184204489587235,0.7142857142857144,0.5,False,0.5916888736653416,1.149080830487037e-14,2.220446049250313e-16,5.551115123125783e-16,0.0,1.1324274851176597e-14,2.7755575615628914e-16,2.220446049250313e-16,2.502122097199401,0.7056174964730975,5.114485951389243,1.4423240084108913,7.766339568912562,2.190166934503243,6.788504929795014,1.914410115604963,3.087301196176565,0.8706424611903741,0.8129582426319536,0.22926041880418008,0.1406469418558141,0.039663509270781966,-0.79600380634388,-0.88765620092706,-0.03751270710076054,0.01567631656614533,-0.3070954641999004,0.08564873387808225,0.2559523524706324,0.4193883818733298,0.17349588687534367,0.2314285786335258,0.5990745187292736,0.3934777900861737,0.2813426426101873,-0.03275665767141112,0.9420079839552742,0.8860544645573729
softplus_mlp,20260843,95,10805,5.00001,3.5460034788051735,True,True,128,6.798526186457821e-10,1.8862902380078042,4.284585255721564,0.6502097425316713,3.6343755131898927,0.8482444148676019,1.2082856887566438,0.18336410170436707,1.0249215870522768,9.95671742324053,0.43032106602931947,0.3650174408592428,0.9954328886870089,0.8333333333333335,1.0,False,0.3422236344925597,1.4067740028433917e-14,1.3877787807814457e-16,2.0816681711721685e-17,0.0,9.547918011776346e-15,2.220446049250313e-16,2.220446049250313e-16,0.8745604015382722,0.24663269699694584,1.6594108903434717,0.4679665150533384,1.0718602067434992,0.3022727454020047,0.4472822791879518,0.1261370108239893,0.1916128841129036,0.05403629332520215,0.03663204968564144,0.010330517131355047,0.003226544109818226,0.0009099100238066914,-0.106162587856065,-0.045697971755136076,-0.02079274039074192,-0.010329465730203765,-0.1832061989995912,-0.20672615082446874,0.11738316103485885,0.04280383644680905,0.009305178215405246,-0.17822989165926287,0.39210370132726785,0.3026525419404062,2.45714094535879,3.0364227971289894,-0.7794812206821196,-1.0546054575393387
softplus_mlp,20260843,96,14807,5.00001,3.5460034788051735,True,True,256,2.0862866989546092e-11,2.847719567625763,15.687298499714393,2.5101188479571457,13.177179651757246,0.8399903687685393,4.423937707190358,0.7078726411184827,3.716065066071875,32.243996302584,0.4865184312918814,0.4086707965135587,0.9840945813832089,0.9761904761904763,1.0,False,0.8065651621769289,5.7446714052389325e-11,8.881784197001252e-16,1.942890293094024e-16,0.0,5.773159728050814e-15,2.220446049250313e-16,6.661338147750939e-16,1.9531671787618938,0.5508080266802259,3.8804314723670594,1.0943112423777348,4.451061601676629,1.2552332867920408,3.657979136417243,1.0315779886515508,1.436607211466551,0.4051341799446333,0.28436712028061073,0.08019369467071935,0.023684778744402654,0.006679288073451988,0.2853002161875007,0.1491528524772411,0.3882529148836084,-0.7138972587747267,0.3300798048377153,0.352229882525892,0.07465078884791208,0.016286915020442695,0.06702730418007548,-0.017788156185287517,0.6178758121505734,0.8864845513488062,4.208723425134686,6.4280834562054245,-3.124190698596308,-4.252832674992024
softplus_mlp,20260843,97,15672,5.00001,3.5460034788051735,True,True,256,5.3526405530135435e-11,4.2006350586904295,36.405959727527616,2.3449329166522075,34.06102681087541,0.9355893119093045,10.266758040461543,0.6612889498468099,9.605469090614733,54.114661383528315,0.6727559370557022,0.6294232642328438,0.8456167072360482,0.9047619047619048,0.5,False,1.6916295741438194,3.0246065374495146e-10,4.440892098500626e-16,8.881784197001252e-16,0.0,3.552713678800501e-15,1.3322676295501878e-15,2.220446049250313e-16,3.7312087983852082,1.0522293113041277,7.9699873954696665,2.247597173298644,10.539814785961125,2.972308078364468,8.928470662828897,2.5178967579121907,3.3368471101373647,0.9410163103567275,1.374191576369495,0.38753249526775113,0.5254393983758594,0.14817791395763275,0.896736983317625,0.9911811952864732,0.06228784606185184,-0.30844030343099754,0.6644121912374245,0.749320556860523,0.019986751848805363,0.012723024333002262,-0.07531812207655061,0.015003803760957703,0.2650029924137314,0.37894317355079654,0.3470889149597608,-1.619852124683793,2.0204375009277817,3.981755733013471
softplus_mlp,20260843,98,15698,5.00001,3.5460034788051735,True,True,256,5.732070373909437e-11,4.493047847287036,37.5659506772611,4.157134427250223,33.40881625001088,0.8893377020332788,10.593884326903975,1.172343584008826,9.42154074289515,51.23995444592302,0.7331378625035075,0.6520071419124593,0.6441392679986444,0.9523809523809524,1.0,False,3.451746566937795,2.8012414610145697e-10,4.440892098500626e-16,8.881784197001252e-16,0.0,3.552713678800501e-15,8.881784197001252e-16,2.220446049250313e-16,4.035469107412856,1.1380330367788043,7.451418806814155,2.1013568800346785,10.948100836046311,3.087447855447473,11.15675267539039,3.146289263977163,3.1581536393531513,0.8906233900304271,0.7172438070412971,0.20226821866598182,0.09881180520294183,0.027865681969448178,1.3036209185842123,1.4333687833442201,-0.02419629537177903,-0.21217135076758026,0.5899277675526309,0.9765692878643804,0.026418174658767193,0.09264069836389183,0.035333801015814764,-0.2694191815419394,-0.0007981048064055925,-0.013432172008315991,0.7620956130702348,-2.8896767090245246,1.8006459725835597,5.3751684910568995
softplus_mlp,20260843,99,17110,5.00001,3.5460034788051735,True,True,128,5.786280010688927e-09,4.3733770500896405,18.557574228606857,2.4493608418526938,16.108213386754162,0.8680128764848501,5.233377332968617,0.690738420447914,4.542638912520703,29.279222683065043,0.6338137603407233,0.5501585052690307,0.7498449541481147,0.9761904761904763,1.0,False,1.5325934141680149,1.824929096727601e-14,4.440892098500626e-16,2.220446049250313e-16,0.0,2.6645352591003757e-14,4.440892098500626e-16,4.440892098500626e-16,2.905176676139844,0.8192819588317899,4.427213823628659,1.2485080316730002,6.02306569013891,1.6985504177137423,4.0885889802254916,1.153013245661886,0.8758245657309558,0.2469892009316542,0.22613787856084497,0.06377260482469752,0.011566614182142484,0.003261873331844518,1.5179571018947065,1.456153182439262,-0.08806735485732847,0.04656329233204793,0.5771521291823818,0.8521505319496832,0.011072907176211948,-0.0008558676620627076,0.09868374999381713,-0.08234816652341441,0.017882061364786764,0.012322749884720543,0.5922685610538722,-1.596768358507819,1.6464278942811927,3.686159686177196
softplus_mlp,20260844,0,18834,0.557,3.595554641233853,True,True,64,3.3159972816221295e-08,0.03864064047332483,13.251949545630085,0.32672329273027,12.925226252899815,0.975345265871616,3.685648215064404,0.09086867683316625,3.594779538231238,27.7203080492349,0.47805924530466565,0.46627282171406315,0.9417815575625904,0.7857142857142858,0.5,False,0.43749117138693067,2.773711815784452e-11,1.1102230246251565e-16,1.6653345369377348e-16,3.885780586188048e-16,6.661338147750939e-16,1.5265566588595902e-16,2.220446049250313e-16,0.9910375002161371,0.2756285466645146,3.1981257084723795,0.8894665851538578,3.81620377873555,1.0613672046507903,3.1445736181310893,0.874572613100936,1.633224053691471,0.45423424663378575,0.42386582118813065,0.1178860741892874,0.0449190651950224,0.012492944671147577,-0.4084200869996082,-0.3182920808346943,0.16513168690118324,0.17605359057917286,-0.12903778588130094,-0.09669839452346911,-0.00015445996448797844,-0.02373906663241266,-0.0028714682527566687,-0.00028701979552086024,0.23678043914978966,0.16328738019871403,-0.2525123079174384,-0.061762764845139366,0.4297246234379445,0.20007899632667492
softplus_mlp,20260844,1,12797,0.598,3.595554641233853,True,True,64,2.359723527689539e-12,0.09860346467484149,4.076224477243498,0.4980803249769761,3.578144152266522,0.8778084161562669,1.1336844754067479,0.1385267016290022,0.9951577737777456,8.093572002947177,0.5036372661859547,0.4420970309479651,0.6885167031494399,0.9047619047619048,0.5,False,0.38746251062451,9.989405136412444e-15,1.6653345369377348e-16,4.163336342344337e-17,4.440892098500626e-16,8.326672684688674e-16,8.326672684688674e-17,2.220446049250313e-16,1.2296748656751768,0.34199865900332993,1.3065028812226747,0.36336615949030165,0.8922480795691194,0.24815311366341383,0.44770192858554264,0.12451540117101625,0.16593105374704753,0.04614894510130613,0.030301369175488535,0.00842745339703426,0.003864299268446174,0.001074743580345117,0.024636522371024636,-0.08693440752707977,-0.21091155153249574,-0.13558180026153802,-0.1526831934848253,-0.14238966971201317,-0.003451186652210956,-0.0029238188171446656,0.036639623808937205,0.0355574398644478,-0.11521815714414156,-0.09560693885286745,0.32286922643885296,0.7151876902457188,0.1967221808697007,-0.1887050302646812
softplus_mlp,20260844,2,19817,0.656,3.595554641233853,True,True,32,7.978340210712531e-14,0.050374929927000656,0.35396326984240367,0.033512676043406665,0.320450593798997,0.9053216000114146,0.09844469217159148,0.009320585942175094,0.08912410622941637,1.7019267091741135,0.20797797457104947,0.1882869527057958,0.9863359939243623,0.9523809523809524,0.5,True,0.021533864686792775,4.255276686571108e-15,1.1102230246251565e-16,2.7755575615628914e-17,3.3306690738754696e-16,5.967448757360216e-16,1.0061396160665481e-16,2.220446049250313e-16,0.0969919557640717,0.026975519896643225,0.11619036375007254,0.032315004316051936,0.0879884032752864,0.024471441002796787,0.037303662849813006,0.010374939772021335,0.014350776282478583,0.003991255234423016,0.0011009200989145458,0.00030618922774505616,3.7187821765643104e-05,1.0342721909764025e-05,-0.013845073731335525,0.017746939841056866,0.077841479670797,0.07648422405994822,-0.09550308059917968,-0.09477511084475751,-0.00889130358744774,-0.00954133983817581,-0.015296107729334714,-0.014103415012742407,-0.06513058837537254,-0.07687339592885736,0.17677415255075551,0.16001318473265017,-0.005574548271881336,-0.008576157082120896
softplus_mlp,20260844,3,2319,0.682,3.595554641233853,True,True,32,4.088743232877334e-15,0.03490903880719154,0.7039491707558936,0.11667031982170385,0.5872788509341897,0.8342631475843285,0.19578319369228828,0.03244849027844761,0.16333470341384068,1.6246220471849984,0.43330026942305416,0.36148644661801477,0.8979956591512394,0.9047619047619048,0.5,False,0.15278120230928205,1.026045567953382e-14,8.326672684688674e-17,2.7755575615628914e-17,1.6653345369377348e-16,2.220446049250313e-16,3.859759734048396e-17,2.220446049250313e-16,0.27445795204986867,0.07633257715023502,0.2271017999791771,0.06316182693339481,0.15436906878327292,0.04293331187710709,0.037949983266077916,0.010554695186903062,0.009135310233686538,0.002540723517012568,0.0009122633643009253,0.00025371978883009615,2.2793079508031137e-05,6.339238805229073e-06,-0.0770111089467069,-0.031085940473052007,0.016792338475453007,0.015895959174629402,-0.08678087236216658,-0.08543417508370314,-0.04218122779575363,-0.038218734750318895,-0.005114301474140056,-0.0044575381218162555,-0.018539509656522197,-0.025327205350007452,0.21027210145464872,0.27505129912647547,0.03747161911237935,-0.07151462571501584
softplus_mlp,20260844,4,2961,0.699,3.595554641233853,True,True,32,1.6905053745741583e-11,0.14696199828029588,2.28472070103584,0.3803154094531571,1.904405291582683,0.8335396491655497,0.6354292811558591,0.10577378107168685,0.5296555000841723,7.084762525884265,0.3224837378371661,0.26880298169838657,0.710767481013108,0.19047619047619052,0.5,False,0.07934048587763506,6.572867250476122e-15,6.938893903907228e-17,2.7755575615628914e-17,2.7755575615628914e-16,3.3306690738754696e-16,2.7755575615628914e-17,2.220446049250313e-16,0.35275198098183314,0.09810780705053686,0.583890399198129,0.16239230312399336,0.6354998299757767,0.17674598035247718,0.4724033114064962,0.13138537959873306,0.19329545158613237,0.0537595644826026,0.044254622089882116,0.012308148952144882,0.002625105797589795,0.0007300975953709779,-0.0017726297574694719,0.19732873663780465,0.11123734763784139,0.17994350836142842,-0.04280217897045424,-0.06909057940430254,-0.035311352990122405,-0.07930654904551693,-0.10333041598244071,-0.3219075917125153,0.05739102351779444,0.12631335174317695,0.20604586273232348,0.11459122549848383,-0.04449565790717634,-0.000910103798262848
softplus_mlp,20260844,5,9528,0.7,3.595554641233853,True,True,128,1.1284506662434524e-10,0.08205114503419342,15.65445790922874,0.5255686322921522,15.128889276936587,0.9664269031007253,4.353836743211541,0.14617178286346325,4.207664960348078,25.425516370807962,0.6156987209590064,0.5950278081394902,0.7725771613558597,0.4047619047619048,0.5,False,0.5885780758060951,4.902481753887855e-10,2.3245294578089215e-16,1.1102230246251565e-16,0.0,5.88418203051333e-15,2.220446049250313e-16,2.220446049250313e-16,1.9293270845864599,0.536586779258176,3.8517762143553074,1.0712606534143865,4.384998817270845,1.2195611678330902,3.3070425194236273,0.9197586601795544,1.716582915262041,0.4774181139055023,0.4160828199335983,0.11572145647905244,0.04864753839685362,0.013529912141777298,-0.04304819189911777,-0.11244990684839858,-0.3894133244054152,-0.22370165057979566,-0.25106307184048704,-0.22074420112362417,0.007887861523783186,0.008593551920779373,0.30935519519565646,0.25826474156549467,-0.11260140991484109,-0.05539699483605914,0.5791829030323312,0.1741064393196188,-0.018248816657716233,0.2533791656161722
softplus_mlp,20260844,6,2903,0.725,3.595554641233853,True,True,32,9.096584402401575e-09,-0.11566197222446362,8.98776414993451,0.44851759959876375,8.539246550335745,0.9500968659038486,2.4996878219740424,0.12474225657848718,2.374945565395555,22.012519959634425,0.40830237366807026,0.38792680556313563,0.9154712470244388,0.7380952380952381,1.0,False,0.2333497313635342,4.829470157119431e-15,3.3306690738754696e-16,1.1102230246251565e-16,3.191891195797325e-16,4.440892098500626e-16,8.326672684688674e-17,2.220446049250313e-16,0.8344962865401495,0.23209111522604567,1.7152320452654375,0.4770424083102899,2.8748745475585933,0.7995635818155858,2.148700783433551,0.5975992573697062,1.0593214661951997,0.29461976576489524,0.32511982599816447,0.09042271872875672,0.030019194943412444,0.008348974758762402,0.5267777390874144,0.598717707419574,-0.336884260757232,-0.662575431997494,-0.27880770453052184,-0.24994178608361772,-0.1333578637798104,-0.11822507291331322,0.047842126714409766,0.19011882920016435,-0.1125412852187219,-0.008728995820658317,0.24950550054643097,0.1266790721879289,-0.07819622428643234,0.00829370578295199
softplus_mlp,20260844,7,2561,0.741,3.595554641233853,True,True,128,3.8392011791898994e-10,0.01432403934338744,23.847986069377193,0.517128018748692,23.3308580506285,0.9783156524310148,6.632630692324426,0.1438242692290817,6.488806423095344,45.497446314168606,0.5241609804801409,0.5127948915973095,0.8390254821010472,0.8095238095238096,0.5,False,1.5465969499144987,2.8551062902781865e-10,7.355227538141662e-16,3.608224830031759e-16,6.661338147750939e-16,4.773959005888173e-15,2.7755575615628914e-16,4.440892098500626e-16,2.4434090429952002,0.6795638745060812,4.934201054905963,1.3723059575622911,6.638532535589658,1.8463166876839825,5.751218305973119,1.599535782329128,2.9583364782764043,0.8227761148030335,0.9623798542683144,0.26765824755706213,0.15990879727863308,0.04447402785784356,-0.14536197714110277,-0.30538959217897005,-0.635682516000653,-0.17354665797232857,-0.18434146337970936,-0.13648281383739289,-0.009806754089544928,-0.002673242911496022,0.11756787710710637,0.04299574034217288,0.22638875250356158,0.15810032368120994,0.5526628046226058,0.44454161133983866,0.09289731572112432,-0.013221329119651265
softplus_mlp,20260844,8,9579,0.797,3.595554641233853,True,True,64,6.619704784327496e-15,0.39969796492234577,4.758249742173923,0.46977575744313016,4.2884739847307936,0.9012713113228686,1.3233701659283028,0.13065460111653918,1.1927155648117638,8.902495968263551,0.5344849084050783,0.4817159142805283,0.23686655457940875,0.0,0.5,False,0.5954480004487419,4.397524011601206e-15,1.6653345369377348e-16,2.7755575615628914e-17,5.551115123125783e-17,1.1102230246251565e-16,2.220446049250313e-16,2.220446049250313e-16,1.113604209914992,0.3097169480180245,1.5287815227864936,0.425186563779177,1.4148290211032652,0.3934939563643376,0.5502262512831859,0.15302958964193905,0.12666706133087854,0.03522879610234803,0.02335313993283652,0.006495003487090002,0.0007885358222699096,0.00021930853538616092,-0.1105420672498461,-0.08366667250557243,0.1646905844949022,0.18507979496058055,-0.0295194843256349,-0.028796747397556124,-0.006117685806936172,-0.011152530172909092,-0.0495233217516981,-0.013848860888019296,-0.04613774729752217,-0.060313948716149264,0.030172625681138487,0.4162865801225592,0.4466750611779426,-0.003889650480587676
softplus_mlp,20260844,9,12279,0.819,3.595554641233853,True,True,64,6.645795025406187e-13,0.25808834864291574,3.7714201954947226,0.340865043884659,3.4305551516100636,0.9096189164252101,1.0489119403843963,0.09480179774647716,0.9541101426379192,13.631017401021253,0.2766792884595806,0.2516727145659019,0.9934220742612153,0.9523809523809524,1.0,False,0.29998754739807354,1.0123846205800646e-14,4.440892098500626e-16,8.326672684688674e-17,1.1102230246251565e-16,6.106226635438361e-16,7.216449660063518e-16,2.220446049250313e-16,0.8646783452982174,0.24048538586566823,1.3428632452417086,0.37347874785206736,0.9218775409738635,0.25639369525963074,0.4568679198902356,0.12706465774455775,0.14835688285282053,0.04126119546382705,0.03266355131705494,0.009084426347598514,0.004112709920819749,0.0011438318510460543,-0.36272193247698215,-0.2971311758578304,0.03172507509272836,0.036603814665085485,-0.14082533534494507,-0.07802440323415437,0.012260611133505829,-0.021234022108433122,0.0073990829950835455,0.0030458718775989457,0.047247101743860646,0.02484861960263102,1.1044618642825104,0.8238431468985055,-0.44145811878284597,-0.23386350320048668
softplus_mlp,20260844,10,5210,0.904,3.595554641233853,True,True,64,4.952926957457748e-12,0.3952684879400219,6.245961327519073,0.3549156787845101,5.891045648734562,0.9431767729299271,1.737134309096664,0.09870957729701389,1.6384247317996499,17.056055606826945,0.366201979607702,0.34539320136694335,0.9763840555477442,0.6190476190476191,0.5,False,0.2585075952555327,6.269290642180181e-15,6.661338147750939e-16,1.1102230246251565e-16,8.881784197001252e-16,2.4424906541753444e-15,1.0269562977782698e-15,2.220446049250313e-16,1.0035314153192927,0.2791033694247851,1.655640750087674,0.4604688053133085,1.6121966810551218,0.44838608835656,1.154950655499102,0.321216271407509,0.6171545933024294,0.17164378096911528,0.1826398591279974,0.050796018236931195,0.019847373127454028,0.005519975388454447,-0.548118342583411,-0.4976510568992407,-0.15310898834039122,-0.13686276466429603,-0.09617326096509311,-0.05702539345039783,0.014223066443365536,-0.025586673087009557,0.04101612776821364,0.044481728099561656,-0.1582933174837189,-0.10306665613287637,1.3091253218343721,1.4994873620617335,-0.013402118733316308,-0.3285080579874505
softplus_mlp,20260844,11,7482,0.932,3.595554641233853,True,True,64,9.990563931694396e-12,0.8429006328904274,5.45210923970381,0.9091639385887046,4.542945301115105,0.8332454654488735,1.5163472075153501,0.2528577728071225,1.2634894347082275,10.505113941147597,0.5189957262955885,0.43245083552314384,0.9490459736574925,0.8333333333333335,0.5,False,0.7625700621920516,5.974387651264124e-15,6.661338147750939e-16,5.551115123125783e-17,1.1102230246251565e-16,1.5543122344752192e-15,2.220446049250313e-16,2.220446049250313e-16,1.2537873946659153,0.3487048646924928,2.0844650271877296,0.5797339312502905,1.3056248325249187,0.36312195552586,0.5624136239712757,0.15641915645544952,0.21877584900764144,0.06084620339202137,0.026289730490132644,0.00731173160008244,0.0007527818561936259,0.00020936459915271951,-0.2837882951193361,-0.0990383020332636,-0.0442369807521729,-0.06624921592734663,0.0042644587051245,0.0038344353334762147,0.09290067875573163,-0.19581973951788761,0.016719873724014206,0.02334165044252652,-0.2986374144454832,-0.3294405234414542,1.4236247587575974,2.141416927541718,-0.06794644673504824,-0.6351445995073399
softplus_mlp,20260844,12,13055,0.961,3.595554641233853,True,True,64,3.996108999260173e-14,0.47905215432947124,2.198388554114423,0.5010586275861028,1.6973299265283202,0.7720791319403753,0.6114184801708429,0.13935503074823502,0.4720634494226079,5.248982438431228,0.41882185354985846,0.3233636131264337,0.29730258019510497,0.4285714285714286,0.5,False,0.4080523447072192,8.055622141567298e-15,1.6653345369377348e-16,4.5102810375396984e-17,5.551115123125783e-17,1.1657341758564144e-15,5.551115123125783e-17,2.220446049250313e-16,0.8053523760536766,0.22398557563773008,0.7041644527559019,0.19584306818217628,0.4138071764097464,0.11508855175337956,0.19003036712312874,0.052851475247756984,0.07372001130905523,0.020503098593923026,0.010348473510343658,0.0028781299529333448,0.0009656969525687813,0.0002685808029432121,-0.13361139535083408,-0.15767822263254377,0.08450119843234767,0.06564488817510038,-0.049578987361782616,-0.042807760697775615,-0.02656686431185149,-0.03346478006796745,-0.0044606637041708615,-0.005213339507627728,0.07218864734815651,0.0573193046627463,0.08152950864138506,0.5758169095634815,0.45505071063622093,0.01943515483405881
softplus_mlp,20260844,13,12827,0.962,3.595554641233853,True,True,64,1.322214560062207e-11,0.7624278699531204,2.201934488287124,0.5400678550083857,1.6618666332787384,0.7547302801780891,0.6124046796661966,0.15020432419935514,0.46220035546684146,4.982888933675107,0.44189917086173086,0.3335146850349394,0.42781233273872926,0.6904761904761906,0.5,False,0.37659372411869374,6.3417153473022125e-15,1.3877787807814457e-16,2.0816681711721685e-17,4.440892098500626e-16,1.1102230246251565e-15,2.220446049250313e-16,2.220446049250313e-16,0.6879632553816638,0.19133717159853308,0.7267481336432481,0.2021240687900815,0.5071649116133816,0.14105331783786842,0.20229889006812402,0.05626361166874187,0.06735094713542505,0.018731726772566265,0.009328163731355168,0.0025943601647377855,0.0010801867139241502,0.00030042283366703965,-0.00820294723050332,-0.010472762180800801,0.23934995825795244,0.11556505417950268,0.1253315968469593,0.10510607015030746,-0.01401264438643703,-0.02505991187231722,-0.0035507666738008314,-0.0031620901758605186,-0.1274789515980708,-0.11384355985494349,0.12644259772720554,0.6524863844945239,0.4245490270098156,0.04180868521270956
softplus_mlp,20260844,14,2997,1.002,3.595554641233853,True,True,32,1.572575403230303e-12,0.295006390027601,0.6643104235908295,0.1252064218638302,0.5391040017269992,0.8115242250948798,0.1847588174498898,0.034822561289421614,0.14993625616046818,2.7118067800074623,0.24496967427340138,0.19879882508646715,0.9456576941848912,0.880952380952381,1.0,False,0.05161112404270882,6.820065345802817e-15,1.1102230246251565e-16,1.6653345369377348e-16,2.220446049250313e-16,6.661338147750939e-16,8.326672684688674e-17,2.220446049250313e-16,0.1649175704567808,0.045867073904399785,0.2529116253604959,0.07034008674492194,0.15493131158487555,0.04308968352423904,0.06792343043886835,0.018890946520439947,0.01947000294302976,0.005415020736925421,0.00390103333566,0.0010849601034908258,0.00025544947111805,7.104591547255412e-05,-0.10328167380165736,-0.12696990742906972,0.20470770853913353,0.26571068840869083,-0.019242287664689186,-0.011110236810627169,-0.007025916718455193,0.015919022947420907,0.001414610215982305,-0.005349190679953019,0.020622574130216807,0.008101781586529778,0.2532550846498398,0.1710214898530445,-0.05544370932276949,-0.022317257848434448
softplus_mlp,20260844,15,5030,1.01,3.595554641233853,True,True,64,7.87636622590071e-12,0.6968399045303271,5.497099688240642,0.30420848463092687,5.192891203609715,0.9446601841182384,1.528860005407748,0.084606831208254,1.444253174199494,15.478947081454969,0.35513395448109075,0.3354809068267453,0.9880290050938311,0.8333333333333335,0.5,False,0.31955282128558826,1.789020320774881e-14,4.440892098500626e-16,1.1102230246251565e-16,6.661338147750939e-16,2.9976021664879227e-15,5.828670879282072e-16,2.220446049250313e-16,0.9579170464846225,0.2664170460655002,1.3878890644386304,0.38600138307517456,1.5729478218420727,0.4374701482223335,1.0100827286956324,0.2809254286145438,0.43619049115953734,0.12131382628907954,0.11944108193218801,0.03321909798350346,0.012631453687955988,0.003513075157612226,-0.6162645827833414,-0.4522889217370306,-0.23558635998244257,-0.1781791394323969,-0.03882115460172924,-0.011686188553318218,0.029101037189714133,-0.0465214100766911,0.047647457243247496,0.017768404198454747,0.051915857913261594,0.03998848583861354,1.622394455170133,1.6780850921562933,-0.16354680561851542,-0.35032641786359464
softplus_mlp,20260844,16,9116,1.026,3.595554641233853,True,True,32,2.8268922314111933e-08,0.29880419599293284,6.623004241293379,0.25268414049185,6.370320100801529,0.961847504352118,1.8419979397172015,0.07027681837846823,1.7717211213387334,17.579064149290325,0.37675522343211615,0.3623810714098055,0.985598672056292,0.9047619047619048,0.5,False,0.2291622336961131,4.454769886308441e-15,3.3306690738754696e-16,8.326672684688674e-17,2.220446049250313e-16,2.220446049250313e-16,6.106226635438361e-16,2.220446049250313e-16,0.8398200399493714,0.23357176395494247,1.63202127308243,0.45389972783792387,1.832058042193673,0.5095341956936532,1.3878846775163685,0.386000162979056,0.7371572068371803,0.2050190528002147,0.18137644075309622,0.05044463479238212,0.012686560961258246,0.0035284016590288046,-0.21565958738386293,-0.10410910547744415,0.1408327906306893,0.20368250834290186,-0.05915972610934173,-0.051101436092042825,-0.03796661718243429,-0.09473827359706999,-0.022155941685867906,-0.021588377149924197,-0.10292490443005617,-0.12046615048926522,0.8989746021417823,0.7206033641237776,-0.30313641998797597,-0.23347833366799997
softplus_mlp,20260844,17,20015,1.034,3.595554641233853,True,True,32,1.1579279202145187e-15,0.1702415844405698,0.2273671147015927,0.02377982049604692,0.20358729420554578,0.8954122256103013,0.06323561658447478,0.0066136724007305366,0.05662194418374424,1.0526443804826249,0.2159961321385173,0.1934055774013665,0.9927416942420283,0.9285714285714287,1.0,True,0.012873541010126622,3.344546861683284e-15,2.7755575615628914e-17,0.0,1.942890293094024e-16,3.0531133177191805e-16,2.6020852139652106e-17,2.220446049250313e-16,0.055177916224793955,0.015346148711526482,0.07827062663707601,0.021768721225779122,0.05609302488042215,0.015600659836217431,0.03095991150469483,0.008610607985106466,0.006034217260329137,0.0016782437933576865,0.0008039098300349364,0.00022358437299650275,2.7508364240564232e-05,7.650659490777323e-06,-0.011190071559641003,0.0006026459313070434,0.011649293299248046,0.011526058633210476,0.0996287038988954,0.09461581646408404,-0.032297703128939925,-0.02205926967409062,0.03203444252440021,0.02483709649847627,-0.03761724879849514,-0.04156853793558613,0.0857575269670812,0.07826246373489791,0.022276641238021217,0.024025310788270506
softplus_mlp,20260844,18,1857,1.059,3.595554641233853,True,True,128,6.337084190732867e-10,0.19264274954634364,6.316343083207375,0.4877840317977367,5.828559051409639,0.922774297505378,1.7567089680049626,0.13566308413278583,1.6210458838721766,13.219845863891171,0.47779249079294506,0.4408946300448046,0.8475501306334585,0.7142857142857144,0.5,False,0.36468963385131986,2.138400567730514e-10,1.6653345369377348e-16,5.551115123125783e-17,7.216449660063518e-16,8.326672684688674e-16,3.885780586188048e-16,2.220446049250313e-16,0.7353922653841214,0.20452818515136337,1.9343813278857447,0.5379924715097477,1.9243639758163327,0.535206433451938,1.213023301514305,0.3373675058649764,0.3754055281694022,0.10440823895825369,0.12880549680480627,0.0358235403594382,0.004971187525642628,0.0013825926794806577,-0.2817107199203609,-0.2687471476482869,0.1794773705742433,0.09362405027200876,-0.05945042344740171,-0.040997642550551924,0.0027618286258477773,-0.020059258150250617,0.016179773922004148,0.002602904460120526,0.16003437090572578,0.10038850925662834,-0.4825423065887998,-0.026174627959987536,0.6578928554750858,0.35200596186666216
softplus_mlp,20260844,19,19048,1.075,3.595554641233853,True,True,64,1.775712910045968e-11,0.5079166507785664,2.2356710455462943,0.47459137185869005,1.7610796736876042,0.7877186034125508,0.6217875317225328,0.13199392561472212,0.48979360610781064,5.152554452818649,0.43389566592999224,0.3417876879931322,0.6986692277270462,0.8571428571428572,1.0,False,0.3563318441758424,8.174017018802715e-15,3.3306690738754696e-16,2.7755575615628914e-17,0.0,1.3322676295501878e-15,1.1102230246251565e-16,2.220446049250313e-16,0.758056240663274,0.21083151733250782,0.5962859999661854,0.16583978258262916,0.41729719833477785,0.11605920086687317,0.267751019459085,0.07446723695657798,0.14557080754574092,0.04048632883403678,0.045161661150713114,0.012560415751383327,0.005548118426516168,0.0015430493985240264,-0.03356932033987015,-0.0626589322312069,-0.18363427100512453,-0.11990869262149795,-0.06670704974484554,-0.05814880442294509,-0.021757242424027053,-0.023573738185211676,0.029074322930277723,0.026634498575052463,0.04511320257678331,0.02550170377756926,0.39986718258148896,0.8021747307346524,0.3395298262038838,-0.08210411484784488
softplus_mlp,20260844,20,9519,1.089,3.595554641233853,True,True,128,3.381794844159458e-11,0.40466215987665066,9.756162620321728,0.19257762434370335,9.563584995978024,0.9802609251364289,2.713395732730068,0.05355992150285283,2.6598358112272154,19.605915876013434,0.49761320419913463,0.48779077990834646,0.981915153852342,0.9285714285714287,1.0,False,0.663169848409956,3.9003922314151396e-10,2.220446049250313e-16,1.6653345369377348e-16,8.881784197001252e-16,5.551115123125783e-15,2.7755575615628914e-16,2.220446049250313e-16,1.3140834356309261,0.3654744724391073,3.404467932166047,0.9468547336546017,2.7006881548288977,0.7511186518645501,1.5289673368436358,0.4252382426091999,0.6726657231773947,0.18708260346352637,0.12742756606789032,0.035440308598442605,0.007862471606931026,0.0021867201006387526,-0.44195721654788866,-0.4120456215198729,-0.155030760415203,-0.11226214198111811,-0.23887217865056118,-0.19083890195966807,-0.01907209467071708,-0.011162486884422312,0.005497687732737731,0.0034029293523884716,0.33959875430759745,0.19673079801882234,0.4851364439803989,0.43752153430581675,0.4293615241402873,0.493316050544699
softplus_mlp,20260844,21,2993,1.098,3.595554641233853,True,True,32,5.482509446430583e-10,0.7379598224918367,0.37213952585418986,0.10419899316957756,0.26794053268461226,0.7200001990371633,0.10349989444924308,0.028979949845462663,0.0745199446037804,1.5955303590920962,0.23323876210412456,0.16793195513815126,0.9767980792137873,0.9285714285714287,1.0,False,0.09463587814458163,5.431419203283383e-15,2.7755575615628914e-16,1.1102230246251565e-16,3.3306690738754696e-16,1.1102230246251565e-16,2.0816681711721685e-16,2.220446049250313e-16,0.15773429371230827,0.043869252299328164,0.13311303415714948,0.03702155785107755,0.05763429618527645,0.016029320073272096,0.019928561969042056,0.005542555727147386,0.003238530861860489,0.0009007041152207751,0.000462508710813683,0.0001286334813298702,2.8300257738568643e-05,7.870901866994602e-06,-0.016972084903481614,-0.019267528958885692,0.33469520317206414,0.4125858977372079,0.026133895937738388,0.02421645181507385,-0.01572061539878313,-0.0004270816251708616,0.0014493473858532592,-0.0006155557077394394,0.03000022381481898,0.02222082924323604,0.4470750487519961,0.3569332414256624,-0.06870119626836915,-0.05768643143754763
softplus_mlp,20260844,22,11936,1.16,3.595554641233853,True,True,64,3.2795988147427124e-12,0.7922273091504282,18.13338606300066,0.6412763150771521,17.492109747923507,0.9646356001659495,5.04327923571146,0.1783525433664641,4.864926692344996,43.4465238117387,0.4173725415081712,0.40261241207052245,0.9904738321451431,0.6904761904761906,1.0,False,0.5478862608108199,1.379452108096757e-14,8.881784197001252e-16,2.220446049250313e-16,1.1102230246251565e-16,2.7755575615628914e-15,3.3306690738754696e-16,4.440892098500626e-16,1.3039386006053648,0.36265297866754276,2.960116798406817,0.8232712595882067,4.02554899016621,1.119590547728347,4.194751185883081,1.1666492667856125,3.5164919133160364,0.978010978609218,1.778697855468812,0.4946935961063389,0.35384071915433896,0.0984106082261942,-0.03276328452032559,0.01178464471864842,-0.19769801763409517,-0.14240178458842107,-0.11200313730894439,-0.0895828723883429,0.02952554181262889,0.11237984488653238,0.10308998369906007,0.06685882739996096,0.1752510847228018,0.0470589731648238,1.6615078066099882,2.097665391407989,-0.8346826682306856,-1.3115357154507594
softplus_mlp,20260844,23,9470,1.162,3.595554641233853,True,True,128,1.8613854901872173e-10,0.8453763486832488,6.752749487065586,1.155777623050517,5.596971864015069,0.8288434029332309,1.8780828441946045,0.32144626862182785,1.556636575572777,12.572098364664111,0.5371219100580111,0.4451899517224787,0.6325865278587467,0.9761904761904763,1.0,False,1.2467841340487211,2.071954829929723e-10,3.885780586188048e-16,4.440892098500626e-16,4.440892098500626e-16,7.66053886991358e-15,4.440892098500626e-16,2.220446049250313e-16,1.9947452304642008,0.5547809530102656,1.7995389247115154,0.5004899394586824,1.2402076430129831,0.3449280477593834,1.0060849761204287,0.27981356883932096,0.5378258342680294,0.14958077068284206,0.1585333836853956,0.04409149616788835,0.015813494699432717,0.004398068247408457,-0.22655818408953493,-0.1558812162013568,0.20569087090706914,0.13433558453633193,-0.11408635054866487,-0.10229895805646953,0.0187796427174593,0.00017303551936539182,0.016767504362477287,0.010688465032224159,0.03847203938883431,0.017570437538687988,0.2949326550157817,-0.7439024332855093,0.6113781709298274,1.6846914335999674
softplus_mlp,20260844,24,16444,1.167,3.595554641233853,True,True,64,1.1879386363489175e-14,0.7289854320690967,3.0406966933346524,0.7285735523953959,2.3121231409392564,0.7603925593787559,0.8456822373004474,0.20263175645840778,0.6430504808420396,8.31185170889927,0.36582662923101267,0.2781718468898729,0.02115216176567954,0.5952380952380953,0.5,False,0.49871255436411366,1.6705820754525647e-14,2.3592239273284576e-16,5.551115123125783e-17,4.440892098500626e-16,1.1102230246251565e-15,4.85722573273506e-17,2.220446049250313e-16,0.8702533973112858,0.24203592606581806,0.8585331137934576,0.238776266656552,0.7142180030797656,0.1986391737422391,0.4227270838346112,0.11756936718101102,0.1428476143973762,0.03972895106618558,0.029154298747707235,0.008108428784078393,0.0029631821704465336,0.000824123804562649,-0.03892722404986702,-0.06994926665862841,-0.02256133556109323,-0.015872819280604307,-0.05023413150703941,-0.04984980537108132,-0.016785437871917996,-0.011033492691326889,0.13958696934751133,0.14068220164709727,0.11506362120428315,0.07659022286629241,0.038874257896655065,0.7535277903954274,0.5639687126105651,-0.09510939883807831
softplus_mlp,20260844,25,12155,1.172,3.595554641233853,True,True,64,1.0079936885176721e-11,1.0524045131971913,5.171975580395485,0.9360132875497074,4.235962292845778,0.8190220984225657,1.4384360958065336,0.26032514617230357,1.17811094963423,14.78444493313435,0.3498254823760238,0.2865148006572973,0.9722130534740643,0.6190476190476191,0.5,False,0.8112329224108222,9.374445664178666e-15,4.440892098500626e-16,2.220446049250313e-16,4.440892098500626e-16,1.5543122344752192e-15,2.220446049250313e-16,6.661338147750939e-16,1.3164736077300618,0.36613922999048065,1.163503611883143,0.3235950299684152,1.3125778823317071,0.36505574613692476,0.8573167415528045,0.23843796773968842,0.40480077714929247,0.11258368111195795,0.10813751146822928,0.030075335312139975,0.009165448280244962,0.002549105546926062,-0.10135923736233834,-0.08494721702522968,0.0536951656695218,0.15240449232786057,0.08208186981799623,0.07277521423066285,-0.011641057426355277,-0.0815474120799847,0.044478301355247385,0.0378998196210765,-0.06676510913567842,-0.03170874833613649,1.4913742821424432,2.2772098618971617,-0.4394597018636448,-1.2896814974382178
softplus_mlp,20260844,26,13083,1.18,3.595554641233853,True,True,64,2.44804176929847e-13,0.9659860835261636,8.423672954233968,0.6449233539215333,7.778749600312435,0.9234391746420572,2.3428020972428594,0.1793668622152328,2.1634352350276265,20.432247727583114,0.41227343494187296,0.380709440489569,0.26258189573124474,0.1666666666666667,0.2,False,0.4074255085546449,7.216449660063518e-15,2.220446049250313e-16,2.636779683484747e-16,2.220446049250313e-16,1.4432899320127035e-15,1.1102230246251565e-16,2.220446049250313e-16,1.0537245436094274,0.29306314289464686,1.8712674666176377,0.5204391681767051,2.0337077174633382,0.5656172469584414,1.6400870585037155,0.45614299382219986,1.2086804509569722,0.3361596670221094,0.5140021954298732,0.14295491147187459,0.10220352165300288,0.028424966896882047,-0.10312819158878438,-0.12470471408256005,0.13841608473781092,0.09798989623007752,0.18128812265034366,0.1734957631034503,-0.037101259147685896,-0.04081334446494723,0.024888587172056914,0.043582988242281274,0.13557903326563897,0.11900066498938137,-0.027596470350100044,0.5986324825012096,0.6536401767868831,0.09880234700727222
softplus_mlp,20260844,27,12928,1.216,3.595554641233853,True,True,64,1.2129186544029835e-14,0.5211054191625213,1.7598784257756281,0.49986595336505496,1.2600124724105732,0.7159656337370294,0.4894595135875079,0.13902332275320967,0.3504361908342982,3.6054653322647847,0.48811408891571695,0.349472913006514,0.5063290082653843,0.9047619047619048,1.0,False,0.39893580016916963,9.544556985041641e-15,1.1102230246251565e-16,2.7755575615628914e-17,2.220446049250313e-16,1.4432899320127035e-15,2.220446049250313e-16,2.220446049250313e-16,0.8384734289591326,0.2331972428797248,0.5375228547120745,0.14949650564276162,0.263318616627666,0.07323449172706922,0.08983915854122677,0.024986175292943818,0.027976331107023904,0.007780811000948529,0.0027228745631300037,0.0007572891625408925,2.516126537210729e-05,6.9978815183498174e-06,-0.012515150062354773,-0.03313664748893939,-0.20753920766003675,-0.14004628599454982,0.0015604186011595226,0.0014926336603354835,0.0009822040504185608,0.0013973568208406938,0.05194819407959904,0.0663854105399882,0.0429458158958791,0.031696176296297555,0.2686300448375393,0.6861507073062965,0.37509309942031754,-0.09283393197774643
softplus_mlp,20260844,28,15342,1.256,3.595554641233853,True,True,64,2.3656721026554806e-10,0.9237821727346613,1.8707298843327385,0.506873063223242,1.3638568211094966,0.7290506408924793,0.5202896551422669,0.1409721486110702,0.37931750653119667,9.178321658134603,0.20382047546511292,0.1485954482648504,0.9932981923282671,0.9047619047619048,0.5,False,0.3314191751312644,1.4066438985826935e-14,4.440892098500626e-16,2.220446049250313e-16,1.1102230246251565e-16,1.7763568394002505e-15,1.6653345369377348e-16,6.661338147750939e-16,0.6331408980947185,0.17608991136829155,0.5716938314605831,0.15900017897222116,0.3544204673261604,0.09857184848803667,0.2106041445739292,0.05857347908406647,0.08413262187942784,0.023399066423464735,0.01584573364302613,0.00440703458134306,0.0008921873548914403,0.0002481362248427065,-0.04095462215767437,-0.028298689463655182,-0.08507626795102377,-0.08596447973685013,-0.10354377033212271,-0.06269318958219747,0.039702081855387567,-0.016957717489291115,-0.0019173518041063512,0.00037136653900141515,-0.10701929024387195,-0.06113243577073775,1.9531008747448164,2.358291851707873,-0.7305094813767437,-1.1798345334694795
softplus_mlp,20260844,29,13936,1.286,3.595554641233853,True,True,64,4.723748059376476e-10,1.4941034258036634,21.312991751190545,0.5022962903030641,20.81069546088748,0.9764323894004695,5.927595010453453,0.13969925099808683,5.787895759455367,40.3955638261931,0.5276072353610987,0.5151727934886134,0.972755737406374,0.9523809523809524,1.0,False,1.48779521506747,1.6372320166269105e-14,2.220446049250313e-16,3.3306690738754696e-16,6.661338147750939e-16,1.1102230246251565e-15,2.220446049250313e-16,4.440892098500626e-16,1.5020420510066381,0.41774974958834066,6.133024418895962,1.7057241596504702,6.832767962469681,1.900337679230747,4.315839815530826,1.20032658272989,1.9574600951648178,0.5444111661429499,0.5140397544211717,0.14296535742390315,0.05781765370144637,0.016080315687152406,0.09892981087394309,0.09785535185113729,0.04028653297978045,-0.09858725984630154,1.2616169800832333,1.0066665978247213,-0.8812588582457805,-0.913923225345466,0.022003798871345577,-0.05272949022463308,0.038298131618313455,0.04723572646840315,1.6229846963484402,1.6444727898752411,-0.7087576667256115,-0.2368870647994377
softplus_mlp,20260844,30,243,1.375,3.595554641233853,True,True,64,1.693013840231572e-09,0.7731216571235244,14.486302396577717,2.239978079328642,12.246324317249075,0.8453726825516343,4.02894792098239,0.6229854091606767,3.4059625118217136,25.68804821263779,0.5639316103996904,0.4767323782592494,0.14945883828809467,0.8095238095238096,1.0,False,2.1479300641053705,1.00674676928314e-14,4.440892098500626e-16,4.440892098500626e-16,5.551115123125783e-16,2.220446049250313e-16,8.881784197001252e-16,2.220446049250313e-16,2.71022495205282,0.7537710374282554,5.065648136716671,1.4088641787344218,3.527492781456161,0.9810705533446334,2.007590828168322,0.5583535861603248,0.9436238692332805,0.2624418103431925,0.21415857869064325,0.059562042594116286,0.017563250259817698,0.0048847123774458006,-6.425046800901182e-05,0.06119007846334525,-0.39658873180079,-0.381247074001215,-0.17111023859357974,-0.30054464167734746,0.0048078485459346785,0.000410773776891905,0.009095033576158214,0.053699537529196234,-0.08085264172132206,-0.013682312700691451,0.8809422964466387,-1.2252043050291932,0.5268923411384941,2.5784996007625383
softplus_mlp,20260844,31,12361,1.375,3.595554641233853,True,True,128,4.8787418549522954e-11,0.0861498887841392,70.57484745093447,1.602075861842803,68.97277158909166,0.9772996199112352,19.628361822563196,0.4455712738919839,19.18279054867121,135.80603662364018,0.5196738613801007,0.5078770672045764,0.6835828317751254,0.5714285714285715,0.5,False,2.628798577759987,3.6596226049567804e-10,6.661338147750939e-16,1.1102230246251565e-15,1.1102230246251565e-16,2.6645352591003757e-15,6.661338147750939e-16,4.440892098500626e-16,5.976456132403172,1.66217919868749,15.368151461991298,4.2742088482675795,22.046161589963102,6.131505091631072,17.278692086130928,4.8055707144535456,7.602524461514221,2.114423286557351,2.083462540212021,0.5794551183616719,0.2193991787197193,0.06101956460448342,-0.588519328829926,-0.15998477604188946,0.07564003148366746,-0.020006071436894167,0.7494387205418945,0.6387967333103918,-0.4205125835700285,-1.0164902302457008,0.003988953143718613,-0.036485069558280465,0.08070267272767426,0.11886205548326982,1.4030394723021946,0.6437033699891291,-1.2176280490150557,-0.08224612271588397
softplus_mlp,20260844,32,6134,1.385,3.595554641233853,True,True,64,1.0380585280245214e-12,0.8220284663401127,6.7729152972084625,0.758682323286786,6.014232973921676,0.8879829010116979,1.883691383670438,0.21100564418802326,1.6726857394824148,15.010318854659015,0.4512172834427321,0.40067323233809476,0.9555402070710591,0.9047619047619048,0.5,False,0.5256278596048087,3.99853761212654e-15,2.220446049250313e-16,1.1102230246251565e-16,4.440892098500626e-16,2.220446049250313e-15,5.551115123125783e-16,2.220446049250313e-16,1.2891278200469558,0.3585337864882448,1.7881651085171244,0.49732663995991905,1.8309093103277854,0.5092147089995243,1.1526418294349976,0.3205741379136589,0.5469920982768217,0.15213010310117706,0.150768588067054,0.041931941831181894,0.014310542537721703,0.0039800653767316655,-0.18208935657604083,-0.15271392888309707,-0.06470484797889288,-0.06393782566048449,-0.02119285173438635,0.02779952201923967,0.015070378534270807,-0.0550105630226767,-0.0030332667084716856,-0.0007163049947791252,-0.22526515485833928,-0.18989994384796727,1.4329121429034268,2.0747774697011714,-0.12966857724145422,-0.8182699589712917
softplus_mlp,20260844,33,1951,1.426,3.595554641233853,True,True,32,7.868641849206881e-09,0.6686371367798487,3.3154460697757937,0.4779608210583575,2.837485248717436,0.8558381554097546,0.9220958657544036,0.132931040896194,0.7891648248582095,9.070544634152027,0.3655178606687649,0.31282413164407546,0.3145288824249112,0.4047619047619048,0.5,False,0.42933374759117116,8.410806773273549e-15,2.7755575615628914e-16,1.942890293094024e-16,0.0,7.771561172376096e-16,1.6653345369377348e-16,2.220446049250313e-16,0.7920799255062434,0.2202942256592804,0.8376240177937886,0.23296100362038968,0.8189196955950536,0.22775893493695665,0.514045594546207,0.14296698168653246,0.2535128947284394,0.07050731250782598,0.08547968426684745,0.02377371304181159,0.013784257339211889,0.003833694301606184,-0.1240621589162215,-0.11446228797348275,0.1478039463275883,0.12137414690811457,0.05998593188755564,0.06228588885658618,-0.028247309662093566,-0.03623704854831888,0.005751548261474462,0.01817929988851999,0.06756309265676422,0.08184618271851739,0.0521166132874835,0.49146676474527257,0.4877254729372977,0.04418419018463891
softplus_mlp,20260844,34,10023,1.444,3.595554641233853,True,True,64,1.9253348915171387e-13,0.5784126705538608,4.353913506979698,0.43097442760465016,3.9229390793750474,0.9010144719425958,1.2109156837860224,0.11986312839255216,1.0910525553934702,9.749596129569923,0.4465737297337422,0.4023693932794832,0.3869079797623148,0.4047619047619048,0.5,False,0.34331199532684287,1.0783041126671833e-14,1.6653345369377348e-16,4.163336342344337e-17,3.3306690738754696e-16,7.771561172376096e-16,2.220446049250313e-16,2.220446049250313e-16,0.7657546964246223,0.21297262114805338,1.1218057893291782,0.3119979811916357,1.138772037112605,0.3167166545192102,0.8214989438749383,0.22847627858411076,0.3922253528005142,0.10908618890183737,0.10095573685047414,0.02807793148036546,0.012900950587362493,0.003588027960808682,-0.14840986696568706,-0.1581852497097975,0.19674351670056575,0.1683953974806347,0.06180700922685917,0.05312212845454071,-0.041980492891049576,-0.04812092041927356,-0.010590132693689013,-0.011870149972635047,0.060021128300437813,0.05876226838527029,0.01922978396972433,0.45020421157437474,0.44159172490669973,0.0661049847607472
softplus_mlp,20260844,35,9457,1.458,3.595554641233853,True,True,128,1.736680244057709e-10,0.07100594326394405,37.59065706093417,0.758978276976585,36.831678783957585,0.979809390515673,10.454758948687408,0.21108795518572165,10.243670993501688,60.64983669542936,0.6197981579028232,0.6072840553375021,0.7159478625444754,0.5714285714285715,0.5,False,0.6743110881329655,4.275245296669894e-10,5.551115123125783e-16,1.6653345369377348e-16,2.220446049250313e-16,3.3306690738754696e-15,9.992007221626409e-16,2.220446049250313e-16,1.7916259989130396,0.49828918697734603,6.077169948068887,1.6901898467557264,9.970302319523856,2.7729525245380335,10.130924056142971,2.8176248359464333,6.495476021724291,1.8065296372454234,2.652873637662502,0.7378204205936194,0.47228507879966264,0.13135249660330373,-0.4254457052568752,-0.48660786480386903,0.13135820341915033,0.07716862846172007,0.2657935006578598,0.1777876475592732,-0.25730328898049926,-0.3460187593444507,0.09274522680654855,0.014875423079283903,0.20263047288285255,0.1498558995667336,-0.7024400992683775,0.05653817770820551,0.7636676330032846,0.4274067910370441
softplus_mlp,20260844,36,2358,1.487,3.595554641233853,True,True,32,2.2737367544323206e-13,0.7506257046327096,1.1027323416129144,0.2545272030331605,0.848205138579754,0.7691849658994534,0.3066932508733896,0.07078941315874893,0.23590383771464069,3.8224890334014585,0.28848541669500705,0.2218986454030386,0.8896099849014346,0.6190476190476191,1.0,False,0.11037777506049004,4.8286027953814425e-15,2.220446049250313e-16,1.6046192152785466e-17,0.0,1.1102230246251565e-16,2.2898349882893854e-16,2.220446049250313e-16,0.26114800066590216,0.0726307973938303,0.27366587490986427,0.07611228369928287,0.3433228687107549,0.09548537095599248,0.15995369325298653,0.04448651438046196,0.052231418884575734,0.014526665312101046,0.012080425812529463,0.003359822619295235,0.0003300593762999393,9.179651242531969e-05,0.002904243957086688,0.009736810254235605,0.05383593097060676,0.019242611140065216,0.2955428529811228,0.27883637715798215,-0.021014133547928967,-0.0020282977352313212,0.0598429692491634,0.00042510912264397344,0.012772994887363495,0.022727876248757144,0.266663446683319,0.4854173662452391,0.08007739945197649,-0.06373214780098238
softplus_mlp,20260844,37,15340,1.516,3.595554641233853,True,True,64,1.1440928204820011e-09,0.9825913901688106,6.531220255942987,1.142116120337083,5.389104135605904,0.8251297497894315,1.816470866842877,0.3176467149850221,1.4988241518578551,18.975655534396516,0.34418944020690456,0.2840009466780877,0.9425942520039613,0.9523809523809524,1.0,False,0.4462735409735793,8.190496891824495e-15,4.440892098500626e-16,2.7755575615628914e-17,0.0,2.55351295663786e-15,2.220446049250313e-16,2.220446049250313e-16,1.3245260450367742,0.36837878358100795,2.100495003778984,0.5841922077029474,1.4719705693792626,0.40938623279387576,0.97055560448822,0.26993209708396015,0.5447033038822302,0.15149354083944874,0.11358900706165817,0.0315915118516121,0.0053807223158560055,0.0014964929900243577,-0.13711508718961982,-0.1361497818866397,0.03749799312156291,0.035609893570060794,-0.010373559576166754,-0.008822056994524562,0.029927030475749523,-0.0404758537497315,-0.08746753145474859,-0.06705269777762583,-0.21510593947182957,-0.1532174925441305,1.5571292059202468,2.6144252377678874,-0.191900721656384,-1.261725858216483
softplus_mlp,20260844,38,7011,1.556,3.595554641233853,True,True,64,2.7216673359475863e-11,0.94534094190141,7.896778424139939,0.6373253611617111,7.259453062978228,0.9192929917834026,2.1962615540811457,0.17725369929102402,2.019007854790122,15.872556521075964,0.4975114382900074,0.45735877855208457,0.9636513509356728,0.8571428571428572,0.5,False,0.40819802744962097,5.8321403262340255e-15,2.220446049250313e-16,1.1102230246251565e-16,3.3306690738754696e-16,2.9976021664879227e-15,5.551115123125783e-16,2.220446049250313e-16,1.1664502987062568,0.32441456606705243,2.1024290607090284,0.5847301099525377,2.1683460868428472,0.6030630328840605,1.4426164986345489,0.40122224318067923,0.7410280826308937,0.20609562545171112,0.23940536398833911,0.06658370901747292,0.036503032628022625,0.010152267527631348,-0.1556880365652353,-0.1439322159542731,-0.053561793288851016,-0.0398494828614206,-0.04306593906540306,-0.009322545244163257,0.012939323455896988,-0.04174311874473158,-0.007318999563619311,-0.00598573638591054,-0.24395350698255117,-0.19861904499862332,1.5172439574018117,2.0486900685422547,-0.0812540634906384,-0.6638969824517192
softplus_mlp,20260844,39,4943,1.563,3.595554641233853,True,True,64,5.615818921000937e-11,0.9923169041765187,13.796061563062022,0.5570074375335057,13.239054125528517,0.9596256196025644,3.8369773066020647,0.15491558135307953,3.6820617252489853,32.96531616677773,0.41850232812162796,0.40160555592883296,0.9611389704695973,0.6904761904761906,0.5,False,0.40606081659256593,9.992007221626409e-15,2.498001805406602e-16,2.220446049250313e-16,4.440892098500626e-16,3.552713678800501e-15,5.551115123125783e-16,2.220446049250313e-16,1.7652338152044185,0.4909489609643812,3.290087341434873,0.9150430655966458,4.139887245805132,1.151390441499308,2.9271931706234504,0.8141145004596434,1.314638302322834,0.3656287926337011,0.3385313944173284,0.09415276033773685,0.02049029325398407,0.005698785110647799,-0.14318834896100166,-0.042134075251815985,-0.19707422101990432,-0.13349970364982378,0.18858443362355132,0.2698971241494756,0.019671829435123852,-0.06218611879630488,0.0017953810617406247,0.0029062384784479247,-0.3365398354355037,-0.2789344573220291,1.4969477531025577,1.749297473500692,-0.03788008763004446,-0.5130295769321195
softplus_mlp,20260844,40,10139,1.595,3.595554641233853,True,True,64,1.2042589148109073e-11,1.2388139428399225,4.585528664026943,0.7833477593957039,3.802180904631239,0.8291695861502304,1.2753327710390099,0.21786562507276755,1.0574671459662424,12.831488669639722,0.3573652895689845,0.29631642925637214,0.9570292599855312,0.7142857142857144,0.5,False,0.5151837491082303,5.821731985378165e-15,1.1102230246251565e-15,2.220446049250313e-16,6.661338147750939e-16,1.9984014443252818e-15,5.551115123125783e-16,8.881784197001252e-16,1.1500136858227719,0.3198431954376119,1.0140022694870896,0.28201553603399665,1.1343320529908847,0.3154818007720852,0.764479028165169,0.21261783075081564,0.40900050802313637,0.11375171533557434,0.10418538296894955,0.028976164560023825,0.009515736568939162,0.0026465281489015933,-0.051588320417819536,-0.04626724623566588,-0.036893705449986464,0.20751938135411385,-0.13948681229636292,-0.08855862223475562,0.031496235462633734,-0.05564515166543978,0.004204734065962497,0.0038858645950868523,0.0652704966337603,0.02490008717612024,1.5870681362274262,2.0697535445752693,-0.2212568213856906,-0.8767739147248044
softplus_mlp,20260844,41,13689,1.6,3.595554641233853,True,True,64,7.105427357601002e-15,0.5645500566705328,7.98170681745713,0.9222736443313563,7.0594331731257745,0.8844515759067707,2.219881941418118,0.256503860003882,1.963378081414236,24.627085009777808,0.3241027841617518,0.28665321820763334,0.8816380649127635,0.28571428571428575,0.2,False,0.7915368710668418,9.02403152203135e-15,1.1102230246251565e-15,5.551115123125783e-16,3.3306690738754696e-16,1.3322676295501878e-15,9.992007221626409e-16,1.1102230246251565e-15,0.7816662826329583,0.21739797072440573,1.7798543088599847,0.4950152303204072,1.8862846885423166,0.5246157760781568,2.0259845112547303,0.5634692595186072,1.180640119211152,0.32836105608619054,0.29952922378515634,0.0833054295296065,0.027747683170830012,0.007717219160743472,-0.13749339189406873,-0.09784538113244262,-0.002217329946591519,0.0934074671875477,0.01556261544694235,0.011284222359997298,0.0313143703993771,-0.0007434143911357106,-0.022459304244296815,-0.03639327149911674,0.22224585978070863,-0.006768312159720922,1.3358946675190926,0.6929053402604449,-0.8782974303906311,-0.09129659395503971
softplus_mlp,20260844,42,12306,1.611,3.595554641233853,True,True,128,2.0197798988874638e-10,0.9730360043467958,37.1157115774696,0.4662933276353175,36.64941824983428,0.9874367671312982,10.322666537125116,0.12968606353185722,10.192980473593257,63.327589139344724,0.5860907083609476,0.5787275143096265,0.9919064166198939,0.7619047619047621,1.0,False,4.070850471270642,6.444915157111097e-10,1.3322676295501878e-15,1.3322676295501878e-15,1.3322676295501878e-15,1.887379141862766e-15,1.2212453270876722e-15,2.220446049250313e-16,3.8396515374228817,1.0678885236201734,12.369269446932595,3.440156159798464,13.151309178569793,3.657657994611029,5.646407587755961,1.5703856987745113,1.744898649328583,0.4852933200675271,0.3224825349128668,0.08968923214644946,0.0416926425469115,0.011595608106960717,-0.020390085122221766,-0.10253835841304916,0.07617368163645363,-0.02992978935888082,1.684099401915711,1.4977880064418154,-1.7703819643956977,-1.7315403514268362,0.044743183304544826,-0.04698700457071497,0.02949878343856792,0.09415870657927859,1.8602352473695696,1.862788667006171,-0.9309422438001329,-0.57070387191099
softplus_mlp,20260844,43,14526,1.634,3.595554641233853,True,True,64,1.6147523318466028e-09,0.8662544723665553,3.7216241918016744,0.6364477282553366,3.085176463546338,0.8289865673010831,1.0350626156871752,0.1770096109669836,0.8580530047201915,14.725346471782178,0.252735933849389,0.20951469423543861,0.9752143273178502,0.6904761904761906,0.5,False,0.2505197153475316,8.27463098040937e-15,6.661338147750939e-16,2.220446049250313e-16,6.661338147750939e-16,1.2212453270876722e-15,2.7755575615628914e-16,2.220446049250313e-16,0.7243212589860677,0.2014491034789306,0.924721986343762,0.2571847958417992,0.845302001669457,0.23509641377036133,0.696341781934886,0.19366741752419286,0.38174279127066646,0.10617076622695054,0.13157674750393716,0.03659428395135867,0.0176176240928956,0.004899834893581237,-0.07084325868883841,-0.043593401284139646,-0.034904377126913064,0.09788212438113048,-0.07398547886682046,-0.07783005630497009,0.056104433001070944,-0.017799458374547893,0.023390624384768667,0.02434933465541219,-0.203030042279122,-0.07291141170077178,1.6707065642724577,2.0160405927660583,-0.5011839923300474,-1.059883251771615
softplus_mlp,20260844,44,17733,1.645,3.595554641233853,True,True,64,1.618338796305352e-10,1.5740551426080898,4.946499693722647,1.3902697112803117,3.5562299824423347,0.7189386844510204,1.375726469845888,0.3866634914504389,0.989062978395449,6.423957792471159,0.7700081248229738,0.5535886282768258,0.6028421629984351,0.9523809523809524,1.0,False,1.3073573343545424,6.827871601444713e-15,2.220446049250313e-16,4.440892098500626e-16,4.440892098500626e-16,1.5543122344752192e-15,1.1102230246251565e-15,2.220446049250313e-16,1.8986005111344602,0.5280410675341413,1.5920396326790922,0.44277998571390553,0.9686430370152428,0.26940017150812723,0.3294652770932475,0.09163128083632405,0.12098444664272755,0.033648340441075994,0.03367026815680042,0.009364415651112483,0.0030965210010745507,0.0008612081612009507,0.029309967287655614,0.03249349794154269,0.2868585398661723,0.29983228068243345,-0.03405444010074674,-0.02847946893269414,0.017055187268348607,-0.005685329375881457,0.012303846814812775,0.010259798407964586,-0.2058750775627904,-0.09967629735730996,0.581894358687346,-0.7835907875418868,0.8865627603472921,2.148901448783923
softplus_mlp,20260844,45,6168,1.655,3.595554641233853,True,True,64,6.084022174945858e-14,1.2260745624513876,1.3218825004787451,0.6734759778732894,0.6484065226054557,0.49051751753323225,0.3676435577753108,0.18730795247827994,0.1803356052970309,3.890875204917846,0.3397391154586404,0.16664798752370844,0.978075404899004,0.9523809523809524,1.0,False,0.5815553318910587,6.201636426617085e-15,5.551115123125783e-17,9.974659986866641e-18,2.220446049250313e-16,2.4424906541753444e-15,2.220446049250313e-16,2.220446049250313e-16,0.728619156788354,0.20264444000726423,0.2710171228250863,0.07537560956995604,0.194750108029404,0.05416413528972916,0.08702021386656865,0.02420216699493871,0.032481848315965525,0.009033890889450934,0.007134305872446637,0.00198420176699037,0.0008597447809182443,0.0002391132569809073,-0.009284550476469238,-0.00029747605893896707,-0.0919263627085422,-0.0853826064935938,-0.0684824732675392,-0.07408235710790238,-0.011460811725344707,0.024564328353104396,0.004983015892181588,-0.0030932708204834164,0.02358277154708756,0.015241625550991017,1.707259150320442,2.3291791574828045,-0.32859617713042794,-0.9800548384545913
softplus_mlp,20260844,46,14636,1.663,3.595554641233853,True,True,64,4.518194041125412e-09,1.126489568300774,25.857420236820566,1.4152847010237095,24.442135535796858,0.945265819712039,7.191496950230554,0.3936206906142412,6.797876259616313,47.06538037845154,0.5493936313464738,0.5193230212792983,0.9684271828185995,0.9285714285714287,1.0,False,1.2997155311871902,1.3655743202889425e-14,4.440892098500626e-16,2.498001805406602e-16,4.440892098500626e-16,2.886579864025407e-15,3.3306690738754696e-16,8.881784197001252e-16,1.3904391312307722,0.3867106107317085,4.595163728397237,1.278012486780164,6.229954842772029,1.7326825662240954,6.785665941448542,1.8872376082483808,4.8038794104234155,1.3360607443793187,1.8164773473403024,0.5052008740206375,0.2358398352082636,0.06559205984624743,-0.27937506591586403,-0.18325343007320222,-0.36522473311507,-0.20722940593543196,-0.42162036680717996,-0.15951324218395488,0.21144873190301727,0.07513831159300394,-0.00027971455098026437,-0.027770986664557414,0.7840787762318191,0.3122113501385527,2.4689151121218784,3.367975725500064,-1.271453171566846,-2.051068754073697
softplus_mlp,20260844,47,13286,1.664,3.595554641233853,True,True,64,9.459100169806334e-14,1.4673515340239391,3.2532356776915408,0.6765071603598936,2.576728517331647,0.7920509832721571,0.9047938363621024,0.188150988612912,0.7166428477491904,9.117090819206489,0.35682826267762113,0.2826261763131053,0.991817089786232,0.9285714285714287,1.0,False,0.5669048668369697,1.3405943022348765e-14,2.220446049250313e-16,2.220446049250313e-16,4.440892098500626e-16,2.220446049250313e-15,6.661338147750939e-16,2.220446049250313e-16,0.8110037226066843,0.2255573349674863,0.7922161078754043,0.22033210086429025,0.7706993123813813,0.2143478237106995,0.4650931352003387,0.12935226456209187,0.2900221089501088,0.08066129926774931,0.10988497985525511,0.030561343330759924,0.014316310822366424,0.003981669659024742,0.06235446281822635,0.036148384457527785,-0.05865030739125136,-0.06601163183917927,0.301212482222199,0.36690131452192926,0.0162125859094159,-0.013474102296447259,-0.0007588239476171545,-0.003898942642772616,0.08648581704106748,0.05754998651617167,1.7242726565150213,2.335090984575186,-0.6637773391431228,-1.2449544592684743
softplus_mlp,20260844,48,14542,1.683,3.595554641233853,True,True,64,2.010893895842969e-09,1.346722758068609,4.621959062948781,0.6447645318602011,3.9771945310885797,0.8604997311575396,1.2854648375925406,0.17932269043168908,1.1061421471608517,16.517522533729085,0.2798215684895029,0.2407863844572983,0.9817017216827119,0.7857142857142858,0.5,False,0.23635570498960945,1.2510825708744733e-14,4.440892098500626e-16,2.220446049250313e-16,4.440892098500626e-16,1.5543122344752192e-15,5.551115123125783e-16,4.440892098500626e-16,0.8108288021755314,0.22550868588588238,1.1046234852163757,0.3072192180167542,1.0906499666822809,0.30333288616301285,0.9189582943208072,0.2555817908542357,0.5016325447597073,0.13951464928580998,0.16493598245127392,0.04587219467054862,0.030329987342800527,0.008435412716295828,0.05044942287067453,0.03642118175827979,0.0404880106660163,0.15425627780981385,0.17575398373915804,0.20069179216918295,0.13122860868796682,0.005517717677464579,-0.004303595871175815,-0.0054879639391488795,-0.29032326162336897,-0.14572261987910917,1.829603638081043,2.191061452623162,-0.5861740484817045,-1.0900150801510347
softplus_mlp,20260844,49,14720,1.772,3.595554641233853,True,True,64,2.5291035932184514e-09,1.249047028152046,1.6752330784196028,0.4700951910605553,1.2051378873590475,0.7193852025032611,0.4659178473351551,0.13074344238007105,0.33517440495508405,8.05626621245352,0.20794162385423628,0.14959012718523673,0.9960087986417797,0.9523809523809524,0.5,False,0.22772530453250428,1.3213822397384334e-14,1.1102230246251565e-16,4.440892098500626e-16,8.881784197001252e-16,2.6645352591003757e-15,5.551115123125783e-16,2.220446049250313e-16,0.41716909704104255,0.11602357318032205,0.6733867555161805,0.18728313784854642,0.30696584288605916,0.08537371101686847,0.20911334723958205,0.0581588567286583,0.05709867747138946,0.015880353149575678,0.010443033334738033,0.002904429045515602,0.0010563249306089115,0.0002937863656680301,-0.014130339020090095,-0.009406737907475468,0.010926056572748106,-0.00578589417718362,0.07950655018540921,0.17767113442520802,0.04262413103867637,0.014742668912114192,-0.017309947925156277,-0.031722241526118765,0.36565023089466103,0.15899617893770823,2.263048642714919,2.6302556484230615,-1.4812682963091204,-1.6857037289352654
softplus_mlp,20260844,50,7158,1.819,3.595554641233853,True,True,64,4.452438417956728e-12,0.7148260282813168,7.415623441909631,0.6107921694323192,6.804831272477312,0.9176344141235102,2.0624421492214844,0.1698742559569945,1.8925678932644898,14.830224060960056,0.5000344844034386,0.45884885113710083,0.9729708256510455,0.9047619047619048,1.0,False,0.5298905818543002,5.134781488891349e-15,2.220446049250313e-16,1.6653345369377348e-16,4.440892098500626e-16,2.4424906541753444e-15,4.440892098500626e-16,2.220446049250313e-16,1.283113691041625,0.35686112966463246,2.31150822214674,0.6428794588846858,2.1443387798276694,0.5963860916578413,1.1521368434753545,0.320433690608575,0.42191327353461444,0.11734302927734966,0.09519378385560259,0.026475410153393143,0.007418848028023869,0.0020633389750066523,-0.44200507938162376,-0.4942896773910659,0.028914201551855912,0.019751370983399956,-0.0177497532117862,0.06611510019321373,0.030683421688773256,-0.02078905367997223,0.0028520238619351808,0.004794198290748266,-0.08633571902787415,-0.07232112425835827,1.3521058995813806,1.8630764464103713,-0.1536389667813436,-0.6515112322670179
softplus_mlp,20260844,51,730,1.828,3.595554641233853,True,True,64,6.606959424004799e-11,1.5110214129212531,6.107355905888333,2.4270270950151804,3.680328810873153,0.6026059177793796,1.6985852018070093,0.6750077073456239,1.0235774944613854,7.131118507800504,0.8564373035180514,0.5160941873069923,0.2845178091184512,0.880952380952381,1.0,False,1.7295269047456807,1.628818607768423e-14,1.1102230246251565e-16,4.440892098500626e-16,6.661338147750939e-16,1.1102230246251565e-15,8.881784197001252e-16,2.220446049250313e-16,2.233520226345287,0.6211893432883085,2.593742955232254,0.7213749237703653,0.8333174169864338,0.2317632466017738,0.2926545253722295,0.08139343010284555,0.1206661605360536,0.03355981832462035,0.030302127103549396,0.00842766419290207,0.003152494312525077,0.00087677552619344,-0.013485047406741781,-0.00769633072358819,-0.4384068744357069,-0.29251191066739207,0.12108054062833085,0.14921964157162398,-0.009404796846756085,-0.038647373751313545,0.015994297253732897,0.0321661773111223,0.13920360610979865,0.07436138961533492,0.9101087392047462,-1.4228335624114121,0.7859309484138499,3.016963381976879
softplus_mlp,20260844,52,738,1.869,3.595554641233853,True,True,64,8.607892176826226e-11,1.6954818237756055,4.599447632939953,2.32319979279947,2.2762478401404835,0.49489591398728733,1.2792039314862431,0.6461311326372275,0.6330727988490156,5.462383739693743,0.8420220643813334,0.4167132791494625,0.2891189680175128,0.9047619047619048,1.0,False,1.433974004105191,1.1593156989953002e-14,2.220446049250313e-16,6.938893903907228e-18,0.0,1.1102230246251565e-15,1.3322676295501878e-15,2.220446049250313e-16,2.0420061676615076,0.5679252219515071,1.8142802185192572,0.5045898058989496,0.4712344887692587,0.13106030523500808,0.1877641944221239,0.052221204558774444,0.07299198653583103,0.0203006194645906,0.010794699435333593,0.003002234846201441,0.0003758775966385833,0.00010453953121112822,0.07497170502715006,0.0558949068763198,-0.3517614671748143,-0.2904343752141793,0.1971857135376991,0.21050692316068148,-0.009227950305062087,-0.022671708752218293,-0.020097072919544125,-0.017521241704156768,-0.009245823035526825,-0.004572272396080132,1.010156597812098,-1.2805226383893842,0.8035001208336058,3.044802230194624
softplus_mlp,20260844,53,3461,1.894,3.595554641233853,True,True,32,8.456982447668793e-09,1.5681223951341314,0.6059591914563569,0.3845351558241339,0.22142403563222302,0.36541080448017377,0.1685301022844185,0.10694738202954317,0.06158272025487534,1.5181277573734302,0.39914901003111203,0.1458533608629336,0.9858111192049538,0.9761904761904763,1.0,False,0.3345832210000764,4.8585267753420425e-15,6.661338147750939e-16,5.204170427930421e-18,4.440892098500626e-16,1.5543122344752192e-15,4.440892098500626e-16,2.220446049250313e-16,0.41594147687050015,0.11568214597561098,0.1261378928965754,0.035081623138200964,0.04662153675703994,0.012966438118443184,0.013845331401278436,0.003850680293521353,0.0028844077839973816,0.0008022149770494285,0.0004887811981367433,0.00013594041723949795,3.976454882697992e-05,1.1059364352570176e-05,0.003361522409811641,0.00032553552319491524,0.024851187209848153,0.032951507712497184,-0.047414608842067885,-0.0516520150865405,-0.00946877745534155,0.011454189787876504,-0.0026408153990200916,-0.006684412389201283,0.0240129077446364,0.01453251118343248,1.659063854368422,2.0145757224466876,-0.08364287490215662,-0.44738064404381683
softplus_mlp,20260844,54,15343,1.898,3.595554641233853,True,True,64,5.998435081977505e-10,1.457112979471956,5.935211877633341,0.950842020101976,4.984369857531365,0.8397964487695555,1.6507082967307123,0.26444933118181857,1.3862589655488937,18.024136608928035,0.3292924374914805,0.27653861961201615,0.9319496533245293,0.880952380952381,1.0,False,0.5159434212546742,8.146261443187086e-15,2.498001805406602e-16,5.551115123125783e-17,2.220446049250313e-16,2.6645352591003757e-15,1.8041124150158794e-16,6.661338147750939e-16,1.1325752410481802,0.3149931941124735,1.764535715162092,0.490754804537353,1.5476794010875286,0.43044246451958407,0.9490956276233412,0.26396362239613996,0.41559050262029307,0.11558453259319089,0.10988956073312833,0.03056261737004741,0.015845829358773367,0.0044070612019222995,-0.02461843360709692,-0.012579950495372805,-0.05239153633887125,0.1313163533583704,0.2508558643527835,0.3501812487052102,0.026364174701270397,-0.04974910366816717,0.0026078269695062007,0.07502770755915361,-0.1783850368134056,-0.0782715673789863,1.6137417700666787,2.0969786829831967,-0.1810616498589088,-1.055790391591446
softplus_mlp,20260844,55,8280,1.986,3.595554641233853,True,True,64,1.8973267401634075e-11,1.5649126400015598,12.39335677102946,0.7441615547923945,11.649195216237064,0.9399548025171084,3.446855355472097,0.20696711051428426,3.2398882449578124,29.35328441052617,0.42221363026023645,0.396861729451292,0.9754160556722744,0.9761904761904763,1.0,False,0.3370025180208453,7.78543896018391e-15,4.996003610813204e-16,1.6653345369377348e-16,1.1102230246251565e-15,3.552713678800501e-15,3.3306690738754696e-16,4.440892098500626e-16,0.9829302385651649,0.2733737452611378,1.8007787981527978,0.5008347745578527,2.690904522902885,0.7483976163353403,3.130648037848184,0.8706996138915215,2.43029548510414,0.6759167159451533,1.0866573416889096,0.302222452477043,0.27114234676737503,0.0754104370040472,-0.09892555730575181,-0.06889644555556804,-0.24427150765395164,-0.10729869369117166,-0.2337671446906762,-0.10707779673507518,0.08924361812578137,-0.019746853956406872,-0.03214758087218969,0.008474192298954122,0.40428344945396283,0.21962741349549075,1.9783755486272472,2.3882240565799346,-0.2978781856828613,-0.7483932324345942
softplus_mlp,20260844,56,15471,1.99,3.595554641233853,True,True,64,5.108220513250217e-10,1.0202488569393322,8.864625099595212,0.8348418728988352,8.029783226696377,0.9058232171671923,2.465440240550265,0.2321872301215676,2.2332530104286974,21.10815333304021,0.4199621331023579,0.38041145049517444,0.9818683925043079,0.9285714285714287,1.0,False,0.42528018511517607,6.5780714209040525e-15,2.220446049250313e-16,6.245004513516506e-17,4.440892098500626e-16,4.440892098500626e-16,2.220446049250313e-16,4.440892098500626e-16,1.0886826876773228,0.3027857441498176,1.6490328914582628,0.45863101968946285,2.130840174925935,0.5926318433571947,2.4002956174929952,0.6675731165273873,1.2981319665880515,0.3610380306006374,0.278192438119068,0.07737121692680028,0.019449323333574096,0.005409269298964082,-0.23448555272524835,-0.22447835711912356,-0.14771890030046447,0.018798710908351904,-0.019189206863215513,-0.014816221248495194,0.09316327242846822,-0.0061143690877688076,-0.031048288836071868,-0.002873727895534272,0.19602959798113584,0.06380154913841711,1.7742378621748014,2.4000073817034373,-0.6107399269200725,-1.2140761094599517
softplus_mlp,20260844,57,11110,2.013,3.595554641233853,True,True,64,4.550071430742264e-11,1.1167479215672165,8.056827270157648,0.9809831988309439,7.075844071326704,0.8782419970123365,2.2407745324634702,0.27283223221836755,1.9679423002451026,20.33861082982064,0.39613459038926396,0.3479020337491311,0.9277864717449243,0.6904761904761906,0.5,False,0.5233162876668267,4.951768162175796e-15,1.3322676295501878e-15,1.1102230246251565e-16,6.661338147750939e-16,1.7763568394002505e-15,4.440892098500626e-16,2.220446049250313e-16,1.4570342936916596,0.405232137757657,2.1586772485690906,0.6003739239040788,1.9873932306655322,0.5527362059455553,1.3710500167255337,0.38131808678480916,0.7999809740552297,0.22249167482564183,0.2558069244373638,0.07114533082150044,0.026884582013236322,0.007477172424227321,-0.03775300701883617,-0.040060941009409996,0.05919939238092075,0.16592798218487195,-0.1144676368826929,-0.027980615211693198,0.021297122619967027,-0.05011508784344913,-0.0017402806562645133,-0.01052285395336931,-0.2472801918347365,-0.17545178723725774,1.5015453163174621,2.2174844990759777,-0.06405279335860393,-0.9625332744384522
softplus_mlp,20260844,58,14292,2.032,3.595554641233853,True,True,64,2.1611820333333753e-08,0.994183892362569,21.954373592201545,0.4665483785117733,21.48782521368977,0.9787491828654361,6.105976902820108,0.1297569985897008,5.9762199042304065,38.70088180096519,0.567283549380366,0.5552283104090374,0.995660261100487,1.0,1.0,False,0.6244192963614698,2.874095406113497e-11,8.881784197001252e-16,4.440892098500626e-16,1.1102230246251565e-16,2.7755575615628914e-15,5.551115123125783e-16,4.440892098500626e-16,0.7633068615117159,0.21229182634526142,3.6775331453240154,1.0227999605818896,5.247472650385001,1.4594334321072298,6.415594403792401,1.784312865174765,4.16987385157138,1.159730352516752,1.4134290204641098,0.3931045864954722,0.26716365915291806,0.0743038795987364,-0.4255562314834893,-0.3221253506462631,-0.13982820855621814,-0.26151802200807783,-0.1292837705266995,-0.059161289368529636,0.07565746060949692,0.02593010930768815,0.11435340666605358,-0.02821974308854414,0.5513449892011064,0.46350734059344756,2.4963389661287767,2.789333982645155,-1.5488427196764576,-1.6135631350723045
softplus_mlp,20260844,59,1456,2.041,3.595554641233853,True,True,64,2.169597834722481e-11,1.1088202032759922,1.2675127713183687,0.41463585361865163,0.8528769176997171,0.6728744175197703,0.35252218302637395,0.11531902445970475,0.2372031585666692,3.4515562756516314,0.3672293510784698,0.2470992357030886,0.7801225823003017,0.9047619047619048,0.5,False,0.23497083926247242,1.2000817006807551e-14,2.220446049250313e-16,6.938893903907228e-18,6.661338147750939e-16,8.881784197001252e-16,2.7755575615628914e-16,2.220446049250313e-16,0.27637948435941945,0.07686699603724473,0.6340437680676348,0.1763410186557632,0.2405114497228936,0.06689133491804189,0.08985255665227126,0.024989901591771498,0.024850484777449076,0.006911446843962123,0.0018053564451495857,0.0005021079152700787,6.967129354901014e-05,1.9377064319929704e-05,-0.06071320842928984,-0.050662027754259806,0.11521820721139614,0.08077737703896899,0.026673477250316876,0.024319576962255198,0.019226555778659195,-0.01096748742055821,-0.00016647606257190516,-0.00019540661963851464,0.12933494575215765,0.04605290083353155,0.1744894465185168,0.5790741194621385,0.704757255256808,0.44042115077355537
softplus_mlp,20260844,60,15570,2.109,3.595554641233853,True,True,64,8.796985362380383e-10,1.5624402931443417,5.200271275244949,1.0229845492327796,4.17728672601217,0.8032824644932406,1.446305728637299,0.28451369852683744,1.1617920301104614,17.17356806649756,0.30280668845920916,0.24323930297055044,0.9804089559776095,0.8333333333333335,1.0,False,0.6030670155180653,1.9160020792163834e-14,1.3322676295501878e-15,4.163336342344337e-17,6.661338147750939e-16,1.1102230246251565e-15,6.661338147750939e-16,1.3322676295501878e-15,1.1103932012734907,0.30882389841597496,1.2217965140781348,0.3398075223406596,1.1814768564576132,0.3285937704598968,1.0141175676729781,0.2820476029047282,0.5453003501644358,0.15165959207264618,0.12214954445396636,0.03397237885169489,0.005037241144327109,0.0014009635916973648,0.13476912690989679,0.1042674922828466,0.05295291020936122,0.17289419003544307,0.1626536238870968,0.1818695873241799,0.11492759487691066,-0.0038178692441694,-0.0006220254742273734,-0.0006636775585972419,-0.1534282834014698,-0.07935349231115839,1.9267355797087544,2.7364880945880574,-0.6755482335719802,-1.5492440319722591
softplus_mlp,20260844,61,15883,2.173,3.595554641233853,True,True,64,3.2041062580923096e-09,1.88191837959641,9.619446052650524,2.897244653812509,6.722201398838015,0.6988137738956177,2.6753719557852436,0.8057851827884581,1.8695867729967859,12.37732619371463,0.7771828828051252,0.5431061033401251,0.11387841100537031,0.9285714285714287,1.0,False,2.1404927388488186,1.907501934184097e-14,6.661338147750939e-16,8.881784197001252e-16,8.881784197001252e-16,1.5543122344752192e-15,1.5265566588595902e-16,2.220446049250313e-16,3.331020048498317,0.9264273195289954,3.404836361272943,0.9469572016028485,1.9510285007491934,0.5426224033351575,0.7584716635985437,0.21094705526106705,0.14965397010380865,0.04162194293686308,0.021933691877354024,0.006100224879304642,0.0025018165503625004,0.0006958082410072832,0.009516325117656512,0.005396943287379462,-0.2981645256778033,-0.2283048767567148,-0.10284819352434815,-0.09214938734068022,-0.0023748926209188658,-0.008555192712048916,-0.07723103392457899,0.026734737743639925,-0.10671780286204657,-0.06401075285661215,1.6688809223737548,-1.2180640495173471,0.7908575807146954,3.4608709577487953
softplus_mlp,20260844,62,16663,2.193,3.595554641233853,True,True,64,2.525757381022231e-14,0.8020636141675794,2.7498153077825354,0.15651456974648456,2.5933007380360507,0.9430817883282864,0.7647819549862012,0.04353002119661152,0.7212519337895896,9.769525900530702,0.28146865423972717,0.265447961798758,0.9822171112071754,0.880952380952381,1.0,False,0.18781088055379835,1.0177622633555927e-14,1.1102230246251565e-16,2.220446049250313e-16,2.220446049250313e-16,4.440892098500626e-16,8.326672684688674e-17,2.220446049250313e-16,0.6087494630836681,0.1693061359998604,0.8641720387237556,0.24034457126959574,0.6335516451664284,0.1762041488400294,0.3869971819968907,0.10763212372266674,0.2092230961001883,0.0581893802143391,0.04212102680127711,0.01171475085324328,0.005000855910324924,0.001390844086465844,-0.06651150900660496,-0.15023980350836355,-0.20531427156334067,-0.10662139714682128,-0.06683903498844693,-0.04671031659800108,-0.01622339920415119,-0.02166285872553556,-0.0002711546976168376,-0.04049383327802228,0.24623042396446176,0.28392340090398105,0.28322531289282427,0.2757171235967207,0.6277672467704543,0.6081512989236219
softplus_mlp,20260844,63,11025,2.223,3.595554641233853,True,True,64,1.632158852515886e-10,1.0163915781593058,5.455599505917996,0.9043208226562912,4.551278683261705,0.8342398811211631,1.5173179245708386,0.25151079955385236,1.2658071250169862,10.089317617650035,0.5407302765822425,0.4510987616545836,0.9390763691145733,0.7619047619047621,0.5,False,1.0770650307320004,6.014069450777093e-15,8.881784197001252e-16,1.1102230246251565e-16,4.440892098500626e-16,2.886579864025407e-15,6.661338147750939e-16,2.220446049250313e-16,1.4703924796856254,0.40894733258205873,2.4591487802069976,0.6839414292319347,1.3040405729613878,0.36268133934237534,0.17385405975032198,0.04835250110137725,0.045324641303685076,0.012605743988396582,0.0028389720099755143,0.0007895783246952105,3.220080452281948e-16,8.955726650219793e-17,-0.003584795445021545,-0.0028645405533288043,-2.352615456943784e-17,0.0,-0.12264084566866668,-0.03069015271255233,0.014905532227216883,-0.028770955037539757,-0.0032755151197512225,0.054802596759694004,-0.40008921138170533,-0.3358900480140661,1.625312885383496,2.3146854849448975,-0.09423647183626263,-0.9548808072277957
softplus_mlp,20260844,64,17449,2.231,3.595554641233853,True,True,64,1.827399342957392e-12,2.4727678055335742,11.523483703587697,0.4829797447531269,11.04050395883457,0.9580873495223708,3.2049252072090026,0.13432691001669417,3.0705982971923085,33.3245883374552,0.3457952304435782,0.33130203581316525,0.9688239346973148,0.8333333333333335,1.0,False,0.17746350721058027,1.199040866595169e-14,1.3877787807814457e-16,1.1102230246251565e-16,0.0,2.6645352591003757e-15,1.942890293094024e-16,2.220446049250313e-16,0.7100754082383752,0.19748703026098507,1.6103108846614833,0.4478616083856503,2.2641373437025645,0.6297046129510638,2.544836447045526,0.7077729866378106,2.5360979920104585,0.7053426369680115,1.4974289590990624,0.41646675089471136,0.3605966688302261,0.10028958111076947,0.3085390605763841,0.49337125872515564,0.034130787227458256,-0.1374298426850248,0.19393659740158484,0.04313080739370956,0.22214430006095393,0.3875432707617649,-0.18110923650528293,-0.33964488090277123,0.2266292649385826,0.2538550131804063,1.0862193290542481,1.084141648618969,0.5822777027796455,0.6878005304413677
softplus_mlp,20260844,65,11267,2.256,3.595554641233853,True,True,64,2.8805624552319387e-11,1.7234581990353166,5.058204337769082,0.5126560699650828,4.545548267804,0.8986486041820941,1.4067939003795267,0.1425805254315811,1.2642133749479458,14.201271696232743,0.3561796750294484,0.3200803678032457,0.9847128626377977,0.9047619047619048,0.5,False,0.3391307910240787,8.243405957841787e-15,1.7763568394002505e-15,1.1102230246251565e-16,8.881784197001252e-16,1.7763568394002505e-15,1.2212453270876722e-15,4.440892098500626e-16,0.8071493175749911,0.22448534318421848,1.2101187770122093,0.33655969600198987,1.2315493078891175,0.342519981136067,1.0100884231347833,0.28092701235883893,0.5487496620082557,0.15261891884917828,0.21142737718376456,0.05880243753192164,0.03912147296595881,0.01088051131731205,0.21748109787459677,0.19789333657736569,-0.04556672121276428,-0.020756726371254617,0.26816145539991454,0.2957820585425217,0.03999402146521837,-0.02372103573761668,-0.006960097617748242,0.001628790093405255,-0.3294915616432728,-0.18246101676609322,1.974435353975938,2.279041393368573,-0.39459534920656675,-0.8239486006715828
softplus_mlp,20260844,66,8013,2.262,3.595554641233853,True,True,64,1.4045431484532855e-11,1.702889516690444,6.901155689927088,0.34972223623292786,6.55143345369416,0.9493241057083552,1.9193577565988214,0.0972651707812503,1.822092585817571,17.613185777519398,0.3918175721927252,0.3719618663226778,0.9897628623069178,0.9761904761904763,1.0,False,0.2713460024528993,1.3225531780847177e-14,2.220446049250313e-16,2.7755575615628914e-17,6.661338147750939e-16,3.1086244689504383e-15,6.661338147750939e-16,2.220446049250313e-16,0.7546961554776029,0.20989700638191966,1.335142160214271,0.3713313503577024,1.5423299003690214,0.4289546549179279,1.5834204172894886,0.440382799118336,1.1169264676901254,0.31064093836350104,0.4875455690415649,0.13559676258299286,0.08109501984501179,0.022554244876440862,0.1513053031815666,0.13025853436702825,-0.052328185078807606,-0.04494544559460004,0.31834388413262277,0.3675685098058556,0.023724164956015384,-0.02346525244768836,0.029908525195116352,0.01800593255749775,-0.31241087256533273,-0.1490292807926383,1.9208347776883723,2.050568056991166,-0.3764880808191082,-0.6460715381961738
softplus_mlp,20260844,67,10222,2.296,3.595554641233853,True,True,64,3.863576125695545e-12,1.742941198520032,7.802122137607795,0.6052482370789443,7.196873900528851,0.922425177867759,2.1699356333326123,0.16833237079418903,2.0016032625384232,18.91634305507069,0.41245404119039636,0.3804579923073274,0.9903501144165853,0.9523809523809524,1.0,False,0.48114756943643044,9.686695889854491e-15,8.881784197001252e-16,2.220446049250313e-16,0.0,3.1086244689504383e-15,6.938893903907228e-17,6.661338147750939e-16,0.8389291359241251,0.23332398465129084,1.2854774783167442,0.3575185490368793,1.7631506965578079,0.4903696014901233,1.7605519014181856,0.4896468214467277,1.352663042089501,0.37620427918884863,0.649778043756114,0.1807170544161542,0.15157183954531464,0.042155343102587686,0.16041129138138888,0.12613742993350555,-0.04607310497684471,-0.05467599349667241,0.2716834981344901,0.3217264229738798,0.053040965698371856,-0.03243962337944788,0.029879983938653383,0.005318976592761918,-0.1624675414095173,-0.0929343467136204,1.9344726667717282,2.4201447843153874,-0.4980065610182385,-0.9503364517057589
softplus_mlp,20260844,68,13255,2.305,3.595554641233853,True,True,64,4.796163466380676e-14,1.4272749387677486,2.71002801889359,0.5125756577579146,2.1974523611356753,0.8108596464005632,0.7537162661401288,0.1425581610913911,0.6111581050487377,8.441922030120178,0.32102026164473,0.2603023758446621,0.9952501072610469,0.8571428571428572,1.0,False,0.5294093627738355,1.4934234404684332e-14,4.440892098500626e-16,2.220446049250313e-16,4.440892098500626e-16,1.7763568394002505e-15,2.7755575615628914e-16,4.440892098500626e-16,0.836053197191856,0.23252412509713813,0.6539519182540217,0.1818778974332625,0.5787179710277899,0.160953741153325,0.3654274168379923,0.10163311458189715,0.20563689901236565,0.057191982748397104,0.06444190446508663,0.017922660311170437,0.0057987121044757945,0.001612744814937899,0.08840698585789948,0.023505740655860044,0.058215705702177704,0.11041950549053495,0.12231550070996142,0.127681764445468,0.05732378605328222,-0.07761363152531017,-0.005707638156542622,-0.005410556419645266,0.04931519026063595,0.028363860537032812,1.6475930194740434,2.102301531971197,-0.5901876111337085,-0.8819732763873872
softplus_mlp,20260844,69,6618,2.306,3.595554641233853,True,True,64,1.6817658377021871e-12,1.2317557734220894,2.8191925184304183,0.7296500418586707,2.0895424765717476,0.7411847409892737,0.7840772286144377,0.2029311510082582,0.5811460776061795,8.413364242352248,0.33508504294142094,0.2483599207619167,0.9721404903350683,0.7857142857142858,0.5,False,0.4943089813606514,5.8945903713691905e-15,1.1102230246251565e-16,1.1102230246251565e-16,6.661338147750939e-16,3.1086244689504383e-15,4.440892098500626e-16,2.220446049250313e-16,0.9961171758543794,0.2770413121889176,0.795470605720357,0.22123724573613565,0.6475215931073928,0.18008948763609633,0.25257333889828615,0.07024600210542563,0.10173491321224201,0.028294636951291217,0.02299888163977486,0.006396476742704304,0.002776009997984165,0.0007720672538664431,-0.07952676792229678,-0.024163520585514797,-0.1339548679436968,-0.0659910197036778,-0.051584709225915584,-0.062320993439087174,0.019884953841416596,-0.06854294185614865,0.00012295598333735762,0.004237940081350816,-0.11095868983878875,-0.08711893252195685,1.7918997316530496,2.370267936520075,-0.20412683312501564,-0.8346126950729481
softplus_mlp,20260844,70,15039,2.414,3.595554641233853,True,True,64,3.0651681193205604e-09,1.6815027045567095,6.165731169030844,0.5061472298743026,5.659583939156541,0.9179096175297793,1.7148206005054638,0.14077027896330696,1.5740503215421568,17.202431812976858,0.3584220670695902,0.3289990624980804,0.998951148611296,0.9047619047619048,1.0,False,0.21679786397629686,2.5181245977279332e-14,2.220446049250313e-16,2.220446049250313e-16,8.881784197001252e-16,3.3306690738754696e-15,6.106226635438361e-16,8.881784197001252e-16,0.6315698289228716,0.17565296371247516,1.3977583425438889,0.3887462386232109,1.5164414296013256,0.4217545221565434,1.4169621508346877,0.39408722498191323,0.9297417668205525,0.25858090325155003,0.22905115415085842,0.06370398367030713,0.04420649615665654,0.012294764109463403,0.3015209188904212,0.29317402196918735,0.07829744872235464,0.003768144383910597,0.2553934481282377,0.28318496138563665,0.047745651713173874,0.027779737193021025,0.03322941651295967,-0.04151185745886371,0.16335020711105247,0.11544211403711586,2.4846975049864346,2.9630532216033405,-1.6827318915079255,-1.9633876385566356
softplus_mlp,20260844,71,19348,2.446,3.595554641233853,True,True,64,4.3647773728672234e-09,1.6342808721888606,6.119237541535959,0.3384765017945395,5.78076103974142,0.9446864908418672,1.7018897366655168,0.09413749353518033,1.6077522431303366,11.870519933848602,0.5154986955615187,0.4869846537435711,0.981158155324793,0.9047619047619048,1.0,False,0.6548412570862309,1.2601031329495527e-14,1.1102230246251565e-16,9.71445146547012e-17,4.440892098500626e-16,1.5543122344752192e-15,1.5265566588595902e-16,2.220446049250313e-16,1.2539576702758781,0.3487522219508168,1.837977531877753,0.5111805313149215,1.3783573644477702,0.3833504151600856,0.9160361752679427,0.2547690875735364,0.5639944374326695,0.15685881420484513,0.1549264290899806,0.04308832559886114,0.013987933143963177,0.0038903408624498246,0.0717667006456583,0.05689107343430409,0.18895069409413692,0.08651720527379624,0.2659161135669964,0.2339718389812941,0.02656597000915191,0.004166282362123471,-0.0032317128647081504,-0.013075240892577987,0.10464994189205654,0.04654361540686251,0.0428090541177944,-0.056064514899255,0.9368541107277747,1.2753306125223147
softplus_mlp,20260844,72,11032,2.48,3.595554641233853,True,True,64,2.0450308113595383e-12,2.247700787893485,1.657190343954055,0.891612853726622,0.7655774902274329,0.46197317828968615,0.4608997802312281,0.2479764438847898,0.21292333634643829,6.7534447592594145,0.24538445238364298,0.11336103537054569,0.9897336376130966,1.0,1.0,False,0.4381716507464507,7.336362420340414e-15,8.881784197001252e-16,2.220446049250313e-16,4.440892098500626e-16,1.3322676295501878e-15,3.3306690738754696e-16,2.220446049250313e-16,0.762138062941834,0.21196675867517845,0.42444240919332626,0.11804643554177063,0.3371311637511165,0.0937633264934687,0.09324719912966702,0.02593402365807692,0.035073671401761604,0.009754731856814641,0.004984231118585044,0.001386220379305556,0.00017360641776301193,4.828362661273228e-05,0.00852317712127721,0.005699655326202445,-0.005656613862225109,-0.001268834356766466,-0.02048725201349284,-0.019362248791229653,0.17752363831188223,0.032367699691157444,-0.010070198539844661,0.008387142836281109,0.5370688908871786,0.3921688253641222,2.357850237865925,3.2254929674887003,-0.7970510918772149,-1.395784419664981
softplus_mlp,20260844,73,19241,2.542,3.595554641233853,True,True,128,6.8833827526759706e-15,1.9362460904661547,19.246953723076658,0.5991944741411831,18.647759248935476,0.9688680877627527,5.352986018444114,0.16664869093341414,5.1863373275107,26.772667537597776,0.7189031013083585,0.6965222730513418,0.9472487919254391,0.5952380952380953,0.5,False,1.0005653631085345,1.0325074129013956e-14,2.220446049250313e-16,2.220446049250313e-16,0.0,5.551115123125783e-15,6.661338147750939e-16,2.220446049250313e-16,1.4313277884205993,0.39808261345999846,4.270100668273592,1.187605555844998,5.668243299652115,1.5764586733430914,4.174484015901143,1.1610125369889037,2.744552751667161,0.7633183265225914,0.8712245742829735,0.2423060309782981,0.08702062487906878,0.02420228130623172,0.2715744763076311,0.24805477210063928,0.269209022864207,0.184870184675528,0.4057542222418771,0.2984773450406546,0.027953409557809318,0.016031721854088198,-0.04833624359916526,0.00569015405049438,0.10690924967805762,0.04848350931440449,-0.03852950667871857,-0.352241133155637,0.9417114600944564,1.4868795365859773
softplus_mlp,20260844,74,16647,2.589,3.595554641233853,True,True,32,2.973150059482066e-08,1.53240251780927,1.6122600028677974,0.2806951261523261,1.3315648767154713,0.8258995908519461,0.44840369949558967,0.07806726754568319,0.3703364319499065,6.382706910437515,0.2525981570971558,0.20862071459649656,0.9839782433928509,0.7857142857142858,0.5,False,0.10139998811132633,9.185360805297194e-15,4.440892098500626e-16,2.220446049250313e-16,4.440892098500626e-16,1.9984014443252818e-15,1.6653345369377348e-16,2.220446049250313e-16,0.3241410691703629,0.09015050569753834,0.549034830506913,0.15269823025648857,0.3866279429383083,0.1075294305096787,0.20726497625311366,0.057644785557198056,0.12499650750448009,0.03476417965423721,0.017038741968356686,0.0047388354978551124,0.0031559345262611137,0.0008777323225932456,0.008576140812857451,0.014593636648369846,-0.00878740099376656,0.002550949781372752,0.17236368391153437,0.04286167020765009,0.11006147856065417,0.1889626529314297,-0.16630664310166696,-0.256322174526855,0.1777564032663501,0.11657882224309737,0.33626261097215926,0.426012150730076,0.9024762443811484,0.9971648097941314
softplus_mlp,20260844,75,20365,2.593,3.595554641233853,True,True,64,5.748734821509061e-13,2.558954465881988,6.43604473043888,0.30597604059747924,6.1300686898414005,0.9524589940852362,1.7900005347242567,0.08509842600875626,1.7049021087155003,13.92372948306943,0.46223569182845686,0.44026054206922527,0.99453337406472,0.880952380952381,1.0,False,0.28476627693167555,1.0602629885170245e-14,4.440892098500626e-16,2.220446049250313e-16,4.440892098500626e-16,2.6645352591003757e-15,4.163336342344337e-16,2.220446049250313e-16,0.8009033545772513,0.222748208410598,1.3932930658291092,0.3875043504695525,1.5281970114828423,0.4250239987893565,1.6309213243739755,0.453593808774467,0.7888668134900948,0.2194005910641332,0.2549422216372912,0.07090483863424338,0.0389209390483139,0.010824738581905618,0.23519175029328715,0.37151272987802925,-0.020821349175629587,0.05148623749488154,0.43964506926867025,0.3948660762781228,0.06037999000260914,0.023286209071856565,0.008879869281804722,-0.004883341895771672,-0.17516842693006943,-0.0778209525878422,2.0711589927555574,1.9469853965988575,-0.06031142961424102,-0.1464778889561429
softplus_mlp,20260844,76,18638,2.624,3.595554641233853,True,True,64,6.367468080581418e-10,1.7132657618036857,8.769339373684565,1.4357302761123625,7.333609097572202,0.8362783996681931,2.438939259361463,0.39930703865473066,2.039632220706732,16.148718287976248,0.5430362470446894,0.45412948364035444,0.6772488370788646,0.8333333333333335,1.0,False,1.31690891553733,1.1254885912137524e-14,4.440892098500626e-16,2.7755575615628914e-17,4.440892098500626e-16,2.220446049250313e-15,2.220446049250313e-16,2.220446049250313e-16,2.0461055178329906,0.56906533817293,2.101405806273328,0.5844455211928605,2.060533219380245,0.5730779879549128,1.6452226900093356,0.45757132186002875,0.6126732148960568,0.17039741459354138,0.2631011735320409,0.07317401619065783,0.040297751760566845,0.011207659396531447,-0.09058646076939042,-0.09381502504319841,0.1867652676022727,0.1140844991720607,-0.13796515279680763,-0.09478092233383309,0.006815853190170539,-0.021976581160960778,-0.1327701601231434,0.0714085915255784,0.16937670399901833,0.06433163593312005,0.6652394304072524,-0.5607440105840595,1.0463902802943137,2.2347575742949806
softplus_mlp,20260844,77,8396,2.625,3.595554641233853,True,True,64,1.8735235585154442e-11,1.1247668876345625,5.565119350312203,0.429013414239059,5.136105936073144,0.9229102940595529,1.5477777159861137,0.11931772898654613,1.4284599869995673,16.656991874385344,0.3341011025448171,0.30834534679525805,0.9681909552478164,0.7142857142857144,0.5,False,0.3988270469622173,1.251624671960716e-14,1.1102230246251565e-15,1.249000902703301e-16,4.440892098500626e-16,2.886579864025407e-15,4.440892098500626e-16,2.220446049250313e-16,1.2828296197011764,0.3567821234002884,2.0032436965972416,0.5571445566767432,1.6519097126068003,0.4594311246622941,0.4974956244649433,0.13836408401631808,0.11352726447155151,0.031574339927870884,0.015577898551625592,0.004332543962196572,0.0005355339188627228,0.00014894334040184372,-0.07818505844654906,-0.09059091988265312,-0.07993151892919399,-0.07578894803655309,0.2102851844684255,0.3387648666983714,0.0039912554718066606,-0.0016387827260874155,-0.0018389494808533418,-0.0008722515573435789,-0.34135193734120767,-0.24830716518352292,1.4470149782505768,1.6493946692858563,-0.03521706635844285,-0.4461945809635022
softplus_mlp,20260844,78,19315,2.698,3.595554641233853,True,True,64,6.344037628558397e-09,1.9900678296876047,10.535128189396676,1.118288827609597,9.41683936178708,0.8938514266266713,2.930042577737446,0.31101983954994056,2.6190227381875055,17.567647849890157,0.5996891717898676,0.5360330217369401,0.8725110057851356,0.9285714285714287,1.0,False,1.569537627945949,2.4077961846558082e-14,4.440892098500626e-16,1.1102230246251565e-16,4.440892098500626e-16,8.881784197001252e-16,4.440892098500626e-16,2.220446049250313e-16,2.085843575754469,0.580117334842863,2.4541642122347613,0.6825551151664847,2.3166286303106087,0.6443035529883181,1.8763232837207227,0.5218452981364906,1.274736009315621,0.3545311187033391,0.4368757870459394,0.12150442160879546,0.09055669101455106,0.025185736291154115,0.08742138663016599,0.08112836164872453,0.13939161682209725,0.06567932831189278,0.2539775090797572,0.23615611447478113,0.0502638599806821,-0.005660533225966591,-0.0058089344921187945,-0.007986984981902475,0.08034343394173622,0.03353278134516315,0.23460065261459445,-0.6809483706053746,1.1498783051106907,2.2681671327202877
softplus_mlp,20260844,79,17995,2.83,3.595554641233853,True,True,64,6.509145444866249e-10,3.734607720603157,10.177365627844079,2.9324305101617405,7.244935117682338,0.7118674303948603,2.830541221966135,0.8155711156583746,2.0149701063077603,14.607071113237028,0.6967423892816733,0.49598821430512025,0.5699305319192863,0.9523809523809524,1.0,False,1.6933890266613112,1.074140776324839e-14,1.1102230246251565e-16,1.1102230246251565e-16,8.881784197001252e-16,3.1086244689504383e-15,4.440892098500626e-16,2.220446049250313e-16,2.7595899426745145,0.7675004882494378,3.1927420720411943,0.887969281686558,1.7262452374523547,0.4801054106244858,1.5505787499525425,0.4312488349281336,0.7052513128459217,0.19614534702326403,0.22246292477120438,0.06187165735711469,0.02049538810634358,0.005700202097140253,0.9842127545045186,0.8548868466524888,-0.1189083831600769,-0.14468526478124452,0.30836513218972583,0.37127130378425327,0.008325778512366058,-0.020858329499413072,0.03904111338147884,0.013139286611477993,0.10044615718119239,0.07231857120138074,0.9821034726775554,-1.7120107272493943,1.431021695316398,4.300546033883611
softplus_mlp,20260844,80,14381,2.868,3.595554641233853,True,True,64,5.08306463586905e-09,2.7493247030280505,21.839508025717663,1.6096228316236239,20.229885194094038,0.9262976606557175,6.0740303527199915,0.4476702462436406,5.62636010647635,47.72201238545935,0.4576401315459205,0.42391098327316096,0.9904660960378652,1.0,1.0,False,1.3064354531314755,1.790234627208065e-14,3.1086244689504383e-15,1.3877787807814457e-16,2.220446049250313e-15,3.1086244689504383e-15,1.7763568394002505e-15,8.881784197001252e-16,1.062621639129505,0.29553761384776367,4.228859817426334,1.1761356005912778,5.657775963917555,1.5735474852847817,5.313686687958433,1.4778489602191067,3.9260072576439757,1.0919058808397706,1.4596209650752539,0.4059515459273814,0.19093569456660586,0.05310326600990946,-0.49495073694415387,-0.6233283495416083,0.2492456041962012,0.19807330998235365,-0.17632903060548535,-0.15037416081253763,0.146545972945143,0.14263807312269938,0.10732964789332508,-0.12440530583665997,1.3333562410614657,1.3315671096821124,3.3299790646505163,4.913647026481195,-1.7458520601689633,-2.938493000049501
softplus_mlp,20260844,81,15735,2.875,3.595554641233853,True,True,64,6.219327691736609e-09,2.044212712880508,13.294986935457658,2.438633024754407,10.856353910703252,0.8165749965311673,3.6976178259094237,0.6782355625438539,3.01938226336557,19.305713059548225,0.6886555753962281,0.562338924090344,0.601890213243766,0.9047619047619048,0.5,False,2.154026383229637,8.416878305439468e-15,8.881784197001252e-16,4.440892098500626e-16,0.0,1.3322676295501878e-15,1.6653345369377348e-16,2.220446049250313e-16,2.9632193307755954,0.8241341396382548,3.5123149597587617,0.9768492792403993,3.401721692627061,0.9460909461967525,2.3763618248267995,0.6609166212007073,0.908747952811993,0.2527420783404216,0.13262117465744377,0.03688476129288732,7.60893084650327e-16,2.1162050380889732e-16,-0.34441632360626906,-0.2053757862462162,4.017949993881519e-17,0.0,-0.22167854860591624,-0.18159196800658303,0.022374446470131693,0.020901671082889366,-0.03447717298445876,0.005126483587046615,0.5308855013178018,0.14451123425117873,0.7947833879078853,-1.2560025943926556,1.2967414223813334,3.5166436726048493
softplus_mlp,20260844,82,19114,2.911,3.595554641233853,True,True,64,2.4434122503080857e-09,2.553124283116049,5.7387255017522865,1.437307101235861,4.301418400516425,0.7495424548888098,1.5960612685287912,0.3997455871627732,1.196315681366018,8.306906840921897,0.6908378306931158,0.5178122835477779,0.7987490543862196,0.9285714285714287,0.5,False,1.2921254405400573,1.7301264587654686e-14,1.1102230246251565e-16,2.220446049250313e-16,0.0,0.0,6.661338147750939e-16,2.220446049250313e-16,1.9466808849948753,0.541413239189949,2.120302968310747,0.5897012227251655,1.0052119686673933,0.27957076695195043,0.453638834248724,0.12616658054542956,0.170836189017541,0.047513167247798166,0.04010383764184109,0.011153727767596665,0.0019508188711636833,0.0005425641009016175,0.4238972338524347,0.37279833816040375,0.12117410445822072,0.06363087207693197,0.3806518696156025,0.345960198235385,0.02267221989472467,0.004062728200989584,0.009865027809441661,0.003342731692843118,0.03486212351961923,0.020644920629340965,0.3689111995782689,-0.8857131115034429,1.1910905043877367,2.628397605623598
softplus_mlp,20260844,83,282,2.93,3.595554641233853,True,True,64,6.188440870857903e-10,3.105057682895919,7.680467655187229,1.4654472479260492,6.21502040726118,0.8091981746793353,2.136100941731647,0.40757195875158925,1.7285289829800583,10.831876091272584,0.7090616242716721,0.5737713720958018,0.8169620532464233,0.9047619047619048,0.5,False,1.2612164901200185,1.443636876707899e-14,2.220446049250313e-16,1.1102230246251565e-16,0.0,1.7763568394002505e-15,2.220446049250313e-16,4.440892098500626e-16,1.884321481606418,0.5240697665937272,2.8377413872455786,0.7892360624150541,1.9386145136122328,0.5391698102373926,0.7662008113992193,0.21309669518366414,0.22210847178800264,0.06177307646527205,0.030667796294756928,0.008529364550063671,0.0008131932410186199,0.0002261662864729999,0.6192244711180277,0.6843621841885972,0.036106281116311506,0.017330106366418834,0.7279256870439198,0.627220251551658,0.003787123428012463,0.0018566277898129603,0.02981517495673864,-0.014798262490430513,0.03757301902797759,0.02666253548527154,0.3544844809562111,-0.9340267400996077,1.29614144524872,2.6964509801042005
softplus_mlp,20260844,84,4634,3.0,3.595554641233853,True,True,64,1.4268107140225084e-08,1.9577697242991636,17.1337939461953,0.8128048440534578,16.320989102141844,0.9525613039000072,4.765271468747769,0.22605826503989246,4.539213203707877,32.64693615876688,0.5248208855762491,0.4999240670784683,0.9661215439859404,0.6428571428571429,0.2,False,0.8283635188922174,9.617306950815419e-15,4.440892098500626e-16,2.220446049250313e-16,4.440892098500626e-16,3.3306690738754696e-15,4.996003610813204e-16,4.440892098500626e-16,1.8319616740349325,0.5095073936649382,4.807404523382717,1.3370411530536508,5.511516202216264,1.5328695436887945,3.391439046545656,0.9432311242478705,1.278145836424227,0.3554794639376187,0.2950243968540613,0.0820525416220126,0.018302266737441255,0.005090248532882992,-0.20384662419947483,0.14357161193999154,-0.005451413597886638,-0.008089466859438498,0.27057988405419287,0.3300319530738089,0.017927659158054644,-0.0582057931217339,-0.1091623131795293,-0.5738612951852824,0.1619396874984922,0.1282588966632472,1.9321684580634308,2.3381029969578075,-0.10638561349811554,-0.3420391791692334
softplus_mlp,20260844,85,9293,3.109,3.595554641233853,True,True,64,2.99847624507521e-09,2.6000802195853705,5.256297448049649,2.0339713790660805,3.2223260689835684,0.6130410428312449,1.4618877954934637,0.565690576841881,0.8961972186515827,7.27984445660094,0.7220343071043975,0.44263666458721523,0.6504470728422134,0.9761904761904763,1.0,False,1.7390985876739606,1.3233771717358067e-14,2.220446049250313e-16,4.440892098500626e-16,0.0,2.6645352591003757e-15,1.734723475976807e-16,2.220446049250313e-16,2.164033781588446,0.6018636893377414,1.6787307264140368,0.4668906174202827,0.8818727310003189,0.24526750918675927,0.39528740829198994,0.10993781147387677,0.10980696889331605,0.030539646827793615,0.023938640590247057,0.006657843637173111,0.0026271912712937428,0.000730677609836627,0.23307413073660357,0.2251642869538772,-0.035021368536547484,-0.022065169395187312,0.3347059533438235,0.3110684777661542,0.01454558464765934,-0.02288322758712264,0.00842735584297358,0.003434831339318469,0.15066096105857807,0.08389680543067388,0.6707735903131272,-1.2224649770262155,1.2229140121791529,3.2439291921038746
softplus_mlp,20260844,86,1661,3.204,3.595554641233853,True,True,64,5.368524513826856e-10,2.705878178488269,9.086546746196946,0.31787482129229155,8.768671924904655,0.9650169827800277,2.52716135696906,0.08840772926849734,2.438753627700563,14.925254470543093,0.6088034722711371,0.587505689917097,0.9814640875202274,0.9285714285714287,1.0,False,0.9557487132965785,9.010153734223536e-15,2.636779683484747e-16,5.551115123125783e-17,8.881784197001252e-16,1.7763568394002505e-15,2.636779683484747e-16,2.220446049250313e-16,1.3532656937687393,0.37637188940183974,3.2796741547989705,0.9121469375510631,2.9025508903733934,0.8072609597103361,1.202351502653586,0.33439945227504214,0.29320574982418024,0.0815467373132629,0.052722145343993276,0.0146631467477577,0.002776609434082121,0.0007722339697580838,0.7812378263393328,0.7638760084567953,0.15374297844487902,0.1045880996592621,0.7426106912322805,0.5911767197616882,0.011693507029091171,0.006829090675405914,0.002109521028362652,-0.0021317013111825816,-0.06759625443803959,-0.05092002229809691,-0.025784930628893157,-0.11660344508920678,1.107864839481256,1.409063428633606
softplus_mlp,20260844,87,17862,3.205,3.595554641233853,True,True,64,1.4472756326711078e-10,1.9256978185308058,6.5428331323440645,1.1909505895326966,5.351882542811368,0.8179763161549527,1.8197006540550922,0.3312286165463499,1.4884720375087424,9.138487383792828,0.7159645636703318,0.5856420562885462,0.7533918241816099,1.0,1.0,False,1.2585616911968307,9.33975119465913e-15,2.220446049250313e-16,2.220446049250313e-16,0.0,2.6645352591003757e-15,2.220446049250313e-16,2.220446049250313e-16,1.9788144134849495,0.5503502549486768,2.2481762042659015,0.6252654815709923,1.5672004200924632,0.4358716739052703,0.5517559389457285,0.15345502822240176,0.1753394955285579,0.04876563229432338,0.019980168740022893,0.0055569086646299675,0.001566491286438807,0.0004356744487969313,0.20475507901452963,0.2060774365849379,0.19797694391867102,0.19657405044155762,0.2693400753275055,0.24228517392871976,0.001866912716158649,9.348223721124802e-06,-0.0055316774057162345,-0.0033987904402749177,-0.13511740811671746,-0.05369175912214283,0.38297116368176315,-0.7776640664825956,1.0094367293946114,2.115506425396885
softplus_mlp,20260844,88,18118,3.401,3.595554641233853,True,True,64,1.5344137072048625e-10,2.918827128036736,5.544431948153535,2.4334129315729274,3.1110190165806073,0.561106898898213,1.542024110708801,0.6767837439227111,0.8652403667860901,7.78957759290763,0.7117756877088831,0.3993822488414743,0.5113820038913733,0.9285714285714287,1.0,False,1.7383197676180302,1.1642596609018341e-14,1.6653345369377348e-16,4.440892098500626e-16,4.440892098500626e-16,2.6645352591003757e-15,8.881784197001252e-16,2.220446049250313e-16,2.4641726102281583,0.6853386629058573,1.9047863794959856,0.5297614887149477,0.5939304920009945,0.1651846658620604,0.432450410134309,0.12027363043658516,0.127857284785316,0.035559822487203366,0.020164444712418485,0.005608159720665194,0.0010703267963511833,0.0002976805814815511,0.45585560485634347,0.46645902098946607,-0.16708042335142043,-0.16829917020419177,0.2696975084676434,0.28882004683505835,0.007421642792638436,-0.018980761079465874,0.02035839054994533,0.01126898751183304,-0.012777609791846846,-0.007734933255294346,1.0807752172573295,-1.3159271605526084,1.2645767972561037,3.663221097791942
softplus_mlp,20260844,89,11610,3.591,3.595554641233853,True,True,64,6.444178524134259e-12,2.675449568498979,3.728600381528355,0.3920505396448115,3.336549841883543,0.8948531621712408,1.0370028420007116,0.1090375696558112,0.9279652723449004,6.972880483307737,0.5347288527968018,0.478503804829418,0.995454278475631,0.8571428571428572,1.0,False,0.42813611398285306,1.5355338528477702e-14,8.881784197001252e-16,1.1102230246251565e-16,1.3322676295501878e-15,2.6645352591003757e-15,9.43689570931383e-16,4.440892098500626e-16,0.7219491092465729,0.20078935832799033,1.3072732994381553,0.36358042913500277,1.0133565580361945,0.28183594998529915,0.5049160145070951,0.14042785185815665,0.1549947334050964,0.043107322477488004,0.025316247638659254,0.007040985373531054,0.0007944192565792583,0.0002209448432430566,0.43023586458201396,0.4720261336000839,-0.006972079358869844,-0.0036765793073632092,0.41286866344388434,0.42223762093839007,0.05566045124590629,0.030347968738278323,0.002617485109174379,-0.03558557743874977,0.02868021520835285,0.019480068270905575,2.205000220388233,2.5425960334689623,-0.45264125211971473,-0.7719760997715259
softplus_mlp,20260844,90,1571,3.866,3.595554641233853,True,True,64,1.1006406896996168e-10,2.813478048191146,7.196607350619361,0.965930286795425,6.230677063823936,0.8657797709760705,2.0015291293556223,0.2686456981401778,1.7328834312154446,13.221625029635167,0.5443058122196605,0.47124896144448164,0.8729363962154251,0.9761904761904763,1.0,False,0.8604738104943865,2.0181772919514174e-14,4.440892098500626e-16,1.1102230246251565e-16,0.0,1.7763568394002505e-15,3.3306690738754696e-16,2.220446049250313e-16,1.2272035963698342,0.3413113465990065,2.649823097060426,0.7369720005565291,2.020348345169825,0.5619017221989765,0.8782179526632848,0.24425103782094518,0.3322023308989162,0.09239251354692733,0.0828664968728483,0.023046930207243847,0.005945531584224389,0.0016535784259933026,0.5362315542338392,0.4163584168375838,-0.10494711439266079,-0.08609599925135866,0.6415357462615914,0.63519880282714,0.0038993421170657695,-0.009636292115447528,0.0052229738658739755,0.003773199811756691,0.24900721927554312,0.17138638552687208,0.3386447848968179,-0.40846917903259805,1.1438835419330753,2.0909627135871993
softplus_mlp,20260844,91,18148,4.473,3.595554641233853,True,True,64,1.4408108039987155e-09,3.9657148569768728,11.404983737434762,2.272565851861345,9.132417885573417,0.8007392290791205,3.171967853482827,0.6320487598212358,2.5399190936615916,17.41578660325437,0.6548646924339088,0.5243758489706634,0.7498803096163792,0.9761904761904763,1.0,False,1.7679766537311261,9.048317650695026e-15,8.881784197001252e-16,8.881784197001252e-16,0.0,3.9968028886505635e-15,8.881784197001252e-16,4.440892098500626e-16,2.7893845410090403,0.7757869979280396,3.5635679893834147,0.9911038337497043,2.646751876094564,0.7361178288716822,1.7040157642647462,0.4739229226898899,0.543563868764436,0.1511766397681294,0.1376985212379606,0.03829687905694235,0.020001176680597685,0.0055627514184387605,1.0209890930193528,0.9231079129873729,0.012943820336713499,0.00702666397492055,0.4802070466747473,0.5238898564585646,0.008863205233127818,-0.001646887147836797,0.04738200426926057,-0.018660243350448826,0.1633819646968242,0.13534400506020278,0.5946948944513915,-1.4694823213788835,1.6372528282954546,3.8661358703729847
softplus_mlp,20260844,92,9313,4.878,3.595554641233853,True,True,64,4.070934811473137e-09,3.132598629770027,13.62975597963753,3.251085122590887,10.378670857046643,0.7614715092883603,3.7907241968544616,0.9041957213797875,2.886528475474674,18.892067970485584,0.7214538927623392,0.5493665846037012,0.4048849236026529,0.9761904761904763,1.0,False,1.7796072347478469,1.3749418270592173e-14,4.440892098500626e-16,8.881784197001252e-16,1.3322676295501878e-15,8.881784197001252e-16,2.636779683484747e-16,2.220446049250313e-16,2.9185650652304487,0.8117148413655902,4.1654567802606035,1.1585018713082837,3.041771609498904,0.8459811942824731,2.143062389178121,0.5960311003485977,1.0155873426480846,0.28245637849619076,0.3008476665666123,0.08367211642857227,0.04446512625475402,0.012366694624753451,0.4135788466267711,0.4031688412463403,-0.311974421559918,-0.2565928632856251,0.6523947692399416,0.6600168332044173,-0.014431275255246347,-0.028992758155005936,-0.044535225890918996,-0.02333833803585426,0.14257676220885934,0.1080681908377858,1.0939917857316384,-2.0976132772079845,1.2009973886689012,4.367882001165954
softplus_mlp,20260844,93,6702,4.932,3.595554641233853,True,True,64,5.155875726359227e-13,1.2926769661975024,2.3357144195247663,0.8188524286822992,1.5168619908424672,0.6494209986300867,0.6496117157388661,0.22774022658192764,0.42187148915693845,6.414574414964919,0.36412617087669097,0.23647118151809027,0.9637460693812708,0.8333333333333335,1.0,False,0.45968311261437567,9.729847136319414e-15,2.220446049250313e-16,2.0816681711721685e-17,0.0,2.4424906541753444e-15,2.220446049250313e-16,2.220446049250313e-16,0.916115942035542,0.2547912724032938,0.790250186057195,0.21978533631351302,0.4099204794322545,0.11400757889513978,0.1713641162815919,0.04765999501617544,0.037680639476274744,0.010479784966734431,0.009700446934180009,0.002697900018799658,0.0006826093077259462,0.00018984812520932834,0.07031141809316835,0.03539156430722521,-0.09173950116967744,-0.05757113272286228,0.0185629458972227,0.020965340466281634,0.004998593191163917,-0.06335771498731957,-0.0011617887393702295,-7.844544613247296e-05,-0.32303536270857924,-0.2092777747485223,1.7906206027374914,2.458061337150623,-0.1758799411039168,-0.8914562078217881
softplus_mlp,20260844,94,9850,5.0,3.595554641233853,True,True,64,1.136046423599879e-09,1.5864761180083287,52.46927075398432,1.6932620140310202,50.7760087399533,0.9677285010883739,14.592816961329484,0.47093207668510334,14.12188488464438,84.57716820959129,0.6203715714855792,0.6003512509915785,0.7161471718900814,0.6190476190476191,0.5,False,1.128975893204804,1.0880185641326534e-14,2.220446049250313e-16,4.0245584642661925e-16,2.220446049250313e-16,2.220446049250313e-16,4.996003610813204e-16,2.220446049250313e-16,2.9913226386605776,0.8319502655740683,8.361421028282589,2.325488516401263,13.3823647071657,3.721919437323138,14.736597959339022,4.098560425237204,9.521055116027046,2.648007349642111,2.9596671928606777,0.8231462147506222,0.5168421116487061,0.14374475240107773,-0.8971110807338967,-0.5566370038449648,0.03819969241044402,0.10391463399141522,-0.07585040999940787,0.6088654305907218,0.0600520329267675,0.19972878389968318,0.17131325029331748,0.08928919436004566,0.5450018036691657,-0.2106611167027238,0.4115777689934932,-0.4439972687323657,1.3332930604484456,1.7959734644465173
softplus_mlp,20260844,95,10805,5.00001,3.595554641233853,True,True,64,7.439826532618099e-12,1.8566300104342655,4.927783047497778,0.8259235030171401,4.101859544480638,0.8323945078230409,1.37052097358942,0.2297068423172998,1.14081413127212,15.571054465752741,0.31647073474285464,0.2634285014866746,0.9904984324809406,0.7857142857142858,1.0,False,0.22940800944364592,9.423017921506016e-15,4.440892098500626e-16,2.220446049250313e-16,4.440892098500626e-16,2.220446049250313e-15,6.661338147750939e-16,2.220446049250313e-16,0.575495112596345,0.1600573958733826,1.0302216595157494,0.2865264923806631,1.1969217312579858,0.33288931769571145,1.087990575227213,0.3025932529991694,0.7172519289714774,0.19948297287601358,0.2727684898729494,0.07586270188883737,0.04713355005605554,0.013108839875641872,-0.10899990563821846,-0.07989068814825123,-0.01269441192803795,-0.005968345447611833,-0.07966597568092754,-0.06630086666516258,0.10984856059375,0.05559214605585294,-0.025409535851315834,-0.14236823431858456,0.46715305944738306,0.20687106793904642,2.327758231574679,3.1044813416056614,-0.8213600120830464,-1.215786410586683
softplus_mlp,20260844,96,14807,5.00001,3.595554641233853,True,True,64,2.2239121211242718e-08,3.2091074809030573,18.138052521744868,1.5064557366062417,16.631596785138626,0.916945011885911,5.044577076854157,0.41897728915872773,4.625599787695429,35.97584556156024,0.5041730705316669,0.46229898215121557,0.9950284585861067,0.7380952380952381,1.0,False,0.6387608455994206,3.120870228912054e-11,1.7763568394002505e-15,4.440892098500626e-16,1.7763568394002505e-15,3.1086244689504383e-15,1.9984014443252818e-15,8.881784197001252e-16,0.6659418638374907,0.18521255558195762,3.433765516655657,0.9550030132422974,4.873433468649072,1.355405203069505,4.634681537976702,1.2890032277151715,2.7930091014208505,0.7767950650479892,1.5350776336847265,0.4269376457474578,0.20214339952036497,0.056220366449777355,0.2509718862200736,0.25315478137365094,0.04035349603882442,-0.2837450881547018,0.2084586844339209,0.25225251734489057,0.1075336517717357,0.06459888606212609,0.11796451222735188,0.0034219235392154226,0.8889454931127636,1.0065524784005575,3.3755498672963054,4.718421890550205,-1.7806701101979163,-2.805549908212884
softplus_mlp,20260844,97,15672,5.00001,3.595554641233853,True,True,128,1.6986412276764895e-14,4.449320439770573,58.48262019391002,5.043948379663279,53.438671814246746,0.913753037005881,16.265256971269693,1.4028290160909345,14.862427955178758,64.9969958639758,0.8997742036616753,0.8221714112154038,0.38679853491521315,0.9761904761904763,0.5,False,2.6538806480187733,2.5923707624997405e-14,8.881784197001252e-16,1.7763568394002505e-15,8.881784197001252e-16,1.5987211554602254e-14,2.6645352591003757e-15,2.220446049250313e-16,4.633637110864243,1.288712750385059,10.411072818072414,2.895540148014478,12.695751533906964,3.530957752195439,15.854213182420779,4.409392921082194,10.031809763030157,2.7900590490227217,3.9818212044083756,1.107428923133253,0.8743145812070807,0.24316542743654435,0.8630992893379879,0.515756331210866,-0.2803007303122664,-0.16902702959822596,0.7020184709920944,0.9594444703084553,-0.059073544863541445,-0.1627117471640159,0.009357172732170481,0.0056317169195869,0.3367664048745186,0.22756096787780852,1.3578432566457883,-3.1221930697806104,1.519610120363822,6.194858799996693
softplus_mlp,20260844,98,15698,5.00001,3.595554641233853,True,True,128,8.72635297355373e-14,4.4634795399995735,40.59821654670366,4.388958398216617,36.209258148487045,0.8918928275293173,11.29122502579239,1.2206624112686266,10.070562614523764,46.18375459959128,0.8790583809975239,0.7840258649912255,0.38117723013305466,0.9047619047619048,1.0,False,2.567841098315452,2.5701663020072374e-14,6.661338147750939e-16,4.440892098500626e-16,0.0,2.042810365310288e-14,8.881784197001252e-16,2.220446049250313e-16,5.43435219193757,1.5114085959413244,9.704971756327044,2.6991584678008618,10.558671780100882,2.9365905496231206,8.821385445238363,2.4534143756500417,4.593992083183577,1.2776866273980751,1.3666967263709948,0.3801073444129327,0.11814656354521248,0.03285906496602962,1.8037623547394759,1.1063608712035653,-0.433715354875338,-0.7378945561430659,0.7712208127351472,1.086278488229838,0.08614878583180624,0.09893583638475752,0.05669577542271939,-0.07075504473533757,-0.0029213232303401324,0.0006455388678274825,1.2184545936251747,-2.041472299629756,0.9638338957509278,5.021380705821724
softplus_mlp,20260844,99,17110,5.00001,3.595554641233853,True,True,128,1.1080025785759062e-13,4.408671998183537,22.89251177868819,2.970595675626618,19.92191610306157,0.8702372328408235,6.366893028451482,0.826185657578333,5.5407073708731485,31.375383950380204,0.7296328808244202,0.6349536991983219,0.5853780769369187,0.9761904761904763,1.0,False,1.9759308334758066,1.8887669206435476e-14,4.440892098500626e-16,8.881784197001252e-16,0.0,2.5757174171303632e-14,1.3322676295501878e-15,8.881784197001252e-16,4.743414906010703,1.3192442833751372,6.661312375247041,1.8526522442059565,6.012807272749344,1.6722892217502179,3.7366030405192734,1.0392285511859216,1.3574220007037812,0.3775278465071434,0.34793208070291015,0.09676729056285835,0.03302010275512835,0.00918359086424484,1.834658738376959,1.3498668708263406,-0.3028483808090321,-0.3787681886572415,0.7636747009880429,0.948984087393851,-0.032270577301039875,-0.033188918385451426,0.060155087510025795,-0.06620683053920633,1.4081596282605746e-05,-0.0026526149023152596,0.938930284529544,-1.3410067600660172,1.1463580632927548,3.931644352513551
