family,seed,audit_id,dataset_index,target,resolved,certification_pass,quadrature_order,numerical_tolerance,nested_quadrature_error,endpoint_change,R,D,H,chi,R_over_s,D_over_s,H_over_s,max_abs_transfer_entry,pot_conservation_error,bshap_reconstruction_error,ig_reconstruction_error,bshap_completeness_error,ig_completeness_error,margin_gap_error,interior_mobius_reconstruction_error
additive,20260840,0,18834,0.557,True,True,32,3.250886749983377e-08,6.492584248007915e-13,-0.9882363504531388,5.555278459468127e-14,5.639338202761175e-16,5.4988850774405155e-14,,1.7088501958724132e-14,1.73470767715609e-16,1.6915031191008526e-14,4.810966440042345e-16,2.886579864025407e-15,2.6645352591003757e-15,0.0,1.887379141862766e-15,0.0,2.0821968488029422e-15,4.440892098500626e-16
additive,20260840,1,12797,0.598,True,True,32,3.250886749983377e-08,2.220446049250313e-16,-0.6600047243957556,7.075069696771408e-14,8.864767385760721e-16,6.9864220229138e-14,,2.1763507131731318e-14,2.7268767162701223e-16,2.1490819460104306e-14,6.291263806209221e-16,3.774758283725532e-15,1.5543122344752192e-15,0.0,6.661338147750939e-16,2.220446049250313e-16,1.5971351225679042e-15,4.440892098500626e-16
additive,20260840,2,19817,0.656,True,True,32,3.250886749983377e-08,2.7755575615628914e-17,-0.9789413111730261,1.784163095042146e-14,4.475421356260547e-16,1.7394088814795406e-14,,5.48823515630395e-15,1.3766771039573838e-16,5.350567445908212e-15,4.440892098500626e-16,8.881784197001252e-16,6.106226635438361e-16,0.0,5.551115123125783e-16,6.661338147750939e-16,5.773159728050814e-16,4.440892098500626e-16
additive,20260840,3,2319,0.682,True,True,32,3.250886749983377e-08,1.1102230246251565e-16,-0.6957926135946113,2.8453368133840584e-14,3.565311075471283e-16,2.8096837026293456e-14,,8.752494418326346e-15,1.0967195567454061e-16,8.642822462651806e-15,3.108624468950438e-16,1.5543122344752192e-15,7.771561172376096e-16,0.0,1.9984014443252818e-15,8.881784197001252e-16,7.145078179909043e-16,4.440892098500626e-16
additive,20260840,4,2961,0.699,True,True,32,3.250886749983377e-08,2.7755575615628914e-17,0.0338926153262431,3.3181790648484366e-14,5.470491784432765e-16,3.263474147004109e-14,,1.0206996798228678e-14,1.6827691042946168e-16,1.0038719887799218e-14,5.551115123125783e-16,1.1102230246251565e-15,4.996003610813204e-16,0.0,6.661338147750939e-16,2.220446049250313e-16,5.448022985124875e-16,4.440892098500626e-16
additive,20260840,5,9528,0.7,True,True,32,3.250886749983377e-08,1.1102230246251565e-16,-0.36362237313368784,7.802959667291276e-14,7.508709262825704e-16,7.727872574663019e-14,,2.400255766317044e-14,2.309741876693828e-16,2.3771583475501058e-14,7.61295788314393e-16,5.329070518200751e-15,2.220446049250313e-16,0.0,1.27675647831893e-15,7.216449660063518e-16,4.953709400351294e-16,4.440892098500626e-16
additive,20260840,6,2903,0.725,True,True,32,3.250886749983377e-08,1.1102230246251565e-16,0.18440671429943123,4.4825254619240695e-14,5.667424201896035e-16,4.425851219905109e-14,,1.3788623863771909e-14,1.7433471657925378e-16,1.3614289147192655e-14,5.551115123125783e-16,2.886579864025407e-15,1.3322676295501878e-15,0.0,2.275957200481571e-15,5.551115123125783e-16,1.3779982446121288e-15,4.440892098500626e-16
additive,20260840,7,2561,0.741,True,True,32,3.250886749983377e-08,5.284661597215745e-14,-0.25863856615445435,5.41962308364674e-14,7.524073956470074e-16,5.3443823440820393e-14,,1.6671214657583664e-14,2.3144681851831804e-16,1.6439767839065346e-14,8.881784197001252e-16,2.220446049250313e-15,2.886579864025407e-15,0.0,2.7200464103316335e-15,4.996003610813204e-16,2.927023702779609e-15,4.440892098500626e-16
additive,20260840,8,9579,0.797,True,True,32,3.250886749983377e-08,1.1102230246251565e-16,-0.608745721929443,5.5310140148479014e-14,5.068882648274183e-16,5.48032518836516e-14,,1.7013862494213873e-14,1.5592307693585763e-16,1.6857939417278015e-14,5.181040781584064e-16,3.1086244689504383e-15,7.771561172376096e-16,0.0,1.7763568394002505e-15,2.220446049250313e-16,9.547918011776348e-16,4.440892098500626e-16
additive,20260840,9,12279,0.819,True,True,32,3.250886749983377e-08,2.886579864025407e-15,-0.606042002209076,3.893716946090642e-14,8.126394729093157e-16,3.81245299879971e-14,,1.1977399539096684e-14,2.4997471010439567e-16,1.1727424828992288e-14,6.661338147750939e-16,1.9984014443252818e-15,3.552713678800501e-15,0.0,1.1102230246251565e-15,2.220446049250313e-16,3.4221303039993514e-15,4.440892098500626e-16
additive,20260840,10,5210,0.904,True,True,32,3.250886749983377e-08,4.218847493575595e-15,-0.19577056204826904,4.081804338973427e-14,6.828202024963948e-16,4.013522318723788e-14,,1.2555972117436262e-14,2.1004121490848191e-16,1.2345930902527781e-14,6.661338147750939e-16,1.7763568394002505e-15,8.881784197001252e-16,0.0,2.220446049250313e-15,2.220446049250313e-16,8.757544953769389e-16,4.440892098500626e-16
additive,20260840,11,7482,0.932,True,True,32,3.250886749983377e-08,3.1086244689504383e-15,-0.07763649314762233,4.527816652426936e-14,5.921193336818119e-16,4.468604719058755e-14,,1.3927943360223448e-14,1.8214086777548914e-16,1.3745802492447958e-14,4.440892098500626e-16,1.9984014443252818e-15,1.3322676295501878e-15,0.0,9.992007221626409e-16,2.220446049250313e-16,1.2915594519805987e-15,4.440892098500626e-16
additive,20260840,12,13055,0.961,True,True,32,3.250886749983377e-08,2.220446049250313e-16,-0.26798105614337464,3.815155656672342e-14,6.354725773372039e-16,3.7516083989386216e-14,,1.1735738431035318e-14,1.9547668873437481e-16,1.1540261742300942e-14,7.771561172376096e-16,2.6645352591003757e-15,1.9984014443252818e-15,0.0,6.661338147750939e-16,0.0,1.833982701154604e-15,4.440892098500626e-16
additive,20260840,13,12827,0.962,True,True,32,3.250886749983377e-08,2.220446049250313e-16,-0.22112269569854037,2.2088234019612685e-14,5.298175919152402e-16,2.1558416427697446e-14,,6.794525838134973e-15,1.6297633004839352e-16,6.63154950808658e-15,2.220446049250313e-16,1.1102230246251565e-15,2.498001805406602e-16,0.0,8.326672684688674e-17,5.551115123125783e-17,3.177352560951044e-16,4.440892098500626e-16
additive,20260840,14,2997,1.002,True,True,32,3.250886749983377e-08,1.1102230246251565e-16,-0.343624893889112,3.6640395578713125e-14,3.252647820396416e-16,3.6315130796673484e-14,,1.1270892650720755e-14,1.0005417200131773e-16,1.1170838478719438e-14,3.7007434154171886e-16,2.220446049250313e-15,8.881784197001252e-16,0.0,1.3877787807814457e-15,3.3306690738754696e-16,9.57963866962278e-16,4.440892098500626e-16
additive,20260840,15,5030,1.01,True,True,32,3.250886749983377e-08,8.881784197001252e-16,0.3518128167212513,3.6132555281120915e-14,8.754736353855902e-16,3.525708164573532e-14,,1.1114676720530383e-14,2.693030249023799e-16,1.0845373695628003e-14,8.881784197001252e-16,2.220446049250313e-15,1.7763568394002505e-15,0.0,1.0547118733938987e-15,3.3306690738754696e-16,1.7988256387081406e-15,4.440892098500626e-16
additive,20260840,16,9116,1.026,True,True,32,3.250886749983377e-08,1.1102230246251565e-16,-0.6420900876583617,4.511148399277687e-14,4.341930254490139e-16,4.4677290967327856e-14,,1.3876670417081598e-14,1.3356141226735569e-16,1.3743109004814242e-14,4.440892098500626e-16,2.220446049250313e-15,1.3322676295501878e-15,0.0,4.440892098500626e-16,3.3306690738754696e-16,1.3150856065500368e-15,4.440892098500626e-16
additive,20260840,17,20015,1.034,True,True,32,3.250886749983377e-08,2.7755575615628914e-17,-0.7556560830227141,3.6582716023136896e-14,6.818041501747512e-16,3.5900911872962146e-14,,1.1253149936190167e-14,2.0972866870192803e-16,1.1043421267488239e-14,4.163336342344337e-16,1.1102230246251565e-15,8.881784197001252e-16,0.0,2.220446049250313e-16,6.661338147750939e-16,5.1863275578918e-16,4.440892098500626e-16
additive,20260840,18,1857,1.059,True,True,32,3.250886749983377e-08,6.719069745031447e-13,-0.7223857274222787,6.167700898618289e-14,3.675858394124905e-16,6.13094231467704e-14,,1.8972364689879852e-14,1.130724838121076e-16,1.8859292206067744e-14,5.181040781584064e-16,3.1086244689504383e-15,1.5543122344752192e-15,0.0,1.4432899320127035e-15,9.992007221626409e-16,1.800940349231236e-15,4.440892098500626e-16
additive,20260840,19,19048,1.075,True,True,32,3.250886749983377e-08,3.3306690738754696e-16,0.13928003449987925,4.421105408852766e-14,6.580621877443135e-16,4.355299190078334e-14,,1.3599690634794868e-14,2.0242544214980063e-16,1.3397265192645067e-14,6.661338147750939e-16,1.9984014443252818e-15,2.220446049250313e-15,0.0,3.6637359812630166e-15,2.7755575615628914e-17,2.2637976149737714e-15,4.440892098500626e-16
additive,20260840,20,9519,1.089,True,True,32,3.250886749983377e-08,2.220446049250313e-16,0.20211829753390886,4.528950998949899e-14,9.783282814820483e-16,4.431118170801694e-14,,1.3931432705162851e-14,3.009419757507858e-16,1.3630490729412066e-14,1.1102230246251565e-15,1.5543122344752192e-15,1.4432899320127035e-15,0.0,0.0,1.1102230246251565e-15,1.469195135920624e-15,4.440892098500626e-16
additive,20260840,21,2993,1.098,True,True,32,3.250886749983377e-08,1.1102230246251565e-16,-0.17574929172726295,3.5054858321670324e-14,4.052603160461148e-16,3.464959800562421e-14,,1.0783168106932538e-14,1.2466146845877883e-16,1.065850663847376e-14,2.854859206178974e-16,1.9984014443252818e-15,4.996003610813204e-16,0.0,6.106226635438361e-16,6.661338147750939e-16,5.281489531431101e-16,4.440892098500626e-16
additive,20260840,22,11936,1.16,True,True,32,3.250886749983377e-08,2.886579864025407e-15,0.21668713694727693,4.763550665032312e-14,7.231649141948265e-16,4.69123417361283e-14,,1.4653080932630673e-14,2.2245158623213324e-16,1.443062934639854e-14,6.661338147750939e-16,3.1086244689504383e-15,1.5543122344752192e-15,0.0,1.1102230246251565e-16,2.7755575615628914e-16,1.609294708075703e-15,4.440892098500626e-16
additive,20260840,23,9470,1.162,True,True,32,3.250886749983377e-08,2.220446049250313e-16,0.11295288606528175,4.453035162832464e-14,4.010680676458377e-16,4.41292835606788e-14,,1.3697909233089199e-14,1.2337189772848545e-16,1.3574537335360713e-14,6.026924990822279e-16,4.218847493575595e-15,6.661338147750939e-16,0.0,9.43689570931383e-16,4.440892098500626e-16,1.1369212449792377e-15,4.440892098500626e-16
additive,20260840,24,16444,1.167,True,True,32,3.250886749983377e-08,2.220446049250313e-16,-0.06690691335419574,3.006102311520209e-14,4.418918934471586e-16,2.961913122175493e-14,,9.247022559415766e-15,1.3592964856417041e-16,9.111092910851596e-15,3.3306690738754696e-16,2.220446049250313e-15,1.1102230246251565e-15,0.0,6.661338147750939e-16,2.7755575615628914e-16,8.21036360591842e-16,4.440892098500626e-16
additive,20260840,25,12155,1.172,True,True,32,3.250886749983377e-08,5.211386877590485e-13,-0.1104026054121614,4.393881092301655e-14,9.091768343474256e-16,4.3029634088669124e-14,,1.3515946356249174e-14,2.7967041126611824e-16,1.3236275944983057e-14,8.881784197001252e-16,1.5543122344752192e-15,1.7763568394002505e-15,0.0,1.887379141862766e-15,1.6653345369377348e-16,1.5056738924440222e-15,4.440892098500626e-16
additive,20260840,26,13083,1.18,True,True,32,3.250886749983377e-08,3.3306690738754696e-16,-0.1378487092944214,3.810146642635459e-14,4.00539390015064e-16,3.7700927036339524e-14,,1.1720330284206123e-14,1.2320927206003471e-16,1.1597121012146087e-14,4.440892098500626e-16,1.7763568394002505e-15,1.1102230246251565e-15,0.0,2.3314683517128287e-15,3.3306690738754696e-16,1.1266120311791469e-15,4.440892098500626e-16
additive,20260840,27,12928,1.216,True,True,32,3.250886749983377e-08,1.1102230246251565e-16,-0.12986615393607615,4.173689795465215e-14,6.75752817727879e-16,4.106114513692427e-14,,1.2838619479705212e-14,2.07867228143624e-16,1.2630752251561587e-14,5.551115123125783e-16,1.3322676295501878e-15,1.4432899320127035e-15,0.0,2.1649348980190553e-15,5.828670879282072e-16,1.3343823400732834e-15,4.440892098500626e-16
additive,20260840,28,15342,1.256,True,True,32,3.250886749983377e-08,1.196032162198435e-10,0.44964729531285696,3.968938892817686e-14,7.845183662755349e-16,3.890487056190133e-14,,1.220878854927192e-14,2.4132442210715164e-16,1.1967464127164768e-14,8.881784197001252e-16,1.9984014443252818e-15,4.440892098500626e-16,0.0,3.3306690738754696e-16,1.1102230246251565e-16,5.326427130046886e-16,4.440892098500626e-16
additive,20260840,29,13936,1.286,True,True,32,3.250886749983377e-08,1.3072876114961218e-14,1.1503799739186498,2.7342711428346433e-14,1.0066352513453985e-15,2.6336076177001036e-14,,8.410847110711022e-15,3.0964943683459466e-16,8.101197673876428e-15,7.771561172376096e-16,8.881784197001252e-16,1.1102230246251565e-15,0.0,4.440892098500626e-16,1.1102230246251565e-15,1.158861366656354e-15,4.440892098500626e-16
additive,20260840,30,243,1.375,True,True,32,3.250886749983377e-08,8.326672684688674e-17,0.5212371554916102,3.646735691198444e-14,4.806670934292307e-16,3.598668981855521e-14,,1.1217664507128989e-14,1.4785722493460854e-16,1.1069807282194381e-14,3.885780586188048e-16,1.7763568394002505e-15,1.1102230246251565e-15,0.0,1.9984014443252818e-15,5.551115123125783e-16,1.4155343563970746e-15,4.440892098500626e-16
additive,20260840,31,12361,1.375,True,True,32,3.250886749983377e-08,4.9729914630702865e-11,-0.408918269641086,5.611310027742178e-14,1.4786617697466687e-15,5.463443850767511e-14,,1.726085975702128e-14,4.548487485004605e-16,1.680601100852082e-14,1.1102230246251565e-15,2.886579864025407e-15,1.7763568394002505e-15,0.0,3.885780586188048e-16,1.7208456881689926e-15,1.5667361587984055e-15,4.440892098500626e-16
additive,20260840,32,6134,1.385,True,True,32,3.250886749983377e-08,6.661338147750939e-16,-0.07708186952435314,4.774045742061972e-14,7.058589823749628e-16,4.7034598438244754e-14,,1.4685364668844226e-14,2.171281366164392e-16,1.4468236532227785e-14,6.661338147750939e-16,3.1086244689504383e-15,1.5543122344752192e-15,0.0,7.771561172376096e-16,3.885780586188048e-16,1.3362327117809923e-15,4.440892098500626e-16
additive,20260840,33,1951,1.426,True,True,32,3.250886749983377e-08,3.469446951953614e-18,-0.46435548632980006,2.970713952610282e-14,5.072166231996567e-16,2.919992290290316e-14,,9.138165002596514e-15,1.5602408272212198e-16,8.98214091987439e-15,4.163336342344337e-16,1.5543122344752192e-15,2.498001805406602e-16,0.0,2.7755575615628914e-16,5.551115123125783e-16,2.540296015868513e-16,4.440892098500626e-16
additive,20260840,34,10023,1.444,True,True,32,3.250886749983377e-08,1.1102230246251565e-16,-0.5817854094749182,9.095198552633299e-14,6.718212295999043e-16,9.028016429673309e-14,,2.79775927373656e-14,2.0665783869688462e-16,2.7770934898668715e-14,8.881784197001252e-16,6.217248937900877e-15,1.5543122344752192e-15,0.0,1.3322676295501878e-15,2.220446049250313e-16,1.816536339339066e-15,4.440892098500626e-16
additive,20260840,35,9457,1.458,True,True,32,3.250886749983377e-08,4.440892098500626e-16,-0.013948356372814885,3.9603736956550506e-14,4.930910177524171e-16,3.911064593879809e-14,,1.218244128521334e-14,1.5167892814320228e-16,1.2030762357070136e-14,6.661338147750939e-16,1.9984014443252818e-15,1.5543122344752192e-15,0.0,4.440892098500626e-16,2.220446049250313e-16,1.3182576723346799e-15,4.440892098500626e-16
additive,20260840,36,2358,1.487,True,True,32,3.250886749983377e-08,5.551115123125783e-17,0.13254264607326105,2.603472992745992e-14,2.8522158180251033e-16,2.574950834565741e-14,,8.008501042859473e-15,8.773654812920467e-17,7.92076449473027e-15,3.0531133177191805e-16,1.7763568394002505e-15,2.220446049250313e-16,0.0,7.216449660063518e-16,6.106226635438361e-16,2.0962068060184508e-16,4.440892098500626e-16
additive,20260840,37,15340,1.516,True,True,32,3.250886749983377e-08,1.9023671526952057e-10,-0.006947370622144788,3.745789756929435e-14,9.369188574358982e-16,3.6520978711858456e-14,,1.1522363111998868e-14,2.8820408998888967e-16,1.1234159022009979e-14,1.3322676295501878e-15,1.5543122344752192e-15,2.220446049250313e-15,0.0,3.6637359812630166e-15,9.43689570931383e-16,2.1310995296495268e-15,4.440892098500626e-16
additive,20260840,38,7011,1.556,True,True,32,3.250886749983377e-08,1.1102230246251565e-15,0.056221042433460156,3.8469227803261674e-14,5.568297146125935e-16,3.791239808864908e-14,,1.1833456764822207e-14,1.7128548529580146e-16,1.1662171279526405e-14,4.440892098500626e-16,2.220446049250313e-15,1.2212453270876722e-15,0.0,2.220446049250313e-16,5.551115123125783e-17,1.533958145690425e-15,4.440892098500626e-16
additive,20260840,39,4943,1.563,True,True,32,3.250886749983377e-08,2.220446049250313e-16,0.45635521923257194,4.2538889077903264e-14,4.765037570868862e-16,4.2062385320816376e-14,,1.3085318668243604e-14,1.4657654779555849e-16,1.2938742120448045e-14,2.498001805406602e-16,1.5543122344752192e-15,1.7763568394002505e-15,0.0,1.2212453270876722e-15,5.551115123125783e-17,1.709479119107354e-15,4.440892098500626e-16
additive,20260840,40,10139,1.595,True,True,32,3.250886749983377e-08,4.218847493575595e-15,0.4820099635311563,3.973644330246273e-14,6.142986251953109e-16,3.9122144677267424e-14,,1.2223262869020558e-14,1.8896340366161696e-16,1.2034299465358943e-14,6.661338147750939e-16,1.7763568394002505e-15,6.661338147750939e-16,0.0,1.942890293094024e-15,4.440892098500626e-16,7.02612571298492e-16,4.440892098500626e-16
additive,20260840,41,13689,1.6,True,True,32,3.250886749983377e-08,4.440892098500626e-16,0.26530417178444066,4.36805539655305e-14,9.316807411542341e-16,4.2748873224376264e-14,,1.3436504352467477e-14,2.865928015360726e-16,1.3149911550931405e-14,4.440892098500626e-16,1.7763568394002505e-15,7.771561172376096e-16,0.0,1.1102230246251565e-16,7.771561172376096e-16,6.656051371443199e-16,4.440892098500626e-16
additive,20260840,42,12306,1.611,True,True,32,3.250886749983377e-08,1.883385114531677e-11,0.5112682532531494,5.518502321777419e-14,1.4985367444285743e-15,5.3686486473345615e-14,,1.6975375478108047e-14,4.609624572237827e-16,1.6514413020884267e-14,1.1379786002407855e-15,2.6645352591003757e-15,1.7763568394002505e-15,0.0,1.4432899320127035e-15,4.440892098500626e-16,1.97091020752504e-15,4.440892098500626e-16
additive,20260840,43,14526,1.634,True,True,32,3.250886749983377e-08,1.9352344171608138e-09,0.05889711273271647,4.0294156899989275e-14,8.442320916420463e-16,3.944992480834723e-14,,1.2394820244105801e-14,2.596928643073657e-16,1.2135127379798434e-14,8.881784197001252e-16,3.1086244689504383e-15,1.5543122344752192e-15,0.0,1.4155343563970746e-15,6.106226635438361e-16,1.7160875894920275e-15,4.440892098500626e-16
additive,20260840,44,17733,1.645,True,True,32,3.250886749983377e-08,2.220446049250313e-16,0.5863186530977598,2.73808211347093e-14,3.377470467654428e-16,2.7043074087943857e-14,,8.422569975668732e-15,1.0389382120652768e-16,8.318676154462206e-15,2.7755575615628914e-16,1.5543122344752192e-15,1.3322676295501878e-15,0.0,6.661338147750939e-16,1.1102230246251565e-16,1.021405182655144e-15,4.440892098500626e-16
additive,20260840,45,6168,1.655,True,True,32,3.250886749983377e-08,4.440892098500626e-16,0.5012828370142812,6.052016526814086e-14,6.612352861024543e-16,5.985892998203841e-14,,1.8616509870253192e-14,2.034015137887641e-16,1.841310835646443e-14,6.661338147750939e-16,3.1086244689504383e-15,6.661338147750939e-16,0.0,2.220446049250313e-16,1.1102230246251565e-16,5.511464300817743e-16,4.440892098500626e-16
additive,20260840,46,14636,1.663,True,True,32,3.250886749983377e-08,2.979898772181855e-09,1.0619156161107637,5.843849709696869e-14,9.506202042473098e-16,5.748787689272138e-14,,1.797617130072818e-14,2.92418739057019e-16,1.768375256167116e-14,8.881784197001252e-16,3.3306690738754696e-15,1.1102230246251565e-15,0.0,0.0,4.440892098500626e-16,9.595498998545995e-16,1.1102230246251565e-15
additive,20260840,47,13286,1.664,True,True,32,3.250886749983377e-08,4.440892098500626e-16,0.9020813528722709,4.312349088930745e-14,7.2456921415157e-16,4.2398921675155876e-14,,1.3265147083185212e-14,2.2288356066395576e-16,1.3042263522521256e-14,6.661338147750939e-16,1.9984014443252818e-15,1.1102230246251565e-15,0.0,2.220446049250313e-15,1.1102230246251565e-16,1.3219584157500969e-15,4.440892098500626e-16
additive,20260840,48,14542,1.683,True,True,32,3.250886749983377e-08,1.9352344171608138e-09,0.5501141962417637,2.6661832464025533e-14,9.086233749527093e-16,2.5753209089072825e-14,,8.201403036928883e-15,2.7950016251945886e-16,7.921902874409424e-15,8.881784197001252e-16,1.9984014443252818e-15,8.881784197001252e-16,0.0,8.881784197001252e-16,4.440892098500626e-16,4.2373512106526795e-16,4.440892098500626e-16
additive,20260840,49,14720,1.772,True,True,32,3.250886749983377e-08,2.979898772181855e-09,0.6484799086130035,5.918182610642475e-14,9.835386473509645e-16,5.819828745907379e-14,,1.820482553159607e-14,3.025447279441505e-16,1.790228080365192e-14,8.881784197001252e-16,2.6645352591003757e-15,1.1102230246251565e-15,0.0,1.9984014443252818e-15,2.220446049250313e-16,9.994650609780277e-16,4.440892098500626e-16
additive,20260840,50,7158,1.819,True,True,32,3.250886749983377e-08,4.440892098500626e-16,-0.16062505029712182,4.019354293838262e-14,5.665111237261401e-16,3.962703181465648e-14,,1.2363870546578759e-14,1.7426356784930662e-16,1.2189606978729452e-14,6.661338147750939e-16,2.886579864025407e-15,2.220446049250313e-15,0.0,2.6645352591003757e-15,0.0,2.5614431210994685e-15,4.440892098500626e-16
additive,20260840,51,730,1.828,True,True,32,3.250886749983377e-08,2.220446049250313e-16,0.993506873165436,3.172288820518787e-14,5.634216638213052e-16,3.115946654136657e-14,,9.758226184086568e-15,1.7331322409929727e-16,9.58491295998727e-15,4.440892098500626e-16,1.5543122344752192e-15,8.881784197001252e-16,0.0,1.1102230246251565e-15,6.661338147750939e-16,7.367122784834075e-16,4.440892098500626e-16
additive,20260840,52,738,1.869,True,True,32,3.250886749983377e-08,2.220446049250313e-16,1.104876848951168,4.772094178151498e-14,3.8540186254017084e-16,4.733553991897481e-14,,1.467936149475493e-14,1.1855284178759582e-16,1.4560808652967333e-14,5.329070518200751e-16,2.6645352591003757e-15,3.3306690738754696e-16,0.0,6.661338147750939e-16,8.881784197001252e-16,4.287575585576199e-16,4.440892098500626e-16
additive,20260840,53,3461,1.894,True,True,32,3.250886749983377e-08,2.220446049250313e-16,0.6871482346146198,1.2292250550771655e-14,3.330008226837002e-16,1.1959249728087955e-14,,3.781199253045191e-15,1.0243384291544544e-16,3.678765410129746e-15,2.498001805406602e-16,6.661338147750939e-16,1.1102230246251565e-15,0.0,7.771561172376096e-16,1.1102230246251565e-16,1.0597343108862507e-15,4.440892098500626e-16
additive,20260840,54,15343,1.898,True,True,32,3.250886749983377e-08,9.823053481738953e-11,0.07406142248751513,5.5393190034891404e-14,7.407434454180581e-16,5.4652446589473346e-14,,1.703940933506055e-14,2.278588897081222e-16,1.6811550445352426e-14,8.881784197001252e-16,3.9968028886505635e-15,2.6645352591003757e-15,0.0,3.774758283725532e-15,2.7755575615628914e-16,2.5923707624997403e-15,4.440892098500626e-16
additive,20260840,55,8280,1.986,True,True,32,3.250886749983377e-08,1.176836406102666e-14,1.1659095373822166,3.9919456629178285e-14,6.841749389252529e-16,3.923528169025303e-14,,1.22795593015913e-14,2.1045794318388706e-16,1.2069101358407411e-14,4.440892098500626e-16,2.220446049250313e-15,1.3322676295501878e-15,0.0,0.0,2.220446049250313e-16,1.2635395375495832e-15,4.440892098500626e-16
additive,20260840,56,15471,1.99,True,True,32,3.250886749983377e-08,2.805422560925308e-10,0.25973298357928587,4.744277616163667e-14,1.2664858569533124e-15,4.6176290304683354e-14,,1.459379541962797e-14,3.895816601300517e-16,1.4204213759497919e-14,1.3322676295501878e-15,2.4424906541753444e-15,3.608224830031759e-16,0.0,9.992007221626409e-16,3.3306690738754696e-16,3.7086735798787964e-16,4.440892098500626e-16
additive,20260840,57,11110,2.013,True,True,32,3.250886749983377e-08,1.7985612998927536e-14,0.22902518318271836,4.424238753131249e-14,9.048317650695024e-16,4.333755576624299e-14,,1.3609329064304905e-14,2.7833383155353817e-16,1.3330995232751368e-14,8.881784197001252e-16,1.9984014443252818e-15,6.661338147750939e-16,0.0,9.43689570931383e-16,1.1102230246251565e-16,7.049916206369744e-16,4.440892098500626e-16
additive,20260840,58,14292,2.032,True,True,32,3.250886749983377e-08,4.2052272775094934e-10,0.5533025670213558,6.231820615099082e-14,9.297456984197216e-16,6.13884604525711e-14,,1.916960230968042e-14,2.8599756617928193e-16,1.8883604743501137e-14,1.1102230246251565e-15,2.886579864025407e-15,1.5543122344752192e-15,0.0,9.992007221626409e-16,4.440892098500626e-16,1.7472795697076867e-15,4.440892098500626e-16
additive,20260840,59,1456,2.041,True,True,32,3.250886749983377e-08,2.220446049250313e-16,0.510294838488462,2.20739767610445e-14,7.638426308462365e-16,2.1310134130198265e-14,,6.7901401859530705e-15,2.3496439266921315e-16,6.555175793283858e-15,4.440892098500626e-16,1.1102230246251565e-15,1.1102230246251565e-15,0.0,0.0,6.661338147750939e-16,8.437694987151189e-16,4.440892098500626e-16
additive,20260840,60,15570,2.109,True,True,32,3.250886749983377e-08,5.466316288504913e-10,0.6800473139942471,3.592937579399713e-14,1.2243327218455117e-15,3.470504307215162e-14,,1.1052177008067368e-14,3.7661500261483183e-16,1.0675562005452536e-14,1.1102230246251565e-15,1.9984014443252818e-15,1.9984014443252818e-15,0.0,9.992007221626409e-16,3.3306690738754696e-16,2.1789448552345632e-15,4.440892098500626e-16
additive,20260840,61,15883,2.173,True,True,32,3.250886749983377e-08,2.220446049250313e-16,0.9387424462847607,5.897886345973546e-14,2.441003748338794e-16,5.873476308490159e-14,,1.814239252106738e-14,7.508732035501623e-17,1.8067305200712365e-14,5.551115123125783e-16,3.3306690738754696e-15,2.6645352591003757e-15,0.0,3.9968028886505635e-15,6.661338147750939e-16,2.9153927949025837e-15,4.440892098500626e-16
additive,20260840,62,16663,2.193,True,True,32,3.250886749983377e-08,1.1102230246251565e-16,0.8942527477511799,3.059965475449289e-14,4.53415413680433e-16,3.014623934081246e-14,,9.412710164280363e-15,1.3947437993118384e-16,9.27323578434918e-15,4.2327252813834093e-16,1.5543122344752192e-15,6.661338147750939e-16,0.0,6.661338147750939e-16,0.0,6.690415417443503e-16,4.440892098500626e-16
additive,20260840,63,11025,2.223,True,True,32,3.250886749983377e-08,1.7985612998927536e-14,0.527675333396443,3.0428784492109173e-14,1.0992034002587134e-15,2.932958109185046e-14,,9.360149040031852e-15,3.3812417496990135e-16,9.022024865061949e-15,1.1102230246251565e-15,2.220446049250313e-15,1.2212453270876722e-15,0.0,1.4432899320127035e-15,4.440892098500626e-16,1.387250103150672e-15,4.440892098500626e-16
additive,20260840,64,17449,2.231,True,True,32,3.250886749983377e-08,2.7755575615628914e-17,2.1904825702231907,2.920233499459357e-14,4.012332794054548e-16,2.880110171518812e-14,,8.9828828994867e-15,1.234227182498764e-16,8.859460181236822e-15,4.440892098500626e-16,2.4424906541753444e-15,1.2212453270876722e-15,0.0,4.440892098500626e-16,0.0,1.1012355049020003e-15,4.440892098500626e-16
additive,20260840,65,11267,2.256,True,True,32,3.250886749983377e-08,2.1094237467877974e-14,1.3428460860634273,4.0272472856539565e-14,7.958498278382548e-16,3.947662302870131e-14,,1.2388150050673249e-14,2.448100746180482e-16,1.21433399760552e-14,8.881784197001252e-16,1.9984014443252818e-15,1.3322676295501878e-15,0.0,2.220446049250313e-16,0.0,1.2558737119033614e-15,4.440892098500626e-16
additive,20260840,66,8013,2.262,True,True,32,3.250886749983377e-08,1.9761969838327786e-14,1.2707151232954832,4.9297371740308904e-14,6.041133202149325e-16,4.869325842009397e-14,,1.5164284557301474e-14,1.858303185178695e-16,1.4978454238783605e-14,6.661338147750939e-16,3.1086244689504383e-15,1.5543122344752192e-15,0.0,1.3322676295501878e-15,0.0,1.5852398758754914e-15,4.440892098500626e-16
additive,20260840,67,10222,2.296,True,True,32,3.250886749983377e-08,1.1102230246251565e-14,1.2879757600372068,4.7215703569136735e-14,6.706606169885952e-16,4.654504295214814e-14,,1.4523945987776462e-14,2.063008245341135e-16,1.431764516324235e-14,6.661338147750939e-16,2.886579864025407e-15,1.3322676295501878e-15,0.0,8.881784197001252e-16,4.440892098500626e-16,1.499858438505509e-15,4.440892098500626e-16
additive,20260840,68,13255,2.305,True,True,32,3.250886749983377e-08,2.220446049250313e-16,1.0252201946823627,4.2810373301893634e-14,6.717097116621624e-16,4.213866359023147e-14,,1.3168829490019158e-14,2.0662353484494564e-16,1.2962205955174212e-14,6.661338147750939e-16,1.1102230246251565e-15,1.4432899320127035e-15,0.0,6.661338147750939e-16,2.220446049250313e-16,1.386192747889124e-15,4.440892098500626e-16
additive,20260840,69,6618,2.306,True,True,32,3.250886749983377e-08,4.440892098500626e-16,0.5472802102228878,7.699223203427863e-14,8.552517160084888e-16,7.613698031827014e-14,,2.3683455609357145e-14,2.630825930841368e-16,2.3420373016273006e-14,5.828670879282072e-16,3.552713678800501e-15,9.992007221626409e-16,0.0,0.0,1.1102230246251565e-16,1.1170958338252172e-15,4.440892098500626e-16
additive,20260840,70,15039,2.414,True,True,32,3.250886749983377e-08,2.0809847178782093e-09,1.186160959649719,4.365952044338428e-14,1.2072353698721644e-15,4.2452285073512115e-14,,1.3430034264837902e-14,3.7135571390739384e-16,1.3058678550930508e-14,1.3322676295501878e-15,1.9984014443252818e-15,1.7763568394002505e-15,0.0,1.5543122344752192e-15,6.661338147750939e-16,1.902446454339822e-15,4.440892098500626e-16
additive,20260840,71,19348,2.446,True,True,32,3.250886749983377e-08,2.220446049250313e-16,0.8578839501268578,6.803932417476233e-14,9.049308921252729e-16,6.713439328263706e-14,,2.092946614492499e-14,2.7836432386637277e-16,2.065110182105862e-14,5.551115123125783e-16,3.1086244689504383e-15,1.5543122344752192e-15,0.0,1.7763568394002505e-15,8.881784197001252e-16,1.5210055437364644e-15,4.440892098500626e-16
additive,20260840,72,11032,2.48,True,True,32,3.250886749983377e-08,1.176836406102666e-14,1.2102491856638538,4.2216244063898734e-14,4.899325044949293e-16,4.17263115594038e-14,,1.2986070358838122e-14,1.507073430033927e-16,1.283536301583473e-14,4.440892098500626e-16,1.9984014443252818e-15,1.3322676295501878e-15,0.0,2.220446049250313e-15,0.0,1.2659185868880653e-15,4.440892098500626e-16
additive,20260840,73,19241,2.542,True,True,32,3.250886749983377e-08,2.220446049250313e-16,1.2070914364377883,3.4812430715902565e-14,6.778308073559662e-16,3.41345999085466e-14,,1.0708595344356604e-14,2.085064351624775e-16,1.0500088909194127e-14,2.7755575615628914e-16,1.9984014443252818e-15,3.3306690738754696e-15,0.0,3.9968028886505635e-15,4.440892098500626e-16,3.378514399460506e-15,4.440892098500626e-16
additive,20260840,74,16647,2.589,True,True,32,3.250886749983377e-08,1.1102230246251565e-16,1.4048580527433536,4.120835617182905e-14,7.099644946014413e-16,4.049839167722761e-14,,1.2676035599222202e-14,2.1839102657300247e-16,1.24576445726492e-14,3.806478941571965e-16,2.6645352591003757e-15,3.3306690738754696e-16,0.0,4.440892098500626e-16,4.440892098500626e-16,3.653162428647538e-16,4.440892098500626e-16
additive,20260840,75,20365,2.593,True,True,32,3.250886749983377e-08,4.440892098500626e-16,2.0935493598383133,3.8519534784065e-14,1.0135576240733441e-15,3.750597715999166e-14,,1.1848931613585729e-14,3.117788166808723e-16,1.1537152796904856e-14,4.440892098500626e-16,1.7763568394002505e-15,8.881784197001252e-16,0.0,2.220446049250313e-15,8.881784197001252e-16,9.97614689270319e-16,4.440892098500626e-16
additive,20260840,76,18638,2.624,True,True,32,3.250886749983377e-08,2.220446049250313e-16,0.885111351904178,3.7632223726102865e-14,5.896325094845171e-16,3.7042591216618345e-14,,1.1575987298325693e-14,1.8137589981795955e-16,1.1394611398507733e-14,3.885780586188048e-16,1.5543122344752192e-15,8.881784197001252e-16,0.0,6.661338147750939e-16,1.1102230246251565e-15,7.853506205146047e-16,4.440892098500626e-16
additive,20260840,77,8396,2.625,True,True,32,3.250886749983377e-08,2.220446049250313e-15,0.382109772760834,5.5381914332297555e-14,7.297155604636342e-16,5.465219877183392e-14,,1.703594083447562e-14,2.2446661990528137e-16,1.681147421457034e-14,8.881784197001252e-16,3.3306690738754696e-15,1.3322676295501878e-15,0.0,1.609823385706477e-15,3.885780586188048e-16,1.2696193303034825e-15,4.440892098500626e-16
additive,20260840,78,19315,2.698,True,True,32,3.250886749983377e-08,4.440892098500626e-16,1.0798221118964335,3.7029407318200924e-14,2.82214727777484e-16,3.674719259042344e-14,,1.1390555920900742e-14,8.681161463989081e-17,1.130374430626085e-14,2.9605947323337506e-16,1.7763568394002505e-15,6.661338147750939e-16,0.0,1.3322676295501878e-15,6.661338147750939e-16,5.162537064506978e-16,4.440892098500626e-16
additive,20260840,79,17995,2.83,True,True,32,3.250886749983377e-08,2.220446049250313e-16,2.5940930836537337,6.035449917618507e-14,1.0137393570089225e-15,5.934075981917615e-14,,1.856554959242849e-14,3.1183471925440227e-16,1.825371487317409e-14,4.996003610813204e-16,2.886579864025407e-15,8.881784197001252e-16,0.0,8.881784197001252e-16,1.7763568394002505e-15,7.385626501911162e-16,4.440892098500626e-16
additive,20260840,80,14381,2.868,True,True,32,3.250886749983377e-08,4.2052272775094934e-10,0.9263172486137501,3.64777652528403e-14,9.826134614971103e-16,3.549515179134319e-14,,1.1220866199976614e-14,3.0226013302436164e-16,1.0918606066952251e-14,1.1102230246251565e-15,1.5543122344752192e-15,1.7763568394002505e-15,0.0,1.9984014443252818e-15,4.440892098500626e-16,2.083518542879877e-15,4.440892098500626e-16
additive,20260840,81,15735,2.875,True,True,32,3.250886749983377e-08,2.220446049250313e-16,1.0852792235383992,2.0795865030009963e-14,4.0305060876123994e-16,2.0392814421248723e-14,,6.396982309554862e-15,1.23981743985176e-16,6.273000565569686e-15,5.551115123125783e-16,8.881784197001252e-16,1.3322676295501878e-15,0.0,1.3322676295501878e-15,4.440892098500626e-16,1.112337735148252e-15,4.440892098500626e-16
additive,20260840,82,19114,2.911,True,True,32,3.250886749983377e-08,2.220446049250313e-16,1.720206790930622,4.9862024231739355e-14,7.026703954143579e-16,4.9159353836325e-14,,1.5337976394285134e-14,2.1614730055359538e-16,1.512182909373154e-14,4.996003610813204e-16,3.9968028886505635e-15,1.5543122344752192e-15,0.0,1.7763568394002505e-15,4.440892098500626e-16,1.44963406358199e-15,4.440892098500626e-16
additive,20260840,83,282,2.93,True,True,32,3.250886749983377e-08,1.1102230246251565e-16,2.19643339375343,5.788772239334605e-14,8.26323136899581e-16,5.706139925644647e-14,,1.7806748387541353e-14,2.54183919788595e-16,1.7552564467752758e-14,5.551115123125783e-16,3.3306690738754696e-15,8.881784197001252e-16,0.0,4.440892098500626e-16,1.3322676295501878e-15,5.826027491128203e-16,4.440892098500626e-16
additive,20260840,84,4634,3.0,True,True,32,3.250886749983377e-08,6.661338147750939e-16,0.9696595052593322,4.6837533851373785e-14,6.839766848137124e-16,4.6153557166560074e-14,,1.440761781431275e-14,2.1039695855821794e-16,1.4197220855754533e-14,6.661338147750939e-16,1.3322676295501878e-15,1.6653345369377348e-15,0.0,1.887379141862766e-15,0.0,1.4678734418436891e-15,4.440892098500626e-16
additive,20260840,85,9293,3.109,True,True,32,3.250886749983377e-08,3.3306690738754696e-16,1.5785672179863939,4.8224011589548255e-14,5.0116574250369e-16,4.772284584704456e-14,,1.483410998239014e-14,1.5416278112618122e-16,1.4679947201263957e-14,5.181040781584064e-16,3.1086244689504383e-15,1.9984014443252818e-15,0.0,1.7763568394002505e-15,2.220446049250313e-16,1.9130200069552995e-15,4.440892098500626e-16
additive,20260840,86,1661,3.204,True,True,32,3.250886749983377e-08,2.220446049250313e-16,2.1946563404369646,4.5868690790040745e-14,8.457933427704251e-16,4.502289744727032e-14,,1.410959357174632e-14,2.601731182345094e-16,1.3849420453511811e-14,6.661338147750939e-16,3.1086244689504383e-15,3.552713678800501e-15,0.0,4.440892098500626e-15,4.440892098500626e-16,3.5450478531542795e-15,4.440892098500626e-16
additive,20260840,87,17862,3.205,True,True,32,3.250886749983377e-08,1.1102230246251565e-16,1.1132694874616216,4.114417140321791e-14,3.4558995876650314e-16,4.0798581444451407e-14,,1.2656291826661847e-14,1.0630636664542997e-16,1.2549985460016416e-14,3.3306690738754696e-16,2.220446049250313e-15,8.881784197001252e-16,0.0,1.3322676295501878e-15,8.881784197001252e-16,8.781335447154215e-16,4.440892098500626e-16
additive,20260840,88,18118,3.401,True,True,32,3.250886749983377e-08,2.220446049250313e-16,1.8921604639483363,4.126386732306031e-14,4.839382862696443e-16,4.0779929036790666e-14,,1.2693111294409534e-14,1.4886347125814788e-16,1.2544247823151387e-14,3.885780586188048e-16,3.1086244689504383e-15,1.1102230246251565e-15,0.0,1.9984014443252818e-15,2.220446049250313e-16,1.3137639124731018e-15,4.440892098500626e-16
additive,20260840,89,11610,3.591,True,True,32,3.250886749983377e-08,1.176836406102666e-14,2.1275302078539995,6.527157286884133e-14,5.566727634409574e-16,6.471490010540037e-14,,2.0078082655194028e-14,1.7123720580048007e-16,1.9906845449393548e-14,4.810966440042345e-16,2.886579864025407e-15,1.5543122344752192e-15,0.0,4.440892098500626e-16,4.440892098500626e-16,1.3264521756116753e-15,4.440892098500626e-16
additive,20260840,90,1571,3.866,True,True,32,3.250886749983377e-08,2.220446049250313e-16,2.16457514417321,4.796336938728274e-14,4.615851351934858e-16,4.7501784252089256e-14,,1.4753934257330863e-14,1.4198745471396262e-16,1.46119468026169e-14,4.810966440042345e-16,2.886579864025407e-15,1.7763568394002505e-15,0.0,1.7763568394002505e-15,0.0,2.0383166054487098e-15,4.440892098500626e-16
additive,20260840,91,18148,4.473,True,True,32,3.250886749983377e-08,2.220446049250313e-16,2.7977958604255884,4.47723455532234e-14,3.864220451558053e-16,4.43859235080676e-14,,1.3772348591796482e-14,1.188666585071846e-16,1.3653481933289296e-14,4.440892098500626e-16,2.6645352591003757e-15,1.5543122344752192e-15,0.0,4.884981308350689e-15,4.440892098500626e-16,1.754681056538521e-15,4.440892098500626e-16
additive,20260840,92,9313,4.878,True,True,32,3.250886749983377e-08,1.1102230246251565e-16,1.9738967590125722,5.24615073604906e-14,7.500944310123718e-16,5.1711412929478226e-14,,1.613759918297949e-14,2.3073533121884584e-16,1.5906863851760646e-14,3.489272363107635e-16,2.4424906541753444e-15,1.5543122344752192e-15,0.0,1.3322676295501878e-15,8.881784197001252e-16,1.6069156587372207e-15,4.440892098500626e-16
additive,20260840,93,6702,4.932,True,True,32,3.250886749983377e-08,4.440892098500626e-16,0.8181954719912472,3.990839776701893e-14,5.275438650735136e-16,3.938085390194542e-14,,1.2276157502940697e-14,1.6227691262275167e-16,1.2113880590317946e-14,3.885780586188048e-16,1.3322676295501878e-15,1.3322676295501878e-15,0.0,1.9984014443252818e-15,3.3306690738754696e-16,1.4467263366127338e-15,4.440892098500626e-16
additive,20260840,94,9850,5.0,True,True,32,3.250886749983377e-08,2.220446049250313e-16,1.165479855231279,5.420663917732327e-14,4.3734857005769596e-16,5.376929060726557e-14,,1.667441635043129e-14,1.3453208422592152e-16,1.653988426620537e-14,5.273559366969494e-16,4.218847493575595e-15,2.4424906541753444e-15,0.0,2.6645352591003757e-15,2.220446049250313e-16,1.8807706714780925e-15,4.440892098500626e-16
additive,20260840,95,10805,5.00001,True,True,32,3.250886749983377e-08,8.595346656647962e-13,0.9992916032180563,2.8677581143110586e-14,9.572947593358296e-16,2.7720286383774756e-14,,8.821464218418935e-15,2.9447188812121015e-16,8.526992330297725e-15,1.1102230246251565e-15,1.7763568394002505e-15,1.3322676295501878e-15,0.0,2.1094237467877974e-15,4.440892098500626e-16,1.3520930407042085e-15,4.440892098500626e-16
additive,20260840,96,14807,5.00001,True,True,32,3.250886749983377e-08,4.188861479903494e-09,1.6630006440137701,3.038021223478182e-14,8.691295038163038e-16,2.951108273096552e-14,,9.345207806742934e-15,2.673515168809704e-16,9.077856289861964e-15,6.661338147750939e-16,1.3322676295501878e-15,3.885780586188048e-16,0.0,2.220446049250313e-16,4.440892098500626e-16,3.6848830864939707e-16,4.440892098500626e-16
additive,20260840,97,15672,5.00001,True,True,32,3.250886749983377e-08,1.1102230246251565e-16,3.7162477595894883,6.879566361028822e-14,1.1484530258004935e-15,6.764721058448772e-14,,2.1162122491852412e-14,3.53273772396521e-16,2.0808848719455892e-14,5.551115123125783e-16,3.3306690738754696e-15,4.440892098500626e-16,0.0,8.881784197001252e-16,1.3322676295501878e-15,7.649965317298103e-16,4.440892098500626e-16
additive,20260840,98,15698,5.00001,True,True,32,3.250886749983377e-08,3.3757840967041375e-10,3.479701815306343,5.3436421953989566e-14,8.94324297157872e-16,5.2542097656831695e-14,,1.6437491079707037e-14,2.7510164639307873e-16,1.616238943331396e-14,4.440892098500626e-16,3.552713678800501e-15,3.552713678800501e-15,0.0,3.552713678800501e-15,0.0,3.808593652095061e-15,8.881784197001252e-16
additive,20260840,99,17110,5.00001,True,True,32,3.250886749983377e-08,7.427249926195145e-10,3.4557189400267836,7.641456911677835e-14,1.329062521413621e-15,7.508550659536474e-14,,2.3505761656313954e-14,4.088307663810242e-16,2.309693088993293e-14,8.881784197001252e-16,2.6645352591003757e-15,1.3322676295501878e-15,0.0,1.7763568394002505e-15,1.7763568394002505e-15,1.0108316300396663e-15,8.881784197001252e-16
additive,20260841,0,18834,0.557,True,True,32,3.2562554310183904e-08,4.0589753780295723e-13,-1.0171538154094772,5.888692311550869e-14,1.1762086014161218e-15,5.771071451409257e-14,,1.808424565056061e-14,3.612150908714995e-16,1.772303055968911e-14,1.1102230246251565e-15,3.3306690738754696e-15,2.220446049250313e-15,0.0,6.661338147750939e-16,0.0,2.726654880716307e-15,8.881784197001252e-16
additive,20260841,1,12797,0.598,True,True,32,3.2562554310183904e-08,2.220446049250313e-16,-0.700467309743706,3.559132155661615e-14,7.303185833862356e-16,3.4861002973229915e-14,,1.0930138102060685e-14,2.24281724470807e-16,1.0705856377589878e-14,6.314393452555578e-16,1.3322676295501878e-15,1.4432899320127035e-15,0.0,2.220446049250313e-16,6.661338147750939e-16,1.4599432773820807e-15,8.881784197001252e-16
additive,20260841,2,19817,0.656,True,True,32,3.2562554310183904e-08,2.7755575615628914e-17,-0.9530498706246198,2.306835278353958e-14,8.37590578905449e-16,2.223076220463413e-14,,7.08431917342706e-15,2.5722508465605644e-16,6.827094088771003e-15,1.2212453270876722e-15,1.2212453270876722e-15,1.6653345369377348e-16,0.0,8.881784197001252e-16,3.3306690738754696e-16,1.5305217410903939e-16,8.881784197001252e-16
additive,20260841,3,2319,0.682,True,True,32,3.2562554310183904e-08,2.7755575615628914e-17,-0.6616919471994351,2.157779163680651e-14,8.028754579159609e-16,2.0774916178890547e-14,,6.626566033874706e-15,2.4656402881295536e-16,6.3800020050617504e-15,8.881784197001252e-16,8.881784197001252e-16,1.3322676295501878e-15,0.0,2.886579864025407e-15,2.220446049250313e-16,1.441439560304995e-15,8.881784197001252e-16
additive,20260841,4,2961,0.699,True,True,32,3.2562554310183904e-08,1.1102230246251565e-16,-0.002085625707576755,3.018592320547242e-14,6.123573870198129e-16,2.957356581845261e-14,,9.270133699564166e-15,1.880556977154273e-16,9.082078001848739e-15,4.440892098500626e-16,1.3322676295501878e-15,4.996003610813204e-16,0.0,1.5543122344752192e-15,3.3306690738754696e-16,5.210118051276629e-16,8.881784197001252e-16
additive,20260841,5,9528,0.7,True,True,32,3.2562554310183904e-08,4.440892098500626e-16,-0.36191073053142775,4.6650183715968296e-14,9.144140471272793e-16,4.573576966884102e-14,,1.4326328110377537e-14,2.8081766510598866e-16,1.404551044527155e-14,1.1102230246251565e-15,2.4424906541753444e-15,1.3322676295501878e-15,0.0,2.0539125955565396e-15,4.996003610813204e-16,1.2146368567029986e-15,8.881784197001252e-16
additive,20260841,6,2903,0.725,True,True,32,3.2562554310183904e-08,7.277511926417901e-14,0.19866569837757497,4.198030811863873e-14,9.919314047394999e-16,4.0988376713899233e-14,,1.2892203639414563e-14,3.046233398309525e-16,1.2587580299583611e-14,1.4432899320127035e-15,3.1086244689504383e-15,8.881784197001252e-16,0.0,8.881784197001252e-16,2.220446049250313e-16,8.765475118230998e-16,8.881784197001252e-16
additive,20260841,7,2561,0.741,True,True,32,3.2562554310183904e-08,1.2212453270876722e-14,-0.2120442720178355,5.4376642077968995e-14,5.89971193591731e-16,5.3786670884377266e-14,,1.6699132862854912e-14,1.8118087050904914e-16,1.6517951992345864e-14,5.551115123125783e-16,1.9984014443252818e-15,3.552713678800501e-15,0.0,2.4980018054066022e-15,4.996003610813204e-16,3.557736116292852e-15,8.881784197001252e-16
additive,20260841,8,9579,0.797,True,True,32,3.2562554310183904e-08,7.632783294297951e-16,-0.6300321887337108,2.84969530611745e-14,6.29165618413831e-16,2.7867787442760672e-14,,8.75144891574495e-15,1.9321752600257778e-16,8.558231389742374e-15,5.806986835832362e-16,8.881784197001252e-16,1.3322676295501878e-15,0.0,2.220446049250313e-16,0.0,1.3071554420884283e-15,8.881784197001252e-16
additive,20260841,9,12279,0.819,True,True,32,3.2562554310183904e-08,2.4424906541753444e-15,-0.6430677513704848,4.1494585545365226e-14,1.1893924998335457e-15,4.030519304553168e-14,,1.274303764689241e-14,3.6526388209710086e-16,1.2377773764795309e-14,8.881784197001252e-16,1.7763568394002505e-15,1.3322676295501878e-15,0.0,1.1102230246251565e-16,1.1102230246251565e-15,1.327509530873223e-15,8.881784197001252e-16
additive,20260841,10,5210,0.904,True,True,32,3.2562554310183904e-08,1.5543122344752192e-15,-0.21117526362887618,3.788636071533347e-14,7.874653310377005e-16,3.7098895384295765e-14,,1.1634947416727853e-14,2.4183156012162765e-16,1.1393115856606226e-14,8.881784197001252e-16,1.5543122344752192e-15,1.3322676295501878e-15,0.0,6.661338147750939e-16,1.1102230246251565e-16,1.3750905176428723e-15,8.881784197001252e-16
additive,20260841,11,7482,0.932,True,True,32,3.2562554310183904e-08,2.220446049250313e-15,-0.00830708876572972,4.5467861246872854e-14,1.0841185340321982e-15,4.4383742712840656e-14,,1.3963235443311898e-14,3.329341192662952e-16,1.3630301324045603e-14,9.992007221626409e-16,2.4424906541753444e-15,1.1102230246251565e-15,0.0,1.27675647831893e-15,1.1657341758564144e-15,1.0467817089322907e-15,8.881784197001252e-16
additive,20260841,12,13055,0.961,True,True,32,3.2562554310183904e-08,1.1102230246251565e-16,-0.2889149565665785,2.8252628101604893e-14,9.059681122036172e-16,2.7346659989401275e-14,,8.67641642374748e-15,2.7822390822708787e-16,8.398192515520391e-15,6.661338147750939e-16,1.3322676295501878e-15,7.771561172376096e-16,0.0,2.4980018054066022e-15,8.326672684688674e-16,9.267718867466188e-16,8.881784197001252e-16
additive,20260841,13,12827,0.962,True,True,32,3.2562554310183904e-08,3.3306690738754696e-16,-0.2585270164840905,2.820009850634797e-14,1.1931304158948766e-15,2.7006968090453095e-14,,8.660284521207975e-15,3.6641180066200344e-16,8.293872720545971e-15,1.2490009027033011e-15,1.2490009027033011e-15,1.4432899320127035e-15,0.0,2.4424906541753444e-15,9.43689570931383e-16,1.5688508693215012e-15,8.881784197001252e-16
additive,20260841,14,2997,1.002,True,True,32,3.2562554310183904e-08,2.7755575615628914e-17,-0.3617353477422267,4.4809642107956904e-14,7.5017703689217965e-16,4.405946507106472e-14,,1.3761095545856097e-14,2.303802796752841e-16,1.3530715266180813e-14,7.771561172376096e-16,2.220446049250313e-15,1.6653345369377348e-16,0.0,6.106226635438361e-16,1.1102230246251565e-16,1.5014444713978296e-16,8.881784197001252e-16
additive,20260841,15,5030,1.01,True,True,32,3.2562554310183904e-08,2.6645352591003757e-15,0.33345735454295133,2.982596808420723e-14,8.835111874909496e-16,2.8942456896716285e-14,,9.159591044391499e-15,2.713273593572579e-16,8.888263685034241e-15,1.1102230246251565e-15,1.3322676295501878e-15,9.992007221626409e-16,0.0,3.3306690738754696e-16,2.220446049250313e-16,1.1070509588405132e-15,8.881784197001252e-16
additive,20260841,16,9116,1.026,True,True,32,3.2562554310183904e-08,1.1102230246251565e-16,-0.6780372212241685,3.515243651719402e-14,7.31557671583362e-16,3.4420878845610656e-14,,1.079535597310317e-14,2.2466224996193497e-16,1.0570693723141234e-14,7.494005416219807e-16,1.3322676295501878e-15,1.2212453270876722e-15,0.0,3.1086244689504383e-15,1.1102230246251565e-16,1.3407264716425702e-15,8.881784197001252e-16
additive,20260841,17,20015,1.034,True,True,32,3.2562554310183904e-08,1.1102230246251565e-16,-0.7395907227798391,3.476559318205119e-14,1.108257004685716e-15,3.365733617736548e-14,,1.0676555914773027e-14,3.4034707293804335e-16,1.0336208841834985e-14,8.881784197001252e-16,2.6645352591003757e-15,1.942890293094024e-16,0.0,5.551115123125783e-16,3.3306690738754696e-16,1.8503717077085926e-16,8.881784197001252e-16
additive,20260841,18,1857,1.059,True,True,32,3.2562554310183904e-08,4.3520742565306136e-13,-0.6719585424433347,5.6092175175492815e-14,8.788181409443334e-16,5.521335703454848e-14,,1.7225975161890185e-14,2.6988611905961074e-16,1.6956089042830573e-14,8.881784197001252e-16,3.3306690738754696e-15,4.440892098500626e-15,0.0,3.3306690738754696e-16,6.661338147750939e-16,4.488208746454889e-15,8.881784197001252e-16
additive,20260841,19,19048,1.075,True,True,32,3.2562554310183904e-08,2.220446049250313e-16,0.1353023407202758,6.344219854320654e-14,6.890228714965093e-16,6.275317567171003e-14,,1.948317627016289e-14,2.115997611652407e-16,1.9271576508997646e-14,1.1102230246251565e-15,3.1086244689504383e-15,1.1102230246251565e-15,0.0,2.7478019859472624e-15,3.0531133177191805e-16,9.542631235468609e-16,8.881784197001252e-16
additive,20260841,20,9519,1.089,True,True,32,3.2562554310183904e-08,2.220446049250313e-16,0.26219851818311746,5.331889443849214e-14,1.1424351874564497e-15,5.217645925103569e-14,,1.6374297277353548e-14,3.508432344016557e-16,1.6023454042951893e-14,1.4432899320127035e-15,1.5543122344752192e-15,1.887379141862766e-15,0.0,3.4416913763379853e-15,8.881784197001252e-16,1.8027907209389446e-15,8.881784197001252e-16
additive,20260841,21,2993,1.098,True,True,32,3.2562554310183904e-08,5.551115123125783e-17,-0.15865917607793723,3.7110071959833846e-14,9.081194790858778e-16,3.620195248074797e-14,,1.1396548196536199e-14,2.7888459561105878e-16,1.1117663600925142e-14,1.3600232051658168e-15,1.5543122344752192e-15,3.885780586188048e-16,0.0,8.326672684688674e-16,5.551115123125783e-16,3.7985487771103563e-16,8.881784197001252e-16
additive,20260841,22,11936,1.16,True,True,32,3.2562554310183904e-08,2.4424906541753444e-15,0.16905815191964413,6.378925165861915e-14,1.1971244101836135e-15,6.259212724843554e-14,,1.9589756703659186e-14,3.676383611617391e-16,1.9222118342497448e-14,1.4432899320127035e-15,1.9984014443252818e-15,1.1102230246251565e-15,0.0,8.881784197001252e-16,1.4432899320127035e-15,1.0890759193942013e-15,8.881784197001252e-16
additive,20260841,23,9470,1.162,True,True,32,3.2562554310183904e-08,2.6645352591003757e-15,0.13872207423787497,3.443426099813962e-14,7.749422796587438e-16,3.3659318718480876e-14,,1.0574803398445416e-14,2.3798571582462784e-16,1.0336817682620789e-14,1.1657341758564144e-15,1.5543122344752192e-15,1.3322676295501878e-15,0.0,3.3306690738754696e-15,2.220446049250313e-16,1.4929856293054486e-15,8.881784197001252e-16
additive,20260841,24,16444,1.167,True,True,32,3.2562554310183904e-08,3.3306690738754696e-16,-0.05217727771209102,3.830876588173382e-14,5.841805214171613e-16,3.772458536031666e-14,,1.1764668556653367e-14,1.7940254804717803e-16,1.158526600860619e-14,5.551115123125783e-16,1.1102230246251565e-15,5.551115123125783e-16,0.0,1.5543122344752192e-15,2.7755575615628914e-16,5.225978380199844e-16,8.881784197001252e-16
additive,20260841,25,12155,1.172,True,True,32,3.2562554310183904e-08,2.404743071338089e-13,-0.16683281616133683,5.195149865855342e-14,1.145842679998547e-15,5.080565597855487e-14,,1.5954368371619312e-14,3.518896795022575e-16,1.5602478692117055e-14,1.2212453270876722e-15,3.1086244689504383e-15,8.881784197001252e-16,0.0,1.0547118733938987e-15,8.326672684688674e-16,1.0383228668399086e-15,8.881784197001252e-16
additive,20260841,26,13083,1.18,True,True,32,3.2562554310183904e-08,2.220446049250313e-16,-0.15788636373358678,3.591744957009979e-14,1.0580987144660437e-15,3.4859350855633746e-14,,1.1030292411325558e-14,3.249434010571844e-16,1.0705349010268374e-14,9.992007221626409e-16,1.1102230246251565e-15,1.3322676295501878e-15,0.0,4.385380947269368e-15,7.216449660063518e-16,1.4927212904900616e-15,8.881784197001252e-16
additive,20260841,27,12928,1.216,True,True,32,3.2562554310183904e-08,4.440892098500626e-16,-0.15645218227429236,3.9594155319851165e-14,1.1658339482706208e-15,3.842832137158055e-14,,1.2159413215156814e-14,3.58029022282815e-16,1.1801384192874e-14,1.27675647831893e-15,2.220446049250313e-15,1.3322676295501878e-15,0.0,2.7755575615628914e-17,1.27675647831893e-15,1.2008912383028776e-15,8.881784197001252e-16
additive,20260841,28,15342,1.256,True,True,32,3.2562554310183904e-08,4.108202666941452e-11,0.4202504502061726,5.4930018866805597e-14,8.454711798391721e-16,5.408454768696643e-14,,1.686907554719265e-14,2.596452267796301e-16,1.6609430320413022e-14,9.992007221626409e-16,1.9984014443252818e-15,8.881784197001252e-16,0.0,2.3314683517128287e-15,6.106226635438361e-16,7.562733508220411e-16,8.881784197001252e-16
additive,20260841,29,13936,1.286,True,True,32,3.2562554310183904e-08,8.232303727595536e-14,1.0892933146911088,4.494668526255907e-14,9.776240663566816e-16,4.396906119620239e-14,,1.3803181665174849e-14,3.0022953882672854e-16,1.350295212634812e-14,9.43689570931383e-16,1.5543122344752192e-15,5.551115123125783e-16,0.0,0.0,0.0,7.2164496600635185e-16,8.881784197001252e-16
additive,20260841,30,243,1.375,True,True,32,3.2562554310183904e-08,2.275957200481571e-15,0.48919686950231256,4.0717429428127616e-14,8.588368111921747e-16,3.9858592616935444e-14,,1.2504372058856968e-14,2.6374982841059686e-16,1.224062223044637e-14,1.4432899320127035e-15,2.4424906541753444e-15,1.5543122344752192e-15,0.0,6.661338147750939e-16,5.551115123125783e-17,1.4205567938894262e-15,8.881784197001252e-16
additive,20260841,31,12361,1.375,True,True,32,3.2562554310183904e-08,1.3239550844534875e-09,-0.4769135061085108,4.582792478835529e-14,1.9030081743225192e-15,4.392491661403277e-14,,1.4073811394465038e-14,5.844161229475033e-16,1.3489395271517534e-14,1.3322676295501878e-15,1.3322676295501878e-15,1.9984014443252818e-15,0.0,1.0547118733938987e-15,5.551115123125783e-17,1.991792973940608e-15,8.881784197001252e-16
additive,20260841,32,6134,1.385,True,True,32,3.2562554310183904e-08,6.661338147750939e-16,-0.09573745947129542,9.467253370143425e-14,8.417704364237546e-16,9.38307632650105e-14,,2.907405014963016e-14,2.585087239794612e-16,2.8815541425650694e-14,8.881784197001252e-16,3.774758283725532e-15,1.2212453270876722e-15,0.0,2.886579864025407e-15,5.551115123125783e-16,1.2172802448568688e-15,8.881784197001252e-16
additive,20260841,33,1951,1.426,True,True,32,3.2562554310183904e-08,2.220446049250313e-16,-0.492074000853554,2.3719741448768872e-14,9.524705759550183e-16,2.2767270872813852e-14,,7.284361424113017e-15,2.925048713568315e-16,6.991856552756186e-15,8.881784197001252e-16,8.881784197001252e-16,1.2212453270876722e-15,0.0,3.885780586188048e-16,9.992007221626409e-16,1.236576978380115e-15,8.881784197001252e-16
additive,20260841,34,10023,1.444,True,True,32,3.2562554310183904e-08,2.220446049250313e-16,-0.6275920353019098,4.501390579725317e-14,6.456929898165005e-16,4.436821280743667e-14,,1.3823825173068538e-14,1.9829310184507259e-16,1.3625532071223466e-14,4.440892098500626e-16,2.6645352591003757e-15,2.220446049250313e-15,0.0,9.992007221626409e-16,0.0,2.0663365198797257e-15,8.881784197001252e-16
additive,20260841,35,9457,1.458,True,True,32,3.2562554310183904e-08,2.886579864025407e-15,0.011894925682964352,3.437874984690836e-14,1.5161483180037292e-15,3.2862601528904634e-14,,1.0557755856442884e-14,4.656109909441457e-16,1.0092144865498739e-14,1.6653345369377348e-15,2.4424906541753444e-15,1.7763568394002505e-15,0.0,1.5543122344752192e-15,1.9984014443252818e-15,1.6521175961683876e-15,8.881784197001252e-16
additive,20260841,36,2358,1.487,True,True,32,3.2562554310183904e-08,1.6653345369377348e-16,0.15848433198147616,2.7287200277115176e-14,5.28578503718114e-16,2.675862177339706e-14,,8.379932365619466e-15,1.6232710084196362e-16,8.217605264777502e-15,7.494005416219807e-16,8.881784197001252e-16,3.3306690738754696e-16,0.0,5.551115123125783e-16,1.1102230246251565e-16,2.9130137455641e-16,8.881784197001252e-16
additive,20260841,37,15340,1.516,True,True,32,3.2562554310183904e-08,5.715428130770306e-12,-0.067697732145924,3.8275128509332457e-14,1.4040931839002341e-15,3.6871035325432224e-14,,1.1754338478711404e-14,4.3119872308699857e-16,1.1323139755624405e-14,1.3877787807814457e-15,1.9984014443252818e-15,1.1102230246251565e-15,0.0,6.661338147750939e-16,1.3322676295501878e-15,1.0195548109474354e-15,8.881784197001252e-16
additive,20260841,38,7011,1.556,True,True,32,3.2562554310183904e-08,2.6645352591003757e-15,0.04168093207917711,5.085168397478412e-14,7.457328405584868e-16,5.010595113422563e-14,,1.561661394569415e-14,2.290154615804386e-16,1.5387598484113712e-14,8.881784197001252e-16,1.3322676295501878e-15,2.6645352591003757e-15,0.0,3.6637359812630166e-15,4.996003610813204e-16,2.4686601968986515e-15,8.881784197001252e-16
additive,20260841,39,4943,1.563,True,True,32,3.2562554310183904e-08,1.5543122344752192e-15,0.39828675284148707,3.6907542994013554e-14,1.0726580007822778e-15,3.583488499323128e-14,,1.1334351305011338e-14,3.294145755779377e-16,1.10049367294334e-14,8.881784197001252e-16,1.5543122344752192e-15,3.3306690738754696e-15,0.0,2.942091015256665e-15,1.2212453270876722e-15,3.067916291380849e-15,8.881784197001252e-16
additive,20260841,40,10139,1.595,True,True,32,3.2562554310183904e-08,1.5543122344752192e-15,0.46351124872232297,4.7895715171719644e-14,1.0723234469690536e-15,4.682339172475059e-14,,1.470883233405934e-14,3.2931183369533316e-16,1.4379520500364008e-14,1.1102230246251565e-15,1.9984014443252818e-15,1.2212453270876722e-15,0.0,2.1094237467877974e-15,9.43689570931383e-16,1.2149011955183856e-15,8.881784197001252e-16
additive,20260841,41,13689,1.6,True,True,32,3.2562554310183904e-08,4.440892098500626e-16,0.22052782320263997,3.704979031904365e-14,1.0747644507173926e-15,3.597502586832626e-14,,1.1378035631392825e-14,3.300614689128552e-16,1.104797416247997e-14,1.2212453270876722e-15,1.7763568394002505e-15,1.7763568394002505e-15,0.0,5.551115123125783e-16,7.771561172376096e-16,1.8678180695241327e-15,8.881784197001252e-16
additive,20260841,42,12306,1.611,True,True,32,3.2562554310183904e-08,8.747274848897035e-10,0.4034310142758375,5.574707362399068e-14,1.91685291977841e-15,5.383022070421227e-14,,1.7119994056042416e-14,5.88667861101706e-16,1.6531326194940708e-14,1.4432899320127035e-15,2.6645352591003757e-15,2.6645352591003757e-15,0.0,2.6645352591003757e-15,6.106226635438361e-16,2.6933481899775528e-15,8.881784197001252e-16
additive,20260841,43,14526,1.634,True,True,32,3.2562554310183904e-08,2.822735378771313e-10,0.007176411215086276,4.154229044095459e-14,1.1325513939373724e-15,4.040973904701721e-14,,1.2757687878300837e-14,3.4780790940075853e-16,1.2409879968900077e-14,1.1102230246251565e-15,1.5543122344752192e-15,3.885780586188048e-16,0.0,9.159339953157541e-16,5.551115123125783e-16,4.0761045332666475e-16,8.881784197001252e-16
additive,20260841,44,17733,1.645,True,True,32,3.2562554310183904e-08,2.220446049250313e-16,0.5673151412889113,3.5865001290005805e-14,9.082581020779313e-16,3.4956743187927875e-14,,1.1014185480771409e-14,2.789271669003787e-16,1.073525831387103e-14,7.494005416219807e-16,1.3322676295501878e-15,1.5543122344752192e-15,0.0,3.3306690738754696e-16,2.220446049250313e-16,1.272791396088126e-15,8.881784197001252e-16
additive,20260841,45,6168,1.655,True,True,32,3.2562554310183904e-08,8.881784197001252e-16,0.48732699686650593,6.321939499676077e-14,8.840068227697995e-16,6.233538817399097e-14,,1.9414753030289446e-14,2.714795695537089e-16,1.9143273460735738e-14,1.0547118733938987e-15,1.7763568394002505e-15,1.6653345369377348e-15,0.0,1.9984014443252818e-15,7.771561172376096e-16,1.6959978395226202e-15,8.881784197001252e-16
additive,20260841,46,14636,1.663,True,True,32,3.2562554310183904e-08,3.210840926470837e-09,1.0203021998696427,8.586447525216201e-14,1.0135658846613246e-15,8.485090936750068e-14,,2.6369084695947205e-14,3.112673149060462e-16,2.6057817381041154e-14,1.5543122344752192e-15,2.886579864025407e-15,1.7763568394002505e-15,0.0,2.220446049250313e-16,8.881784197001252e-16,1.7163519283074145e-15,1.5543122344752192e-15
additive,20260841,47,13286,1.664,True,True,32,3.2562554310183904e-08,8.881784197001252e-16,0.8839636094957664,4.788183738391183e-14,8.62768851071055e-16,4.7019068532840777e-14,,1.470457044855871e-14,2.649573626357761e-16,1.4439613085922935e-14,1.2212453270876722e-15,2.220446049250313e-15,1.4432899320127035e-15,0.0,1.1102230246251565e-15,7.771561172376096e-16,1.3248661427193535e-15,8.881784197001252e-16
additive,20260841,48,14542,1.683,True,True,32,3.2562554310183904e-08,2.822735378771313e-10,0.5052893183576883,7.025630077706069e-14,8.689477708807248e-16,6.938735300617996e-14,,2.1575795346954122e-14,2.668549164182007e-16,2.1308940430535923e-14,1.1102230246251565e-15,2.4424906541753444e-15,2.220446049250313e-16,0.0,1.2212453270876722e-15,6.661338147750939e-16,3.772114895571664e-16,8.881784197001252e-16
additive,20260841,49,14720,1.772,True,True,32,3.2562554310183904e-08,3.210840926470837e-09,0.6437126873985628,4.331604519514087e-14,9.92757463537584e-16,4.232328773160329e-14,,1.330241011885048e-14,3.0487702349170444e-16,1.2997533095358777e-14,1.5543122344752192e-15,1.7763568394002505e-15,1.3322676295501878e-15,0.0,2.220446049250313e-16,8.881784197001252e-16,1.2450358204724969e-15,8.881784197001252e-16
additive,20260841,50,7158,1.819,True,True,32,3.2562554310183904e-08,1.1102230246251565e-15,-0.17267170967235734,8.280529040227691e-14,5.793976409762528e-16,8.222589276130066e-14,,2.5429605310901436e-14,1.779337196514239e-16,2.525167159125001e-14,4.440892098500626e-16,3.1086244689504383e-15,1.5543122344752192e-15,0.0,2.220446049250313e-16,3.3306690738754696e-16,1.2267964422107977e-15,8.881784197001252e-16
additive,20260841,51,730,1.828,True,True,32,3.2562554310183904e-08,2.220446049250313e-16,0.9713362476662883,4.406284365154889e-14,1.144000568878819e-15,4.291884308267007e-14,,1.3531752832353289e-14,3.513239649387806e-16,1.3180428867414509e-14,1.2906342661267445e-15,1.5543122344752192e-15,1.5543122344752192e-15,0.0,8.881784197001252e-16,6.661338147750939e-16,1.0711008799478889e-15,8.881784197001252e-16
additive,20260841,52,738,1.869,True,True,32,3.2562554310183904e-08,2.220446049250313e-16,1.1107137749857494,4.664671426901634e-14,6.400964414594804e-16,4.600661782755686e-14,,1.432526263900238e-14,1.9657439504347817e-16,1.4128688243958902e-14,7.216449660063518e-16,3.552713678800501e-15,2.886579864025407e-15,0.0,3.9968028886505635e-15,0.0,3.2429085871670048e-15,8.881784197001252e-16
additive,20260841,53,3461,1.894,True,True,32,3.2562554310183904e-08,4.440892098500626e-16,0.6853664058540856,4.919198728914331e-14,8.3377831755229065e-16,4.835820897159102e-14,,1.5106919076602834e-14,2.560543345616862e-16,1.485086474204115e-14,1.4814538484841933e-15,1.5543122344752192e-15,1.1102230246251565e-15,0.0,2.9976021664879227e-15,6.661338147750939e-16,1.4797686885361016e-15,8.881784197001252e-16
additive,20260841,54,15343,1.898,True,True,32,3.2562554310183904e-08,5.038347516972408e-11,0.0730426894814531,4.526934382909076e-14,1.5025018266593785e-15,4.3766842002431376e-14,,1.3902270503064563e-14,4.614201368685234e-16,1.3440850366196039e-14,1.3322676295501878e-15,2.220446049250313e-15,8.881784197001252e-16,0.0,1.1102230246251565e-16,1.1657341758564144e-15,1.0615846825939592e-15,8.881784197001252e-16
additive,20260841,55,8280,1.986,True,True,32,3.2562554310183904e-08,9.192646643896296e-14,1.157664304288665,3.7914116290949096e-14,1.0827317878249147e-15,3.683138450312418e-14,,1.1643471187729118e-14,3.325082478208079e-16,1.131096293990831e-14,9.43689570931383e-16,1.3322676295501878e-15,2.4424906541753444e-15,0.0,1.7763568394002505e-15,1.3322676295501878e-15,2.5178272165606227e-15,8.881784197001252e-16
additive,20260841,56,15471,1.99,True,True,32,3.2562554310183904e-08,1.1934031540761225e-10,0.23566913264682365,6.497195359847496e-14,1.395825109761535e-15,6.357612848871342e-14,,1.9952965906656483e-14,4.2865958747130353e-16,1.952430631918518e-14,1.3322676295501878e-15,3.552713678800501e-15,1.3322676295501878e-15,0.0,4.3298697960381105e-15,1.7763568394002505e-15,1.2585171000572308e-15,8.881784197001252e-16
additive,20260841,57,11110,2.013,True,True,32,3.2562554310183904e-08,2.1316282072803006e-14,0.1775263985793889,4.734407310635902e-14,1.1745234414680303e-15,4.616954966489099e-14,,1.4539422385409185e-14,3.606975762035656e-16,1.4178724809205619e-14,1.3322676295501878e-15,2.4424906541753444e-15,1.3322676295501878e-15,0.0,3.2751579226442118e-15,7.216449660063518e-16,1.2756991230573823e-15,8.881784197001252e-16
additive,20260841,58,14292,2.032,True,True,32,3.2562554310183904e-08,5.539000147436468e-09,0.5410637046177809,4.728856195512776e-14,1.2709410243804173e-15,4.601762093074734e-14,,1.452237484340665e-14,3.9030753308653423e-16,1.4132067310320117e-14,1.3322676295501878e-15,1.7763568394002505e-15,1.9984014443252818e-15,0.0,3.3306690738754696e-16,7.771561172376096e-16,1.6973195335995546e-15,8.881784197001252e-16
additive,20260841,59,1456,2.041,True,True,32,3.2562554310183904e-08,1.1102230246251565e-16,0.5121879669909788,4.169242533678952e-14,1.1390057527275283e-15,4.055341958406199e-14,,1.2803794487261785e-14,3.497900508288152e-16,1.245400443643297e-14,1.1379786002407855e-15,2.6645352591003757e-15,8.881784197001252e-16,0.0,1.3322676295501878e-15,2.220446049250313e-16,6.566176174211642e-16,8.881784197001252e-16
additive,20260841,60,15570,2.109,True,True,32,3.2562554310183904e-08,7.572547033873889e-10,0.6350695566504032,3.197941043919794e-14,1.2600680254506342e-15,3.071934241374731e-14,,9.820915808560023e-15,3.869684219018866e-16,9.433947386658136e-15,1.1102230246251565e-15,1.1102230246251565e-15,8.881784197001252e-16,0.0,2.4424906541753444e-15,4.440892098500626e-16,1.0734799292863714e-15,8.881784197001252e-16
additive,20260841,61,15883,2.173,True,True,32,3.2562554310183904e-08,2.220446049250313e-16,0.9042449690865042,4.242092788153684e-14,7.723649762087214e-16,4.164856290532812e-14,,1.3027518504059657e-14,2.3719422280308183e-16,1.2790324281256576e-14,1.2212453270876722e-15,1.5543122344752192e-15,1.5543122344752192e-15,0.0,1.9984014443252818e-15,0.0,1.7086861026611932e-15,8.881784197001252e-16
additive,20260841,62,16663,2.193,True,True,32,3.2562554310183904e-08,1.5265566588595902e-16,0.7749986110148157,6.076085815043264e-14,7.509576624563693e-16,6.000990048797627e-14,,1.8659733377067946e-14,2.3062001073469474e-16,1.8429113366333255e-14,6.496539417533143e-16,2.6645352591003757e-15,7.771561172376096e-16,0.0,6.661338147750939e-16,0.0,7.628818212067148e-16,8.881784197001252e-16
additive,20260841,63,11025,2.223,True,True,32,3.2562554310183904e-08,8.01581023779363e-14,0.5625507302353494,3.0319496913122634e-14,8.729458954634528e-16,2.944655101765918e-14,,9.311154347507757e-15,2.6808274533624033e-16,9.043071602171517e-15,7.632783294297951e-16,2.4424906541753444e-15,2.4424906541753444e-15,0.0,6.661338147750939e-16,6.661338147750939e-16,2.3674184306054527e-15,8.881784197001252e-16
additive,20260841,64,17449,2.231,True,True,32,3.2562554310183904e-08,1.1102230246251565e-16,2.104389996355195,6.654052309151837e-14,8.554334489440675e-16,6.56850896425743e-14,,2.0434675504159662e-14,2.627046517282987e-16,2.0171970852431362e-14,9.992007221626409e-16,1.9984014443252818e-15,1.2212453270876722e-15,0.0,1.7763568394002505e-15,4.440892098500626e-16,1.2934098236883074e-15,8.881784197001252e-16
additive,20260841,65,11267,2.256,True,True,32,3.2562554310183904e-08,6.794564910705958e-14,1.3396729855088352,5.0333869017205046e-14,9.251941144422777e-16,4.940867490276277e-14,,1.5457592342951787e-14,2.841282368788017e-16,1.5173464106072987e-14,1.1102230246251565e-15,3.552713678800501e-15,2.886579864025407e-15,0.0,6.217248937900877e-15,6.661338147750939e-16,2.9349538672412175e-15,8.881784197001252e-16
additive,20260841,66,8013,2.262,True,True,32,3.2562554310183904e-08,2.8199664825478976e-14,1.2673267414124045,5.050473927958876e-14,6.400633991075567e-16,4.9864675880481204e-14,,1.5510066808178328e-14,1.96564247697048e-16,1.531350256048128e-14,7.771561172376096e-16,1.5543122344752192e-15,1.5543122344752192e-15,0.0,3.9968028886505635e-15,2.220446049250313e-16,1.796975267000432e-15,8.881784197001252e-16
additive,20260841,67,10222,2.296,True,True,32,3.2562554310183904e-08,6.439293542825908e-15,1.287685709861349,4.738570646978246e-14,7.380339725603425e-16,4.664767249722212e-14,,1.4552208041911084e-14,2.2665112986223046e-16,1.4325556912048852e-14,7.771561172376096e-16,2.6645352591003757e-15,1.4432899320127035e-15,0.0,2.4424906541753444e-15,2.220446049250313e-16,1.345220231504148e-15,8.881784197001252e-16
additive,20260841,68,13255,2.305,True,True,32,3.2562554310183904e-08,4.440892098500626e-16,0.9981523334618871,3.6772668243756357e-14,6.717840569539898e-16,3.610088418680237e-14,,1.1292931105302063e-14,2.0630570026992323e-16,1.1086625405032139e-14,7.771561172376096e-16,1.3322676295501878e-15,2.220446049250313e-15,0.0,6.661338147750939e-16,2.220446049250313e-16,2.0745310231567212e-15,8.881784197001252e-16
additive,20260841,69,6618,2.306,True,True,32,3.2562554310183904e-08,7.494005416219807e-16,0.4967600848826066,2.635565377051563e-14,6.897756175762635e-16,2.5665878152939367e-14,,8.093853301389481e-15,2.1183093040110088e-16,7.88202237098838e-15,7.771561172376096e-16,1.3322676295501878e-15,2.220446049250313e-15,0.0,4.440892098500626e-16,1.6653345369377348e-16,2.0729449902643994e-15,8.881784197001252e-16
additive,20260841,70,15039,2.414,True,True,32,3.2562554310183904e-08,4.423256649843665e-09,1.17765658929271,5.964673199798654e-14,1.2079623016144784e-15,5.843876969637205e-14,,1.831758388172026e-14,3.7096669079080485e-16,1.7946617190929455e-14,1.1102230246251565e-15,2.220446049250313e-15,1.3322676295501878e-15,0.0,6.661338147750939e-16,2.220446049250313e-16,9.732955182547207e-16,1.1102230246251565e-15
additive,20260841,71,19348,2.446,True,True,32,3.2562554310183904e-08,2.220446049250313e-16,0.8675320924758343,2.7557817139367558e-14,7.368774902430244e-16,2.6820939649124534e-14,,8.463039132881808e-15,2.2629597273717767e-16,8.23674316014463e-15,8.881784197001252e-16,1.1102230246251565e-15,1.3322676295501878e-15,0.0,0.0,5.551115123125783e-16,1.6193395830604069e-15,8.881784197001252e-16
additive,20260841,72,11032,2.48,True,True,32,3.2562554310183904e-08,9.192646643896296e-14,1.2160295372983922,4.452303326366036e-14,1.053968936762372e-15,4.346906432689799e-14,,1.3673077621473887e-14,3.2367514130571266e-16,1.3349402480168174e-14,1.0304257447302234e-15,1.3322676295501878e-15,2.6645352591003757e-15,0.0,5.773159728050814e-15,1.1102230246251565e-15,2.5344805619300003e-15,8.881784197001252e-16
additive,20260841,73,19241,2.542,True,True,32,3.2562554310183904e-08,2.220446049250313e-16,1.252016660138204,4.916206330918271e-14,7.556785884874203e-16,4.8406384720695296e-14,,1.5097729385992095e-14,2.320698128558921e-16,1.4865659573136203e-14,8.881784197001252e-16,2.6645352591003757e-15,1.1102230246251565e-15,0.0,1.7763568394002505e-15,0.0,9.299439525312621e-16,8.881784197001252e-16
additive,20260841,74,16647,2.589,True,True,32,3.2562554310183904e-08,2.7755575615628914e-17,1.3280926819524934,5.1117096666608575e-14,5.761099269598786e-16,5.05409867396487e-14,,1.5698122505893756e-14,1.7692405868163138e-16,1.5521198447212128e-14,1.1345091532888318e-15,2.6645352591003757e-15,2.7755575615628914e-16,0.0,6.661338147750939e-16,2.220446049250313e-16,3.267227758182603e-16,8.881784197001252e-16
additive,20260841,75,20365,2.593,True,True,32,3.2562554310183904e-08,2.220446049250313e-16,2.067224033029686,2.904620988175566e-14,8.91482654892462e-16,2.8154727226863197e-14,,8.920126352824688e-15,2.737754066835143e-16,8.646350946141174e-15,1.1102230246251565e-15,1.7763568394002505e-15,1.9984014443252818e-15,0.0,2.220446049250313e-15,0.0,2.1086307303416367e-15,8.881784197001252e-16
additive,20260841,76,18638,2.624,True,True,32,3.2562554310183904e-08,5.551115123125783e-17,0.8625256182930796,9.36143523810884e-14,7.99178844794534e-16,9.281517353629387e-14,,2.87490813802069e-14,2.454287944310903e-16,2.8503652585775806e-14,7.771561172376096e-16,4.884981308350689e-15,8.881784197001252e-16,0.0,3.1086244689504383e-15,1.1102230246251565e-16,8.252657816380334e-16,8.881784197001252e-16
additive,20260841,77,8396,2.625,True,True,32,3.2562554310183904e-08,3.1086244689504383e-15,0.3548735648204475,4.904496947455428e-14,5.872038966181488e-16,4.845776557793613e-14,,1.5061769727080504e-14,1.8033103024553002e-16,1.4881438696834975e-14,8.881784197001252e-16,2.6645352591003757e-15,1.4432899320127035e-15,0.0,9.43689570931383e-16,2.220446049250313e-16,1.5662074811676316e-15,8.881784197001252e-16
additive,20260841,78,19315,2.698,True,True,32,3.2562554310183904e-08,2.220446049250313e-16,1.0938919790873696,3.9517000782751666e-14,5.952249275475466e-16,3.892177585520412e-14,,1.2135718963052221e-14,1.827942985914316e-16,1.195292466446079e-14,7.771561172376096e-16,2.220446049250313e-15,3.552713678800501e-15,0.0,2.6645352591003757e-15,2.220446049250313e-16,3.2164747056283107e-15,8.881784197001252e-16
additive,20260841,79,17995,2.83,True,True,32,3.2562554310183904e-08,2.220446049250313e-16,2.5973691561680567,4.697978117640389e-14,8.310481932246226e-16,4.614873298317927e-14,,1.442754789101757e-14,2.5521591006290104e-16,1.417233198095467e-14,1.3322676295501878e-15,1.7763568394002505e-15,8.326672684688674e-16,0.0,2.220446049250313e-15,0.0,9.193703999157845e-16,8.881784197001252e-16
additive,20260841,80,14381,2.868,True,True,32,3.2562554310183904e-08,5.539000147436468e-09,0.9126627306184689,6.953465581105434e-14,1.350110499588806e-15,6.818454531146552e-14,,2.1354177300921214e-14,4.146205751330018e-16,2.0939556725788208e-14,1.3322676295501878e-15,2.886579864025407e-15,1.5543122344752192e-15,0.0,4.107825191113079e-15,1.3322676295501878e-15,1.672471684953182e-15,1.1102230246251565e-15
additive,20260841,81,15735,2.875,True,True,32,3.2562554310183904e-08,3.3306690738754696e-16,1.1145496420400063,1.8140003388289472e-14,5.905494347503902e-16,1.7549453953539083e-14,,5.5708170850147965e-15,1.8135844907157558e-16,5.389458635943221e-15,6.661338147750939e-16,1.3322676295501878e-15,7.771561172376096e-16,0.0,2.220446049250313e-16,2.220446049250313e-16,9.754102287778162e-16,8.881784197001252e-16
additive,20260841,82,19114,2.911,True,True,32,3.2562554310183904e-08,3.3306690738754696e-16,1.7451743729425795,4.4813978916646846e-14,9.509175854146199e-16,4.3863061331232224e-14,,1.3762427385075046e-14,2.920279460746178e-16,1.3470399439000427e-14,1.1102230246251565e-15,1.5543122344752192e-15,3.774758283725532e-15,0.0,3.9968028886505635e-15,2.220446049250313e-16,3.3774570441989583e-15,8.881784197001252e-16
additive,20260841,83,282,2.93,True,True,32,3.2562554310183904e-08,2.220446049250313e-16,2.203414970020866,6.883209280328373e-14,9.419218051034826e-16,6.789017099818025e-14,,2.113841934745167e-14,2.892653310090288e-16,2.0849154016442643e-14,1.1102230246251565e-15,3.1086244689504383e-15,4.440892098500626e-16,0.0,4.440892098500626e-16,8.881784197001252e-16,7.026125712984919e-16,8.881784197001252e-16
additive,20260841,84,4634,3.0,True,True,32,3.2562554310183904e-08,5.527522883852498e-14,0.9586393752780311,7.192857420790233e-14,1.160050891325595e-15,7.076852331657674e-14,,2.208935254978039e-14,3.562530384671912e-16,2.17330995113132e-14,1.2212453270876722e-15,2.886579864025407e-15,5.551115123125783e-16,0.0,9.992007221626409e-16,6.661338147750939e-16,5.3052800248159265e-16,8.881784197001252e-16
additive,20260841,85,9293,3.109,True,True,32,3.2562554310183904e-08,1.1102230246251565e-16,1.6237514191277347,4.6245559465196706e-14,6.23959382838905e-16,4.56216000823578e-14,,1.420206751124971e-14,1.9161868473068844e-16,1.401044882651902e-14,7.771561172376096e-16,3.774758283725532e-15,3.3306690738754696e-15,0.0,2.220446049250313e-15,0.0,3.3623897317219026e-15,8.881784197001252e-16
additive,20260841,86,1661,3.204,True,True,32,3.2562554310183904e-08,2.220446049250313e-16,2.162762525173343,5.337614031319937e-14,8.204539891391927e-16,5.255568632406018e-14,,1.639187755504366e-14,2.519624171137571e-16,1.61399151379299e-14,1.3322676295501878e-15,2.4424906541753444e-15,6.661338147750939e-16,0.0,1.7763568394002505e-15,4.440892098500626e-16,9.986720445318672e-16,8.881784197001252e-16
additive,20260841,87,17862,3.205,True,True,32,3.2562554310183904e-08,1.6653345369377348e-16,1.1103521041035416,2.4417967647849537e-14,6.512647564095783e-16,2.376670289143996e-14,,7.49878753836361e-15,2.0000419813684453e-16,7.298783340226767e-15,8.881784197001252e-16,1.3322676295501878e-15,1.2212453270876722e-15,0.0,2.220446049250313e-15,0.0,1.1726069850564748e-15,8.881784197001252e-16
additive,20260841,88,18118,3.401,True,True,32,3.2562554310183904e-08,2.220446049250313e-16,1.9167406663948325,6.473814539997846e-14,7.527543403422026e-16,6.398539105963626e-14,,1.988116312476496e-14,2.311717726968303e-16,1.964999135206813e-14,1.1102230246251565e-15,4.218847493575595e-15,2.220446049250313e-15,0.0,2.220446049250313e-15,0.0,1.7454291979999779e-15,8.881784197001252e-16
additive,20260841,89,11610,3.591,True,True,32,3.2562554310183904e-08,9.192646643896296e-14,2.131506152841271,5.435929484320923e-14,1.2301006774031349e-15,5.3129194165806095e-14,,1.6693805505979123e-14,3.777654128989574e-16,1.6316040093080166e-14,1.3322676295501878e-15,2.886579864025407e-15,3.1086244689504383e-15,0.0,4.440892098500626e-16,1.7763568394002505e-15,2.954779278395238e-15,8.881784197001252e-16
additive,20260841,90,1571,3.866,True,True,32,3.2562554310183904e-08,4.440892098500626e-16,2.2007195843139296,4.2650345061234773e-14,1.2558034969055247e-15,4.139454156432925e-14,,1.3097972798741995e-14,3.8565878000325465e-16,1.2712314018738741e-14,1.3322676295501878e-15,2.4424906541753444e-15,1.5543122344752192e-15,0.0,8.881784197001252e-16,8.881784197001252e-16,1.367689030812038e-15,8.881784197001252e-16
additive,20260841,91,18148,4.473,True,True,32,3.2562554310183904e-08,2.220446049250313e-16,2.7991930355518964,5.084127563392826e-14,7.259404717563896e-16,5.011533516217187e-14,,1.561341753156868e-14,2.2293720106882167e-16,1.5390480330499855e-14,1.1102230246251565e-15,3.1086244689504383e-15,1.9984014443252818e-15,0.0,4.440892098500626e-15,4.440892098500626e-16,2.326445914220477e-15,8.881784197001252e-16
additive,20260841,92,9313,4.878,True,True,32,3.2562554310183904e-08,1.1102230246251565e-16,1.9973593194993855,6.748594738592573e-14,9.703382277575789e-16,6.651560915816814e-14,,2.0725016453890277e-14,2.979920489388962e-16,2.042702440495138e-14,1.4432899320127035e-15,3.552713678800501e-15,8.881784197001252e-16,0.0,1.3322676295501878e-15,2.220446049250313e-16,6.793507555444408e-16,8.881784197001252e-16
additive,20260841,93,6702,4.932,True,True,32,3.2562554310183904e-08,4.440892098500626e-16,0.7945981042468246,3.80599414831484e-14,8.423166678039884e-16,3.7217624815344414e-14,,1.168825428146624e-14,2.586764723001336e-16,1.1429577809166106e-14,8.881784197001252e-16,1.5543122344752192e-15,6.106226635438361e-16,0.0,6.661338147750939e-16,6.661338147750939e-16,6.130017128823186e-16,8.881784197001252e-16
additive,20260841,94,9850,5.0,True,True,32,3.2562554310183904e-08,2.220446049250313e-16,1.1413132639438817,7.916584054967757e-14,9.129601836426513e-16,7.825288036603491e-14,,2.4311925838360453e-14,2.803711818630653e-16,2.4031554656497386e-14,1.1102230246251565e-15,3.774758283725532e-15,2.220446049250313e-15,0.0,2.6645352591003757e-15,0.0,2.215423611757961e-15,8.881784197001252e-16
additive,20260841,95,10805,5.00001,True,True,32,3.2562554310183904e-08,9.374723219934822e-13,1.0099230294638661,4.952115106870991e-14,1.3348284118242487e-15,4.818632265688566e-14,,1.5208005673320972e-14,4.099274274090907e-16,1.479807824591188e-14,1.4155343563970746e-15,1.7763568394002505e-15,2.6645352591003757e-15,0.0,2.886579864025407e-15,1.5543122344752192e-15,2.5873483250073885e-15,8.881784197001252e-16
additive,20260841,96,14807,5.00001,True,True,32,3.2562554310183904e-08,6.652627115855125e-09,1.6870876115985323,4.4998726966838376e-14,1.288717809715189e-15,4.3710009157123184e-14,,1.381916373580222e-14,3.9576680546591634e-16,1.3423396930336304e-14,1.7763568394002505e-15,1.7763568394002505e-15,8.881784197001252e-16,0.0,6.661338147750939e-16,6.661338147750939e-16,1.118153189086765e-15,1.1102230246251565e-15
additive,20260841,97,15672,5.00001,True,True,32,3.2562554310183904e-08,7.277511926417901e-14,3.7363001640683446,4.995309721422814e-14,9.964912493049243e-16,4.895660596492321e-14,,1.5340656859528172e-14,3.060236736383032e-16,1.5034633185889868e-14,8.881784197001252e-16,2.220446049250313e-15,2.886579864025407e-15,0.0,3.9968028886505635e-15,0.0,2.881557426533055e-15,8.881784197001252e-16
additive,20260841,98,15698,5.00001,True,True,32,3.2562554310183904e-08,9.460521255277854e-11,3.5200511133185417,5.757200272071827e-14,1.400004450993092e-15,5.6171998269725183e-14,,1.768043199937564e-14,4.299430682424204e-16,1.7250488931133222e-14,1.7763568394002505e-15,2.6645352591003757e-15,2.4424906541753444e-15,0.0,2.220446049250313e-15,1.7763568394002505e-15,2.5709593184533984e-15,8.881784197001252e-16
additive,20260841,99,17110,5.00001,True,True,32,3.2562554310183904e-08,1.2212986177928542e-10,3.439299914917963,7.572067972638763e-14,9.872724331183048e-16,7.473340729326933e-14,,2.3253912762828333e-14,3.0319256398431135e-16,2.295072019884402e-14,1.3322676295501878e-15,5.773159728050814e-15,1.9984014443252818e-15,0.0,8.881784197001252e-16,4.440892098500626e-16,1.5252349647826554e-15,8.881784197001252e-16
additive,20260842,0,18834,0.557,True,True,32,3.271932171435142e-08,3.806355231006364e-10,-0.8421333845000591,5.234267880238619e-14,7.035625389162886e-16,5.16391162634699e-14,,1.5997482851066415e-14,2.150296833958176e-16,1.57824531676706e-14,6.661338147750939e-16,1.9984014443252818e-15,2.886579864025407e-15,0.0,4.440892098500626e-15,1.1102230246251565e-16,2.8022557819169725e-15,2.220446049250313e-16
additive,20260842,1,12797,0.598,True,True,32,3.271932171435142e-08,8.049116928532385e-14,-0.6770335218331991,4.286675181486288e-14,7.311446421843202e-16,4.213560717267856e-14,,1.3101357109142201e-14,2.2345959631052615e-16,1.2877897512831676e-14,5.551115123125783e-16,2.6645352591003757e-15,1.2212453270876722e-15,0.0,2.886579864025407e-15,6.661338147750939e-16,1.3779982446121288e-15,2.220446049250313e-16
additive,20260842,2,19817,0.656,True,True,32,3.271932171435142e-08,1.1102230246251565e-16,-0.8326302722075476,3.8517800060589025e-14,5.740778223165911e-16,3.794372223827243e-14,,1.1772187821269614e-14,1.7545529437573512e-16,1.1596732526893878e-14,4.718447854656915e-16,2.6645352591003757e-15,9.992007221626409e-16,0.0,6.661338147750939e-16,6.661338147750939e-16,6.904529857906925e-16,2.220446049250313e-16
additive,20260842,3,2319,0.682,True,True,32,3.271932171435142e-08,2.7755575615628914e-17,-0.5282179939248,5.689589424595631e-14,3.025399045043455e-16,5.6593354341451965e-14,,1.7389081210996043e-14,9.246521280165925e-17,1.7296615998194382e-14,4.440892098500626e-16,1.5543122344752192e-15,1.6653345369377348e-16,0.0,4.440892098500626e-16,0.0,1.8318679906315077e-16,2.220446049250313e-16
additive,20260842,4,2961,0.699,True,True,32,3.271932171435142e-08,5.551115123125783e-17,-0.1517815519453456,4.3042826247674526e-14,2.2851264531403035e-16,4.2814313602360495e-14,,1.3155170704163768e-14,6.984027581898179e-17,1.3085330428344786e-14,2.6645352591003756e-16,1.7763568394002505e-15,3.3306690738754696e-16,0.0,5.551115123125783e-17,1.1102230246251565e-16,3.256654205567125e-16,2.220446049250313e-16
additive,20260842,5,9528,0.7,True,True,32,3.271932171435142e-08,8.604228440844963e-13,-0.36846526117232026,6.655093143237423e-14,5.793645986243303e-16,6.59715668337499e-14,,2.0339948368545643e-14,1.7707109080143556e-16,2.016287727774421e-14,5.551115123125783e-16,3.3306690738754696e-15,8.881784197001252e-16,0.0,1.27675647831893e-15,3.3306690738754696e-16,9.140836236080453e-16,2.220446049250313e-16
additive,20260842,6,2903,0.725,True,True,32,3.271932171435142e-08,1.1102230246251565e-15,0.03664950334725048,4.015711374538711e-14,3.560148207983255e-16,3.980109892458878e-14,,1.2273210947332477e-14,1.0880874117942656e-16,1.216440220615305e-14,3.608224830031759e-16,1.5543122344752192e-15,8.881784197001252e-16,0.0,1.942890293094024e-15,3.3306690738754696e-16,9.17255689392689e-16,2.220446049250313e-16
additive,20260842,7,2561,0.741,True,True,32,3.271932171435142e-08,2.4372504014991137e-11,-0.11111468946899361,5.384234724736814e-14,1.0070978442723258e-15,5.2835249403095814e-14,,1.6455826229353553e-14,3.0779912036825334e-16,1.61480271089853e-14,1.1102230246251565e-15,1.9984014443252818e-15,2.6645352591003757e-15,0.0,1.7208456881689926e-15,4.996003610813204e-16,3.0216569986881346e-15,2.220446049250313e-16
additive,20260842,8,9579,0.797,True,True,32,3.271932171435142e-08,1.1102230246251565e-16,-0.5052985775621617,5.319399434822181e-14,3.788346950954016e-16,5.28151596531264e-14,,1.6257670257537686e-14,1.1578317497004722e-16,1.6141887082567637e-14,4.884981308350689e-16,2.6645352591003757e-15,4.440892098500626e-16,0.0,4.440892098500626e-16,4.440892098500626e-16,3.6002946655701505e-16,2.220446049250313e-16
additive,20260842,9,12279,0.819,True,True,64,3.271932171435142e-08,1.199040866595169e-14,-0.5607312314300146,6.379749159513004e-14,1.4285984762887763e-15,6.236889311884126e-14,,1.94984150808808e-14,4.366222774300854e-16,1.9061792803450713e-14,2.220446049250313e-15,3.3306690738754696e-15,1.7763568394002505e-15,0.0,0.0,1.9984014443252818e-15,1.439324849781899e-15,2.220446049250313e-16
additive,20260842,10,5210,0.904,True,True,64,3.271932171435142e-08,2.6201263381153694e-14,-0.13021680761954535,4.281817955753553e-14,1.689703271481219e-15,4.112847628605431e-14,,1.308651197948108e-14,5.164236857453183e-16,1.2570088293735761e-14,2.220446049250313e-15,2.220446049250313e-15,1.9984014443252818e-15,0.0,2.4424906541753444e-15,2.1094237467877974e-15,1.85935922743175e-15,2.220446049250313e-16
additive,20260842,11,7482,0.932,True,True,64,3.271932171435142e-08,1.8207657603852567e-14,0.09034176662200233,5.6507912498532376e-14,1.6723782370516492e-15,5.4835534261480726e-14,,1.7270502424182818e-14,5.111286388061361e-16,1.6759373785376682e-14,2.6645352591003757e-15,2.6645352591003757e-15,9.992007221626409e-16,0.0,1.27675647831893e-15,2.942091015256665e-15,1.194018429102817e-15,2.220446049250313e-16
additive,20260842,12,13055,0.961,True,True,32,3.271932171435142e-08,7.616129948928574e-14,-0.2583451425806522,5.735060863709673e-14,6.166260458589128e-16,5.673398259123782e-14,,1.752805548286824e-14,1.884592997502289e-16,1.7339596183118012e-14,3.3306690738754696e-16,2.220446049250313e-15,1.9984014443252818e-15,0.0,3.4416913763379853e-15,7.771561172376096e-16,2.0845758981414248e-15,2.220446049250313e-16
additive,20260842,13,12827,0.962,True,True,32,3.271932171435142e-08,1.249000902703301e-13,-0.2378516110288078,4.349905852185642e-14,6.685541670534806e-16,4.2830504354802937e-14,,1.3294608886337875e-14,2.0433008143938324e-16,1.3090278804898491e-14,5.551115123125783e-16,1.3322676295501878e-15,1.887379141862766e-15,0.0,1.0269562977782698e-15,7.771561172376096e-16,1.9923216515713822e-15,2.220446049250313e-16
additive,20260842,14,2997,1.002,True,True,32,3.271932171435142e-08,6.245004513516506e-17,-0.5237700019075524,6.398798591683574e-14,4.1907511687057556e-16,6.356891079996517e-14,,1.9556635823770513e-14,1.2808184733449406e-16,1.942855397643602e-14,3.885780586188048e-16,2.6645352591003757e-15,6.661338147750939e-16,0.0,1.5543122344752192e-15,0.0,6.322984464055655e-16,2.220446049250313e-16
additive,20260842,15,5030,1.01,True,True,32,3.271932171435142e-08,2.4889911021119815e-08,0.44234331801443827,5.498422897542987e-14,3.592005165531376e-15,5.1392223809898494e-14,,1.6804819322190463e-14,1.0978238476000688e-15,1.570699547459039e-14,6.8833827526759706e-15,6.8833827526759706e-15,1.5543122344752192e-15,0.0,1.2212453270876722e-15,6.716849298982197e-15,1.6605764382607689e-15,2.220446049250313e-16
additive,20260842,16,9116,1.026,True,True,32,3.271932171435142e-08,1.797825222027427e-10,-0.6402872993370146,4.484607130095242e-14,4.441552945539094e-16,4.440191600639851e-14,,1.3706296142832916e-14,1.3574709721414946e-16,1.3570549045618767e-14,4.758098676964956e-16,3.3306690738754696e-15,9.992007221626409e-16,0.0,1.1102230246251565e-15,1.1102230246251565e-16,9.098542025618544e-16,2.220446049250313e-16
additive,20260842,17,20015,1.034,True,True,32,3.271932171435142e-08,1.1102230246251565e-16,-0.6538297125517192,5.699173771800403e-14,3.435165511833116e-16,5.664822116682072e-14,,1.741837383291665e-14,1.0498889744179435e-16,1.7313384935474854e-14,5.273559366969494e-16,4.218847493575595e-15,6.661338147750939e-16,0.0,4.440892098500626e-16,1.1102230246251565e-16,8.657096203922353e-16,2.220446049250313e-16
additive,20260842,18,1857,1.059,True,True,32,3.271932171435142e-08,4.220443994285006e-10,-0.5005058560672697,6.746328756052078e-14,9.337200738120044e-16,6.652956748670878e-14,,2.0618791596443725e-14,2.8537268650115507e-16,2.0333418909942572e-14,1.5543122344752192e-15,3.552713678800501e-15,2.4424906541753444e-15,0.0,4.440892098500626e-15,1.2212453270876722e-15,2.8170587555786412e-15,2.220446049250313e-16
additive,20260842,19,19048,1.075,True,True,32,3.271932171435142e-08,2.7977620220553945e-14,0.15728918356395516,9.526244810348361e-14,5.053239159785467e-16,9.475712418750506e-14,,2.911504368432533e-14,1.544420512106461e-16,2.8960601633114686e-14,6.938893903907228e-16,5.551115123125783e-15,1.5543122344752192e-15,0.0,1.7486012637846216e-15,5.551115123125783e-16,1.3716541130428422e-15,2.220446049250313e-16
additive,20260842,20,9519,1.089,True,True,32,3.271932171435142e-08,9.707790127322369e-13,0.23800755201840706,6.19235565602061e-14,4.671445109045926e-16,6.14564120493015e-14,,1.8925684676722698e-14,1.427732869840308e-16,1.8782911389738667e-14,4.884981308350689e-16,2.4424906541753444e-15,4.440892098500626e-16,0.0,1.1102230246251565e-15,1.1102230246251565e-16,2.593163778945902e-16,2.220446049250313e-16
additive,20260842,21,2993,1.098,True,True,32,3.271932171435142e-08,1.1102230246251565e-16,-0.32690117600993185,4.1396573668972536e-14,3.65324503452735e-16,4.1031249165519804e-14,,1.2652026845292174e-14,1.1165405769780843e-16,1.2540372787594367e-14,3.7470027081099033e-16,2.220446049250313e-15,7.771561172376096e-16,0.0,9.43689570931383e-16,3.885780586188048e-16,7.620888047605538e-16,2.220446049250313e-16
additive,20260842,22,11936,1.16,True,True,64,3.271932171435142e-08,1.199040866595169e-14,0.2776986328132023,3.991598718222633e-14,1.5694125893041982e-15,3.834657459292213e-14,,1.219951548222905e-14,4.796592676968052e-16,1.1719856214532244e-14,2.220446049250313e-15,2.220446049250313e-15,1.3322676295501878e-15,0.0,2.7755575615628914e-16,1.9984014443252818e-15,1.3550007676734648e-15,2.220446049250313e-16
additive,20260842,23,9470,1.162,True,True,32,3.271932171435142e-08,2.7340352204419105e-12,0.13838227311904072,3.141844423515394e-14,9.61771998021446e-16,3.0456672237132494e-14,,9.602413066336004e-15,2.939461906997881e-16,9.308466875636214e-15,4.926614671774132e-16,8.881784197001252e-16,1.7763568394002505e-15,0.0,0.0,8.881784197001252e-16,2.007124625233051e-15,2.220446049250313e-16
additive,20260842,24,16444,1.167,True,True,32,3.271932171435142e-08,1.6653345369377348e-15,-0.003405397413271949,3.9141649990637184e-14,3.4680220005269195e-16,3.8794847790584493e-14,,1.1962854955354648e-14,1.0599308967354809e-16,1.18568618656811e-14,3.885780586188048e-16,1.5543122344752192e-15,7.771561172376096e-16,0.0,5.551115123125783e-16,2.7755575615628914e-16,8.051760316686255e-16,2.220446049250313e-16
additive,20260842,25,12155,1.172,True,True,64,3.271932171435142e-08,7.549516567451064e-14,-0.07333153437138162,6.34119493025942e-14,1.5731711568354812e-15,6.183877814575871e-14,,1.9380581864195646e-14,4.808079979682016e-16,1.8899773866227445e-14,2.4424906541753444e-15,5.773159728050814e-15,2.886579864025407e-15,0.0,1.7208456881689926e-15,2.6645352591003757e-15,2.647088897284837e-15,2.220446049250313e-16
additive,20260842,26,13083,1.18,True,True,32,3.271932171435142e-08,5.67323965583455e-14,-0.11672008831742531,2.453592884421596e-14,4.44485718073143e-16,2.4091443126142816e-14,,7.498911211675258e-15,1.358480844907557e-16,7.363063127184502e-15,4.440892098500626e-16,1.1102230246251565e-15,1.5543122344752192e-15,0.0,1.609823385706477e-15,1.1102230246251565e-16,1.6431300764452318e-15,2.220446049250313e-16
additive,20260842,27,12928,1.216,True,True,32,3.271932171435142e-08,9.525713551283843e-14,-0.12003795031268516,2.808871028565224e-14,5.237229559173125e-16,2.7564987329734928e-14,,8.584747120027219e-15,1.6006534624695352e-16,8.424681773780266e-15,4.718447854656915e-16,1.1102230246251565e-15,1.1102230246251565e-16,0.0,4.440892098500626e-16,5.689893001203927e-16,2.1992989440193578e-16,2.220446049250313e-16
additive,20260842,28,15342,1.256,True,True,64,3.271932171435142e-08,1.7959411735546382e-11,0.49552603365923087,4.413548519710542e-14,1.8576637417486826e-15,4.2277821455356735e-14,,1.3489119848638737e-14,5.677574119557222e-16,1.2921362436683014e-14,2.886579864025407e-15,2.886579864025407e-15,1.3322676295501878e-15,0.0,1.1102230246251565e-16,2.7200464103316335e-15,1.3066267644576543e-15,2.220446049250313e-16
additive,20260842,29,13936,1.286,True,True,32,3.271932171435142e-08,1.3358414374664562e-08,1.1704522794061023,4.089437122267725e-14,1.2292746186050505e-15,3.96650966040722e-14,,1.2498538808260218e-14,3.757029651583099e-16,1.212283584310191e-14,6.661338147750939e-16,1.3322676295501878e-15,1.9984014443252818e-15,0.0,1.3322676295501878e-15,2.220446049250313e-16,2.375348595067061e-15,2.220446049250313e-16
additive,20260842,30,243,1.375,True,True,32,3.271932171435142e-08,3.0531133177191805e-16,0.5539355309674958,4.6237319528685816e-14,6.272429665612904e-16,4.561007656212453e-14,,1.4131503070983621e-14,1.917041471816843e-16,1.3939798923801937e-14,5.967448757360216e-16,2.4424906541753444e-15,2.4424906541753444e-15,0.0,1.887379141862766e-15,6.661338147750939e-16,2.2281118748965345e-15,2.220446049250313e-16
additive,20260842,31,12361,1.375,True,True,64,3.271932171435142e-08,3.574918139293004e-14,-0.3868653083583844,6.876443858772063e-14,2.3075456889203107e-15,6.645689289880033e-14,,2.1016462134531053e-14,7.052547449075541e-16,2.03112073896235e-14,2.220446049250313e-15,2.4424906541753444e-15,1.4432899320127035e-15,0.0,1.7763568394002505e-15,3.3306690738754696e-16,1.4982724056131873e-15,2.220446049250313e-16
additive,20260842,32,6134,1.385,True,True,64,3.271932171435142e-08,6.661338147750939e-16,-0.03285653452415982,4.2917926157404196e-14,1.525111055962943e-15,4.139281510144125e-14,,1.3116997513606598e-14,4.661193985858195e-16,1.2650878115020778e-14,2.220446049250313e-15,2.220446049250313e-15,2.6645352591003757e-15,0.0,3.3306690738754696e-15,2.1094237467877974e-15,2.7784652885321476e-15,2.220446049250313e-16
additive,20260842,33,1951,1.426,True,True,32,3.271932171435142e-08,1.4632739464559563e-13,-0.4512567753766574,8.207757390410464e-14,5.767459922344034e-16,8.150082791187024e-14,,2.5085353119683895e-14,1.7627076663433088e-16,2.4909082353049564e-14,7.61295788314393e-16,5.329070518200751e-15,3.3306690738754696e-16,0.0,2.7755575615628914e-16,1.1102230246251565e-16,3.8064789415719675e-16,2.220446049250313e-16
additive,20260842,34,10023,1.444,True,True,32,3.271932171435142e-08,1.3240519791679617e-12,-0.5891570141178439,4.359880512172509e-14,3.485472492636447e-16,4.3250257872461446e-14,,1.3325094420463396e-14,1.0652642872812493e-16,1.321856799173527e-14,4.884981308350689e-16,2.886579864025407e-15,1.5543122344752192e-15,0.0,3.4416913763379853e-15,2.220446049250313e-16,1.7385563887999178e-15,2.220446049250313e-16
additive,20260842,35,9457,1.458,True,True,32,3.271932171435142e-08,5.9816596120754184e-12,0.04560443171299422,5.0605353241195417e-14,9.181147905426964e-16,4.968723845065272e-14,,1.5466504374080218e-14,2.8060324677818455e-16,1.5185901127302036e-14,4.440892098500626e-16,1.9984014443252818e-15,2.220446049250313e-15,0.0,2.220446049250313e-16,6.661338147750939e-16,1.8205014215698695e-15,2.220446049250313e-16
additive,20260842,36,2358,1.487,True,True,32,3.271932171435142e-08,2.7755575615628914e-17,0.2966228768058643,4.3777481639750704e-14,3.388162766222129e-16,4.343866536312849e-14,,1.3379703290288236e-14,1.0355235343207025e-16,1.3276150936856167e-14,4.718447854656915e-16,1.3322676295501878e-15,2.220446049250313e-16,0.0,2.7755575615628914e-16,1.6653345369377348e-16,2.271992118250767e-16,2.220446049250313e-16
additive,20260842,37,15340,1.516,True,True,64,3.271932171435142e-08,2.4204638293667813e-11,0.025614397051690885,7.902977317703064e-14,1.6712811277104434e-15,7.73584920493202e-14,,2.4153854369898636e-14,5.107933294892793e-16,2.3643061040409354e-14,2.6645352591003757e-15,2.886579864025407e-15,1.7763568394002505e-15,0.0,1.2212453270876722e-15,2.220446049250313e-15,1.4808260437976493e-15,2.220446049250313e-16
additive,20260842,38,7011,1.556,True,True,32,3.271932171435142e-08,1.1394440946332907e-09,0.10614265222792829,6.279352038340846e-14,2.26918351833728e-15,6.052433686507119e-14,,1.9191571552617435e-14,6.935301220935659e-16,1.8498041430523868e-14,3.774758283725532e-15,3.774758283725532e-15,3.885780586188048e-16,0.0,1.1102230246251565e-15,3.774758283725532e-15,4.816253216350084e-16,2.220446049250313e-16
additive,20260842,39,4943,1.563,True,True,64,3.271932171435142e-08,5.329070518200751e-15,0.4978121097281243,5.230061175809375e-14,1.5459731709085595e-15,5.075463858718519e-14,,1.598462590841348e-14,4.72495482762548e-16,1.5512130425650932e-14,1.7763568394002505e-15,1.7763568394002505e-15,3.3306690738754696e-15,0.0,2.6645352591003757e-15,1.1102230246251565e-15,3.20616549182822e-15,2.220446049250313e-16
additive,20260842,40,10139,1.595,True,True,64,3.271932171435142e-08,2.6201263381153694e-14,0.5373569873853843,3.028220035838913e-14,1.6918427637682566e-15,2.859035759462088e-14,,9.25514306890619e-15,5.170775783613439e-16,8.738065490544846e-15,2.220446049250313e-15,2.220446049250313e-15,7.771561172376096e-16,0.0,6.661338147750939e-16,1.7763568394002505e-15,7.155651732524522e-16,2.220446049250313e-16
additive,20260842,41,13689,1.6,True,True,64,3.271932171435142e-08,3.1086244689504383e-15,0.33224220056586096,4.895714909858295e-14,1.2048088221527917e-15,4.775234027643016e-14,,1.496276405910617e-14,3.6822548849609426e-16,1.4594538570610076e-14,1.9984014443252818e-15,2.220446049250313e-15,1.1102230246251565e-15,0.0,2.6645352591003757e-15,1.1102230246251565e-15,1.104143231871257e-15,2.220446049250313e-16
additive,20260842,42,12306,1.611,True,True,64,3.271932171435142e-08,2.473576898864849e-13,0.5111211508367368,6.013245457126004e-14,2.6585876357541693e-15,5.747386693550587e-14,,1.837827052046883e-14,8.125436275740562e-16,1.7565726892894775e-14,2.4424906541753444e-15,2.4424906541753444e-15,1.5543122344752192e-15,0.0,6.661338147750939e-16,5.551115123125783e-16,1.5651501259060836e-15,2.220446049250313e-16
additive,20260842,43,14526,1.634,True,True,64,3.271932171435142e-08,1.1441136926748641e-10,0.09174433498711276,6.436821561872641e-14,1.779136527255804e-15,6.25890790914706e-14,,1.9672845354398982e-14,5.437571544997631e-16,1.9129088199899218e-14,2.6645352591003757e-15,2.6645352591003757e-15,2.6645352591003757e-15,0.0,2.6645352591003757e-15,2.192690473634684e-15,2.6055877032690875e-15,2.220446049250313e-16
additive,20260842,44,17733,1.645,True,True,32,3.271932171435142e-08,5.551115123125783e-17,0.6593784482499974,5.767933873579434e-14,2.7472856991984586e-16,5.740461016587449e-14,,1.7628525199681906e-14,8.396523996380518e-17,1.75445599597181e-14,4.718447854656915e-16,3.774758283725532e-15,1.1102230246251565e-15,0.0,8.881784197001252e-16,1.1102230246251565e-16,7.953954954993084e-16,2.220446049250313e-16
additive,20260842,45,6168,1.655,True,True,64,3.271932171435142e-08,2.886579864025407e-15,0.5703908394226083,6.047788138341392e-14,1.0948603961277857e-15,5.938302098728614e-14,,1.8483843250603505e-14,3.3462197220535763e-16,1.8149221278398147e-14,1.7763568394002505e-15,2.6645352591003757e-15,1.6653345369377348e-15,0.0,1.5543122344752192e-15,1.2212453270876722e-15,1.8421772044315993e-15,2.220446049250313e-16
additive,20260842,46,14636,1.663,True,True,64,3.271932171435142e-08,4.30999680389732e-11,1.0960337901476436,6.55656084980194e-14,1.907402807128327e-15,6.365820569089108e-14,,2.0038804309705744e-14,5.829591529373599e-16,1.9455845156768384e-14,3.1086244689504383e-15,3.1086244689504383e-15,2.4424906541753444e-15,0.0,6.661338147750939e-16,3.552713678800501e-15,2.579418160545781e-15,2.220446049250313e-16
additive,20260842,47,13286,1.664,True,True,64,3.271932171435142e-08,1.5543122344752192e-15,0.9700591194302577,4.5912926238678153e-14,1.1548136785457415e-15,4.475811256013241e-14,,1.4032358812175414e-14,3.529454823750868e-16,1.3679413329800326e-14,1.3322676295501878e-15,2.6645352591003757e-15,1.6653345369377348e-15,0.0,1.5543122344752192e-15,1.5543122344752192e-15,1.786930392015728e-15,2.220446049250313e-16
additive,20260842,48,14542,1.683,True,True,64,3.271932171435142e-08,1.1441136926748641e-10,0.5847584688464289,4.447657520056936e-14,1.7859886849859124e-15,4.2690586515583446e-14,,1.3593367120767954e-14,5.458513781483857e-16,1.3047515742619568e-14,2.6645352591003757e-15,2.6645352591003757e-15,3.552713678800501e-15,0.0,4.440892098500626e-16,1.9984014443252818e-15,3.343092998198656e-15,2.220446049250313e-16
additive,20260842,49,14720,1.772,True,True,64,3.271932171435142e-08,4.30999680389732e-11,0.7363614127952154,1.1289233436961865e-13,2.004712533542645e-15,1.1088762183607601e-13,,3.450326243166024e-14,6.126999058979067e-16,3.3890562525762333e-14,3.1086244689504383e-15,6.217248937900877e-15,2.886579864025407e-15,0.0,2.3314683517128287e-15,2.6645352591003757e-15,2.313493312266517e-15,2.220446049250313e-16
additive,20260842,50,7158,1.819,True,True,64,3.271932171435142e-08,3.1086244689504383e-15,-0.10767266644475404,4.849592949440762e-14,1.2110021979914282e-15,4.7284927296416193e-14,,1.4821801600225785e-14,3.7011836876198313e-16,1.4451683231463803e-14,2.220446049250313e-15,2.6645352591003757e-15,1.6653345369377348e-15,0.0,1.2212453270876722e-15,1.9984014443252818e-15,1.610087724521864e-15,2.220446049250313e-16
additive,20260842,51,730,1.828,True,True,32,3.271932171435142e-08,2.7755575615628914e-16,1.0740805529253783,4.696330130338211e-14,5.156341623521349e-16,4.6447667141029975e-14,,1.4353384741097173e-14,1.575931698260011e-16,1.4195791571271173e-14,6.661338147750939e-16,2.4424906541753444e-15,2.220446049250313e-15,0.0,2.886579864025407e-15,4.440892098500626e-16,1.943154631909411e-15,2.220446049250313e-16
additive,20260842,52,738,1.869,True,True,32,3.271932171435142e-08,1.1102230246251565e-16,1.1740433194050772,4.9457399980967764e-14,4.2611830069774093e-16,4.903128168027002e-14,,1.511565564003567e-14,1.3023445425240462e-16,1.4985421185783264e-14,4.163336342344337e-16,3.3306690738754696e-15,1.7763568394002505e-15,0.0,1.7763568394002505e-15,0.0,1.9780473555404872e-15,2.220446049250313e-16
additive,20260842,53,3461,1.894,True,True,32,3.271932171435142e-08,8.801505968492052e-09,0.7646811486085299,3.521548287352405e-14,4.387017576263073e-16,3.4776781115897743e-14,,1.076290125478908e-14,1.3408033377228691e-16,1.0628820921016793e-14,4.440892098500626e-16,1.3322676295501878e-15,1.5543122344752192e-15,0.0,1.3322676295501878e-15,4.440892098500626e-16,1.738292049984531e-15,2.220446049250313e-16
additive,20260842,54,15343,1.898,True,True,64,3.271932171435142e-08,1.5491163907199734e-11,0.15353758305706422,6.62386812066984e-14,1.3657064896966356e-15,6.487297471700176e-14,,2.024451539215272e-14,4.174006116690391e-16,1.9827114780483677e-14,1.9984014443252818e-15,2.6645352591003757e-15,4.996003610813204e-16,0.0,4.440892098500626e-16,2.1094237467877974e-15,6.825228213290841e-16,2.220446049250313e-16
additive,20260842,55,8280,1.986,True,True,64,3.271932171435142e-08,1.170175067954915e-13,1.2247749888327082,5.62987156893513e-14,1.599415044850616e-15,5.469930064450068e-14,,1.7206565643644572e-14,4.888289124126547e-16,1.6717736731231916e-14,2.4424906541753444e-15,2.6645352591003757e-15,1.9984014443252818e-15,0.0,2.220446049250313e-15,2.220446049250313e-15,2.217538322281056e-15,2.220446049250313e-16
additive,20260842,56,15471,1.99,True,True,64,3.271932171435142e-08,2.684674704767076e-11,0.32707200753981813,4.75472525934828e-14,1.6619291095426322e-15,4.588532348394017e-14,,1.4531857661532e-14,5.079350739760822e-16,1.4023922587555917e-14,2.4424906541753444e-15,2.4424906541753444e-15,3.3306690738754696e-15,0.0,2.0539125955565396e-15,2.55351295663786e-15,3.3547239060756808e-15,2.220446049250313e-16
additive,20260842,57,11110,2.013,True,True,64,3.271932171435142e-08,4.551914400963142e-14,0.23581948435812872,6.128084151235669e-14,1.3821946233063965e-15,5.989864688905029e-14,,1.8729251800313924e-14,4.2243987677169215e-16,1.830681192354223e-14,1.7763568394002505e-15,2.220446049250313e-15,1.9984014443252818e-15,0.0,1.2212453270876722e-15,1.0547118733938987e-15,2.165463575649829e-15,2.220446049250313e-16
additive,20260842,58,14292,2.032,True,True,64,3.271932171435142e-08,2.334132886971929e-10,0.6436060887634452,4.7661527502462775e-14,2.1672313414777294e-15,4.549429616098505e-14,,1.45667834799758e-14,6.623704978967011e-16,1.39044129820791e-14,2.886579864025407e-15,2.886579864025407e-15,1.7763568394002505e-15,0.0,2.886579864025407e-15,1.9984014443252818e-15,1.9262369477246464e-15,2.220446049250313e-16
additive,20260842,59,1456,2.041,True,True,32,3.271932171435142e-08,1.1102230246251565e-16,0.5652853255995289,3.5530524919794026e-14,3.2279615695024204e-16,3.520772876284378e-14,,1.0859187494773019e-14,9.865612733917295e-17,1.0760531367433845e-14,4.996003610813204e-16,1.7763568394002505e-15,1.5543122344752192e-15,0.0,8.881784197001252e-16,2.220446049250313e-16,1.6161675172757636e-15,2.220446049250313e-16
additive,20260842,60,15570,2.109,True,True,64,3.271932171435142e-08,7.257972001184498e-11,0.7080412570420562,7.682331333580539e-14,2.0487352720395473e-15,7.477457806376584e-14,,2.3479494473172094e-14,6.26154566994256e-16,2.2853339906177838e-14,3.1086244689504383e-15,5.10702591327572e-15,3.3306690738754696e-15,0.0,2.6645352591003757e-15,2.220446049250313e-15,3.2405295378285226e-15,2.220446049250313e-16
additive,20260842,61,15883,2.173,True,True,32,3.271932171435142e-08,3.3306690738754696e-16,0.9848173532914135,5.0744944270902925e-14,4.550133211679777e-16,5.028993094973495e-14,,1.5509167553630876e-14,1.3906563379900345e-16,1.5370101919831874e-14,3.7007434154171886e-16,2.886579864025407e-15,9.992007221626409e-16,0.0,7.771561172376096e-16,2.220446049250313e-16,1.0539188569477378e-15,2.220446049250313e-16
additive,20260842,62,16663,2.193,True,True,32,3.271932171435142e-08,3.3306690738754696e-16,0.6863901370395113,3.4101736191838317e-14,6.10477070680674e-16,3.349125912115764e-14,,1.0422507070762576e-14,1.865799896496342e-16,1.0235927081112941e-14,4.440892098500626e-16,1.3322676295501878e-15,8.326672684688674e-16,0.0,1.1102230246251565e-15,0.0,7.234953377140603e-16,2.220446049250313e-16
additive,20260842,63,11025,2.223,True,True,64,3.271932171435142e-08,8.348877145181177e-14,0.6476848544494391,3.157543670972984e-14,1.6106494445045612e-15,2.996478726522528e-14,,9.650394646133558e-15,4.922624798172678e-16,9.15813216631629e-15,2.6645352591003757e-15,2.6645352591003757e-15,1.1102230246251565e-15,0.0,1.5543122344752192e-15,2.6645352591003757e-15,8.628018934229785e-16,2.220446049250313e-16
additive,20260842,64,17449,2.231,True,True,32,3.271932171435142e-08,9.777179066361441e-12,2.1375827300096164,6.063899382624527e-14,3.664396828301487e-16,6.027255414341513e-14,,1.8533084015506245e-14,1.1199488975635462e-16,1.8421089125749892e-14,3.3306690738754696e-16,1.9984014443252818e-15,1.4432899320127035e-15,0.0,3.9968028886505635e-15,0.0,1.5075242641517305e-15,2.220446049250313e-16
additive,20260842,65,11267,2.256,True,True,64,3.271932171435142e-08,5.062616992290714e-14,1.3856005295186389,4.092733096872081e-14,1.4885083906198322e-15,3.943882257810098e-14,,1.2508612289101693e-14,4.549325330197598e-16,1.2053679756081934e-14,2.4424906541753444e-15,2.4424906541753444e-15,7.771561172376096e-16,0.0,8.881784197001252e-16,2.6645352591003757e-15,7.158295120678389e-16,2.220446049250313e-16
additive,20260842,66,8013,2.262,True,True,64,3.271932171435142e-08,3.574918139293004e-14,1.319214255815469,4.589384428044241e-14,1.3441628762426001e-15,4.454968140419981e-14,,1.4026526796951401e-14,4.108162412343103e-16,1.3615710555717092e-14,2.220446049250313e-15,2.4424906541753444e-15,1.4432899320127035e-15,0.0,0.0,2.220446049250313e-15,1.449898402397377e-15,2.220446049250313e-16
additive,20260842,67,10222,2.296,True,True,64,3.271932171435142e-08,4.973799150320701e-14,1.3385328552341411,5.767261668232493e-14,1.1347734921042185e-15,5.653784319022071e-14,,1.7626470739773446e-14,3.4682060404891633e-16,1.7279650135724528e-14,1.5543122344752192e-15,2.220446049250313e-15,8.881784197001252e-16,0.0,0.0,1.3322676295501878e-15,8.924078407463163e-16,2.220446049250313e-16
additive,20260842,68,13255,2.305,True,True,64,3.271932171435142e-08,3.1086244689504383e-15,1.0722288097378003,4.696503602685809e-14,9.415335574683831e-16,4.6023502469389704e-14,,1.4353914924299357e-14,2.8776072000765396e-16,1.4066154204291703e-14,1.5543122344752192e-15,1.9984014443252818e-15,4.440892098500626e-16,0.0,4.440892098500626e-16,1.3322676295501878e-15,7.049916206369744e-16,2.220446049250313e-16
additive,20260842,69,6618,2.306,True,True,32,3.271932171435142e-08,1.045390218834541e-08,0.609669298461444,5.5841182372562415e-14,3.4959221364322134e-16,5.5491590158919194e-14,,1.7066729824068827e-14,1.068458009903923e-16,1.6959884023078435e-14,4.440892098500626e-16,2.220446049250313e-15,5.551115123125783e-16,0.0,1.1102230246251565e-16,3.3306690738754696e-16,5.403085386509096e-16,2.220446049250313e-16
additive,20260842,70,15039,2.414,True,True,64,3.271932171435142e-08,1.3370082818653373e-10,1.2463129601321752,6.565234467181824e-14,1.2328431926127741e-15,6.441950147920547e-14,,2.0065313469814892e-14,3.767936277456576e-16,1.9688519842069233e-14,1.9984014443252818e-15,2.6645352591003757e-15,8.881784197001252e-16,0.0,8.881784197001252e-16,1.3322676295501878e-15,9.230711433312015e-16,2.220446049250313e-16
additive,20260842,71,19348,2.446,True,True,32,3.271932171435142e-08,8.049116928532385e-14,0.8637525072037979,9.416599444644902e-14,5.337496317941212e-16,9.36322448146549e-14,,2.877993476409559e-14,1.6312979726593988e-16,2.861680496682965e-14,6.661338147750939e-16,4.6629367034256575e-15,1.5543122344752192e-15,0.0,3.4416913763379853e-15,6.661338147750939e-16,1.6830452375686598e-15,2.220446049250313e-16
additive,20260842,72,11032,2.48,True,True,64,3.271932171435142e-08,1.170175067954915e-13,1.286230563203472,3.9915011400271094e-14,1.5071102021791909e-15,3.8407901198091906e-14,,1.2199217254177822e-14,4.606178011074535e-16,1.173859945307037e-14,2.4424906541753444e-15,2.4424906541753444e-15,1.9984014443252818e-15,0.0,1.9984014443252818e-15,2.220446049250313e-15,2.1932191512654582e-15,2.220446049250313e-16
additive,20260842,73,19241,2.542,True,True,32,3.271932171435142e-08,5.029310301551959e-14,1.23191288421484,3.882311139236094e-14,5.062749161698406e-16,3.8316836476191105e-14,,1.1865500064853809e-14,1.5473270521612837e-16,1.1710767359637681e-14,3.3306690738754696e-16,1.3322676295501878e-15,1.4432899320127035e-15,0.0,2.6645352591003757e-15,2.220446049250313e-16,1.3478636196580175e-15,2.220446049250313e-16
additive,20260842,74,16647,2.589,True,True,32,3.271932171435142e-08,9.71445146547012e-17,1.2011598517382676,4.6302371659034947e-14,3.125889097830396e-16,4.5989782749251905e-14,,1.415138494106548e-14,9.553648835144744e-17,1.4055848452714032e-14,3.7470027081099033e-16,1.9984014443252818e-15,1.4432899320127035e-15,0.0,6.661338147750939e-16,2.220446049250313e-16,1.353150395965756e-15,2.220446049250313e-16
additive,20260842,75,20365,2.593,True,True,32,3.271932171435142e-08,1.045390218834541e-08,2.149954786824651,5.760669719023781e-14,6.863557341521948e-16,5.692034145608562e-14,,1.7606323778090495e-14,2.0977077096654602e-16,1.739655300712395e-14,5.392511833893617e-16,3.774758283725532e-15,2.220446049250313e-16,0.0,0.0,4.440892098500626e-16,4.01530660572765e-16,2.220446049250313e-16
additive,20260842,76,18638,2.624,True,True,32,3.271932171435142e-08,2.7755575615628914e-17,1.004534091041331,4.532095185250107e-14,3.431737367821072e-16,4.497777811571896e-14,,1.3851433794430492e-14,1.0488412314231551e-16,1.3746549671288176e-14,3.552713678800501e-16,1.7763568394002505e-15,6.661338147750939e-16,0.0,4.440892098500626e-16,4.440892098500626e-16,1.932316740478546e-16,2.220446049250313e-16
additive,20260842,77,8396,2.625,True,True,64,3.271932171435142e-08,6.439293542825908e-15,0.434177679060586,4.335963012247479e-14,1.2245516274270042e-15,4.213507849504779e-14,,1.3251995411462424e-14,3.7425947827331905e-16,1.2877735933189106e-14,1.7763568394002505e-15,1.7763568394002505e-15,6.661338147750939e-16,0.0,1.1102230246251565e-15,1.3877787807814457e-15,6.444580319133648e-16,2.220446049250313e-16
additive,20260842,78,19315,2.698,True,True,32,3.271932171435142e-08,2.4424906541753444e-14,1.0943216257519368,4.642466966409131e-14,4.2165345289409595e-16,4.600301621119722e-14,,1.4188762856819375e-14,1.288698636772624e-16,1.4059892993142114e-14,4.440892098500626e-16,3.552713678800501e-15,2.4424906541753444e-15,0.0,6.661338147750939e-16,4.440892098500626e-16,2.367418430605453e-15,2.220446049250313e-16
additive,20260842,79,17995,2.83,True,True,32,3.271932171435142e-08,2.220446049250313e-16,2.7151881919649945,4.9960036108132044e-14,4.243298833998886e-16,4.953570622473216e-14,,1.5269276222868174e-14,1.2968786061777316e-16,1.51395883622504e-14,4.440892098500626e-16,2.6645352591003757e-15,6.661338147750939e-16,0.0,0.0,8.881784197001252e-16,5.551115123125783e-16,2.220446049250313e-16
additive,20260842,80,14381,2.868,True,True,64,3.271932171435142e-08,2.334132886971929e-10,0.9949274995133743,4.6053438840232275e-14,1.7843530885657055e-15,4.426908575166657e-14,,1.407530365155223e-14,5.453514911291846e-16,1.3529952160423046e-14,2.886579864025407e-15,2.886579864025407e-15,2.220446049250313e-15,0.0,2.55351295663786e-15,2.6645352591003757e-15,1.937867855601672e-15,4.440892098500626e-16
additive,20260842,81,15735,2.875,True,True,32,3.271932171435142e-08,2.220446049250313e-16,1.150409580071993,2.582309366339075e-14,5.515098959529311e-16,2.527158376743782e-14,,7.892307147694986e-15,1.685578633835269e-16,7.72374928431146e-15,5.551115123125783e-16,2.220446049250313e-15,2.4424906541753444e-15,0.0,3.774758283725532e-15,2.220446049250313e-16,2.699427982731452e-15,2.220446049250313e-16
additive,20260842,82,19114,2.911,True,True,32,3.271932171435142e-08,4.107825191113079e-15,1.7398145988746343,6.196172047667758e-14,6.436402337032611e-16,6.131808024297432e-14,,1.8937348707170724e-14,1.9671564078327031e-16,1.874063306638745e-14,5.075305255429287e-16,3.552713678800501e-15,2.886579864025407e-15,0.0,4.884981308350689e-15,4.440892098500626e-16,2.998659521749471e-15,2.220446049250313e-16
additive,20260842,83,282,2.93,True,True,32,3.271932171435142e-08,1.1102230246251565e-16,2.2638054812178128,7.204827012774473e-14,9.429791603650307e-16,7.11052909673797e-14,,2.2020098936263325e-14,2.8820253934280645e-16,2.173189639692052e-14,6.661338147750939e-16,3.774758283725532e-15,2.220446049250313e-15,0.0,5.329070518200751e-15,4.440892098500626e-16,2.210665513080996e-15,2.220446049250313e-16
additive,20260842,84,4634,3.0,True,True,64,3.271932171435142e-08,6.661338147750939e-16,1.0639279155708596,6.08315481320787e-14,1.3700185166226356e-15,5.946152961545605e-14,,1.8591934350948548e-14,4.187184956287511e-16,1.8173215855319797e-14,2.220446049250313e-15,4.218847493575595e-15,2.6645352591003757e-15,0.0,2.6645352591003757e-15,2.220446049250313e-15,2.7573181833011923e-15,2.220446049250313e-16
additive,20260842,85,9293,3.109,True,True,32,3.271932171435142e-08,2.220446049250313e-16,1.628991301398842,5.74202144165703e-14,5.804136932978969e-16,5.683980072327241e-14,,1.754932908385583e-14,1.773917254046604e-16,1.737193735845117e-14,4.996003610813204e-16,2.4424906541753444e-15,8.881784197001252e-16,0.0,1.7763568394002505e-15,2.220446049250313e-16,8.453555316074408e-16,2.220446049250313e-16
additive,20260842,86,1661,3.204,True,True,32,3.271932171435142e-08,2.220446049250313e-16,2.230155945601636,5.710145897785956e-14,8.549171621952653e-16,5.62465418156643e-14,,1.745190792045472e-14,2.612881677862777e-16,1.7190619752668443e-14,5.075305255429287e-16,3.552713678800501e-15,1.3322676295501878e-15,0.0,1.3322676295501878e-15,0.0,1.6920327572918158e-15,2.220446049250313e-16
additive,20260842,87,17862,3.205,True,True,32,3.271932171435142e-08,1.3877787807814457e-17,1.1746607035414987,4.4923266495633385e-14,2.970094408511717e-16,4.462625705478221e-14,,1.3729889295330057e-14,9.077493825946178e-17,1.3639114357070594e-14,3.3306690738754696e-16,2.220446049250313e-15,1.7763568394002505e-15,0.0,2.220446049250313e-15,4.440892098500626e-16,1.9368105003401244e-15,2.220446049250313e-16
additive,20260842,88,18118,3.401,True,True,32,3.271932171435142e-08,1.1102230246251565e-16,1.9933123848331933,6.742002789383861e-14,5.748212752348673e-16,6.684520661860374e-14,,2.0605570152839288e-14,1.7568251574809935e-16,2.0429887637091188e-14,4.810966440042345e-16,2.886579864025407e-15,1.9984014443252818e-15,0.0,8.881784197001252e-16,0.0,1.8894938523858616e-15,2.220446049250313e-16
additive,20260842,89,11610,3.591,True,True,64,3.271932171435142e-08,1.170175067954915e-13,2.190429860847246,4.8691953247193e-14,1.6210412641844604e-15,4.707091198300854e-14,,1.4881712302072457e-14,4.954385296665352e-16,1.438627377240592e-14,2.4424906541753444e-15,3.1086244689504383e-15,2.220446049250313e-15,0.0,8.881784197001252e-16,2.220446049250313e-15,2.3684757858670005e-15,4.440892098500626e-16
additive,20260842,90,1571,3.866,True,True,32,3.271932171435142e-08,2.220446049250313e-16,2.2375252391082814,7.139471305817047e-14,5.392553136833519e-16,7.085545774448712e-14,,2.182035241484091e-14,1.6481249776239173e-16,2.165553991707852e-14,5.551115123125783e-16,4.440892098500626e-15,6.661338147750939e-16,0.0,4.440892098500626e-16,4.440892098500626e-16,4.625929269271484e-16,2.220446049250313e-16
additive,20260842,91,18148,4.473,True,True,32,3.271932171435142e-08,8.326672684688674e-17,2.92033458796954,6.937419388952648e-14,7.862014610766315e-16,6.858799242844985e-14,,2.120282153009835e-14,2.40286601275046e-16,2.0962534928823306e-14,6.661338147750939e-16,2.6645352591003757e-15,3.1086244689504383e-15,0.0,1.7763568394002505e-15,0.0,3.351551840291038e-15,4.440892098500626e-16
additive,20260842,92,9313,4.878,True,True,32,3.271932171435142e-08,1.1102230246251565e-16,2.017034326965259,4.144948273498983e-14,5.634051426453434e-16,4.0886077592344486e-14,,1.2668197432958754e-14,1.7219340534135258e-16,1.24960040276174e-14,4.440892098500626e-16,2.4424906541753444e-15,1.7763568394002505e-15,0.0,1.3322676295501878e-15,0.0,1.714237217784319e-15,2.220446049250313e-16
additive,20260842,93,6702,4.932,True,True,64,3.271932171435142e-08,2.886579864025407e-15,0.8739446700816891,5.923495201287654e-14,9.169190704324696e-16,5.831803294244407e-14,,1.810396698623944e-14,2.802377990709656e-16,1.7823729187168474e-14,1.1102230246251565e-15,3.3306690738754696e-15,4.996003610813204e-16,0.0,1.1102230246251565e-15,6.661338147750939e-16,5.342287458970097e-16,2.220446049250313e-16
additive,20260842,94,9850,5.0,True,True,32,3.271932171435142e-08,2.220446049250313e-16,1.2697232956632964,1.149011441547998e-13,5.360130329008719e-16,1.1436513112189892e-13,,3.511721457978807e-14,1.6382156011069285e-16,3.495339301967737e-14,7.61295788314393e-16,5.329070518200751e-15,1.9984014443252818e-15,0.0,1.9984014443252818e-15,8.881784197001252e-16,2.149338907911226e-15,2.220446049250313e-16
additive,20260842,95,10805,5.00001,True,True,64,3.271932171435142e-08,6.339373470609644e-13,1.0762610947089715,4.729463348729368e-14,1.6070726099088564e-15,4.568756087738482e-14,,1.4454649732714112e-14,4.911692925480049e-16,1.3963480440166107e-14,2.886579864025407e-15,2.886579864025407e-15,5.551115123125783e-16,0.0,4.440892098500626e-16,2.220446049250313e-15,6.674555088520287e-16,2.220446049250313e-16
additive,20260842,96,14807,5.00001,True,True,64,3.271932171435142e-08,3.86708443045336e-10,1.759059553632039,5.998673779927799e-14,1.8633903943664007e-15,5.812334740491159e-14,,1.8333735131485467e-14,5.695076476934044e-16,1.776422748379206e-14,2.886579864025407e-15,5.10702591327572e-15,7.216449660063518e-16,0.0,4.440892098500626e-16,1.9984014443252818e-15,7.38562650191116e-16,2.220446049250313e-16
additive,20260842,97,15672,5.00001,True,True,32,3.271932171435142e-08,1.1102230246251565e-15,3.8169469902644924,6.83932077638616e-14,1.1147498268386575e-15,6.727845793702294e-14,,2.090300292926391e-14,3.407007750865763e-16,2.0562302154177334e-14,8.881784197001252e-16,2.886579864025407e-15,2.4424906541753444e-15,0.0,2.6645352591003757e-15,8.881784197001252e-16,2.665592614361923e-15,2.220446049250313e-16
additive,20260842,98,15698,5.00001,True,True,32,3.271932171435142e-08,1.303427588084105e-09,3.5681173907823727,1.0054457266761574e-13,1.0157218981243246e-15,9.952885076949142e-14,,3.0729418398522195e-14,3.1043488828767693e-16,3.041898351023452e-14,9.62193288008469e-16,5.773159728050814e-15,3.1086244689504383e-15,0.0,4.440892098500626e-16,8.881784197001252e-16,3.4427487315995326e-15,2.220446049250313e-16
additive,20260842,99,17110,5.00001,True,True,32,3.271932171435142e-08,2.7976780891947328e-08,3.5574865851506754,5.953570969552402e-14,1.5910553298140039e-15,5.794465436571002e-14,,1.8195887498917906e-14,4.86273934314516e-16,1.770961356460339e-14,1.7763568394002505e-15,3.552713678800501e-15,2.886579864025407e-15,0.0,3.1086244689504383e-15,8.881784197001252e-16,2.4187001607905195e-15,8.881784197001252e-16
additive,20260843,0,18834,0.557,True,True,32,3.258458319280395e-08,2.5416410753820173e-08,-0.7995917094659035,6.73532410400135e-14,1.1499316710490637e-15,6.620330936896443e-14,,2.0670278530642045e-14,3.5290666885161116e-16,2.0317371861790432e-14,8.881784197001252e-16,2.6645352591003757e-15,1.5543122344752192e-15,0.0,2.220446049250313e-16,3.3306690738754696e-16,1.6753794119224386e-15,6.661338147750939e-16
additive,20260843,1,12797,0.598,True,True,32,3.258458319280395e-08,3.922417946000678e-13,-0.6768217038221482,4.465828748467793e-14,4.476949565037001e-16,4.421059252817423e-14,,1.3705342560447533e-14,1.3739471634627817e-16,1.3567947844101256e-14,8.141635513917814e-16,4.884981308350689e-15,6.661338147750939e-16,0.0,4.440892098500626e-16,2.220446049250313e-16,6.423433213902692e-16,6.661338147750939e-16
additive,20260843,2,19817,0.656,True,True,32,3.258458319280395e-08,1.1102230246251565e-16,-0.7191765344256948,4.831465089116804e-14,8.273061468693006e-16,4.748734474429874e-14,,1.4827457084624598e-14,2.5389496068558113e-16,1.4573562123939013e-14,9.992007221626409e-16,1.5543122344752192e-15,1.1102230246251565e-15,0.0,2.1094237467877974e-15,8.881784197001252e-16,1.173135662687249e-15,6.661338147750939e-16
additive,20260843,3,2319,0.682,True,True,32,3.258458319280395e-08,8.326672684688674e-17,-0.4886502433513997,3.66421303021891e-14,6.280153315374987e-16,3.6014114970651604e-14,,1.1245235234520734e-14,1.9273388516941076e-16,1.1052501349351323e-14,8.881784197001252e-16,1.1102230246251565e-15,4.440892098500626e-16,0.0,4.440892098500626e-16,1.6653345369377348e-16,1.8662320366318115e-16,6.661338147750939e-16
additive,20260843,4,2961,0.699,True,True,32,3.258458319280395e-08,1.1102230246251565e-16,-0.030581561670004476,5.179147041789456e-14,5.446329564588803e-16,5.124683746143568e-14,,1.5894470741406415e-14,1.6714436800872086e-16,1.5727326373397696e-14,5.134781488891349e-16,1.7763568394002505e-15,1.5543122344752192e-15,0.0,2.4980018054066022e-15,4.440892098500626e-16,1.6240976817373718e-15,6.661338147750939e-16
additive,20260843,5,9528,0.7,True,True,32,3.258458319280395e-08,1.196476251408285e-11,-0.32385876153289606,3.4703143136916026e-14,1.0239990072811282e-15,3.36791441296349e-14,,1.0650172485428614e-14,3.142587404669551e-16,1.033591374496166e-14,1.5543122344752192e-15,1.5543122344752192e-15,1.4432899320127035e-15,0.0,3.3306690738754696e-16,8.326672684688674e-16,1.5099033134902127e-15,6.661338147750939e-16
additive,20260843,6,2903,0.725,True,True,32,3.258458319280395e-08,2.220446049250313e-16,0.12583089581113782,2.819272593157507e-14,7.387609043026561e-16,2.7453965027272412e-14,,8.652167119879322e-15,2.267209925415912e-16,8.425446127337731e-15,8.881784197001252e-16,1.1102230246251565e-15,5.551115123125783e-16,0.0,1.1102230246251565e-16,4.440892098500626e-16,5.173110617122455e-16,6.661338147750939e-16
additive,20260843,7,2561,0.741,True,True,32,3.258458319280395e-08,3.456312125393879e-09,-0.12726387799501704,6.001796282184557e-14,9.75377186425893e-16,5.904258563541967e-14,,1.8419128600392863e-14,2.9933701488662816e-16,1.8119791585506232e-14,6.661338147750939e-16,2.4424906541753444e-15,1.1102230246251565e-15,0.0,2.9976021664879227e-15,2.220446049250313e-16,1.058148277993929e-15,6.661338147750939e-16
additive,20260843,8,9579,0.797,True,True,32,3.258458319280395e-08,1.1102230246251565e-16,-0.489665524250845,5.999541141665787e-14,7.926364591137076e-16,5.920277495754416e-14,,1.8412207718497808e-14,2.4325505544252453e-16,1.8168952663055283e-14,1.1102230246251565e-15,1.7763568394002505e-15,1.6653345369377348e-16,0.0,5.551115123125783e-16,3.3306690738754696e-16,2.3341117398666978e-16,6.661338147750939e-16
additive,20260843,9,12279,0.819,True,True,32,3.258458319280395e-08,4.394542507668575e-10,-0.6907713056661557,6.633886148743606e-14,1.2941987098404772e-15,6.504466277759558e-14,,2.0358971939247174e-14,3.9718129956816234e-16,1.996179063967901e-14,1.1102230246251565e-15,2.4424906541753444e-15,1.7763568394002505e-15,0.0,2.6645352591003757e-15,2.220446049250313e-16,2.0967354836492246e-15,6.661338147750939e-16
additive,20260843,10,5210,0.904,True,True,32,3.258458319280395e-08,5.189892959833742e-11,-0.022603871088956007,4.84525614075082e-14,1.2715192655390757e-15,4.718104214196912e-14,,1.486978093929051e-14,3.9022112328872167e-16,1.4479559816001787e-14,1.1102230246251565e-15,1.9984014443252818e-15,1.1102230246251565e-15,0.0,1.1102230246251565e-15,6.661338147750939e-16,1.1107517022559304e-15,6.661338147750939e-16
additive,20260843,11,7482,0.932,True,True,32,3.258458319280395e-08,4.2635450725470037e-11,0.17890602504090158,3.4808744428516114e-14,8.524080085960845e-16,3.395633641992003e-14,,1.0682580845841035e-14,2.615985613663864e-16,1.0420982284474649e-14,8.881784197001252e-16,1.5543122344752192e-15,3.552713678800501e-15,0.0,3.7192471324942744e-15,1.1657341758564144e-15,3.589456774139286e-15,6.661338147750939e-16
additive,20260843,12,13055,0.961,True,True,32,3.258458319280395e-08,3.6903813338540203e-13,-0.23715277687746394,3.7180328260610906e-14,7.62336622399979e-16,3.6417991638210926e-14,,1.1410404742823868e-14,2.3395622951173277e-16,1.1176448513312135e-14,8.881784197001252e-16,1.3322676295501878e-15,1.5543122344752192e-15,0.0,2.192690473634684e-15,4.440892098500626e-16,1.4446116260896383e-15,6.661338147750939e-16
additive,20260843,13,12827,0.962,True,True,32,3.258458319280395e-08,5.055955654142963e-13,-0.1852145460007384,2.5507807671631966e-14,7.474551731524925e-16,2.4760352498479473e-14,,7.828182892720005e-15,2.293892079974686e-16,7.598793684722536e-15,6.38378239159465e-16,8.881784197001252e-16,5.551115123125783e-16,0.0,1.5543122344752192e-15,4.440892098500626e-16,5.47445686666357e-16,6.661338147750939e-16
additive,20260843,14,2997,1.002,True,True,32,3.258458319280395e-08,1.1102230246251565e-16,-0.35657453022418006,4.868674907676507e-14,7.307976974891244e-16,4.7955951379275944e-14,,1.4941651635893e-14,2.242771353449491e-16,1.4717374500548052e-14,1.2212453270876722e-15,1.3322676295501878e-15,1.2212453270876722e-15,0.0,2.220446049250313e-15,2.220446049250313e-16,1.2862726756728599e-15,6.661338147750939e-16
additive,20260843,15,5030,1.01,True,True,32,3.258458319280395e-08,8.072653656654438e-12,0.530495399800887,5.35309643834303e-14,7.780400001515594e-16,5.275292438327874e-14,,1.642831030450382e-14,2.3877549562253834e-16,1.618953480888128e-14,7.771561172376096e-16,2.886579864025407e-15,1.1102230246251565e-15,0.0,1.6653345369377348e-15,1.1102230246251565e-16,1.3642526262120076e-15,6.661338147750939e-16
additive,20260843,16,9116,1.026,True,True,32,3.258458319280395e-08,1.176836406102666e-14,-0.5032975741982737,3.8458819462405813e-14,5.690223424723161e-16,3.78897971199335e-14,,1.1802765508720439e-14,1.7462931445383052e-16,1.1628136194266609e-14,4.440892098500626e-16,1.7763568394002505e-15,9.992007221626409e-16,0.0,2.3314683517128287e-15,1.4432899320127035e-15,1.0748016233633064e-15,6.661338147750939e-16
additive,20260843,17,20015,1.034,True,True,32,3.258458319280395e-08,1.1102230246251565e-16,-0.5320459778486217,3.4051754471686735e-14,7.581485042936919e-16,3.3293605967393044e-14,,1.0450265473767608e-14,2.3267092287407964e-16,1.0217594550893527e-14,1.3322676295501878e-15,1.5543122344752192e-15,1.942890293094024e-16,0.0,1.1102230246251565e-15,7.771561172376096e-16,2.1226406875571478e-16,6.661338147750939e-16
additive,20260843,18,1857,1.059,True,True,32,3.258458319280395e-08,2.6994035007277262e-08,-0.4642909734266014,6.51692241837587e-14,1.967135118817795e-15,6.32020890649409e-14,,2.0000017737882502e-14,6.037011758530707e-16,1.9396316562029432e-14,1.3322676295501878e-15,2.886579864025407e-15,1.7763568394002505e-15,0.0,8.881784197001252e-16,1.8318679906315083e-15,1.695733500707233e-15,6.661338147750939e-16
additive,20260843,19,19048,1.075,True,True,32,3.258458319280395e-08,3.808064974464287e-14,0.18689858414698457,4.946390519400268e-14,4.2842713503838623e-16,4.903547805896429e-14,,1.51801558735072e-14,1.3148154527660218e-16,1.5048674328230598e-14,4.718447854656915e-16,3.774758283725532e-15,1.3322676295501878e-15,0.0,1.1657341758564144e-15,3.3306690738754696e-16,1.321958415750097e-15,6.661338147750939e-16
additive,20260843,20,9519,1.089,True,True,32,3.258458319280395e-08,1.3924639219453638e-11,0.29846862034855204,4.8353465328943024e-14,1.1478396771429154e-15,4.720562565180011e-14,,1.4839368987117046e-14,3.5226464931317794e-16,1.448710433780387e-14,6.661338147750939e-16,2.6645352591003757e-15,3.1086244689504383e-15,0.0,0.0,1.6653345369377348e-15,2.639687410454003e-15,6.661338147750939e-16
additive,20260843,21,2993,1.098,True,True,32,3.258458319280395e-08,1.1102230246251565e-16,-0.1494574894474905,2.8810721169891806e-14,5.025370001085097e-16,2.8308184169783295e-14,,8.841825902580345e-15,1.5422538847128512e-16,8.687600514109058e-15,6.661338147750939e-16,1.3322676295501878e-15,4.440892098500626e-16,0.0,3.608224830031759e-16,7.771561172376096e-16,4.546627624655405e-16,6.661338147750939e-16
additive,20260843,22,11936,1.16,True,True,32,3.258458319280395e-08,3.414313276550729e-11,0.1510462729242572,2.7712858050032985e-14,1.2615301495232428e-15,2.645132790050974e-14,,8.504898738785511e-15,3.871555275262327e-16,8.117743211259278e-15,9.992007221626409e-16,1.5543122344752192e-15,1.7763568394002505e-15,0.0,2.220446049250313e-16,0.0,1.531843435167329e-15,6.661338147750939e-16
additive,20260843,23,9470,1.162,True,True,32,3.258458319280395e-08,9.5767838104166e-12,0.20543590852800797,3.3921650210988474e-14,8.028548064460091e-16,3.311879540454247e-14,,1.0410337308988444e-14,2.4639100082867207e-16,1.0163946308159773e-14,8.881784197001252e-16,1.3322676295501878e-15,4.218847493575595e-15,0.0,6.161737786669619e-15,1.3877787807814457e-15,4.244488358668129e-15,6.661338147750939e-16
additive,20260843,24,16444,1.167,True,True,32,3.258458319280395e-08,1.4765966227514582e-14,0.021609953822955053,2.968415444004613e-14,6.674183362061148e-16,2.9016736103840014e-14,,9.109876982131122e-15,2.048264150739571e-16,8.905050567057165e-15,9.992007221626409e-16,9.992007221626409e-16,6.661338147750939e-16,0.0,9.992007221626409e-16,1.6653345369377348e-16,5.157250288199239e-16,6.661338147750939e-16
additive,20260843,25,12155,1.172,True,True,32,3.258458319280395e-08,3.447642171749976e-11,-0.1382427815085825,5.213017517657903e-14,1.1961496608018743e-15,5.0934025515777156e-14,,1.5998417063714837e-14,3.6709067405411366e-16,1.5631326389660722e-14,1.1102230246251565e-15,1.9984014443252818e-15,1.9984014443252818e-15,0.0,3.3029134982598407e-15,2.7755575615628914e-16,1.8186510498621614e-15,6.661338147750939e-16
additive,20260843,26,13083,1.18,True,True,32,3.258458319280395e-08,2.4702462297909733e-13,-0.047432156567324135,4.0523140398818214e-14,5.381938281278139e-16,3.99849465706904e-14,,1.2436292389883151e-14,1.6516824074234895e-16,1.2271124149140802e-14,6.661338147750939e-16,1.7763568394002505e-15,1.887379141862766e-15,0.0,1.942890293094024e-15,2.220446049250313e-16,1.7700127078309639e-15,6.661338147750939e-16
additive,20260843,27,12928,1.216,True,True,32,3.258458319280395e-08,4.545253062815391e-13,-0.12361486773035746,2.4676387235661457e-14,5.708019828954386e-16,2.4105585252766017e-14,,7.573025283045832e-15,1.7517547470777402e-16,7.397849808338057e-15,5.480641981914225e-16,1.1102230246251565e-15,7.771561172376096e-16,0.0,1.582067810090848e-15,4.163336342344337e-17,6.693058805597372e-16,6.661338147750939e-16
additive,20260843,28,15342,1.256,True,True,32,3.258458319280395e-08,4.984956891718184e-10,0.42407115016672026,4.5621926375583044e-14,1.1569655617147508e-15,4.446496081386829e-14,,1.400107716757853e-14,3.550653248712593e-16,1.364601184270727e-14,8.881784197001252e-16,1.7763568394002505e-15,3.9968028886505635e-15,0.0,4.385380947269368e-15,6.106226635438361e-16,4.0850920529898025e-15,6.661338147750939e-16
additive,20260843,29,13936,1.286,True,True,32,3.258458319280395e-08,1.0697880428733875e-10,1.0316877249346643,3.824891792181262e-14,9.417235509919425e-16,3.730719437082068e-14,,1.173834806954339e-14,2.890089295970847e-16,1.1449339139946306e-14,6.661338147750939e-16,1.3322676295501878e-15,1.7763568394002505e-15,0.0,6.661338147750939e-16,6.661338147750939e-16,1.550082813429028e-15,6.661338147750939e-16
additive,20260843,30,243,1.375,True,True,32,3.258458319280395e-08,7.771561172376096e-16,0.5552615581648277,6.112471639951877e-14,6.515290952249653e-16,6.047318730429381e-14,,1.875878418878094e-14,1.9995010872775272e-16,1.8558834080053185e-14,9.43689570931383e-16,3.1086244689504383e-15,1.1102230246251565e-15,0.0,7.771561172376096e-16,2.220446049250313e-16,1.1535745903486149e-15,6.661338147750939e-16
additive,20260843,31,12361,1.375,True,True,64,3.258458319280395e-08,7.827072323607354e-15,-0.386801216964789,5.621024479207648e-14,2.383989170095022e-15,5.382625562198146e-14,,1.7250564311189372e-14,7.316310158055075e-16,1.6518933295383865e-14,1.3322676295501878e-15,1.9984014443252818e-15,1.7763568394002505e-15,0.0,2.3314683517128287e-15,3.885780586188048e-16,1.904825503678304e-15,6.661338147750939e-16
additive,20260843,32,6134,1.385,True,True,32,3.258458319280395e-08,1.191802212474613e-11,-0.005214998415358885,5.0372032933676536e-14,1.1468587323201905e-15,4.922517420135635e-14,,1.5458854463665754e-14,3.5196360362635093e-16,1.51068908600394e-14,1.1102230246251565e-15,2.886579864025407e-15,1.2212453270876722e-15,0.0,2.275957200481571e-15,2.7755575615628914e-16,1.2304971856262152e-15,6.661338147750939e-16
additive,20260843,33,1951,1.426,True,True,32,3.258458319280395e-08,4.811706588725428e-13,-0.4306740526614985,5.359601651377943e-14,5.059444926506068e-16,5.309007202112882e-14,,1.64482743868934e-14,1.5527112612026315e-16,1.6293003260773135e-14,5.273559366969494e-16,3.1086244689504383e-15,3.3306690738754696e-16,0.0,4.440892098500626e-16,7.771561172376096e-16,3.4707686460305474e-16,6.661338147750939e-16
additive,20260843,34,10023,1.444,True,True,32,3.258458319280395e-08,1.8618773189871263e-11,-0.5585042904376805,6.524815410191565e-14,5.582009722174128e-16,6.468995312969823e-14,,2.0024240824515193e-14,1.7130830519283338e-16,1.985293251932236e-14,6.661338147750939e-16,3.9968028886505635e-15,2.3314683517128287e-15,0.0,1.6653345369377348e-15,0.0,2.383278759528669e-15,6.661338147750939e-16
additive,20260843,35,9457,1.458,True,True,32,3.258458319280395e-08,2.331699278101951e-10,0.13298291196927825,5.415806691999592e-14,1.4865754130323153e-15,5.26714915069636e-14,,1.6620764058739382e-14,4.562204783274975e-16,1.6164543580411883e-14,1.1102230246251565e-15,2.6645352591003757e-15,2.6645352591003757e-15,0.0,1.7763568394002505e-15,0.0,2.6084954302383438e-15,6.661338147750939e-16
additive,20260843,36,2358,1.487,True,True,32,3.258458319280395e-08,8.326672684688674e-17,0.391668704778527,2.7226484955455987e-14,7.467406322921495e-16,2.6479744323163837e-14,,8.355633949452742e-15,2.2916991998137987e-16,8.126464029471362e-15,4.718447854656915e-16,8.881784197001252e-16,2.0816681711721685e-16,0.0,9.992007221626409e-16,7.771561172376096e-16,1.866232036631811e-16,6.661338147750939e-16
additive,20260843,37,15340,1.516,True,True,32,3.258458319280395e-08,1.046385422753815e-09,0.004572165732518396,6.495303427056509e-14,1.4554144100215837e-15,6.349761986054351e-14,,1.9933670437407795e-14,4.466573659726913e-16,1.9487013071435103e-14,8.881784197001252e-16,2.6645352591003757e-15,1.5543122344752192e-15,0.0,2.275957200481571e-15,0.0,1.7692196913848028e-15,6.661338147750939e-16
additive,20260843,38,7011,1.556,True,True,32,3.258458319280395e-08,1.3419043654039342e-11,0.16875477999837596,5.462991170546161e-14,1.2534285778610322e-15,5.337648312760058e-14,,1.6765570203005143e-14,3.8466920704323824e-16,1.6380900995961907e-14,1.1102230246251565e-15,2.220446049250313e-15,2.6645352591003757e-15,0.0,3.3861802251067274e-15,9.992007221626409e-16,2.544525436914704e-15,6.661338147750939e-16
additive,20260843,39,4943,1.563,True,True,32,3.258458319280395e-08,6.275424624391235e-12,0.5119605805864673,4.1185804766641354e-14,9.92559209426044e-16,4.019324555721531e-14,,1.2639659842491685e-14,3.0461006775905085e-16,1.2335049774732633e-14,6.661338147750939e-16,1.7763568394002505e-15,1.1102230246251565e-15,0.0,1.2212453270876722e-15,4.440892098500626e-16,1.262217843472648e-15,6.661338147750939e-16
additive,20260843,40,10139,1.595,True,True,32,3.258458319280395e-08,5.189892959833742e-11,0.5706604225064775,3.5024066979971735e-14,1.0423870761264824e-15,3.398167990384525e-14,,1.0748661958550548e-14,3.1990192108907674e-16,1.0428760037461471e-14,1.1102230246251565e-15,1.7763568394002505e-15,1.5543122344752192e-15,0.0,2.9976021664879227e-15,1.5543122344752192e-15,1.5347511621365851e-15,6.661338147750939e-16
additive,20260843,41,13689,1.6,True,True,32,3.258458319280395e-08,1.2752243705449473e-11,0.2108862605936761,3.947536741932822e-14,9.32917764204365e-16,3.854244965512386e-14,,1.2114737569528295e-14,2.86306489999968e-16,1.1828431079528328e-14,7.771561172376096e-16,1.3322676295501878e-15,1.7763568394002505e-15,0.0,3.1086244689504383e-15,6.106226635438361e-16,1.905089842493691e-15,6.661338147750939e-16
additive,20260843,42,12306,1.611,True,True,32,3.258458319280395e-08,1.5853121371200984e-08,0.4286287824722801,7.904440990635919e-14,1.5891719157543717e-15,7.745523799060482e-14,,2.4258223417697587e-14,4.87706688267637e-16,2.3770516729429953e-14,1.3322676295501878e-15,3.3306690738754696e-15,1.9984014443252818e-15,0.0,6.106226635438361e-16,9.992007221626409e-16,2.0695085856643694e-15,6.661338147750939e-16
additive,20260843,43,14526,1.634,True,True,32,3.258458319280395e-08,2.889383421411651e-08,0.07060770527183569,3.188248276497774e-14,1.6222968735575482e-15,3.026018589142019e-14,,9.784529873016371e-15,4.978725257764906e-16,9.28665734723988e-15,1.9984014443252818e-15,2.4424906541753444e-15,4.440892098500626e-15,0.0,3.1363800445660672e-15,1.7763568394002505e-15,4.395690161069459e-15,6.661338147750939e-16
additive,20260843,44,17733,1.645,True,True,32,3.258458319280395e-08,8.326672684688674e-17,0.7020311919093698,5.0709436649754025e-14,3.3268692034042814e-16,5.03767497294136e-14,,1.556240150432638e-14,1.0209948624228512e-16,1.5460302018084097e-14,4.180683577104105e-16,2.4424906541753444e-15,1.2212453270876722e-15,0.0,2.220446049250313e-16,6.661338147750939e-16,1.1469661199639415e-15,6.661338147750939e-16
additive,20260843,45,6168,1.655,True,True,32,3.258458319280395e-08,1.17030829471787e-11,0.5766495284918964,6.149421249990183e-14,9.135714671532338e-16,6.05806410327486e-14,,1.887218017675376e-14,2.8036923527534613e-16,1.8591810941478415e-14,4.440892098500626e-16,3.1086244689504383e-15,4.440892098500626e-16,0.0,9.992007221626409e-16,2.220446049250313e-16,7.036699265600396e-16,6.661338147750939e-16
additive,20260843,46,14636,1.663,True,True,64,3.258458319280395e-08,3.552713678800501e-15,1.0711860422186736,8.483665159264575e-14,1.6023062506439108e-15,8.323434534200184e-14,,2.6035825313665904e-14,4.917375315691525e-16,2.554408778209675e-14,1.9984014443252818e-15,2.886579864025407e-15,1.1102230246251565e-15,0.0,3.552713678800501e-15,1.3322676295501878e-15,8.112558244225253e-16,6.661338147750939e-16
additive,20260843,47,13286,1.664,True,True,32,3.258458319280395e-08,1.1935563648535208e-11,0.9213630760203351,3.588969399448416e-14,5.941180087581141e-16,3.529557598572605e-14,,1.1014317348214577e-14,1.823310137934557e-16,1.083198633442112e-14,3.608224830031759e-16,1.5543122344752192e-15,1.4432899320127035e-15,0.0,6.661338147750939e-16,1.2212453270876722e-15,1.3201080440423884e-15,6.661338147750939e-16
additive,20260843,48,14542,1.683,True,True,32,3.258458319280395e-08,2.889383421411651e-08,0.5955905414620364,4.4797499043625066e-14,1.9830697930328394e-15,4.2814429250592225e-14,,1.3748065696761236e-14,6.085914253679283e-16,1.3139474271393308e-14,1.9984014443252818e-15,2.220446049250313e-15,4.440892098500626e-15,0.0,5.551115123125783e-15,1.5543122344752192e-15,4.3330418618227534e-15,6.661338147750939e-16
additive,20260843,49,14720,1.772,True,True,64,3.258458319280395e-08,3.552713678800501e-15,0.7534568605590166,3.012477420294424e-14,1.8886306209418636e-15,2.8236143582002373e-14,,9.245100366849886e-15,5.796086479814028e-16,8.665491718868483e-15,1.9984014443252818e-15,1.9984014443252818e-15,8.881784197001252e-16,0.0,2.1094237467877974e-15,1.3322676295501878e-15,9.07210814407985e-16,6.661338147750939e-16
additive,20260843,50,7158,1.819,True,True,32,3.258458319280395e-08,9.856782057227065e-12,-0.0025407474397638463,4.44956571588051e-14,9.659270737758094e-16,4.3529730085029294e-14,,1.3655432354473579e-14,2.964368358067956e-16,1.3358995518666784e-14,9.992007221626409e-16,1.5543122344752192e-15,7.216449660063518e-16,0.0,1.1102230246251565e-16,4.440892098500626e-16,7.078993476062307e-16,6.661338147750939e-16
additive,20260843,51,730,1.828,True,True,32,3.258458319280395e-08,4.440892098500626e-16,1.0866736673088984,1.9623191960249642e-14,7.154330038447585e-16,1.8907758956404884e-14,,6.022231999758484e-15,2.1956180921864802e-16,5.802670190539837e-15,6.453171330633722e-16,1.1102230246251565e-15,2.886579864025407e-15,0.0,1.9984014443252818e-15,6.661338147750939e-16,2.7789939661629217e-15,6.661338147750939e-16
additive,20260843,52,738,1.869,True,True,32,3.258458319280395e-08,6.661338147750939e-16,1.211009958851989,8.030598755426333e-14,8.010663891481564e-16,7.950492116511517e-14,,2.4645393522172867e-14,2.458421470080568e-16,2.439955137516481e-14,7.771561172376096e-16,6.217248937900877e-15,2.220446049250313e-15,0.0,2.4424906541753444e-15,4.440892098500626e-16,1.9265012865400338e-15,6.661338147750939e-16
additive,20260843,53,3461,1.894,True,True,32,3.258458319280395e-08,4.645173135031655e-13,0.8956223541515442,2.8662835993564784e-14,7.431059735805791e-16,2.7919730019984204e-14,,8.796440888614697e-15,2.280544664891366e-16,8.568386422125559e-15,5.967448757360216e-16,1.3322676295501878e-15,2.6645352591003757e-15,0.0,3.4416913763379853e-15,1.1102230246251565e-16,2.722425459670116e-15,6.661338147750939e-16
additive,20260843,54,15343,1.898,True,True,32,3.258458319280395e-08,9.222009822451582e-10,0.2025494180572298,5.0237591864288333e-14,1.0417592714399385e-15,4.9195832592848396e-14,,1.541759536006062e-14,3.197092518495075e-16,1.509788610821111e-14,8.881784197001252e-16,1.7763568394002505e-15,2.6645352591003757e-15,0.0,3.885780586188048e-15,6.106226635438361e-16,2.6484105913617726e-15,6.661338147750939e-16
additive,20260843,55,8280,1.986,True,True,32,3.258458319280395e-08,2.0644530529523308e-10,1.3327488126721974,4.413830412275388e-14,6.459779801018394e-16,4.349232614265204e-14,,1.354576299521348e-14,1.9824650703050843e-16,1.334751648818297e-14,8.881784197001252e-16,1.9984014443252818e-15,1.3322676295501878e-15,0.0,1.5543122344752192e-15,1.3322676295501878e-15,1.5260279812288166e-15,6.661338147750939e-16
additive,20260843,56,15471,1.99,True,True,32,3.258458319280395e-08,3.765115552667453e-09,0.3079689848166347,4.658166213866721e-14,8.39944846479989e-16,4.574171729218722e-14,,1.4295613929766152e-14,2.5777369669269984e-16,1.4037840233073451e-14,8.881784197001252e-16,2.220446049250313e-15,1.3322676295501878e-15,0.0,7.771561172376096e-16,7.771561172376096e-16,1.3576441558273342e-15,6.661338147750939e-16
additive,20260843,57,11110,2.013,True,True,32,3.258458319280395e-08,1.329998333687854e-10,0.25697127794122765,4.911869522228329e-14,1.0686722670815218e-15,4.805002295520177e-14,,1.507421314295982e-14,3.2796867793525427e-16,1.4746244465024565e-14,1.1102230246251565e-15,2.220446049250313e-15,1.2212453270876722e-15,0.0,2.1094237467877974e-15,1.3877787807814457e-15,1.3431055209810525e-15,6.661338147750939e-16
additive,20260843,58,14292,2.032,True,True,32,3.258458319280395e-08,3.033046280798146e-08,0.6044013023613084,8.088625255697757e-14,1.4137789814511458e-15,7.947247357552643e-14,,2.482347313708793e-14,4.3387971946296614e-16,2.4389593417624968e-14,1.1102230246251565e-15,5.10702591327572e-15,8.881784197001252e-16,0.0,1.3322676295501878e-15,1.1102230246251565e-15,9.820186991624898e-16,6.661338147750939e-16
additive,20260843,59,1456,2.041,True,True,32,3.258458319280395e-08,3.3306690738754696e-16,0.6314673848551045,5.0967585187022824e-14,5.624025137791687e-16,5.040518267324365e-14,,1.564162563794237e-14,1.7259773140304306e-16,1.5469027906539326e-14,3.608224830031759e-16,1.7763568394002505e-15,1.5543122344752192e-15,0.0,1.7763568394002505e-15,2.220446049250313e-16,2.1136531678339885e-15,6.661338147750939e-16
additive,20260843,60,15570,2.109,True,True,32,3.258458319280395e-08,2.083725147983273e-08,0.6974195552320483,4.494061373039315e-14,1.2395920929931224e-15,4.370102163740003e-14,,1.3791986678018316e-14,3.804228784079941e-16,1.3411563799610322e-14,1.1102230246251565e-15,2.220446049250313e-15,6.661338147750939e-16,0.0,7.771561172376096e-16,1.5543122344752192e-15,5.884182030513328e-16,6.661338147750939e-16
additive,20260843,61,15883,2.173,True,True,32,3.258458319280395e-08,1.1102230246251565e-15,0.9817427146554845,3.740670967422588e-14,7.307563945492201e-16,3.667595327967666e-14,,1.1479879749539611e-14,2.2426445973708262e-16,1.1255615289802529e-14,4.371503159461554e-16,1.9984014443252818e-15,1.5543122344752192e-15,0.0,2.1094237467877974e-15,4.440892098500626e-16,1.473160218151428e-15,6.661338147750939e-16
additive,20260843,62,16663,2.193,True,True,32,3.258458319280395e-08,1.6653345369377348e-16,0.538780200625465,3.6805627989799916e-14,3.775253919004384e-16,3.6428102597899475e-14,,1.1295411628259881e-14,1.1586012614204988e-16,1.117955150211783e-14,7.216449660063518e-16,1.5543122344752192e-15,4.996003610813204e-16,0.0,0.0,4.440892098500626e-16,4.82947015711943e-16,6.661338147750939e-16
additive,20260843,63,11025,2.223,True,True,32,3.258458319280395e-08,1.993605280858901e-10,0.586674470930143,1.112651637491524e-14,8.179634218629687e-16,1.0308552953052273e-14,,3.414656651913978e-15,2.510277381862014e-16,3.163628913727777e-15,4.440892098500626e-16,6.661338147750939e-16,2.886579864025407e-15,0.0,1.5543122344752192e-15,6.661338147750939e-16,3.083247942673292e-15,6.661338147750939e-16
additive,20260843,64,17449,2.231,True,True,32,3.258458319280395e-08,2.220446049250313e-16,2.0028025743819162,4.6216502846974095e-14,5.035984856640477e-16,4.571290436131005e-14,,1.4183548880619302e-14,1.5455115159345158e-16,1.4028997729025852e-14,5.412337245047638e-16,3.552713678800501e-15,4.996003610813204e-16,0.0,8.881784197001252e-16,8.881784197001252e-16,4.88762469650456e-16,6.661338147750939e-16
additive,20260843,65,11267,2.256,True,True,32,3.258458319280395e-08,1.906521607253353e-10,1.4315651110189604,4.3434006391507296e-14,8.976615747021316e-16,4.2536344816805163e-14,,1.3329618529875613e-14,2.7548659112520836e-16,1.3054131938750404e-14,1.1102230246251565e-15,2.6645352591003757e-15,1.5543122344752192e-15,0.0,1.9984014443252818e-15,1.9984014443252818e-15,1.6478881751221965e-15,6.661338147750939e-16
additive,20260843,66,8013,2.262,True,True,32,3.258458319280395e-08,1.4554313310100042e-10,1.4127766837110733,5.322825513687235e-14,1.0387854597668353e-15,5.2189469677105515e-14,,1.633541077445097e-14,3.1879660808312657e-16,1.601661416636784e-14,8.881784197001252e-16,1.9984014443252818e-15,1.7763568394002505e-15,0.0,2.886579864025407e-15,1.3322676295501878e-15,2.001044832479151e-15,6.661338147750939e-16
additive,20260843,67,10222,2.296,True,True,32,3.258458319280395e-08,9.568212888666494e-11,1.359960543937951,4.719141744047306e-14,7.481449322488927e-16,4.644327250822417e-14,,1.4482743928697826e-14,2.296008906488375e-16,1.425314303804899e-14,6.661338147750939e-16,2.6645352591003757e-15,1.2212453270876722e-15,0.0,2.220446049250313e-16,8.881784197001252e-16,1.3798486163198374e-15,6.661338147750939e-16
additive,20260843,68,13255,2.305,True,True,32,3.258458319280395e-08,1.0671463712697005e-11,1.0126366896238321,5.841160888309105e-14,6.768395367982648e-16,5.773476934629279e-14,,1.7926148859252802e-14,2.0771772122828307e-16,1.771843113802452e-14,5.551115123125783e-16,3.1086244689504383e-15,9.992007221626409e-16,0.0,1.5543122344752192e-15,4.440892098500626e-16,1.1630907877025452e-15,6.661338147750939e-16
additive,20260843,69,6618,2.306,True,True,32,3.258458319280395e-08,4.85589346510551e-12,0.6224016766381493,3.771635781468774e-14,9.716764430104755e-16,3.674468137167726e-14,,1.1574908781714018e-14,2.982012804217986e-16,1.1276707501292219e-14,1.1102230246251565e-15,1.5543122344752192e-15,1.5543122344752192e-15,0.0,9.992007221626409e-16,1.3322676295501878e-15,1.741464115769174e-15,6.661338147750939e-16
additive,20260843,70,15039,2.414,True,True,64,3.258458319280395e-08,3.552713678800501e-15,1.226137559952427,6.11524719751344e-14,2.3666914988631386e-15,5.878578047627126e-14,,1.876730219726716e-14,7.263224712310587e-16,1.8040979726036097e-14,3.3306690738754696e-15,4.218847493575595e-15,2.220446049250313e-15,0.0,2.4424906541753444e-15,1.9984014443252818e-15,2.0422816876795138e-15,6.661338147750939e-16
additive,20260843,71,19348,2.446,True,True,32,3.258458319280395e-08,3.922417946000678e-13,0.9701303538068238,2.266416221363698e-14,8.19202510060095e-16,2.1844959703576886e-14,,6.955486304530109e-15,2.514080064221934e-16,6.704078298107915e-15,4.3021142204224816e-16,1.5543122344752192e-15,7.771561172376096e-16,0.0,1.2212453270876722e-15,4.440892098500626e-16,6.917746798676273e-16,6.661338147750939e-16
additive,20260843,72,11032,2.48,True,True,32,3.258458319280395e-08,2.0644530529523308e-10,1.2940743243104273,5.4117734599179457e-14,8.697614387968381e-16,5.3247973160382616e-14,,1.660838632765784e-14,2.6692421801145465e-16,1.6341462109646385e-14,8.881784197001252e-16,3.3306690738754696e-15,1.7763568394002505e-15,0.0,3.774758283725532e-15,6.661338147750939e-16,1.5101676523055997e-15,6.661338147750939e-16
additive,20260843,73,19241,2.542,True,True,32,3.258458319280395e-08,2.0028423364237824e-13,1.3501788123329448,4.38607483665976e-14,7.174816296640076e-16,4.314326673693359e-14,,1.3460582910351268e-14,2.2019051936882158e-16,1.3240392390982448e-14,4.718447854656915e-16,1.9984014443252818e-15,1.7763568394002505e-15,0.0,2.886579864025407e-15,1.3322676295501878e-15,2.4554432561293046e-15,6.661338147750939e-16
additive,20260843,74,16647,2.589,True,True,32,3.258458319280395e-08,8.326672684688674e-17,1.1238168108507403,7.512263380804463e-14,4.818772695684243e-16,7.46407565384762e-14,,2.305465543737103e-14,1.4788504941651154e-16,2.290677038795452e-14,6.704706234650359e-16,2.6645352591003757e-15,6.661338147750939e-16,0.0,4.440892098500626e-16,2.220446049250313e-16,6.230465878670223e-16,6.661338147750939e-16
additive,20260843,75,20365,2.593,True,True,32,3.258458319280395e-08,4.85589346510551e-12,2.2154997524323266,8.402653572936458e-14,8.611828181787336e-16,8.316535291118585e-14,,2.5787205940974317e-14,2.6429149425760313e-16,2.5522914446716712e-14,1.1102230246251565e-15,5.551115123125783e-15,1.5543122344752192e-15,0.0,1.7763568394002505e-15,1.3322676295501878e-15,1.6862173033533035e-15,6.661338147750939e-16
additive,20260843,76,18638,2.624,True,True,32,3.258458319280395e-08,2.220446049250313e-16,1.0513351953862375,5.1128372369202424e-14,4.203895829330273e-16,5.07079827862694e-14,,1.5690970194915283e-14,1.2901487198580065e-16,1.5561955322929486e-14,6.661338147750939e-16,1.5543122344752192e-15,1.9984014443252818e-15,0.0,1.9984014443252818e-15,2.220446049250313e-16,2.2014136545424533e-15,6.661338147750939e-16
additive,20260843,77,8396,2.625,True,True,32,3.258458319280395e-08,2.6441293599077653e-11,0.48873977566908033,3.388305261364799e-14,8.914537428345291e-16,3.299159887081346e-14,,1.0398491953437293e-14,2.7358144726288837e-16,1.0124910506174405e-14,8.881784197001252e-16,1.7763568394002505e-15,2.6645352591003757e-15,0.0,7.771561172376096e-16,1.4432899320127035e-15,2.484784864637255e-15,6.661338147750939e-16
additive,20260843,78,19315,2.698,True,True,32,3.258458319280395e-08,2.220446049250313e-14,1.19423077800723,3.5291214395272164e-14,4.598173693655856e-16,3.483139702590658e-14,,1.083064779023043e-14,1.4111500725506677e-16,1.0689532782975363e-14,4.440892098500626e-16,2.220446049250313e-15,1.1102230246251565e-15,0.0,2.4424906541753444e-15,8.881784197001252e-16,9.450112650083177e-16,6.661338147750939e-16
additive,20260843,79,17995,2.83,True,True,32,3.258458319280395e-08,2.220446049250313e-16,2.69154089073629,6.418129916418991e-14,7.127565733389659e-16,6.346854259085094e-14,,1.9696829873326063e-14,2.1874042982890532e-16,1.9478089443497156e-14,7.61295788314393e-16,5.329070518200751e-15,1.9984014443252818e-15,0.0,1.3322676295501878e-15,4.440892098500626e-16,2.3058274866202954e-15,8.881784197001252e-16
additive,20260843,80,14381,2.868,True,True,32,3.258458319280395e-08,3.033046280798146e-08,0.9641265156392753,2.827946210537391e-14,1.211431748566432e-15,2.7068030356807476e-14,,8.678785896398763e-15,3.7178064896468197e-16,8.307005247434081e-15,1.1102230246251565e-15,1.1102230246251565e-15,8.881784197001252e-16,0.0,7.771561172376096e-16,1.887379141862766e-15,7.388269890065029e-16,8.881784197001252e-16
additive,20260843,81,15735,2.875,True,True,32,3.258458319280395e-08,1.7763568394002505e-15,1.202682087538104,2.1815882433884326e-14,7.618244659451669e-16,2.105405796793916e-14,,6.69515467016997e-15,2.3379905197418944e-16,6.461355618195781e-15,1.1102230246251565e-15,1.1102230246251565e-15,8.881784197001252e-16,0.0,8.881784197001252e-16,2.220446049250313e-16,1.1863526034565958e-15,6.661338147750939e-16
additive,20260843,82,19114,2.911,True,True,32,3.258458319280395e-08,2.9976021664879227e-14,1.8001064351521012,8.279661678489703e-14,4.4344488398755705e-16,8.235317190090947e-14,,2.5409751689928635e-14,1.3609039629682556e-16,2.527366129363181e-14,7.771561172376096e-16,6.217248937900877e-15,1.5543122344752192e-15,0.0,4.440892098500626e-16,1.1102230246251565e-15,1.4290156359818087e-15,6.661338147750939e-16
additive,20260843,83,282,2.93,True,True,32,3.258458319280395e-08,6.661338147750939e-16,2.311668339562246,5.88418203051333e-14,6.465727424364603e-16,5.819524756269684e-14,,1.8058177990789232e-14,1.9842903578378466e-16,1.785974895500545e-14,6.661338147750939e-16,5.10702591327572e-15,1.7763568394002505e-15,0.0,1.7763568394002505e-15,4.440892098500626e-16,1.3848710538121892e-15,6.661338147750939e-16
additive,20260843,84,4634,3.0,True,True,32,3.258458319280395e-08,1.191802212474613e-11,1.075324041803029,3.7947943398730644e-14,1.2069627704687965e-15,3.674098062826185e-14,,1.1645980915020927e-14,3.7040914819353736e-16,1.127557176682739e-14,1.1102230246251565e-15,1.1102230246251565e-15,1.6653345369377348e-15,0.0,2.220446049250313e-15,6.661338147750939e-16,1.6663918921992826e-15,6.661338147750939e-16
additive,20260843,85,9293,3.109,True,True,32,3.258458319280395e-08,3.3306690738754696e-15,1.6967459959801714,6.337465274786069e-14,4.1490455251374794e-16,6.295974819534695e-14,,1.9449275251695254e-14,1.2733155126114254e-16,1.9321943700434114e-14,6.704706234650359e-16,2.220446049250313e-15,1.7763568394002505e-15,0.0,1.9984014443252818e-15,8.881784197001252e-16,1.8228804709083525e-15,6.661338147750939e-16
additive,20260843,86,1661,3.204,True,True,32,3.258458319280395e-08,8.881784197001252e-16,2.273099299807611,5.814185938257665e-14,5.915985294239571e-16,5.75502608531527e-14,,1.784336446427734e-14,1.8155780171360516e-16,1.7661806662563732e-14,4.996003610813204e-16,1.9984014443252818e-15,8.881784197001252e-16,0.0,8.881784197001252e-16,0.0,9.196347387311711e-16,6.661338147750939e-16
additive,20260843,87,17862,3.205,True,True,32,3.258458319280395e-08,2.220446049250313e-16,1.247314487350191,3.9326181200394217e-14,3.896023715284294e-16,3.893657882886579e-14,,1.2068953273914856e-14,1.195664738821855e-16,1.194938680003267e-14,4.3021142204224816e-16,1.7763568394002505e-15,9.992007221626409e-16,0.0,8.881784197001252e-16,2.220446049250313e-16,8.580437947460138e-16,6.661338147750939e-16
additive,20260843,88,18118,3.401,True,True,32,3.258458319280395e-08,2.220446049250313e-16,1.9957512548253458,2.7192657847674443e-14,1.977171733214518e-16,2.699494067435299e-14,,8.34525262661016e-15,6.067813485646062e-17,8.2845744917537e-15,2.9605947323337506e-16,1.5543122344752192e-15,2.220446049250313e-15,0.0,2.6645352591003757e-15,4.440892098500626e-16,2.3539371510207184e-15,6.661338147750939e-16
additive,20260843,89,11610,3.591,True,True,32,3.258458319280395e-08,2.0644530529523308e-10,2.2625830904302324,4.1745253087643874e-14,7.447167882368434e-16,4.100053629940703e-14,,1.2811350951042084e-14,2.285488151959263e-16,1.2582802135846159e-14,8.881784197001252e-16,1.9984014443252818e-15,1.5543122344752192e-15,0.0,3.1086244689504383e-15,8.881784197001252e-16,1.333060645996349e-15,6.661338147750939e-16
additive,20260843,90,1571,3.866,True,True,32,3.258458319280395e-08,1.1102230246251565e-15,2.2728567743796013,5.4468582422195766e-14,4.788002005455604e-16,5.3989782221650206e-14,,1.6716059278678983e-14,1.469407166304646e-16,1.656911856204852e-14,6.661338147750939e-16,1.7763568394002505e-15,8.881784197001252e-16,0.0,4.440892098500626e-16,4.440892098500626e-16,1.2143725178876117e-15,6.661338147750939e-16
additive,20260843,91,18148,4.473,True,True,32,3.258458319280395e-08,2.220446049250313e-16,2.937413237223584,7.717177591404222e-14,3.8888370037409613e-16,7.678289221366812e-14,,2.3683524032642837e-14,1.1934591830531014e-16,2.356417811433753e-14,7.2957513046796e-16,5.10702591327572e-15,1.1102230246251565e-15,0.0,0.0,8.881784197001252e-16,1.3994096886584713e-15,8.881784197001252e-16
additive,20260843,92,9313,4.878,True,True,32,3.258458319280395e-08,2.886579864025407e-15,2.0587438370144806,5.452756302037898e-14,5.74424767011787e-16,5.395313825336719e-14,,1.6734160046712203e-14,1.7628728396275583e-16,1.6557872762749447e-14,7.077671781985373e-16,2.6645352591003757e-15,1.9984014443252818e-15,0.0,1.3322676295501878e-15,4.440892098500626e-16,2.016640822586981e-15,6.661338147750939e-16
additive,20260843,93,6702,4.932,True,True,32,3.258458319280395e-08,9.155121105663966e-12,0.9018947655058918,4.0876156626179494e-14,8.037139075960165e-16,4.007244271858348e-14,,1.2544630810317279e-14,2.4665465347229313e-16,1.2297976156844986e-14,8.881784197001252e-16,1.9984014443252818e-15,6.661338147750939e-16,0.0,1.9984014443252818e-15,1.1102230246251565e-15,7.182085614063214e-16,6.661338147750939e-16
additive,20260843,94,9850,5.0,True,True,32,3.258458319280395e-08,2.220446049250313e-16,1.2655055968270317,9.631358210970831e-14,5.384416457672392e-16,9.577514046394106e-14,,2.955802182271842e-14,1.6524429438954735e-16,2.9392777528328875e-14,6.661338147750939e-16,3.9968028886505635e-15,2.220446049250313e-16,0.0,8.881784197001252e-16,1.1102230246251565e-15,1.4855841424746144e-16,6.661338147750939e-16
additive,20260843,95,10805,5.00001,True,True,32,3.258458319280395e-08,1.917592751254915e-10,1.1307868248569577,5.793195784198346e-14,7.5071397511093455e-16,5.718124386687252e-14,,1.777894702510029e-14,2.3038931345812764e-16,1.754855771164216e-14,6.002143226879753e-16,1.9984014443252818e-15,1.2212453270876722e-15,0.0,4.440892098500626e-16,8.881784197001252e-16,1.2037989652721339e-15,6.661338147750939e-16
additive,20260843,96,14807,5.00001,True,True,32,3.258458319280395e-08,2.0973232706111844e-08,1.746601886195165,7.505801535856449e-14,6.40559034386407e-16,7.441745632417809e-14,,2.3034824448864048e-14,1.965834672784366e-16,2.2838240981585612e-14,6.97854472621527e-16,4.884981308350689e-15,4.440892098500626e-15,0.0,3.3306690738754696e-15,2.220446049250313e-16,4.275680338883787e-15,6.661338147750939e-16
additive,20260843,97,15672,5.00001,True,True,32,3.258458319280395e-08,1.9984014443252818e-15,3.8325902605864606,9.303668946358812e-14,8.030613211455297e-16,9.223362814244259e-14,,2.8552364445813917e-14,2.464543788680039e-16,2.8305910066945913e-14,6.661338147750939e-16,4.218847493575595e-15,4.996003610813204e-16,0.0,1.3322676295501878e-15,0.0,1.168113225194897e-15,8.881784197001252e-16
additive,20260843,98,15698,5.00001,True,True,32,3.258458319280395e-08,1.0610675005295889e-08,3.59046280682068,1.025221574302293e-13,8.75424071857705e-16,1.016467333583716e-13,,3.146339384598006e-14,2.686620438499381e-16,3.1194731802130124e-14,1.0362081563168128e-15,6.217248937900877e-15,4.440892098500626e-16,0.0,8.881784197001252e-16,0.0,8.242084263764847e-16,8.881784197001252e-16
additive,20260843,99,17110,5.00001,True,True,64,3.258458319280395e-08,7.549516567451064e-15,3.515779729918095,7.833664272816065e-14,1.4255461890298545e-15,7.69110965391308e-14,,2.4041014201298943e-14,4.3749100014410354e-16,2.3603523201154837e-14,1.7763568394002505e-15,3.9968028886505635e-15,3.552713678800501e-15,0.0,2.6645352591003757e-15,1.7763568394002505e-15,2.720575087962407e-15,8.881784197001252e-16
additive,20260844,0,18834,0.557,True,True,32,3.280161080101439e-08,3.8969272253552845e-11,-1.0592789657024717,8.283304597789254e-14,8.412252376170195e-16,8.199182074027552e-14,,2.5252737275734928e-14,2.564585144065561e-16,2.499627876132837e-14,9.62193288008469e-16,5.773159728050814e-15,1.7763568394002505e-15,0.0,1.1102230246251565e-15,1.1102230246251565e-15,1.819179727492935e-15,6.661338147750939e-16
additive,20260844,1,12797,0.598,True,True,32,3.280161080101439e-08,1.1102230246251565e-16,-0.6859007048450527,2.514481678428382e-14,6.824402154492757e-16,2.4462376568834544e-14,,7.665726215953462e-15,2.0805082396385585e-16,7.457675391989606e-15,6.661338147750939e-16,2.220446049250313e-15,2.1094237467877974e-15,0.0,6.661338147750939e-16,6.661338147750939e-16,1.9457980200632802e-15,6.661338147750939e-16
additive,20260844,2,19817,0.656,True,True,32,3.280161080101439e-08,2.7755575615628914e-17,-0.9115898280886419,2.4409294030469653e-14,3.605416230118274e-16,2.4048752407457824e-14,,7.441492486007669e-15,1.0991582858506378e-16,7.331576657422604e-15,5.273559366969494e-16,8.881784197001252e-16,6.661338147750939e-16,0.0,1.2212453270876722e-15,3.3306690738754696e-16,7.610314494990062e-16,6.661338147750939e-16
additive,20260844,3,2319,0.682,True,True,32,3.280161080101439e-08,1.1102230246251565e-16,-0.616879353800752,2.693158196453993e-14,3.472585975386334e-16,2.6584323367001298e-14,,8.210444946718005e-15,1.0586632456717475e-16,8.104578622150832e-15,4.163336342344337e-16,1.1102230246251565e-15,3.3306690738754696e-16,0.0,4.440892098500626e-16,1.1102230246251565e-16,3.7166037443404046e-16,6.661338147750939e-16
additive,20260844,4,2961,0.699,True,True,32,3.280161080101439e-08,1.1102230246251565e-16,-0.0117257610190451,3.462334585702109e-14,5.225813168440227e-16,3.410076454017707e-14,,1.0555379754688868e-14,1.5931574824607757e-16,1.039606400644279e-14,4.996003610813204e-16,1.5543122344752192e-15,6.661338147750939e-16,0.0,8.881784197001252e-16,1.1102230246251565e-16,6.523881963749729e-16,6.661338147750939e-16
additive,20260844,5,9528,0.7,True,True,32,3.280161080101439e-08,1.3988810110276972e-14,-0.3805778928046615,6.887719561365913e-14,3.5594873609447935e-16,6.852124687756465e-14,,2.0998113791268175e-14,1.0851562694703752e-16,2.088959816432114e-14,6.291263806209221e-16,3.774758283725532e-15,2.6645352591003757e-15,0.0,5.440092820663267e-15,5.551115123125783e-16,2.4654881311140086e-15,6.661338147750939e-16
additive,20260844,6,2903,0.725,True,True,32,3.280161080101439e-08,1.2545520178264269e-14,0.18098419135185417,4.1321113197767545e-14,3.3300082268370015e-16,4.0988112375083844e-14,,1.2597281715350911e-14,1.0151965545344564e-16,1.2495762059897465e-14,2.854859206178974e-16,2.220446049250313e-15,1.5543122344752192e-15,0.0,2.942091015256665e-15,3.3306690738754696e-16,1.5432100042289676e-15,6.661338147750939e-16
additive,20260844,7,2561,0.741,True,True,32,3.280161080101439e-08,6.0529359302563535e-12,-0.26812703808767213,5.878630915390204e-14,6.278046865439873e-16,5.815850446735805e-14,,1.7921775095290163e-14,1.9139446850719066e-16,1.773038062678297e-14,4.996003610813204e-16,2.6645352591003757e-15,8.881784197001252e-16,0.0,8.326672684688674e-16,2.220446049250313e-16,8.131061961302336e-16,6.661338147750939e-16
additive,20260844,8,9579,0.797,True,True,32,3.280161080101439e-08,3.3306690738754696e-16,-0.5792761977274656,5.529230502274163e-14,4.1887118360479854e-16,5.487343383913683e-14,,1.6856582244745043e-14,1.2769835790864423e-16,1.67288838868364e-14,3.7470027081099033e-16,1.7763568394002505e-15,6.106226635438361e-16,0.0,1.5543122344752192e-15,2.220446049250313e-16,5.923832852821373e-16,6.661338147750939e-16
additive,20260844,9,12279,0.819,True,True,32,3.280161080101439e-08,1.7763568394002505e-15,-0.6432138697480709,5.3681017964102296e-14,6.533299034047891e-16,5.302768806069751e-14,,1.6365360314086228e-14,1.9917616466096993e-16,1.6166184149425258e-14,8.881784197001252e-16,2.4424906541753444e-15,2.220446049250313e-15,0.0,2.6645352591003757e-15,2.220446049250313e-16,2.282830009681631e-15,6.661338147750939e-16
additive,20260844,10,5210,0.904,True,True,32,3.280161080101439e-08,1.3322676295501878e-15,-0.17868010761335085,4.5650982993805655e-14,7.477484240258123e-16,4.4903234569779844e-14,,1.3917299144465766e-14,2.2796088538514344e-16,1.3689338259080624e-14,8.881784197001252e-16,1.7763568394002505e-15,1.3322676295501878e-15,0.0,1.1102230246251565e-16,2.220446049250313e-16,1.2783425112112517e-15,6.661338147750939e-16
additive,20260844,11,7482,0.932,True,True,32,3.280161080101439e-08,1.7763568394002505e-15,0.05322446339567288,5.921822819436595e-14,7.909123195160814e-16,5.842731587484987e-14,,1.8053451262989388e-14,2.411199633804638e-16,1.7812331299608926e-14,6.661338147750939e-16,2.886579864025407e-15,1.9984014443252818e-15,0.0,1.9984014443252818e-15,8.881784197001252e-16,1.7871947308311148e-15,6.661338147750939e-16
additive,20260844,12,13055,0.961,True,True,32,3.280161080101439e-08,4.440892098500626e-16,-0.27179600810961424,3.6555556758716135e-14,5.903362083231348e-16,3.5965220550393e-14,,1.1144439515630635e-14,1.799717129455358e-16,1.0964467802685098e-14,4.440892098500626e-16,1.1102230246251565e-15,1.4432899320127035e-15,0.0,6.661338147750939e-16,0.0,1.3980879945815365e-15,6.661338147750939e-16
additive,20260844,13,12827,0.962,True,True,32,3.280161080101439e-08,5.551115123125783e-16,-0.24679090008899185,5.184437948391185e-14,3.300311413045878e-16,5.1514348342607263e-14,,1.5805437055642577e-14,1.0061430925044134e-16,1.5704822746392135e-14,5.181040781584064e-16,3.1086244689504383e-15,3.608224830031759e-16,0.0,1.3877787807814457e-16,0.0,4.0734611451127775e-16,6.661338147750939e-16
additive,20260844,14,2997,1.002,True,True,32,3.280161080101439e-08,2.7755575615628914e-17,-0.3781242102211424,3.075193094961848e-14,3.9393969650511984e-16,3.035799125311336e-14,,9.375128293598154e-15,1.2009766803675912e-16,9.255030625561395e-15,3.608224830031759e-16,1.7763568394002505e-15,7.771561172376096e-16,0.0,1.5543122344752192e-15,5.551115123125783e-17,5.881538642359462e-16,6.661338147750939e-16
additive,20260844,15,5030,1.01,True,True,32,3.280161080101439e-08,1.7763568394002505e-15,0.37556567809418295,3.5193202518879474e-14,5.181784234502339e-16,3.467502409542924e-14,,1.072910801008319e-14,1.579734686182574e-16,1.0571134541464932e-14,8.881784197001252e-16,2.4424906541753444e-15,1.3322676295501878e-15,0.0,2.4424906541753444e-15,2.220446049250313e-16,1.4520131129204727e-15,6.661338147750939e-16
additive,20260844,16,9116,1.026,True,True,32,3.280161080101439e-08,2.220446049250313e-16,-0.6922995414532829,4.933206620982844e-14,4.405536781942624e-16,4.889151253163418e-14,,1.503952550046806e-14,1.3430854992665127e-16,1.490521695054141e-14,4.440892098500626e-16,1.7763568394002505e-15,6.661338147750939e-16,0.0,7.771561172376096e-16,5.551115123125783e-16,6.280690253593744e-16,6.661338147750939e-16
additive,20260844,17,20015,1.034,True,True,32,3.280161080101439e-08,2.7755575615628914e-17,-0.724702851693845,3.164656037224489e-14,1.8657364013529593e-16,3.14599867321096e-14,,9.647867772172404e-15,5.687941402241325e-17,9.59098835814999e-15,3.3306690738754696e-16,1.9984014443252818e-15,7.771561172376096e-16,0.0,1.5543122344752192e-15,4.440892098500626e-16,7.599740942374583e-16,6.661338147750939e-16
additive,20260844,18,1857,1.059,True,True,32,3.280161080101439e-08,3.9618086589143786e-11,-0.7249408612558939,6.169565726354964e-14,3.9950062107647315e-16,6.129615664247317e-14,,1.880872791211879e-14,1.217929886126564e-16,1.8686934923506133e-14,4.718447854656915e-16,2.220446049250313e-15,2.6645352591003757e-15,0.0,1.3322676295501878e-15,9.992007221626409e-16,2.593428117761288e-15,6.661338147750939e-16
additive,20260844,19,19048,1.075,True,True,32,3.280161080101439e-08,2.220446049250313e-16,0.1399281459188053,5.2235722258070494e-14,5.71824230658068e-16,5.166389802741243e-14,,1.5924743017942008e-14,1.7432809447284352e-16,1.5750414923469164e-14,7.031412489292658e-16,4.218847493575595e-15,7.771561172376096e-16,0.0,7.771561172376096e-16,1.1934897514720433e-15,7.06577653529296e-16,6.661338147750939e-16
additive,20260844,20,9519,1.089,True,True,32,3.280161080101439e-08,1.6431300764452317e-14,0.21470184705742068,5.140072395493078e-14,8.45066411028111e-16,5.055565754390267e-14,,1.5670182865940602e-14,2.5762954635202776e-16,1.5412553319588573e-14,4.440892098500626e-16,2.6645352591003757e-15,1.7763568394002505e-15,0.0,3.4416913763379853e-15,8.881784197001252e-16,1.6983768888611025e-15,6.661338147750939e-16
additive,20260844,21,2993,1.098,True,True,32,3.280161080101439e-08,1.6653345369377348e-16,-0.17195745756207415,3.387134323018515e-14,4.587847958679804e-16,3.3412558434317166e-14,,1.032612191994476e-14,1.3986654455816924e-16,1.018625537538659e-14,4.440892098500626e-16,2.220446049250313e-15,6.106226635438361e-16,0.0,1.4432899320127035e-15,4.996003610813204e-16,5.981987392206498e-16,6.661338147750939e-16
additive,20260844,22,11936,1.16,True,True,32,3.280161080101439e-08,1.7763568394002505e-15,0.19897303435115998,5.699954397364593e-14,8.954807794751893e-16,5.610406319417074e-14,,1.7377056364525617e-14,2.7299902584280916e-16,1.710405733868281e-14,8.881784197001252e-16,2.6645352591003757e-15,1.3322676295501878e-15,0.0,1.609823385706477e-15,4.440892098500626e-16,1.2341979290416322e-15,6.661338147750939e-16
additive,20260844,23,9470,1.162,True,True,32,3.280161080101439e-08,5.10702591327572e-14,0.11033462156128726,4.8845476274816946e-14,2.9800071140887287e-16,4.8547475563408074e-14,,1.4891182195633638e-14,9.084941383416976e-17,1.4800332781799468e-14,3.3306690738754696e-16,1.9984014443252818e-15,3.9968028886505635e-15,0.0,3.941291737419306e-15,2.220446049250313e-16,3.8641048033263185e-15,6.661338147750939e-16
additive,20260844,24,16444,1.167,True,True,32,3.280161080101439e-08,2.220446049250313e-16,-0.03146835234920231,2.5389358584287924e-14,4.44629762076059e-16,2.4944728822211865e-14,,7.74027798156265e-15,1.3555119740104619e-16,7.604726784161604e-15,3.5388358909926865e-16,1.3322676295501878e-15,9.992007221626409e-16,0.0,2.7755575615628914e-16,5.551115123125783e-17,9.225424657004278e-16,6.661338147750939e-16
additive,20260844,25,12155,1.172,True,True,32,3.280161080101439e-08,1.6986412276764895e-13,-0.13145179074932622,5.803690861228006e-14,7.821455123780383e-16,5.725476309990202e-14,,1.7693310540251052e-14,2.384472875807217e-16,1.745486325267033e-14,8.881784197001252e-16,2.220446049250313e-15,1.1102230246251565e-15,0.0,1.1102230246251565e-15,1.6653345369377348e-16,1.1234399653945038e-15,6.661338147750939e-16
additive,20260844,26,13083,1.18,True,True,32,3.280161080101439e-08,2.220446049250313e-16,-0.14098746562530118,3.453140551279432e-14,7.745457714356633e-16,3.375685974135866e-14,,1.0527350538445644e-14,2.3613040717247657e-16,1.0291220131273167e-14,6.661338147750939e-16,1.5543122344752192e-15,1.6653345369377348e-15,0.0,9.992007221626409e-16,5.551115123125783e-16,1.6124667738603466e-15,6.661338147750939e-16
additive,20260844,27,12928,1.216,True,True,32,3.280161080101439e-08,3.3306690738754696e-16,-0.13404427909088557,4.602229513282763e-14,4.907932835768708e-16,4.553150184925076e-14,,1.4030498505702773e-14,1.4962475061184894e-16,1.3880873755090925e-14,6.661338147750939e-16,2.886579864025407e-15,7.771561172376096e-16,0.0,4.163336342344337e-16,5.551115123125783e-17,9.132906071618847e-16,6.661338147750939e-16
additive,20260844,28,15342,1.256,True,True,32,3.280161080101439e-08,3.1530333899354446e-12,0.46632413041815135,3.1875110190204836e-14,8.307384211753408e-16,3.104437176902949e-14,,9.717544172927965e-15,2.5326147127800513e-16,9.46428270164996e-15,1.3322676295501878e-15,1.3322676295501878e-15,1.3322676295501878e-15,0.0,1.887379141862766e-15,4.440892098500626e-16,1.254023340195653e-15,6.661338147750939e-16
additive,20260844,29,13936,1.286,True,True,32,3.280161080101439e-08,4.3950953987348385e-14,1.0625188849417289,5.38076527778486e-14,8.984545911482926e-16,5.290919818670031e-14,,1.6403966593062745e-14,2.739056312199485e-16,1.6130060961842793e-14,8.881784197001252e-16,2.4424906541753444e-15,3.1086244689504383e-15,0.0,3.3306690738754696e-15,2.220446049250313e-16,3.068973646642397e-15,6.661338147750939e-16
additive,20260844,30,243,1.375,True,True,32,3.280161080101439e-08,1.1102230246251565e-16,0.5058362165114312,3.983965934928335e-14,6.16801583353506e-16,3.922285776592985e-14,,1.2145641136639337e-14,1.8804002861177521e-16,1.1957601108027562e-14,3.3306690738754696e-16,1.5543122344752192e-15,5.551115123125783e-16,0.0,2.220446049250313e-16,3.3306690738754696e-16,6.354705121902088e-16,6.661338147750939e-16
additive,20260844,31,12361,1.375,True,True,32,3.280161080101439e-08,2.8011999664290244e-09,-0.4267956608121082,5.67549479635332e-14,1.8450023255210467e-15,5.490994563801215e-14,,1.730248807225591e-14,5.624730860668557e-16,1.6740014986189053e-14,1.1379786002407855e-15,4.218847493575595e-15,3.3306690738754696e-15,0.0,3.552713678800501e-15,1.2212453270876722e-15,3.1162902945966597e-15,6.661338147750939e-16
additive,20260844,32,6134,1.385,True,True,32,3.280161080101439e-08,4.440892098500626e-16,-0.06765211769379431,5.243982331704089e-14,6.772112632574027e-16,5.1762612053783484e-14,,1.59869658948027e-14,2.0645670950905255e-16,1.5780509185293648e-14,6.661338147750939e-16,2.220446049250313e-15,4.440892098500626e-16,0.0,2.7755575615628914e-16,4.440892098500626e-16,4.520193743116707e-16,6.661338147750939e-16
additive,20260844,33,1951,1.426,True,True,32,3.280161080101439e-08,6.661338147750939e-16,-0.462146073039182,4.082021179407924e-14,5.293591292823034e-16,4.0290852664796936e-14,,1.2444575372139006e-14,1.6138205300147424e-16,1.228319331913753e-14,3.885780586188048e-16,1.3322676295501878e-15,1.4432899320127035e-15,0.0,2.7200464103316335e-15,1.1102230246251565e-16,1.2857439980420862e-15,6.661338147750939e-16
additive,20260844,34,10023,1.444,True,True,32,3.280161080101439e-08,2.375877272697835e-14,-0.6068669905004711,4.4901582452183675e-14,4.877711990927548e-16,4.441381125309092e-14,,1.3688834589426657e-14,1.4870342863700783e-16,1.3540131160789648e-14,4.440892098500626e-16,2.220446049250313e-15,1.5543122344752192e-15,0.0,8.881784197001252e-16,1.1102230246251565e-16,1.272527057272739e-15,6.661338147750939e-16
additive,20260844,35,9457,1.458,True,True,32,3.280161080101439e-08,6.88338275267597e-14,-0.05295403953373068,7.258776912877352e-14,7.992944930262657e-16,7.178847463574724e-14,,2.2129330650593765e-14,2.436753785888916e-16,2.188565527200487e-14,6.291263806209221e-16,3.774758283725532e-15,3.1086244689504383e-15,0.0,3.3306690738754696e-16,6.661338147750939e-16,3.538175043954219e-15,6.661338147750939e-16
additive,20260844,36,2358,1.487,True,True,32,3.280161080101439e-08,5.551115123125783e-17,0.21266280811380023,3.574918139293004e-14,4.033810322804736e-16,3.534580036064957e-14,,1.0898605440384197e-14,1.2297598271240969e-16,1.0775629457671788e-14,3.885780586188048e-16,1.3322676295501878e-15,2.7755575615628914e-16,0.0,1.582067810090848e-15,4.996003610813204e-16,3.0266794361804864e-16,6.661338147750939e-16
additive,20260844,37,15340,1.516,True,True,32,3.280161080101439e-08,3.0597746558669314e-12,-0.01747158027791862,4.283341259805895e-14,9.848773788906095e-16,4.184853521916834e-14,,1.3058325963898802e-14,3.0025274821569203e-16,1.2758073215683109e-14,1.7763568394002505e-15,1.7763568394002505e-15,7.216449660063518e-16,0.0,9.992007221626409e-16,9.992007221626409e-16,6.42871999021043e-16,6.661338147750939e-16
additive,20260844,38,7011,1.556,True,True,32,3.280161080101439e-08,1.7763568394002505e-15,0.08793536369804023,5.155598170603071e-14,7.450389511680955e-16,5.081094275486261e-14,,1.5717515221672086e-14,2.2713486715263853e-16,1.5490380354519445e-14,6.661338147750939e-16,2.6645352591003757e-15,1.6653345369377348e-15,0.0,2.220446049250313e-16,7.771561172376096e-16,1.5006514549516698e-15,6.661338147750939e-16
additive,20260844,39,4943,1.563,True,True,32,3.280161080101439e-08,1.5543122344752192e-15,0.4521211300832313,4.7656323332034844e-14,6.481587753287815e-16,4.7008164556706066e-14,,1.452865337045005e-14,1.975996786440553e-16,1.4331053691805998e-14,8.881784197001252e-16,1.7763568394002505e-15,8.881784197001252e-16,0.0,5.551115123125783e-16,4.440892098500626e-16,7.98303222468565e-16,6.661338147750939e-16
additive,20260844,40,10139,1.595,True,True,32,3.280161080101439e-08,1.3322676295501878e-15,0.5002588545848274,5.4209241262537233e-14,8.159726201595856e-16,5.339326864237765e-14,,1.65263960942006e-14,2.4875992374568137e-16,1.627763617045492e-14,8.881784197001252e-16,1.9984014443252818e-15,1.5543122344752192e-15,0.0,9.992007221626409e-16,7.771561172376096e-16,1.678287138891695e-15,6.661338147750939e-16
additive,20260844,41,13689,1.6,True,True,32,3.280161080101439e-08,2.220446049250313e-16,0.21771004347460932,4.516352569705617e-14,5.991734886023891e-16,4.456435220845378e-14,,1.3768691413063013e-14,1.8266587340395485e-16,1.3586025539659057e-14,6.661338147750939e-16,3.1086244689504383e-15,2.6645352591003757e-15,0.0,4.440892098500626e-15,5.551115123125783e-16,2.398874749636499e-15,6.661338147750939e-16
additive,20260844,42,12306,1.611,True,True,32,3.280161080101439e-08,1.8812570667936512e-09,0.4567918788121188,6.530193052967093e-14,1.4810903826130364e-15,6.382084014705788e-14,,1.9908147476602423e-14,4.515297713877008e-16,1.945661770521472e-14,1.3322676295501878e-15,3.1086244689504383e-15,1.7763568394002505e-15,0.0,1.4432899320127035e-15,6.661338147750939e-16,1.6581973889222875e-15,6.661338147750939e-16
additive,20260844,43,14526,1.634,True,True,32,3.280161080101439e-08,2.110112085063065e-11,0.03992961280200524,5.1773689502265796e-14,9.83464302059137e-16,5.079022520020666e-14,,1.5783886290323492e-14,2.9982195326478403e-16,1.5484064337058708e-14,1.3322676295501878e-15,2.220446049250313e-15,2.6645352591003757e-15,0.0,1.3600232051658168e-15,1.1657341758564144e-15,2.84481433119427e-15,6.661338147750939e-16
additive,20260844,44,17733,1.645,True,True,32,3.280161080101439e-08,2.220446049250313e-16,0.5697141234360739,5.783291597352691e-14,3.562517964160262e-16,5.747666417711088e-14,,1.76311207167114e-14,1.0860801884918687e-16,1.7522512697862212e-14,3.552713678800501e-16,2.6645352591003757e-15,1.7763568394002505e-15,0.0,2.220446049250313e-15,0.0,1.8070201419851356e-15,6.661338147750939e-16
additive,20260844,45,6168,1.655,True,True,32,3.280161080101439e-08,4.440892098500626e-16,0.5153281850413984,3.865224112997723e-14,5.735078417459135e-16,3.8078733288231317e-14,,1.1783641164592414e-14,1.7484136532958857e-16,1.1608799799262827e-14,8.881784197001252e-16,1.5543122344752192e-15,1.1102230246251565e-15,0.0,1.4432899320127035e-15,0.0,1.2127864849952897e-15,6.661338147750939e-16
additive,20260844,46,14636,1.663,True,True,32,3.280161080101439e-08,3.913980251013527e-10,1.0404058894857726,4.701360828418544e-14,1.08896853175045e-15,4.592463975243499e-14,,1.4332713283315814e-14,3.3198629736707134e-16,1.4000726985948744e-14,1.3322676295501878e-15,2.6645352591003757e-15,1.9984014443252818e-15,0.0,3.774758283725532e-15,1.1102230246251565e-15,1.9994587995868295e-15,6.661338147750939e-16
additive,20260844,47,13286,1.664,True,True,32,3.280161080101439e-08,2.220446049250313e-16,0.8992226606620035,5.222385024428178e-14,4.722908572166569e-16,5.175155938706512e-14,,1.5921123679287958e-14,1.4398404397934367e-16,1.5777139635308613e-14,6.661338147750939e-16,2.220446049250313e-15,2.220446049250313e-15,0.0,1.7763568394002505e-15,2.220446049250313e-16,2.2172739834656694e-15,6.661338147750939e-16
additive,20260844,48,14542,1.683,True,True,32,3.280161080101439e-08,2.110112085063065e-11,0.534150383800396,5.284661597215745e-14,9.353628982466943e-16,5.1911253073910756e-14,,1.6110981955350552e-14,2.8515761128955543e-16,1.5825824344060997e-14,1.3322676295501878e-15,2.4424906541753444e-15,8.881784197001252e-16,0.0,2.4424906541753444e-15,1.1102230246251565e-15,8.24737104007259e-16,6.661338147750939e-16
additive,20260844,49,14720,1.772,True,True,32,3.280161080101439e-08,3.913980251013527e-10,0.6713451963124861,3.5502850659341334e-14,9.303074184024192e-16,3.4572543240938916e-14,,1.0823508294977822e-14,2.836163821484186e-16,1.0539891912829405e-14,1.3322676295501878e-15,1.3322676295501878e-15,1.7763568394002505e-15,0.0,4.440892098500626e-16,6.661338147750939e-16,1.746486553261526e-15,6.661338147750939e-16
additive,20260844,50,7158,1.819,True,True,32,3.280161080101439e-08,6.661338147750939e-16,-0.14540897422191335,6.590908374626281e-14,7.456006711507929e-16,6.516348307511201e-14,,2.0093246074435033e-14,2.273061148349871e-16,1.9865939959600045e-14,8.881784197001252e-16,3.1086244689504383e-15,1.5543122344752192e-15,0.0,0.0,6.661338147750939e-16,1.6026862376910295e-15,6.661338147750939e-16
additive,20260844,51,730,1.828,True,True,32,3.280161080101439e-08,2.220446049250313e-16,0.979191972857177,6.683629344417241e-14,2.547482727411845e-16,6.658154517143122e-14,,2.0375918075982265e-14,7.766334229333228e-17,2.029825473368893e-14,3.885780586188048e-16,2.6645352591003757e-15,1.3322676295501878e-15,0.0,1.7763568394002505e-15,1.1102230246251565e-15,9.643079985315647e-16,6.661338147750939e-16
additive,20260844,52,738,1.869,True,True,32,3.280161080101439e-08,5.551115123125783e-17,1.1115244414980492,3.218605937327368e-14,6.840097271656359e-16,3.1502049646108044e-14,,9.812341097675097e-15,2.0852931013512392e-16,9.603811787539973e-15,4.440892098500626e-16,1.3322676295501878e-15,2.6645352591003757e-15,0.0,3.3306690738754696e-15,6.661338147750939e-16,2.716610005731603e-15,6.661338147750939e-16
additive,20260844,53,3461,1.894,True,True,32,3.280161080101439e-08,2.220446049250313e-16,0.7167392614334476,3.972148131248243e-14,6.955559640158576e-16,3.9025925348466576e-14,,1.210961301670406e-14,2.120493314292808e-16,1.1897563685274782e-14,6.661338147750939e-16,1.5543122344752192e-15,8.881784197001252e-16,0.0,1.5543122344752192e-15,4.440892098500626e-16,8.765475118230997e-16,6.661338147750939e-16
additive,20260844,54,15343,1.898,True,True,32,3.280161080101439e-08,4.534594921778989e-12,0.11702503692277522,3.7202879665798605e-14,8.685182203057214e-16,3.633436144549288e-14,,1.1341784368909136e-14,2.647791370900793e-16,1.1077005231819056e-14,1.7763568394002505e-15,1.7763568394002505e-15,2.4424906541753444e-15,0.0,2.9976021664879227e-15,8.881784197001252e-16,2.6830389761774614e-15,6.661338147750939e-16
additive,20260844,55,8280,1.986,True,True,32,3.280161080101439e-08,3.019806626980426e-14,1.215829476727283,5.756853327376632e-14,6.875783011733596e-16,5.688095497259296e-14,,1.755052019335161e-14,2.096172365876911e-16,1.7340902956763916e-14,8.881784197001252e-16,3.3306690738754696e-15,1.7763568394002505e-15,0.0,4.440892098500626e-16,6.661338147750939e-16,1.764461592707838e-15,6.661338147750939e-16
additive,20260844,56,15471,1.99,True,True,32,3.280161080101439e-08,1.6696866111942654e-11,0.27883745610926725,3.729541632122024e-14,1.3162601589035626e-15,3.597915616231668e-14,,1.1369995378418088e-14,4.012791222017845e-16,1.0968716256216305e-14,1.5543122344752192e-15,1.5543122344752192e-15,2.6645352591003757e-15,0.0,1.3322676295501878e-15,1.3877787807814457e-15,2.3917376016210517e-15,6.661338147750939e-16
additive,20260844,57,11110,2.013,True,True,32,3.280161080101439e-08,5.995204332975845e-15,0.22753459693255706,4.942400655405521e-14,8.316594767352046e-16,4.8592347077320004e-14,,1.5067554716711284e-14,2.535422671100913e-16,1.4814012449601194e-14,8.881784197001252e-16,2.886579864025407e-15,1.7763568394002505e-15,0.0,6.661338147750939e-16,9.43689570931383e-16,1.5934343791524866e-15,6.661338147750939e-16
additive,20260844,58,14292,2.032,True,True,32,3.280161080101439e-08,6.671618812958968e-10,0.5630609369569677,4.0762532238503007e-14,1.263374325789966e-15,3.949915791271304e-14,,1.2426991005344906e-14,3.851561843880229e-16,1.2041834820956883e-14,1.5543122344752192e-15,1.7763568394002505e-15,2.886579864025407e-15,0.0,2.9976021664879227e-15,1.3322676295501878e-15,2.6055877032690875e-15,6.661338147750939e-16
additive,20260844,59,1456,2.041,True,True,32,3.280161080101439e-08,2.220446049250313e-16,0.5184006731472073,5.4708733203401305e-14,6.989252513385436e-16,5.4009807952062764e-14,,1.6678672744238963e-14,2.1307650272983831e-16,1.6465596241509128e-14,4.440892098500626e-16,2.220446049250313e-15,2.220446049250313e-15,0.0,4.107825191113079e-15,1.1102230246251565e-16,2.3145506675280645e-15,6.661338147750939e-16
additive,20260844,60,15570,2.109,True,True,32,3.280161080101439e-08,8.176503918377875e-11,0.6670169925270428,6.954918412016564e-14,1.1108735459286484e-15,6.843831057423699e-14,,2.1202978275083627e-14,3.3866432739159713e-16,2.086431394769203e-14,1.3322676295501878e-15,5.551115123125783e-15,1.3322676295501878e-15,0.0,5.551115123125783e-16,5.551115123125783e-16,1.1707566133487665e-15,6.661338147750939e-16
additive,20260844,61,15883,2.173,True,True,32,3.280161080101439e-08,1.3877787807814457e-16,0.9122120893647787,2.6263279745419862e-14,4.316941975848093e-16,2.5831585547835052e-14,,8.006704275817965e-15,1.31607621407257e-16,7.875096654410709e-15,3.3306690738754696e-16,1.1102230246251565e-15,6.661338147750939e-16,0.0,2.220446049250313e-16,0.0,5.707075024204079e-16,6.661338147750939e-16
additive,20260844,62,16663,2.193,True,True,32,3.280161080101439e-08,1.3877787807814457e-16,0.7739705133940993,4.8226179993893226e-14,6.6325086956978e-16,4.756292912432345e-14,,1.4702381625844374e-14,2.0220070093303745e-16,1.4500180924911338e-14,5.921189464667501e-16,3.552713678800501e-15,1.1102230246251565e-15,0.0,1.3322676295501878e-15,4.440892098500626e-16,1.071365218763276e-15,6.661338147750939e-16
additive,20260844,63,11025,2.223,True,True,32,3.280161080101439e-08,2.5091040356528538e-14,0.6458633339101028,1.666375371023321e-14,9.826465038490335e-16,1.5681107206384174e-14,,5.0801632308002035e-15,2.995726367860707e-16,4.780590594014133e-15,1.1102230246251565e-15,1.3322676295501878e-15,4.440892098500626e-16,0.0,2.220446049250313e-16,9.992007221626409e-16,3.669022757570754e-16,6.661338147750939e-16
additive,20260844,64,17449,2.231,True,True,32,3.280161080101439e-08,5.551115123125783e-17,2.118148955691752,6.852851619498779e-14,8.186573112533593e-16,6.770985888373443e-14,,2.089181431079859e-14,2.495783869333766e-16,2.0642235923865212e-14,6.661338147750939e-16,2.4424906541753444e-15,1.1102230246251565e-15,0.0,1.3322676295501878e-15,8.881784197001252e-16,9.976146892703194e-16,6.661338147750939e-16
additive,20260844,65,11267,2.256,True,True,32,3.280161080101439e-08,2.1094237467877974e-14,1.378317762269477,5.749914433472725e-14,9.439208673948466e-16,5.65552234673324e-14,,1.7529366067885024e-14,2.8776662009710085e-16,1.7241599447787922e-14,1.3322676295501878e-15,2.6645352591003757e-15,1.3322676295501878e-15,0.0,1.5543122344752192e-15,6.661338147750939e-16,1.159390044287128e-15,6.661338147750939e-16
additive,20260844,66,8013,2.262,True,True,32,3.280161080101439e-08,8.215650382226158e-15,1.3091366128990154,4.7194886887425014e-14,6.744274451078592e-16,4.6520459442317155e-14,,1.4387978436097266e-14,2.0560802614211941e-16,1.4182370409955147e-14,8.881784197001252e-16,2.220446049250313e-15,1.1102230246251565e-15,0.0,6.661338147750939e-16,6.661338147750939e-16,1.0314500576398479e-15,6.661338147750939e-16
additive,20260844,67,10222,2.296,True,True,32,3.280161080101439e-08,1.5543122344752192e-15,1.3153098226941224,5.5153798195206605e-14,9.248884726869869e-16,5.4228909722519616e-14,,1.681435662711448e-14,2.819643456834092e-16,1.6532392281431068e-14,8.881784197001252e-16,1.9984014443252818e-15,1.6653345369377348e-15,0.0,1.1102230246251565e-15,8.881784197001252e-16,1.6983768888611025e-15,6.661338147750939e-16
additive,20260844,68,13255,2.305,True,True,32,3.280161080101439e-08,2.220446049250313e-16,1.000666942301536,3.316270869024862e-14,5.261168484998229e-16,3.26365918417488e-14,,1.0110085413617269e-14,1.6039360130556539e-16,9.949691812311705e-15,6.661338147750939e-16,2.4424906541753444e-15,1.9984014443252818e-15,0.0,1.3322676295501878e-15,2.220446049250313e-16,2.0816681711721685e-15,6.661338147750939e-16
additive,20260844,69,6618,2.306,True,True,32,3.280161080101439e-08,2.220446049250313e-16,0.5313014415123967,5.4348886502353366e-14,5.742265129002464e-16,5.377465998945312e-14,,1.65689687717021e-14,1.7506046162906383e-16,1.6393908310073038e-14,8.881784197001252e-16,1.9984014443252818e-15,6.661338147750939e-16,0.0,2.220446049250313e-16,0.0,5.326427130046884e-16,6.661338147750939e-16
additive,20260844,70,15039,2.414,True,True,32,3.280161080101439e-08,5.347866594007655e-10,1.197999419808499,6.999262280871221e-14,1.1593239595832806e-15,6.883329884912893e-14,,2.1338166358143516e-14,3.5343506958122577e-16,2.098473128856229e-14,1.3322676295501878e-15,3.3306690738754696e-15,1.7763568394002505e-15,0.0,1.5543122344752192e-15,6.661338147750939e-16,1.5693795469522749e-15,6.661338147750939e-16
additive,20260844,71,19348,2.446,True,True,32,3.280161080101439e-08,2.220446049250313e-16,0.8526418502547377,4.664324482206439e-14,6.800116025829082e-16,4.596323321948148e-14,,1.421980313863792e-14,2.0731042957252543e-16,1.4012492709065396e-14,5.551115123125783e-16,2.220446049250313e-15,3.1086244689504383e-15,0.0,2.4424906541753444e-15,6.661338147750939e-16,3.630957968155036e-15,6.661338147750939e-16
additive,20260844,72,11032,2.48,True,True,32,3.280161080101439e-08,3.019806626980426e-14,1.2506621576451147,4.7743167926050933e-14,6.933844619503937e-16,4.704978346410054e-14,,1.4555129080604324e-14,2.1138732062784883e-16,1.4343741759976473e-14,8.881784197001252e-16,2.220446049250313e-15,1.5543122344752192e-15,0.0,4.440892098500626e-16,6.661338147750939e-16,1.7665763032309337e-15,6.661338147750939e-16
additive,20260844,73,19241,2.542,True,True,32,3.280161080101439e-08,2.220446049250313e-16,1.2376975061707924,6.724482082276495e-14,6.787559932098205e-16,6.656606482955512e-14,,2.050046298966678e-14,2.0692764063551115e-16,2.0293535349031267e-14,6.661338147750939e-16,2.6645352591003757e-15,3.552713678800501e-15,0.0,3.774758283725532e-15,0.0,3.1580558274277966e-15,6.661338147750939e-16
additive,20260844,74,16647,2.589,True,True,32,3.280161080101439e-08,2.0816681711721685e-17,1.3158412951087424,3.198830089701232e-14,3.0240360480266175e-16,3.168589729220966e-14,,9.752051840095332e-15,9.219169346198997e-17,9.659860146633342e-15,4.996003610813204e-16,1.3322676295501878e-15,2.7755575615628914e-16,0.0,8.881784197001252e-16,2.220446049250313e-16,2.6618918709465067e-16,6.661338147750939e-16
additive,20260844,75,20365,2.593,True,True,32,3.280161080101439e-08,2.220446049250313e-16,2.1229657476572728,4.9791767930962294e-14,9.636306303171358e-16,4.882813730064516e-14,,1.517967158168418e-14,2.937753990689188e-16,1.488589618261526e-14,8.881784197001252e-16,2.4424906541753444e-15,1.1102230246251565e-15,0.0,0.0,8.881784197001252e-16,6.611113772827421e-16,6.661338147750939e-16
additive,20260844,76,18638,2.624,True,True,32,3.280161080101439e-08,5.551115123125783e-17,0.8830359279669582,2.747845354034162e-14,5.534304826584767e-16,2.6925023057683142e-14,,8.377165898051522e-15,1.687205198597631e-16,8.20844537819176e-15,3.885780586188048e-16,1.3322676295501878e-15,2.6645352591003757e-15,0.0,3.4416913763379853e-15,2.220446049250313e-16,2.2786005886354405e-15,6.661338147750939e-16
additive,20260844,77,8396,2.625,True,True,32,3.280161080101439e-08,1.9984014443252818e-15,0.4213059873023204,6.658172277407282e-14,6.3189780788849415e-16,6.594982496618432e-14,,2.0298308878176735e-14,1.9264231007489205e-16,2.010566656810184e-14,1.1102230246251565e-15,2.220446049250313e-15,1.3322676295501878e-15,0.0,2.3869795029440866e-15,1.1102230246251565e-16,1.2260034257646373e-15,6.661338147750939e-16
additive,20260844,78,19315,2.698,True,True,32,3.280161080101439e-08,4.440892098500626e-16,1.0706866454572228,4.434300149291914e-14,7.56174223766271e-16,4.358682726915287e-14,,1.3518543879420653e-14,2.305296006203715e-16,1.3288014278800282e-14,6.661338147750939e-16,1.5543122344752192e-15,2.220446049250313e-15,0.0,2.886579864025407e-15,6.661338147750939e-16,2.3417775655129197e-15,6.661338147750939e-16
additive,20260844,79,17995,2.83,True,True,32,3.280161080101439e-08,1.6653345369377348e-16,2.62603854062944,6.745298763988217e-14,7.966511048723963e-16,6.665633653500978e-14,,2.0563925366066533e-14,2.4286950714254556e-16,2.032105585892399e-14,7.401486830834377e-16,5.10702591327572e-15,2.220446049250313e-15,0.0,2.6645352591003757e-15,4.440892098500626e-16,2.2088151413732877e-15,8.881784197001252e-16
additive,20260844,80,14381,2.868,True,True,32,3.280161080101439e-08,6.671618812958968e-10,0.928365653965485,4.943614961838705e-14,1.0478721065457615e-15,4.838827751184129e-14,,1.5071256688667937e-14,3.1945751472465986e-16,1.475179917394328e-14,1.5543122344752192e-15,1.9984014443252818e-15,1.3322676295501878e-15,0.0,2.220446049250313e-15,6.661338147750939e-16,1.5170404615056604e-15,8.881784197001252e-16
additive,20260844,81,15735,2.875,True,True,32,3.280161080101439e-08,2.220446049250313e-16,1.1080421428015683,2.8298544063609654e-14,3.806644153331579e-16,2.7917879648276498e-14,,8.627181218409714e-15,1.1605052497037308e-16,8.511130693439342e-15,4.440892098500626e-16,1.9984014443252818e-15,1.5543122344752192e-15,0.0,2.220446049250313e-15,0.0,1.884207076078123e-15,6.661338147750939e-16
additive,20260844,82,19114,2.911,True,True,32,3.280161080101439e-08,4.440892098500626e-16,1.7308658312500842,6.577204059166064e-14,1.0124672264598729e-15,6.475957336520077e-14,,2.005146667663853e-14,3.0866387404016223e-16,1.974280280259837e-14,7.771561172376096e-16,5.10702591327572e-15,1.9984014443252818e-15,0.0,2.6645352591003757e-15,0.0,1.9230648819400035e-15,6.661338147750939e-16
additive,20260844,83,282,2.93,True,True,32,3.280161080101439e-08,2.220446049250313e-16,2.223026497948008,6.672960795039984e-14,4.80947953420579e-16,6.624865999697927e-14,,2.0343393608077393e-14,1.4662327296612695e-16,2.0196770335111267e-14,6.291263806209221e-16,4.218847493575595e-15,1.3322676295501878e-15,0.0,1.7763568394002505e-15,4.440892098500626e-16,8.887070973308991e-16,6.661338147750939e-16
additive,20260844,84,4634,3.0,True,True,32,3.280161080101439e-08,2.5118795932144167e-15,1.0117147215652416,4.488770466437586e-14,8.224241393726232e-16,4.406528052500324e-14,,1.368460376433334e-14,2.507267537444197e-16,1.3433877010588921e-14,6.661338147750939e-16,2.220446049250313e-15,2.3314683517128287e-15,0.0,3.3306690738754696e-15,6.661338147750939e-16,2.3388698385436635e-15,6.661338147750939e-16
additive,20260844,85,9293,3.109,True,True,32,3.280161080101439e-08,5.551115123125783e-17,1.6039608664500997,4.298254460688433e-14,7.307027007273449e-16,4.2251841906156986e-14,,1.3103790806991437e-14,2.227642737303462e-16,1.288102653326109e-14,4.440892098500626e-16,2.4424906541753444e-15,1.5543122344752192e-15,0.0,1.9984014443252818e-15,2.220446049250313e-16,1.4718385240744931e-15,6.661338147750939e-16
additive,20260844,86,1661,3.204,True,True,32,3.280161080101439e-08,2.220446049250313e-16,2.196575053475141,9.009026163964151e-14,8.534426472406845e-16,8.923681899240083e-14,,2.7465194372971305e-14,2.601831514976368e-16,2.7205011221473668e-14,6.661338147750939e-16,4.440892098500626e-15,2.4424906541753444e-15,0.0,1.7763568394002505e-15,8.881784197001252e-16,2.42557296999058e-15,6.661338147750939e-16
additive,20260844,87,17862,3.205,True,True,32,3.280161080101439e-08,2.220446049250313e-16,1.1141970283368725,4.790265406562355e-14,4.782880440907484e-16,4.74243660215328e-14,,1.4603750515856425e-14,1.4581236482324136e-16,1.4457938151033183e-14,4.440892098500626e-16,1.9984014443252818e-15,2.220446049250313e-15,0.0,2.220446049250313e-15,2.220446049250313e-16,2.051533546218057e-15,6.661338147750939e-16
additive,20260844,88,18118,3.401,True,True,32,3.280161080101439e-08,2.220446049250313e-16,1.9193558978359169,4.7145447268359675e-14,7.735462402899815e-16,4.637190102806969e-14,,1.4372906121702324e-14,2.3582568703182704e-16,1.4137080434670497e-14,6.661338147750939e-16,2.4424906541753444e-15,3.552713678800501e-15,0.0,5.10702591327572e-15,1.1102230246251565e-15,3.3631827481680637e-15,6.661338147750939e-16
additive,20260844,89,11610,3.591,True,True,32,3.280161080101439e-08,3.019806626980426e-14,2.1883093602054027,7.436239124469779e-14,9.202790645936773e-16,7.344211218010411e-14,,2.2670347409401657e-14,2.805591073488433e-16,2.2389788302052815e-14,8.881784197001252e-16,3.552713678800501e-15,1.7763568394002505e-15,0.0,8.881784197001252e-16,8.881784197001252e-16,1.822616132092965e-15,6.661338147750939e-16
additive,20260844,90,1571,3.866,True,True,32,3.280161080101439e-08,2.220446049250313e-16,2.2088141384539703,5.890340298853047e-14,5.508903518543681e-16,5.835251263667611e-14,,1.7957472682015023e-14,1.6794612776679003e-16,1.7789526554248234e-14,4.996003610813204e-16,2.220446049250313e-15,1.7763568394002505e-15,0.0,0.0,0.0,1.807020141985136e-15,6.661338147750939e-16
additive,20260844,91,18148,4.473,True,True,32,3.280161080101439e-08,2.220446049250313e-16,2.834131654659215,1.0068855471612181e-13,6.986970525955722e-16,9.998985766352625e-14,,3.069622261142372e-14,2.1300693335888404e-16,3.048321567806483e-14,1.0732155904709846e-15,6.439293542825908e-15,1.1102230246251565e-15,0.0,1.7763568394002505e-15,4.440892098500626e-16,1.0615846825939594e-15,8.881784197001252e-16
additive,20260844,92,9313,4.878,True,True,32,3.280161080101439e-08,2.220446049250313e-16,1.9946957901863998,3.0758381952544767e-14,5.814627879714642e-16,3.01769191645733e-14,,9.377094966200126e-15,1.7726653471343624e-16,9.19982843148669e-15,6.661338147750939e-16,1.5543122344752192e-15,2.220446049250313e-15,0.0,2.220446049250313e-16,2.220446049250313e-16,2.1091594079724108e-15,6.661338147750939e-16
additive,20260844,93,6702,4.932,True,True,32,3.280161080101439e-08,2.220446049250313e-16,0.8167546823215639,4.9821583490705645e-14,4.600269817855995e-16,4.9361556508920046e-14,,1.5188761244970605e-14,1.4024524117924515e-16,1.504851600379136e-14,5.551115123125783e-16,3.3306690738754696e-15,7.771561172376096e-16,0.0,1.4432899320127035e-15,2.220446049250313e-16,8.514353243613403e-16,6.661338147750939e-16
additive,20260844,94,9850,5.0,True,True,32,3.280161080101439e-08,2.220446049250313e-16,1.1009156112973526,6.002837116270143e-14,5.350878470470168e-16,5.949328331565441e-14,,1.830043394114202e-14,1.6312852752660223e-16,1.813730541361542e-14,6.661338147750939e-16,2.6645352591003757e-15,2.220446049250313e-15,0.0,2.220446049250313e-16,4.440892098500626e-16,1.9941720232790907e-15,6.661338147750939e-16
additive,20260844,95,10805,5.00001,True,True,32,3.280161080101439e-08,2.438049762076844e-13,1.0613606299563003,3.930362979520652e-14,7.43733778267123e-16,3.8559896016939395e-14,,1.1982225517409974e-14,2.267369681260053e-16,1.1755488549283968e-14,6.661338147750939e-16,1.3322676295501878e-15,2.4424906541753444e-15,0.0,2.220446049250313e-15,6.661338147750939e-16,2.4821414764833858e-15,6.661338147750939e-16
additive,20260844,96,14807,5.00001,True,True,32,3.280161080101439e-08,7.977896121502681e-10,1.6927204891829943,5.072331443756184e-14,1.1367229908676976e-15,4.958659144669414e-14,,1.5463665716073073e-14,3.465448687149671e-16,1.5117120847358107e-14,1.5543122344752192e-15,4.218847493575595e-15,1.3322676295501878e-15,0.0,1.7763568394002505e-15,6.661338147750939e-16,1.3470706032118564e-15,8.881784197001252e-16
additive,20260844,97,15672,5.00001,True,True,32,3.280161080101439e-08,1.2545520178264269e-14,3.756667131694363,9.438630432789807e-14,7.083288981812341e-16,9.367797542971684e-14,,2.8774899165921204e-14,2.1594332744150757e-16,2.8558955838479694e-14,9.159339953157541e-16,7.327471962526033e-15,6.661338147750939e-16,0.0,4.440892098500626e-16,0.0,8.250014428226458e-16,8.881784197001252e-16
additive,20260844,98,15698,5.00001,True,True,32,3.280161080101439e-08,2.346034477795911e-10,3.5640131056166915,7.44890260584441e-14,1.1446531553293058e-15,7.334437290311479e-14,,2.2708953688378174e-14,3.489624830540053e-16,2.2359991205324168e-14,8.881784197001252e-16,6.217248937900877e-15,3.9968028886505635e-15,0.0,2.6645352591003757e-15,8.881784197001252e-16,3.685940441755519e-15,6.661338147750939e-16
additive,20260844,99,17110,5.00001,True,True,32,3.280161080101439e-08,2.0236923248262428e-10,3.491062213140655,9.212769436217627e-14,9.095898637464672e-16,9.12181044984298e-14,,2.8086332381983885e-14,2.773003646876812e-16,2.7809032017296202e-14,8.881784197001252e-16,5.329070518200751e-15,3.552713678800501e-15,0.0,2.220446049250313e-15,4.440892098500626e-16,2.7628692984243178e-15,8.881784197001252e-16
quadratic,20260840,0,18834,0.557,True,True,32,2.9325654395521902e-08,3.774758283725532e-15,-0.733696158840647,1.4219189932432383e-13,3.8649432530063845e-16,1.418054049990232e-13,,4.848720420917082e-14,1.3179393035459665e-16,4.8355410278816224e-14,3.0346096006420944e-15,4.7791631763161035e-15,3.3306690738754696e-16,2.220446049250313e-16,2.220446049250313e-16,4.440892098500626e-16,2.870719535102186e-16,0.0
quadratic,20260840,1,12797,0.598,True,True,32,2.9325654395521902e-08,2.55351295663786e-15,-0.8174932081448343,1.015284773622716e-13,2.2624563020003834e-16,1.0130223173207156e-13,,3.462104408410925e-14,7.714938843260276e-17,3.454389469567665e-14,2.0301221021717147e-15,5.701602384666771e-15,2.220446049250313e-16,1.734723475976807e-17,0.0,0.0,3.100694304488827e-16,0.0
quadratic,20260840,2,19817,0.656,True,True,32,2.9325654395521902e-08,1.2212453270876722e-15,-0.8202921390397442,6.514753291229451e-14,1.430651232402019e-16,6.500446778905431e-14,,2.221520175939968e-14,4.8784972130766263e-17,2.2166416787268915e-14,1.0269562977782698e-15,2.2881002648134086e-15,1.1102230246251565e-16,3.469446951953614e-18,0.0,0.0,5.577549004664497e-17,0.0
quadratic,20260840,3,2319,0.682,True,True,32,2.9325654395521902e-08,1.1102230246251565e-15,-0.8400162971359288,5.217466024985949e-14,2.0517880755852133e-16,5.1969481442300966e-14,,1.779147348126243e-14,6.996563650080137e-17,1.7721507844761627e-14,1.1419436824715897e-15,1.83024168737278e-15,3.3306690738754696e-16,1.5178830414797062e-18,1.1102230246251565e-16,2.220446049250313e-16,3.462838481568942e-16,0.0
quadratic,20260840,4,2961,0.699,True,True,32,2.9325654395521902e-08,7.771561172376096e-16,-0.5356584455641011,4.8675971074597067e-14,6.16260514840762e-17,4.861434502311299e-14,,1.6598426216886062e-14,2.101438237418724e-17,1.6577411834511872e-14,9.62193288008469e-16,2.4815219323848225e-15,2.220446049250313e-16,0.0,2.220446049250313e-16,1.1102230246251565e-16,1.2556093730879776e-16,0.0
quadratic,20260840,5,9528,0.7,True,True,32,2.9325654395521902e-08,3.3306690738754696e-15,-0.38355777265773505,1.5702262055916362e-13,4.497807549688637e-16,1.5657283980419475e-13,,5.3544455800154747e-14,1.5337449896345582e-16,5.339108130119129e-14,4.033810322804736e-15,7.073226553078182e-15,1.3322676295501878e-15,6.938893903907228e-17,6.661338147750939e-16,4.440892098500626e-16,6.095653082822899e-16,0.0
quadratic,20260840,6,2903,0.725,True,True,32,2.9325654395521902e-08,8.881784197001252e-16,-0.4138495077807891,6.679601171945733e-14,2.0410467297763775e-16,6.65919070464797e-14,,2.2777330326056508e-14,6.959935837230798e-17,2.2707730967684203e-14,1.304512053934559e-15,3.982491419973755e-15,1.1102230246251565e-16,5.551115123125783e-17,2.220446049250313e-16,1.1102230246251565e-16,1.0970060838558144e-16,0.0
quadratic,20260840,7,2561,0.741,True,True,32,2.9325654395521902e-08,5.995204332975845e-15,-0.8397560301151805,1.9915247526488703e-13,1.2510805057274786e-15,1.9790139475915956e-13,,6.791066708311822e-14,4.266163983431932e-16,6.748405068477503e-14,4.345730124961327e-15,8.468920009718772e-15,1.3322676295501878e-15,1.3877787807814457e-16,1.1102230246251565e-15,6.661338147750939e-16,1.5054095536286342e-15,1.1102230246251565e-15
quadratic,20260840,8,9579,0.797,True,True,32,2.9325654395521902e-08,2.4424906541753444e-15,-0.8876737609086263,8.670262342075615e-14,1.165052677347997e-16,8.658611815302135e-14,,2.956545223215747e-14,3.9728105011218554e-17,2.9525724127146254e-14,1.395708945243054e-15,3.546425306200085e-15,1.1102230246251565e-16,1.3877787807814457e-17,2.220446049250313e-16,1.1102230246251565e-16,1.197454833702851e-16,0.0
quadratic,20260840,9,12279,0.819,True,True,32,2.9325654395521902e-08,1.7763568394002505e-15,-1.1674458545304212,1.1254457910422767e-13,4.106544799976042e-16,1.1213392462423006e-13,,3.837751669112403e-14,1.4003250343846108e-16,3.8237484187685574e-14,1.6970551947841677e-15,3.5561831257524545e-15,4.440892098500626e-16,0.0,6.661338147750939e-16,2.220446049250313e-16,2.0539125955565397e-16,0.0
quadratic,20260840,10,5210,0.904,True,True,32,2.9325654395521902e-08,1.887379141862766e-15,-0.5477265619573537,9.634785425666733e-14,3.627141576507884e-16,9.598514009901654e-14,,3.2854460111000926e-14,1.2368493222990985e-16,3.273077517877102e-14,1.4988010832439613e-15,3.1537272793258353e-15,4.440892098500626e-16,1.3877787807814457e-17,3.3306690738754696e-16,1.1102230246251565e-16,2.088276641556843e-16,0.0
quadratic,20260840,11,7482,0.932,True,True,32,2.9325654395521902e-08,3.774758283725532e-15,-0.36139340756644334,8.996170365775591e-14,2.160610996497829e-16,8.974564255810613e-14,,3.067679324199268e-14,7.367648023662721e-17,3.060311676175605e-14,1.8041124150158794e-15,1.897787482718627e-15,8.881784197001252e-16,2.220446049250313e-16,6.661338147750939e-16,5.551115123125783e-17,5.56961884020287e-16,0.0
quadratic,20260840,12,13055,0.961,True,True,32,2.9325654395521902e-08,2.220446049250313e-15,-0.7374032984775432,8.053300090285883e-14,1.6530585287680787e-16,8.036769504998202e-14,,2.7461621083264356e-14,5.636902442049187e-17,2.7405252058843864e-14,1.4802973661668755e-15,2.0062076999671774e-15,4.440892098500626e-16,6.938893903907228e-18,4.440892098500626e-16,2.220446049250313e-16,1.9349601286324157e-16,0.0
quadratic,20260840,13,12827,0.962,True,True,32,2.9325654395521902e-08,1.7763568394002505e-15,-0.26111481222036526,8.629611052852161e-14,3.377629871188121e-16,8.59583475414028e-14,,2.942683200334627e-14,1.151766240450509e-16,2.931165537930122e-14,1.4062824978585316e-15,1.926193579637747e-15,3.3306690738754696e-16,4.163336342344337e-17,1.1102230246251565e-16,2.220446049250313e-16,9.833403932394302e-17,0.0
quadratic,20260840,14,2997,1.002,True,True,32,2.9325654395521902e-08,1.887379141862766e-15,-0.48162839337665164,6.517172273734557e-14,1.4047918812109678e-16,6.503124354922447e-14,,2.2223450450025576e-14,4.790317250091725e-17,2.217554727752466e-14,1.887379141862766e-15,2.8197930102003e-15,2.7755575615628914e-17,3.469446951953614e-18,1.1102230246251565e-16,2.220446049250313e-16,8.881784197001162e-17,0.0
quadratic,20260840,15,5030,1.01,True,True,32,2.9325654395521902e-08,2.6645352591003757e-15,-0.16260518040316652,1.0344976776665597e-13,2.8396803757641746e-16,1.0316579972907956e-13,,3.527620095749782e-14,9.683263457533623e-17,3.517936832292248e-14,2.2680270360199625e-15,4.056325587920018e-15,4.440892098500626e-16,1.1102230246251565e-16,1.1102230246251565e-16,0.0,5.265629202507886e-16,0.0
quadratic,20260840,16,9116,1.026,True,True,32,2.9325654395521902e-08,1.5543122344752192e-15,-0.6869678909721357,8.273148617896208e-14,2.247107096958479e-16,8.250677546926624e-14,,2.8211300952791487e-14,7.662598306081169e-17,2.8134674969730675e-14,1.970645868709653e-15,2.4528989950312052e-15,7.771561172376096e-16,2.220446049250313e-16,6.661338147750939e-16,1.1102230246251565e-16,6.478944365133946e-16,0.0
quadratic,20260840,17,20015,1.034,True,True,32,2.9325654395521902e-08,1.1102230246251565e-15,-0.7626622823818847,9.160005059561687e-14,1.067229245618611e-16,9.1493327671055e-14,,3.1235466857852765e-14,3.639234205056919e-17,3.11990745158022e-14,9.62193288008469e-16,2.4982186458410993e-15,3.3306690738754696e-16,0.0,2.220446049250313e-16,2.220446049250313e-16,1.7842870038618484e-16,0.0
quadratic,20260840,18,1857,1.059,True,True,32,2.9325654395521902e-08,6.661338147750939e-15,-0.8462720460098081,1.7798379311998232e-13,9.621429500504612e-16,1.7702165016993185e-13,,6.069218122790156e-14,3.2808916625484846e-16,6.03640920616467e-14,3.885780586188048e-15,5.21696401356575e-15,1.1102230246251565e-15,2.220446049250313e-16,1.1102230246251565e-16,9.992007221626409e-16,1.1451157482562324e-15,8.881784197001252e-16
quadratic,20260840,19,19048,1.075,True,True,32,2.9325654395521902e-08,3.774758283725532e-15,-0.32730248189989264,1.0076715188746916e-13,1.9331918465177626e-16,1.0057383270281738e-13,,3.436143334719806e-14,6.59215245615445e-17,3.429551182263652e-14,1.9984014443252818e-15,3.5359627552356e-15,8.881784197001252e-16,3.469446951953614e-18,3.885780586188048e-16,3.3306690738754696e-16,9.021883769156324e-16,0.0
quadratic,20260840,20,9519,1.089,True,True,32,2.9325654395521902e-08,8.215650382226158e-15,-0.6982223788832871,1.7130520647731232e-13,4.675459238517871e-16,1.7083766055346052e-13,,5.841479414811321e-14,1.5943239238445862e-16,5.825536175572875e-14,4.9960036108132044e-15,5.270740441321031e-15,8.881784197001252e-16,1.6263032587282567e-19,9.992007221626409e-16,7.771561172376096e-16,8.437694987151191e-16,2.220446049250313e-16
quadratic,20260840,21,2993,1.098,True,True,32,2.9325654395521902e-08,3.608224830031759e-16,0.026875193668705277,4.142192799491948e-14,8.804625142392695e-17,4.1333881743495554e-14,,1.4124809436902015e-14,3.0023627175178e-17,1.4094785809726838e-14,3.0993726104118957e-16,1.1724562293258245e-15,1.1102230246251565e-16,6.938893903907228e-18,8.326672684688674e-17,8.326672684688674e-17,1.0256346037013353e-16,0.0
quadratic,20260840,22,11936,1.16,True,True,32,2.9325654395521902e-08,1.4432899320127035e-15,-0.375448049793508,7.476801089632108e-14,3.4207920887464567e-16,7.442593168744644e-14,,2.5495768956391416e-14,1.1664844857712093e-16,2.5379120507814297e-14,1.9984014443252818e-15,2.3635607360183997e-15,4.440892098500626e-16,4.440892098500626e-16,5.551115123125783e-16,3.3306690738754696e-16,3.743037625879098e-16,0.0
quadratic,20260840,23,9470,1.162,True,True,32,2.9325654395521902e-08,4.884981308350689e-15,-0.07848800974101078,1.775840963099413e-13,8.455127409224514e-16,1.7673858356901885e-13,,6.055588527192724e-14,2.883184564336826e-16,6.026756681549356e-14,4.69994413757983e-15,6.189168101633502e-15,4.440892098500626e-16,4.85722573273506e-17,3.885780586188048e-16,1.27675647831893e-15,4.3457301249613313e-16,4.440892098500626e-16
quadratic,20260840,24,16444,1.167,True,True,32,2.9325654395521902e-08,1.6653345369377348e-15,-0.5882520598923555,7.881130437412781e-14,1.82534212612665e-16,7.862877016151514e-14,,2.6874525393766657e-14,6.224386680371518e-17,2.6812281526962938e-14,9.992007221626409e-16,2.331902032581823e-15,2.220446049250313e-16,5.854691731421724e-18,3.3306690738754696e-16,0.0,2.236306378173533e-16,0.0
quadratic,20260840,25,12155,1.172,True,True,32,2.9325654395521902e-08,3.1086244689504383e-15,-0.317181162585374,7.674639074052778e-14,1.1323097717389322e-16,7.663315976335389e-14,,2.6170393235026035e-14,3.861157730590451e-17,2.613178165772013e-14,1.915134717478395e-15,3.0979992876600804e-15,4.440892098500626e-16,2.220446049250313e-16,3.3306690738754696e-16,5.551115123125783e-17,2.1279274638648857e-16,0.0
quadratic,20260840,26,13083,1.18,True,True,32,2.9325654395521902e-08,3.1086244689504383e-15,-0.7190324110732886,8.374478307822727e-14,3.2118198643011037e-16,8.342360109179716e-14,,2.8556833531740487e-14,1.0952253003402906e-16,2.844731100170646e-14,2.525757381022231e-15,2.7785933276458508e-15,4.440892098500626e-16,2.42861286636753e-17,2.220446049250313e-16,1.1102230246251565e-16,3.4972025275692425e-16,0.0
quadratic,20260840,27,12928,1.216,True,True,32,2.9325654395521902e-08,3.1086244689504383e-15,-0.6043556389855849,8.629571266504583e-14,3.0360732735749524e-16,8.599210533768833e-14,,2.942669633255427e-14,1.0352960014554929e-16,2.932316673240872e-14,2.4147350785597155e-15,2.1793818919674246e-15,6.661338147750939e-16,1.3877787807814457e-17,5.551115123125783e-16,4.440892098500626e-16,4.760742065118822e-16,0.0
quadratic,20260840,28,15342,1.256,True,True,32,2.9325654395521902e-08,3.3306690738754696e-15,0.38158205087098884,1.0492733810621568e-13,4.3376018354598705e-16,1.0449357792266969e-13,,3.578005001731124e-14,1.4791151041192906e-16,3.5632138506899307e-14,3.0531133177191805e-15,6.269778533157799e-15,2.220446049250313e-16,5.551115123125783e-17,0.0,3.3306690738754696e-16,5.868321701590033e-17,0.0
quadratic,20260840,29,13936,1.286,True,True,32,2.9325654395521902e-08,1.7763568394002505e-15,0.24642323795328802,8.368660014307097e-14,1.3029425422181965e-16,8.355630588884915e-14,,2.853699324638093e-14,4.443012676358755e-17,2.8492563119617345e-14,1.8503717077085944e-15,2.7897606100224515e-15,2.220446049250313e-16,4.163336342344337e-17,5.273559366969494e-16,2.7755575615628914e-17,5.389868445739753e-16,0.0
quadratic,20260840,30,243,1.375,True,True,32,2.9325654395521902e-08,2.220446049250313e-15,0.5159568037992062,1.24048287607947e-13,6.54457473664174e-16,1.2339383013428283e-13,,4.230026240331383e-14,2.231689239862662e-16,4.2077093479327564e-14,1.887379141862766e-15,6.291842047367879e-15,4.440892098500626e-16,0.0,7.771561172376096e-16,5.551115123125783e-16,9.296796137158757e-16,0.0
quadratic,20260840,31,12361,1.375,True,True,32,2.9325654395521902e-08,2.4424906541753444e-15,-0.6661494027187838,1.246829059888583e-13,5.292032106841644e-16,1.2415370277817413e-13,,4.251666622924455e-14,1.8045742596113218e-16,4.2336208803283416e-14,2.4147350785597155e-15,5.560222421374661e-15,6.661338147750939e-16,2.220446049250313e-16,8.881784197001252e-16,6.661338147750939e-16,5.559045287587384e-16,0.0
quadratic,20260840,32,6134,1.385,True,True,32,2.9325654395521902e-08,2.3314683517128287e-15,-0.36050052123610166,8.241845429514856e-14,1.0746302161627029e-16,8.231099127353229e-14,,2.8104557594368317e-14,3.6644713930980565e-17,2.8067912880437336e-14,1.1578040113948061e-15,3.3245975417095508e-15,2.220446049250313e-16,6.938893903907228e-18,0.0,2.220446049250313e-16,1.242392432318629e-16,0.0
quadratic,20260840,33,1951,1.426,True,True,32,2.9325654395521902e-08,1.887379141862766e-15,-0.7784769665602262,8.77844906864202e-14,1.9736429132864552e-16,8.758712639509155e-14,,2.993436719346495e-14,6.730089929682304e-17,2.9867066294168126e-14,1.4988010832439613e-15,2.658897407803451e-15,3.3306690738754696e-16,2.7755575615628914e-17,0.0,3.3306690738754696e-16,2.2680270360199605e-16,0.0
quadratic,20260840,34,10023,1.444,True,True,32,2.9325654395521902e-08,2.220446049250313e-15,-0.7248609237144603,1.1617322152631433e-13,1.988659113375376e-16,1.159743556149768e-13,,3.961487779930131e-14,6.78129492543924e-17,3.954706485004691e-14,2.4424906541753444e-15,5.207856715316872e-15,3.3306690738754696e-16,5.551115123125783e-17,1.1102230246251565e-16,2.220446049250313e-16,2.045982431094934e-16,0.0
quadratic,20260840,35,9457,1.458,True,True,32,2.9325654395521902e-08,3.1086244689504383e-15,-0.8819785692698936,1.5450092790371473e-13,8.843501534577541e-16,1.5361657775025697e-13,,5.268456274493482e-14,3.0156195034229025e-16,5.238300079459253e-14,3.58046925441613e-15,4.320979338223729e-15,4.440892098500626e-16,2.220446049250313e-16,3.3306690738754696e-16,2.220446049250313e-16,6.262186536516657e-16,1.5543122344752192e-15
quadratic,20260840,36,2358,1.487,True,True,32,2.9325654395521902e-08,8.326672684688674e-16,-0.20310373853145203,3.8657232590264645e-14,1.2885587933965584e-16,3.852837671092499e-14,,1.3182052843181463e-14,4.393964329039234e-17,1.3138113199891071e-14,5.551115123125783e-16,1.621641189386569e-15,1.1102230246251565e-16,6.938893903907228e-18,2.220446049250313e-16,1.3877787807814457e-16,5.921189464667495e-17,0.0
quadratic,20260840,37,15340,1.516,True,True,32,2.9325654395521902e-08,3.3306690738754696e-15,-0.29371346845543966,1.2081166920038404e-13,3.0184188481996394e-16,1.2050982731556407e-13,,4.1196580840437194e-14,1.029275871388759e-16,4.109365325329832e-14,1.8503717077085944e-15,2.929947950924827e-15,4.440892098500626e-16,4.440892098500626e-16,3.885780586188048e-16,2.220446049250313e-16,4.245281375114286e-16,0.0
quadratic,20260840,38,7011,1.556,True,True,32,2.9325654395521902e-08,1.3322676295501878e-15,-0.26869847012128645,6.289226745213145e-14,1.234792691376255e-16,6.276878818299383e-14,,2.1446159940333764e-14,4.21062280391878e-17,2.1404053712294575e-14,9.040387486233417e-16,1.7590096046404824e-15,3.3306690738754696e-16,2.7755575615628914e-17,3.3306690738754696e-16,1.6653345369377348e-16,4.023236770189258e-16,0.0
quadratic,20260840,39,4943,1.563,True,True,32,2.9325654395521902e-08,1.5543122344752192e-15,0.14685400338959886,9.125127643832712e-14,2.129246576508073e-16,9.103835178067631e-14,,3.1116535442858324e-14,7.260695866460236e-17,3.104392848419372e-14,1.6653345369377348e-15,4.947865034354848e-15,2.220446049250313e-16,1.1102230246251565e-16,4.996003610813204e-16,3.885780586188048e-16,2.04598243109493e-16,0.0
quadratic,20260840,40,10139,1.595,True,True,32,2.9325654395521902e-08,2.4424906541753444e-15,0.1283603729498286,7.43100882993236e-14,2.105241824122496e-16,7.409956411691135e-14,,2.533961810266404e-14,7.178840054951925e-17,2.526782970211452e-14,1.5173048003210472e-15,3.5132487197220286e-15,4.440892098500626e-16,1.5612511283791264e-17,1.6653345369377348e-16,2.220446049250313e-16,4.723734630964662e-16,0.0
quadratic,20260840,41,13689,1.6,True,True,32,2.9325654395521902e-08,1.6653345369377348e-15,-0.4865244467084484,6.913587592627919e-14,2.486488610908304e-16,6.888722706518836e-14,,2.3575220178833046e-14,8.47888533832001e-17,2.3490431325449843e-14,1.4988010832439613e-15,3.1580640880157773e-15,2.7755575615628914e-16,2.220446049250313e-16,3.3306690738754696e-16,3.3306690738754696e-16,1.7287758526306022e-16,0.0
quadratic,20260840,42,12306,1.611,True,True,32,2.9325654395521902e-08,2.1094237467877974e-15,-0.18032678929612844,1.1394859716840595e-13,3.069779053970527e-16,1.136416192630089e-13,,3.8856284545795567e-14,1.0467896172299194e-16,3.8751605584072577e-14,1.966680786478849e-15,2.9828570169421198e-15,4.440892098500626e-16,2.5153490401663703e-17,3.0531133177191805e-16,3.885780586188048e-16,3.105981080796568e-16,0.0
quadratic,20260840,43,14526,1.634,True,True,32,2.9325654395521902e-08,3.774758283725532e-15,0.24956411828731961,1.2393917014544418e-13,3.649744610370474e-16,1.2357419568440712e-13,,4.226305352775691e-14,1.2445569197350286e-16,4.2138597835783404e-14,3.885780586188048e-15,5.1356488506293374e-15,6.661338147750939e-16,5.551115123125783e-17,4.996003610813204e-16,1.6653345369377348e-16,3.2778013107980893e-16,0.0
quadratic,20260840,44,17733,1.645,True,True,32,2.9325654395521902e-08,2.886579864025407e-15,0.6292042503872237,9.653022487091645e-14,2.26329526796719e-16,9.630389534411973e-14,,3.291664819103128e-14,7.717799703432367e-17,3.283947019399696e-14,2.2838873649431793e-15,3.7346428033435686e-15,6.661338147750939e-16,1.3877787807814457e-17,8.881784197001252e-16,1.1102230246251565e-16,6.254256372055038e-16,0.0
quadratic,20260840,45,6168,1.655,True,True,32,2.9325654395521902e-08,4.884981308350689e-15,0.23667625639120993,7.689759434993274e-14,2.458890502751061e-16,7.665170529965763e-14,,2.6221953417576657e-14,8.3847762426285e-17,2.613810565515037e-14,3.969047313034935e-15,3.33625271506377e-15,4.440892098500626e-16,6.938893903907228e-18,1.942890293094024e-16,1.1102230246251565e-16,5.717648576819557e-16,0.0
quadratic,20260840,46,14636,1.663,True,True,32,2.9325654395521902e-08,5.329070518200751e-15,0.279062271200077,1.0206248513744013e-13,4.487079111048507e-16,1.0161377722633528e-13,,3.480313985867109e-14,1.530086609672961e-16,3.4650131197703794e-14,1.8041124150158794e-15,5.9956380138448395e-15,1.3322676295501878e-15,2.220446049250313e-16,1.1102230246251565e-15,2.220446049250313e-16,1.5461177311982235e-15,0.0
quadratic,20260840,47,13286,1.664,True,True,32,2.9325654395521902e-08,1.4432899320127035e-15,0.25937550280724087,7.223251015177544e-14,3.0691078811970847e-16,7.192559936365573e-14,,2.463116736546057e-14,1.0465607484161529e-16,2.4526511290618955e-14,1.2582527612418441e-15,1.9478776230874573e-15,4.440892098500626e-16,6.938893903907228e-18,4.440892098500626e-16,1.1102230246251565e-16,3.6002946655701505e-16,0.0
quadratic,20260840,48,14542,1.683,True,True,32,2.9325654395521902e-08,3.3306690738754696e-15,0.5576045903046871,8.810423662125853e-14,4.391266616205716e-16,8.766510995963795e-14,,3.004340003226399e-14,1.4974147062431022e-16,2.989365856163968e-14,2.7755575615628914e-15,4.374538925544513e-15,4.440892098500626e-16,2.7755575615628914e-17,2.220446049250313e-16,3.3306690738754696e-16,4.0126632175737836e-16,0.0
quadratic,20260840,49,14720,1.772,True,True,32,2.9325654395521902e-08,3.552713678800501e-15,0.4282337151746931,1.2964151391788224e-13,5.560594147833797e-16,1.2908545450309886e-13,,4.4207543391658745e-14,1.8961534746460469e-16,4.401792804419414e-14,4.726378019118523e-15,7.0970790008728635e-15,2.220446049250313e-15,6.938893903907228e-18,5.551115123125783e-16,2.220446049250313e-16,8.257944592688067e-16,0.0
quadratic,20260840,50,7158,1.819,True,True,32,2.9325654395521902e-08,3.9968028886505635e-15,-0.7767874011429061,7.425405776362304e-14,2.6976395654335947e-16,7.398429380707969e-14,,2.532051178198493e-14,9.198906626429898e-17,2.5228522715720633e-14,2.5693732855610765e-15,2.329950468671349e-15,3.3306690738754696e-16,6.938893903907228e-18,3.3306690738754696e-16,4.440892098500626e-16,5.101739136967983e-17,0.0
quadratic,20260840,51,730,1.828,True,True,32,2.9325654395521902e-08,2.220446049250313e-15,0.8697243693729908,1.0262700178091979e-13,4.681440420502746e-16,1.0215885773886952e-13,,3.4995639107235466e-14,1.596363497081113e-16,3.4836002757527356e-14,2.1094237467877974e-15,5.422095064600008e-15,8.881784197001252e-16,1.1102230246251565e-16,8.881784197001252e-16,4.440892098500626e-16,9.447469261929312e-16,0.0
quadratic,20260840,52,738,1.869,True,True,32,2.9325654395521902e-08,3.3306690738754696e-15,1.0609327208330395,1.2293583648332154e-13,1.9663755319386166e-16,1.227391989301277e-13,,4.192091839631519e-14,6.705308278607031e-17,4.1853865313529123e-14,2.3314683517128287e-15,4.003768887608783e-15,6.938893903907228e-18,5.551115123125783e-17,2.220446049250313e-16,0.0,1.152517235087074e-16,0.0
quadratic,20260840,53,3461,1.894,True,True,32,2.9325654395521902e-08,2.9976021664879227e-15,0.43764710526387707,6.26231790567989e-14,1.6056956731498014e-16,6.246260948948392e-14,,2.1354401239333165e-14,5.475395882026745e-17,2.12996472805129e-14,1.4432899320127035e-15,1.9960161995458137e-15,1.6653345369377348e-16,6.938893903907228e-18,5.551115123125783e-17,1.6653345369377348e-16,7.40148683083436e-17,0.0
quadratic,20260840,54,15343,1.898,True,True,32,2.9325654395521902e-08,4.440892098500626e-15,0.22589442202613763,7.546910145428409e-14,5.421981481515263e-16,7.492690330613257e-14,,2.573483968555819e-14,1.8488867830152197e-16,2.5549951007256667e-14,2.6645352591003757e-15,2.2273849431542203e-15,2.220446049250313e-16,2.7755575615628914e-17,2.498001805406602e-16,2.7755575615628914e-16,1.834511378785392e-16,0.0
quadratic,20260840,55,8280,1.986,True,True,32,2.9325654395521902e-08,1.9984014443252818e-15,0.3397095712450484,6.298611805732878e-14,2.9088214971638272e-16,6.26952359076124e-14,,2.1478162842615683e-14,9.919033546300032e-17,2.1378972507152685e-14,1.7763568394002505e-15,2.4945323584546486e-15,6.661338147750939e-16,1.1102230246251565e-16,7.771561172376096e-16,4.440892098500626e-16,5.667424201896032e-16,0.0
quadratic,20260840,56,15471,1.99,True,True,32,2.9325654395521902e-08,6.661338147750939e-15,-0.16562323381229271,1.320497654674505e-13,3.6190462002866654e-16,1.3168786084742185e-13,,4.502875321602877e-14,1.2340888122992075e-16,4.4905344334798854e-14,6.411537967210279e-15,6.884683795282953e-15,2.220446049250313e-16,1.1102230246251565e-16,0.0,4.996003610813204e-16,3.602938053724018e-16,0.0
quadratic,20260840,57,11110,2.013,True,True,32,2.9325654395521902e-08,2.886579864025407e-15,0.08425277237343054,8.929135642682384e-14,1.7697586947505485e-16,8.911438055734879e-14,,3.044820593686696e-14,6.034848091985954e-17,3.038785745594709e-14,3.6478756523398e-15,5.702036065535765e-15,2.220446049250313e-16,2.0816681711721685e-17,2.498001805406602e-16,5.551115123125783e-17,5.500890748202259e-16,0.0
quadratic,20260840,58,14292,2.032,True,True,32,2.9325654395521902e-08,2.6645352591003757e-15,0.3099696970132195,1.355414148147496e-13,5.24313975173005e-16,1.3501710083957662e-13,,4.621939991062812e-14,1.787902046793094e-16,4.604060970594881e-14,3.0346096006420944e-15,4.263950303950992e-15,3.3306690738754696e-16,1.6653345369377348e-16,7.216449660063518e-16,5.551115123125783e-17,3.328025685721603e-16,0.0
quadratic,20260840,59,1456,2.041,True,True,32,2.9325654395521902e-08,3.3306690738754696e-15,0.05732490001443158,8.312485119588042e-14,2.7366209090340983e-16,8.2851189104977e-14,,2.8345437777706944e-14,9.33183236808515e-17,2.8252119454026092e-14,1.9349601286324155e-15,2.3843774177301214e-15,2.220446049250313e-16,3.469446951953614e-18,5.551115123125783e-17,1.1102230246251565e-16,2.349972068789927e-16,0.0
quadratic,20260840,60,15570,2.109,True,True,32,2.9325654395521902e-08,3.3306690738754696e-15,0.5644617154049489,1.272192595100413e-13,7.773002903122128e-16,1.2644195921972909e-13,,4.338155861560858e-14,2.6505812277147633e-16,4.311650049283711e-14,3.616154994493367e-15,6.3954917750574936e-15,4.440892098500626e-16,5.204170427930421e-17,2.220446049250313e-16,2.220446049250313e-16,3.320095521259994e-16,0.0
quadratic,20260840,61,15883,2.173,True,True,32,2.9325654395521902e-08,2.220446049250313e-15,1.2620018179420296,1.4929717411919057e-13,5.67226697159981e-16,1.487299474220306e-13,,5.091009124829235e-14,1.9342337241981473e-16,5.071666787587254e-14,3.806478941571965e-15,7.088080122841234e-15,4.440892098500626e-16,5.551115123125783e-17,8.881784197001252e-16,6.661338147750939e-16,6.391712556056269e-16,0.0
quadratic,20260840,62,16663,2.193,True,True,32,2.9325654395521902e-08,3.219646771412954e-15,1.13872927242526,6.611897676812465e-14,3.6760313501857425e-16,6.575137363310607e-14,,2.2546462519254535e-14,1.253520654852661e-16,2.2421110453769267e-14,2.525757381022231e-15,2.3266978621538925e-15,1.1102230246251565e-16,6.505213034913027e-19,2.220446049250313e-16,4.440892098500626e-16,1.0547118733938955e-16,0.0
quadratic,20260840,63,11025,2.223,True,True,32,2.9325654395521902e-08,1.7763568394002505e-15,0.4477315855852495,3.179112066190963e-14,1.3272286708818719e-16,3.165839779482144e-14,,1.0840719948866414e-14,4.525827976355552e-17,1.0795461669102859e-14,1.4210854715202005e-15,3.0184188481996443e-15,2.220446049250313e-16,3.469446951953614e-18,1.1102230246251565e-16,0.0,6.872809200060468e-17,0.0
quadratic,20260840,64,17449,2.231,True,True,32,2.9325654395521902e-08,2.220446049250313e-15,2.038573917492034,8.089587510940175e-14,3.288147697244082e-16,8.056706033967734e-14,,2.7585360591903704e-14,1.121252966053569e-16,2.7473235295298345e-14,1.6930901125533637e-15,3.566591466608315e-15,3.3306690738754696e-16,2.7755575615628914e-17,0.0,4.440892098500626e-16,3.0848339755656193e-16,0.0
quadratic,20260840,65,11267,2.256,True,True,32,2.9325654395521902e-08,1.7763568394002505e-15,1.104748224490981,8.926307423872444e-14,2.993482198232475e-16,8.896372601890119e-14,,3.0438561757160695e-14,1.02077251469266e-16,3.033648450569143e-14,1.3639882873966208e-15,3.5028403788661677e-15,6.661338147750939e-16,2.220446049250313e-16,1.1102230246251565e-15,2.220446049250313e-16,9.344377123928398e-16,0.0
quadratic,20260840,66,8013,2.262,True,True,32,2.9325654395521902e-08,2.220446049250313e-15,1.1031296215104038,7.931785601999502e-14,2.4715472723979553e-16,7.907070129275522e-14,,2.7047258673316102e-14,8.427935619316876e-17,2.6962979317122932e-14,1.924386576016938e-15,3.576999807464176e-15,3.3306690738754696e-16,1.3877787807814457e-17,4.440892098500626e-16,2.220446049250313e-16,3.2989484160290377e-16,0.0
quadratic,20260840,67,10222,2.296,True,True,32,2.9325654395521902e-08,1.7763568394002505e-15,0.9079181102553029,8.000441413855273e-14,3.2066156938731765e-16,7.968375256916542e-14,,2.728137386450602e-14,1.0934506867689318e-16,2.7172028795829128e-14,1.7393494052460785e-15,3.108190788081444e-15,4.440892098500626e-16,1.1102230246251565e-16,2.220446049250313e-16,4.440892098500626e-16,3.486628974953768e-16,0.0
quadratic,20260840,68,13255,2.305,True,True,32,2.9325654395521902e-08,2.220446049250313e-15,0.37942287592009083,9.413462124958453e-14,2.3525793168713665e-16,9.389936331789739e-14,,3.209975128942361e-14,8.022256844268789e-17,3.201952872098092e-14,1.7446361815538175e-15,5.135106749543095e-15,1.1102230246251565e-16,1.0408340855860843e-17,1.1102230246251565e-16,4.440892098500626e-16,2.175508450634535e-16,0.0
quadratic,20260840,69,6618,2.306,True,True,32,2.9325654395521902e-08,1.6653345369377348e-15,0.3181724031852655,8.139148792977869e-14,2.609155760990066e-16,8.113057235367968e-14,,2.7754363749921082e-14,8.897178306065323e-17,2.7665391966860427e-14,1.5173048003210472e-15,4.5213398996990506e-15,3.3306690738754696e-16,5.551115123125783e-17,1.1102230246251565e-16,5.551115123125783e-17,3.03725298879596e-16,0.0
quadratic,20260840,70,15039,2.414,True,True,32,2.9325654395521902e-08,4.218847493575595e-15,1.1659385183161437,1.502677488062791e-13,6.357513721815572e-16,1.4963199743409756e-13,,5.124105562303338e-14,2.167901740936557e-16,5.102426544893973e-14,3.0769038111040054e-15,6.348112140119877e-15,4.440892098500626e-16,2.220446049250313e-16,2.220446049250313e-16,2.220446049250313e-16,2.1358576283264959e-16,2.220446049250313e-16
quadratic,20260840,71,19348,2.446,True,True,32,2.9325654395521902e-08,4.884981308350689e-15,0.4714910478835914,1.1256501631517902e-13,6.19767650725377e-16,1.1194524866445364e-13,,3.838448574650323e-14,2.113397513202696e-16,3.817314599518296e-14,3.4892723631076347e-15,6.171278765787491e-15,6.661338147750939e-16,8.326672684688674e-17,0.0,2.220446049250313e-16,6.082436142053553e-16,0.0
quadratic,20260840,72,11032,2.48,True,True,32,2.9325654395521902e-08,3.9968028886505635e-15,0.44677871315881634,8.580843335815297e-14,2.5309305742452305e-16,8.555534030072845e-14,,2.926053488895243e-14,8.63043170362026e-17,2.917423057191623e-14,3.0531133177191805e-15,2.77528651101977e-15,6.661338147750939e-16,3.469446951953614e-18,4.440892098500626e-16,3.885780586188048e-16,5.672710978203776e-16,0.0
quadratic,20260840,73,19241,2.542,True,True,32,2.9325654395521902e-08,3.1086244689504383e-15,0.7759609354805359,1.2085984081919432e-13,4.765316365713217e-16,1.2038330918262298e-13,,4.1213007283360027e-14,1.6249650566845977e-16,4.1050510777691565e-14,1.8133642735544222e-15,3.837533589512443e-15,8.881784197001252e-16,4.163336342344337e-17,2.220446049250313e-16,2.220446049250313e-16,1.821294438016037e-16,0.0
quadratic,20260840,74,16647,2.589,True,True,32,2.9325654395521902e-08,1.6653345369377348e-15,1.3726055639659342,4.9761334892267374e-14,2.1748269521261117e-16,4.954385219705476e-14,,1.6968533496686795e-14,7.416124198947844e-17,1.6894372254697318e-14,1.3005469717037547e-15,3.4974193680037402e-15,1.1102230246251565e-16,1.734723475976807e-18,2.220446049250313e-16,2.220446049250313e-16,1.3877787807814437e-16,0.0
quadratic,20260840,75,20365,2.593,True,True,32,2.9325654395521902e-08,1.9984014443252818e-15,1.7435546706862055,8.799664762567556e-14,3.145435714140068e-16,8.768210405426155e-14,,3.0006712361417193e-14,1.0725884141294334e-16,2.9899453520004255e-14,1.7023419710919068e-15,6.594334453491335e-15,2.220446049250313e-16,8.673617379884035e-19,4.440892098500626e-16,2.220446049250313e-16,3.10862446895044e-16,0.0
quadratic,20260840,76,18638,2.624,True,True,32,2.9325654395521902e-08,3.0531133177191805e-15,0.4984121424019088,8.876087179242914e-14,2.362889563244955e-16,8.852458283610464e-14,,3.026731154752446e-14,8.057414615122022e-17,3.018673740137324e-14,2.3869795029440866e-15,3.0912772341906702e-15,4.440892098500626e-16,6.938893903907228e-18,6.106226635438361e-16,4.440892098500626e-16,4.689370584964354e-16,0.0
quadratic,20260840,77,8396,2.625,True,True,32,2.9325654395521902e-08,2.3314683517128287e-15,0.04972773389330287,8.12836832554064e-14,4.355462130176251e-16,8.084813704238877e-14,,2.7717602532961247e-14,1.485205435293318e-16,2.7569081989431915e-14,1.7287758526306009e-15,2.780978572425319e-15,4.440892098500626e-16,0.0,3.3306690738754696e-16,3.3306690738754696e-16,3.494559139415371e-16,0.0
quadratic,20260840,78,19315,2.698,True,True,32,2.9325654395521902e-08,6.217248937900877e-15,0.6670371776834554,1.246621698478794e-13,5.063430660206825e-16,1.241558267818587e-13,,4.2509595239216766e-14,1.7266215416424e-16,4.233693308505252e-14,4.218847493575595e-15,3.056365924236637e-15,6.661338147750939e-16,6.938893903907228e-18,4.440892098500626e-16,5.551115123125783e-16,6.571462950519379e-16,0.0
quadratic,20260840,79,17995,2.83,True,True,32,2.9325654395521902e-08,3.3306690738754696e-15,2.251534610972021,1.0306825689919816e-13,6.019015477830631e-16,1.0246635535141509e-13,,3.514610637808544e-14,2.0524743955073514e-16,3.49408589385347e-14,2.727976574793242e-15,3.480072133243972e-15,1.3322676295501878e-15,1.3877787807814457e-17,1.3322676295501878e-15,4.440892098500626e-16,1.214901195518384e-15,0.0
quadratic,20260840,80,14381,2.868,True,True,32,2.9325654395521902e-08,3.1086244689504383e-15,0.37764579808644405,1.0959435037723639e-13,6.927039960154717e-16,1.0890164638122092e-13,,3.73714935391081e-14,2.362109253122922e-16,3.713528261379581e-14,2.125284075711014e-15,4.7661527502462775e-15,1.1102230246251565e-15,2.7755575615628914e-17,1.1102230246251565e-16,7.216449660063518e-16,9.780536169316852e-16,0.0
quadratic,20260840,81,15735,2.875,True,True,32,2.9325654395521902e-08,1.5543122344752192e-15,0.07225070900825092,5.504597170771918e-14,1.8780343517094403e-16,5.485816827254824e-14,,1.877058597407628e-14,6.404066304471694e-17,1.8706545311031564e-14,1.4654943925052066e-15,3.766084666345648e-15,4.440892098500626e-16,2.6020852139652106e-18,6.661338147750939e-16,0.0,2.865432758794453e-16,0.0
quadratic,20260840,82,19114,2.911,True,True,32,2.9325654395521902e-08,4.6629367034256575e-15,1.3032891526086299,1.2570098105744783e-13,5.88380772262045e-16,1.2511260028518578e-13,,4.286382815608803e-14,2.0063687729740557e-16,4.2663191278790624e-14,2.6010939434075094e-15,4.213887268636474e-15,8.881784197001252e-16,8.673617379884035e-19,2.220446049250313e-16,8.881784197001252e-16,5.609269662510908e-16,0.0
quadratic,20260840,83,282,2.93,True,True,32,2.9325654395521902e-08,3.3306690738754696e-15,1.6727242650741594,1.274021329230479e-13,5.256550300030196e-16,1.2687647789304488e-13,,4.344391814918971e-14,1.7924750217450848e-16,4.32646706470152e-14,2.886579864025407e-15,5.881634155407989e-15,8.881784197001252e-16,0.0,2.220446049250313e-16,2.220446049250313e-16,2.1067803586339255e-16,0.0
quadratic,20260840,84,4634,3.0,True,True,32,2.9325654395521902e-08,3.3306690738754696e-15,-0.09777122012500494,1.0351800848396571e-13,2.58265218074028e-16,1.0325974326589169e-13,,3.529947093005814e-14,8.806801532567529e-17,3.521140291473247e-14,2.886579864025407e-15,4.620652818698723e-15,4.440892098500626e-16,1.1102230246251565e-16,0.0,2.220446049250313e-16,1.4380031557049647e-16,0.0
quadratic,20260840,85,9293,3.109,True,True,32,2.9325654395521902e-08,2.4424906541753444e-15,1.18099111684111,1.624656365953986e-13,4.0861075890246976e-16,1.6205702583649613e-13,,5.540051533179342e-14,1.3933559790054187e-16,5.5261179733892874e-14,2.950021179718273e-15,9.551604299162797e-15,8.881784197001252e-16,3.469446951953614e-18,4.440892098500626e-16,4.440892098500626e-16,4.425031769577407e-16,0.0
quadratic,20260840,86,1661,3.204,True,True,32,2.9325654395521902e-08,3.9968028886505635e-15,1.4849055458933391,1.4527718204987795e-13,3.811155208799239e-16,1.4489606652899801e-13,,4.9539280552955756e-14,1.299597668784234e-16,4.940932078607733e-14,3.3861802251067274e-15,5.576810714613689e-15,1.5543122344752192e-15,2.7755575615628914e-17,1.3322676295501878e-15,8.881784197001252e-16,1.4390605109665113e-15,0.0
quadratic,20260840,87,17862,3.205,True,True,32,2.9325654395521902e-08,1.7763568394002505e-15,1.0600392396370928,9.713072992757986e-14,2.7735827647487126e-16,9.6853371651105e-14,,3.312141942940307e-14,9.457871689206858e-17,3.3026840712511e-14,2.0816681711721685e-15,4.816459731049605e-15,1.1102230246251565e-15,1.3877787807814457e-17,1.1102230246251565e-15,4.440892098500626e-16,1.0602629885170252e-15,0.0
quadratic,20260840,88,18118,3.401,True,True,32,2.9325654395521902e-08,2.886579864025407e-15,1.8339207915800395,1.214790059632838e-13,5.686584893860974e-16,1.209103474738977e-13,,4.14241415809067e-14,1.9391161121810567e-16,4.1230229969688595e-14,3.2751579226442118e-15,6.602357549567728e-15,4.440892098500626e-16,1.3877787807814457e-17,6.661338147750939e-16,6.661338147750939e-16,6.703632358212846e-16,0.0
quadratic,20260840,89,11610,3.591,True,True,32,2.9325654395521902e-08,2.220446049250313e-15,1.5353221077005894,1.1039870551297441e-13,4.1655667010991546e-16,1.099821488428645e-13,,3.764577731974928e-14,1.4204514057613822e-16,3.750373217917314e-14,2.0724163126336257e-15,5.801348984535437e-15,2.220446049250313e-16,4.440892098500626e-16,0.0,6.661338147750939e-16,1.0599986497016486e-16,0.0
quadratic,20260840,90,1571,3.866,True,True,32,2.9325654395521902e-08,3.1086244689504383e-15,1.4216825379326117,1.1032217361769398e-13,3.1737501701612727e-16,1.1000479860067785e-13,,3.7619680069113974e-14,1.0822435971440461e-16,3.751145570939957e-14,2.220446049250313e-15,3.3107197539017363e-15,8.673617379884035e-18,6.938893903907228e-18,0.0,4.440892098500626e-16,1.9666807864788467e-16,0.0
quadratic,20260840,91,18148,4.473,True,True,32,2.9325654395521902e-08,3.774758283725532e-15,2.2087632773159402,1.2241821881181636e-13,3.497863374607712e-16,1.2206843247435558e-13,,4.174441162019215e-14,1.1927656677089683e-16,4.162513505342126e-14,2.146431180941969e-15,5.569546560058036e-15,4.440892098500626e-16,3.469446951953614e-18,0.0,4.440892098500626e-16,2.9817418375647005e-16,0.0
quadratic,20260840,92,9313,4.878,True,True,32,2.9325654395521902e-08,3.552713678800501e-15,1.6955814059516066,1.2878665871009682e-13,4.667490352550104e-16,1.2831990967484182e-13,,4.3916039169363896e-14,1.5916065468134419e-16,4.375687851468255e-14,2.4424906541753444e-15,4.439807896328141e-15,8.881784197001252e-16,8.326672684688674e-17,4.440892098500626e-16,2.220446049250313e-16,1.0322430740860074e-15,2.220446049250313e-16
quadratic,20260840,93,6702,4.932,True,True,32,2.9325654395521902e-08,2.4424906541753444e-15,0.7834036894488283,8.350233985478535e-14,2.4110462097395234e-16,8.326123523381141e-14,,2.847416079060673e-14,8.221627988999612e-17,2.8391944510716732e-14,1.9032394707859826e-15,2.5872316442021592e-15,4.440892098500626e-16,5.551115123125783e-17,2.220446049250313e-16,2.220446049250313e-16,1.168377564010289e-16,0.0
quadratic,20260840,94,9850,5.0,True,True,32,2.9325654395521902e-08,4.440892098500626e-15,-0.39632648241433044,1.0554971042358875e-13,2.0808008094341752e-16,1.0534163034264534e-13,,3.599227795568185e-14,7.095496596154112e-17,3.592132298972031e-14,3.711316968032666e-15,2.8345381597461028e-15,2.220446049250313e-16,1.3877787807814457e-17,1.1102230246251565e-16,0.0,1.2503225967802363e-16,0.0
quadratic,20260840,95,10805,5.00001,True,True,32,2.9325654395521902e-08,1.9984014443252818e-15,0.4072051520476727,7.535637127525654e-14,1.8332309876483465e-16,7.51730481764917e-14,,2.569639887959794e-14,6.251287568635758e-17,2.5633886003911584e-14,1.8596235662471372e-15,3.5427390188136343e-15,1.1102230246251565e-16,5.551115123125783e-17,0.0,2.220446049250313e-16,1.9164564115553308e-16,0.0
quadratic,20260840,96,14807,5.00001,True,True,32,2.9325654395521902e-08,4.884981308350689e-15,1.6474287652755193,1.012279649158298e-13,3.2460393500117473e-16,1.0090336098082862e-13,,3.451856983327457e-14,1.1068940887837188e-16,3.44078804243962e-14,2.1094237467877974e-15,6.191661766630219e-15,4.440892098500626e-16,2.6020852139652106e-18,2.220446049250313e-16,2.220446049250313e-16,3.753611178494577e-16,0.0
quadratic,20260840,97,15672,5.00001,True,True,32,2.9325654395521902e-08,2.886579864025407e-15,3.0021360915021242,1.5826312931927923e-13,4.458848551623974e-16,1.5781724446411683e-13,,5.3967467250601714e-14,1.5204600352600662e-16,5.3815421247075706e-14,2.6645352591003757e-15,6.7437375128598376e-15,4.440892098500626e-16,1.734723475976807e-18,4.440892098500626e-16,0.0,4.2188474935756016e-16,4.440892098500626e-16
quadratic,20260840,98,15698,5.00001,True,True,32,2.9325654395521902e-08,4.6629367034256575e-15,4.695959112162065,2.34832481461492e-13,1.0529967688143761e-15,2.3377948469267764e-13,,8.007749061427645e-14,3.590701692833055e-16,7.971842044499315e-14,4.218847493575595e-15,1.1948992142962744e-14,4.440892098500626e-16,5.551115123125783e-17,8.881784197001252e-16,0.0,4.958996176659046e-16,0.0
quadratic,20260840,99,17110,5.00001,True,True,32,2.9325654395521902e-08,8.215650382226158e-15,4.4907124640077285,1.6711344609708435e-13,1.1466739016641193e-15,1.6596677219542023e-13,,5.698541074077548e-14,3.9101391777951906e-16,5.6594396822995963e-14,4.6074255521944e-15,3.97240833976964e-15,8.881784197001252e-16,5.551115123125783e-17,1.7763568394002505e-15,0.0,7.940738014223743e-16,0.0
quadratic,20260841,0,18834,0.557,True,True,32,2.96147055026555e-08,2.220446049250313e-15,-0.5695320565706945,1.0779542148117846e-13,5.246650501621907e-16,1.0727075643101627e-13,,3.6399288681601997e-14,1.7716368988209081e-16,3.62221249917199e-14,2.220446049250313e-15,3.507610868425104e-15,8.881784197001252e-16,1.1102230246251565e-16,0.0,2.220446049250313e-16,3.256654205567118e-16,0.0
quadratic,20260841,1,12797,0.598,True,True,32,2.96147055026555e-08,2.7755575615628914e-15,-0.8170004316183721,1.1034276506931153e-13,4.352681926033952e-16,1.0990749687670813e-13,,3.725945039683656e-14,1.4697704576679498e-16,3.711247335106977e-14,2.157004733557447e-15,4.515918888836623e-15,4.440892098500626e-16,1.214306433183765e-17,6.661338147750939e-16,7.771561172376096e-16,3.2645843700287265e-16,0.0
quadratic,20260841,2,19817,0.656,True,True,32,2.96147055026555e-08,1.4432899320127035e-15,-0.8061103753731313,4.766940397310251e-14,1.6596966856408104e-16,4.7503434304538433e-14,,1.6096531491366033e-14,5.604299139466331e-17,1.6040488499971368e-14,7.771561172376096e-16,1.339206523454095e-15,2.220446049250313e-16,3.469446951953614e-18,2.220446049250313e-16,2.220446049250313e-16,1.0414949326245528e-16,0.0
quadratic,20260841,3,2319,0.682,True,True,32,2.96147055026555e-08,1.3322676295501878e-15,-0.8015163657289175,5.631375034669149e-14,1.7959034557099178e-16,5.6134160001120497e-14,,1.9015468629813637e-14,6.064228650016062e-17,1.8954826343313474e-14,7.494005416219807e-16,2.8815925340319737e-15,1.1102230246251565e-16,2.168404344971009e-19,1.1102230246251565e-16,2.220446049250313e-16,1.3454845703195366e-16,0.0
quadratic,20260841,4,2961,0.699,True,True,32,2.96147055026555e-08,2.55351295663786e-15,-0.5261381441981245,5.500963028347096e-14,1.0959322074182983e-16,5.4900037062729125e-14,,1.857510630269085e-14,3.700635170321136e-17,1.853809995098764e-14,1.9508204575556324e-15,3.775625645463521e-15,1.1102230246251565e-16,2.7755575615628914e-17,0.0,0.0,3.7007434154171926e-17,0.0
quadratic,20260841,5,9528,0.7,True,True,32,2.96147055026555e-08,4.6629367034256575e-15,-0.382586665347574,1.426575375686388e-13,5.112477901343077e-16,1.421462897785045e-13,,4.8171182237772705e-14,1.7263308260433824e-16,4.7998549155168366e-14,5.745404152435185e-15,1.0325941490751944e-14,4.440892098500626e-16,1.3877787807814457e-17,5.551115123125783e-16,2.7755575615628914e-16,6.759143509444116e-16,2.220446049250313e-16
quadratic,20260841,6,2903,0.725,True,True,32,2.96147055026555e-08,1.5543122344752192e-15,-0.33972758744568,6.900235178215687e-14,1.0220825508695735e-16,6.890014352706991e-14,,2.3300029701787698e-14,3.4512669753812855e-17,2.3265517032033885e-14,9.674800643162078e-16,2.3800406090401793e-15,4.440892098500626e-16,1.1102230246251565e-16,3.3306690738754696e-16,0.0,1.9138130234014673e-16,0.0
quadratic,20260841,7,2561,0.741,True,True,32,2.96147055026555e-08,4.551914400963142e-15,-0.834884719980659,1.8650769586144497e-13,9.973255686909898e-16,1.8551037029275399e-13,,6.297806873167155e-14,3.3676700536548014e-16,6.264130172630608e-14,3.4416913763379853e-15,6.5780714209040525e-15,1.7763568394002505e-15,4.440892098500626e-16,1.6653345369377348e-15,1.5543122344752192e-15,2.3206304602819633e-15,0.0
quadratic,20260841,8,9579,0.797,True,True,32,2.96147055026555e-08,1.3322676295501878e-15,-0.9807333727082179,9.864887924395026e-14,2.8991772606961877e-16,9.835896151788063e-14,,3.331077502530106e-14,9.789654198777102e-17,3.321287848331328e-14,1.1379786002407855e-15,3.685420024712727e-15,1.1102230246251565e-15,8.673617379884035e-18,1.2212453270876722e-15,6.661338147750939e-16,1.0840534819018495e-15,0.0
quadratic,20260841,9,12279,0.819,True,True,32,2.96147055026555e-08,2.6645352591003757e-15,-1.146868800173303,1.0395066504005028e-13,3.336167527750214e-16,1.0361704828727525e-13,,3.510102946346342e-14,1.1265239586633965e-16,3.4988377067597074e-14,1.7129155237073844e-15,6.303551430830723e-15,2.220446049250313e-16,2.220446049250313e-16,6.661338147750939e-16,0.0,3.661092593109156e-16,0.0
quadratic,20260841,10,5210,0.904,True,True,32,2.96147055026555e-08,2.220446049250313e-15,-0.6520332929775852,7.86484964456134e-14,2.611750101902798e-16,7.838732143542313e-14,,2.6557244149721878e-14,8.819098679433456e-17,2.6469053162927545e-14,1.1736643403180226e-15,1.6020171300645814e-15,6.661338147750939e-16,1.1102230246251565e-16,8.881784197001252e-16,4.440892098500626e-16,5.593409333587696e-16,0.0
quadratic,20260841,11,7482,0.932,True,True,32,2.96147055026555e-08,1.5543122344752192e-15,-0.41914250124105656,1.0443773041062159e-13,1.8810656002833415e-16,1.0424962385059326e-13,,3.5265496866499934e-14,6.351795732409595e-17,3.520197890917584e-14,1.5265566588595902e-15,4.083539062449404e-15,4.440892098500626e-16,2.220446049250313e-16,4.996003610813204e-16,1.1102230246251565e-16,3.883137198034181e-16,0.0
quadratic,20260841,12,13055,0.961,True,True,32,2.96147055026555e-08,1.887379141862766e-15,-0.6910014979207215,8.492098406441384e-14,2.192400062338485e-16,8.470174405817999e-14,,2.8675275550789837e-14,7.403079061994712e-17,2.8601244760169885e-14,1.2434497875801752e-15,3.596515446568915e-15,5.551115123125783e-16,1.3877787807814457e-17,3.3306690738754696e-16,2.220446049250313e-16,3.3174521331061255e-16,0.0
quadratic,20260841,13,12827,0.962,True,True,32,2.96147055026555e-08,2.886579864025407e-15,-0.22113783847638846,8.99159363863348e-14,1.7674018457422747e-16,8.973919620176058e-14,,3.0361921504933486e-14,5.967987240608538e-17,3.03022416325274e-14,1.3600232051658168e-15,2.9112454634494522e-15,4.440892098500626e-16,5.421010862427522e-19,5.551115123125783e-17,1.6653345369377348e-16,2.7834877260245065e-16,0.0
quadratic,20260841,14,2997,1.002,True,True,32,2.96147055026555e-08,1.5543122344752192e-15,-0.5185032526305282,4.9670031645888625e-14,9.418102871657409e-17,4.957585061717205e-14,,1.6772083599289818e-14,3.180211557671206e-17,1.6740281483713105e-14,8.247371040072592e-16,2.0595504468534642e-15,1.1102230246251565e-16,3.469446951953614e-18,3.3306690738754696e-16,0.0,2.5746600618688146e-16,0.0
quadratic,20260841,15,5030,1.01,True,True,32,2.96147055026555e-08,4.6629367034256575e-15,-0.22336306325895938,8.108464503336645e-14,1.8375677963382893e-16,8.090088825373262e-14,,2.7379858640193378e-14,6.204916662681375e-17,2.7317809473566565e-14,2.0777030889413645e-15,2.373101715136272e-15,8.881784197001252e-16,3.469446951953614e-18,2.220446049250313e-16,1.1102230246251565e-16,3.639945487878192e-16,0.0
quadratic,20260841,16,9116,1.026,True,True,32,2.96147055026555e-08,1.3322676295501878e-15,-0.6576263343629452,7.10912314466363e-14,2.570860191397629e-16,7.083414542749654e-14,,2.4005381866877477e-14,8.681025685590911e-17,2.391857161002157e-14,1.490870918782353e-15,2.131975151975496e-15,2.7755575615628914e-16,3.122502256758253e-17,0.0,3.3306690738754696e-16,1.9455336812478948e-16,0.0
quadratic,20260841,17,20015,1.034,True,True,32,2.96147055026555e-08,1.5543122344752192e-15,-0.7973545456341342,6.285469313512709e-14,1.9880060106381397e-16,6.265589253406328e-14,,2.122414930970393e-14,6.712901502464304e-17,2.115702029467929e-14,1.0658141036401502e-15,3.820077934535426e-15,1.1102230246251565e-16,3.469446951953614e-18,0.0,0.0,9.331160183159119e-17,0.0
quadratic,20260841,18,1857,1.059,True,True,32,2.96147055026555e-08,9.769962616701378e-15,-0.7752362775231936,1.9395150684737267e-13,3.727879446934252e-16,1.9357871890267923e-13,,6.549162098876228e-14,1.2587933540652565e-16,6.536574165335575e-14,7.930164461608261e-15,1.2382456171522449e-14,1.7763568394002505e-15,1.1102230246251565e-15,2.220446049250313e-16,1.1102230246251565e-16,5.342287458970095e-16,1.3322676295501878e-15
quadratic,20260841,19,19048,1.075,True,True,32,2.96147055026555e-08,2.4424906541753444e-15,-0.29920046641036535,8.414698439528675e-14,5.688044694643215e-16,8.357817992582243e-14,,2.8413919019975208e-14,1.9206825116438108e-16,2.8221850768810828e-14,1.6283271027835629e-15,3.5351496036062358e-15,2.220446049250313e-16,2.7755575615628914e-17,4.440892098500626e-16,4.440892098500626e-16,2.3129646346357434e-16,0.0
quadratic,20260841,20,9519,1.089,True,True,32,2.96147055026555e-08,3.3306690738754696e-15,-0.6547300923849901,1.8856127932419912e-13,3.2548730162837603e-16,1.8823579202257075e-13,,6.367150242547276e-14,1.0990732344077849e-16,6.3561595102032e-14,3.293661639721298e-15,9.593020822151743e-15,1.5543122344752192e-15,2.7755575615628914e-17,2.220446049250313e-16,2.220446049250313e-16,3.8699202572648196e-16,0.0
quadratic,20260841,21,2993,1.098,True,True,32,2.96147055026555e-08,3.608224830031759e-16,0.004214777985870333,3.5585792641823225e-14,5.375577628532908e-17,3.5532036865537895e-14,,1.2016257476756711e-14,1.815171732182476e-17,1.1998105759434886e-14,2.609024107869118e-16,1.1925139695168063e-15,1.1102230246251565e-16,4.336808689942018e-19,8.326672684688674e-17,2.7755575615628914e-17,9.066821367772117e-17,0.0
quadratic,20260841,22,11936,1.16,True,True,32,2.96147055026555e-08,1.5543122344752192e-15,-0.3771882294645432,9.150965369062565e-14,2.85799822961169e-16,9.122385386766448e-14,,3.090007215584843e-14,9.650604931240725e-17,3.0803566106536025e-14,1.5067312477055696e-15,2.7582103268031233e-15,2.220446049250313e-16,1.1102230246251565e-16,1.6653345369377348e-16,1.1102230246251565e-16,2.0089749969407651e-16,0.0
quadratic,20260841,23,9470,1.162,True,True,32,2.96147055026555e-08,3.9968028886505635e-15,-0.016445177329204252,1.5499352354433165e-13,6.202434089643977e-16,1.5437328013536726e-13,,5.233667561895345e-14,2.0943764202172516e-16,5.2127237976931725e-14,3.9968028886505635e-15,4.718447854656915e-15,1.7763568394002505e-15,4.163336342344337e-17,1.6653345369377348e-16,8.881784197001252e-16,1.160183060733287e-15,0.0
quadratic,20260841,24,16444,1.167,True,True,32,2.96147055026555e-08,1.9984014443252818e-15,-0.5744917172041135,9.476824603664777e-14,3.898945898282517e-16,9.437835144681952e-14,,3.2000401296629497e-14,1.3165573765144838e-16,3.186874555897805e-14,1.6177535501680852e-15,3.588926031361517e-15,6.661338147750939e-16,3.469446951953614e-18,1.1102230246251565e-16,3.3306690738754696e-16,3.3888236132606006e-16,0.0
quadratic,20260841,25,12155,1.172,True,True,32,2.96147055026555e-08,3.3306690738754696e-15,-0.34439584964570047,1.0700141169931295e-13,4.2898472472709343e-16,1.0657242697458586e-13,,3.6131175334402135e-14,1.448553066612893e-16,3.598632002774085e-14,2.4107699963289115e-15,4.690692279041286e-15,6.661338147750939e-16,2.220446049250313e-16,6.661338147750939e-16,2.220446049250313e-16,5.474456866663561e-16,0.0
quadratic,20260841,26,13083,1.18,True,True,32,2.96147055026555e-08,3.552713678800501e-15,-0.7300748803050414,8.98030634540212e-14,3.6700372610321514e-16,8.943605972791798e-14,,3.032380769275883e-14,1.2392617784779477e-16,3.0199881514911036e-14,1.5860328923216523e-15,2.9108659926890823e-15,4.440892098500626e-16,2.0816681711721685e-17,4.440892098500626e-16,1.1102230246251565e-16,2.817851772024807e-16,0.0
quadratic,20260841,27,12928,1.216,True,True,32,2.96147055026555e-08,2.55351295663786e-15,-0.590826880406484,8.465281995143335e-14,3.062582016692224e-16,8.434656174976413e-14,,2.8584724553091596e-14,1.0341423170382726e-16,2.8481310321387776e-14,1.942890293094024e-15,2.770570231569458e-15,8.881784197001252e-16,1.3010426069826053e-17,4.440892098500626e-16,0.0,8.115201632379122e-16,0.0
quadratic,20260841,28,15342,1.256,True,True,32,2.96147055026555e-08,2.220446049250313e-15,0.42704095410419507,8.607356635163126e-14,4.922658624561433e-16,8.558130048917511e-14,,2.906446810484514e-14,1.662234535514806e-16,2.889824465129366e-14,1.7763568394002505e-15,3.6788877066235015e-15,5.551115123125783e-17,5.551115123125783e-17,2.220446049250313e-16,7.771561172376096e-16,2.278600588635441e-16,0.0
quadratic,20260841,29,13936,1.286,True,True,32,2.96147055026555e-08,1.5543122344752192e-15,0.31064152334821316,8.971122249499358e-14,2.404760418572846e-16,8.94707464531363e-14,,3.029279574870307e-14,8.120156448482039e-17,3.0211594184218246e-14,2.1728650624806637e-15,2.207435623180487e-15,4.440892098500626e-16,2.220446049250313e-16,4.440892098500626e-16,4.440892098500626e-16,2.495358417252735e-16,0.0
quadratic,20260841,30,243,1.375,True,True,32,2.96147055026555e-08,3.9968028886505635e-15,0.6024110908944764,1.0840089160296926e-13,3.501085003920239e-16,1.0805078310257723e-13,,3.6603737826550104e-14,1.1822116561673398e-16,3.648551666093337e-14,3.164135620181696e-15,4.281731219579754e-15,2.220446049250313e-16,3.469446951953614e-18,1.1102230246251565e-16,1.1102230246251565e-16,5.709718412357967e-17,0.0
quadratic,20260841,31,12361,1.375,True,True,32,2.96147055026555e-08,2.6645352591003757e-15,-0.5186410143889693,1.1754973647909715e-13,3.5031501509154494e-16,1.171994214640056e-13,,3.969302901511436e-14,1.18290899452008e-16,3.957473811566235e-14,1.9984014443252818e-15,4.4543362054394464e-15,4.440892098500626e-16,2.220446049250313e-16,1.1102230246251565e-16,2.220446049250313e-16,2.1992989440193568e-16,4.440892098500626e-16
quadratic,20260841,32,6134,1.385,True,True,32,2.96147055026555e-08,1.4988010832439613e-15,-0.30836590436101163,6.883128533080859e-14,1.6119711385814964e-16,6.867008821695044e-14,,2.3242265679338467e-14,5.443144246148096e-17,2.3187834236876984e-14,1.2846866427805383e-15,4.249205154405189e-15,4.440892098500626e-16,4.440892098500626e-16,4.440892098500626e-16,0.0,4.731664795426263e-16,0.0
quadratic,20260841,33,1951,1.426,True,True,32,2.96147055026555e-08,1.9984014443252818e-15,-0.7277655951411823,8.1210315423466e-14,2.379483019351467e-16,8.097236712153085e-14,,2.7422293770972672e-14,8.034802234106643e-17,2.7341945748631606e-14,1.9349601286324155e-15,2.192690473634684e-15,1.1102230246251565e-16,1.3877787807814457e-17,1.1102230246251565e-16,4.440892098500626e-16,1.7525663460154246e-16,0.0
quadratic,20260841,34,10023,1.444,True,True,32,2.96147055026555e-08,1.2212453270876722e-15,-0.656086158981241,7.399253993903156e-14,2.8820365406359426e-16,7.370433628496797e-14,,2.4985066939935223e-14,9.731775115499681e-17,2.4887749188780227e-14,1.0309213800090738e-15,2.3466471821276258e-15,4.440892098500626e-16,8.673617379884035e-19,0.0,4.440892098500626e-16,4.866477591273604e-16,0.0
quadratic,20260841,35,9457,1.458,True,True,32,2.96147055026555e-08,3.774758283725532e-15,-0.8267442326499765,1.6211857780083177e-13,6.34218516824362e-16,1.614843592840074e-13,,5.474259326546228e-14,2.1415661782201167e-16,5.452843664764027e-14,3.635980405647388e-15,5.567594996147562e-15,6.661338147750939e-16,3.469446951953614e-18,1.9984014443252818e-15,8.881784197001252e-16,1.235783961933953e-15,1.3322676295501878e-15
quadratic,20260841,36,2358,1.487,True,True,32,2.96147055026555e-08,1.1657341758564144e-15,-0.18497880956974844,7.463697422175448e-14,2.3737315849698107e-16,7.43996010632575e-14,,2.520267311625365e-14,8.015381360982849e-17,2.5122519302643822e-14,8.604228440844963e-16,4.036051007294539e-15,8.326672684688674e-17,1.3877787807814457e-17,0.0,2.498001805406602e-16,8.326672684688664e-17,0.0
quadratic,20260841,37,15340,1.516,True,True,32,2.96147055026555e-08,2.220446049250313e-15,-0.37689153909852635,1.1810426975025105e-13,4.553731730318934e-16,1.1764889657721915e-13,,3.988027830959212e-14,1.537658961326024e-16,3.9726512413459515e-14,2.5693732855610765e-15,4.976054290839471e-15,4.440892098500626e-16,2.7755575615628914e-17,2.220446049250313e-16,3.3306690738754696e-16,4.0443838754202027e-16,0.0
quadratic,20260841,38,7011,1.556,True,True,32,2.96147055026555e-08,3.219646771412954e-15,-0.26487451359359415,9.413570700061726e-14,2.1684869508508225e-16,9.391885830553217e-14,,3.178681178922285e-14,7.322331639112123e-17,3.171358847283173e-14,2.125284075711014e-15,3.7452679846339265e-15,1.1102230246251565e-16,2.220446049250313e-16,1.1102230246251565e-16,0.0,2.651318318331026e-16,0.0
quadratic,20260841,39,4943,1.563,True,True,32,2.96147055026555e-08,1.4432899320127035e-15,0.3592882983380692,8.769347062332317e-14,2.478713332471337e-16,8.744559929007604e-14,,2.9611461311158354e-14,8.36987331259828e-17,2.9527762578032376e-14,1.45915026093592e-15,2.456368441983159e-15,4.440892098500626e-16,2.220446049250313e-16,2.7755575615628914e-16,0.0,2.9103703574102343e-16,0.0
quadratic,20260841,40,10139,1.595,True,True,32,2.96147055026555e-08,1.5543122344752192e-15,0.2191364289579163,6.821569392359428e-14,2.501739721467935e-16,6.796551995144749e-14,,2.3034398879123583e-14,8.447626538928805e-17,2.2949922613734296e-14,1.0732155904709846e-15,2.0964133207179714e-15,4.440892098500626e-16,5.898059818321144e-17,3.885780586188048e-16,5.551115123125783e-17,2.71475963402389e-16,0.0
quadratic,20260841,41,13689,1.6,True,True,32,2.96147055026555e-08,1.3322676295501878e-15,-0.4609214767305585,6.531461053222152e-14,3.5367707439974745e-16,6.496093345782177e-14,,2.2054789815946297e-14,1.194261662902688e-16,2.1935363649656028e-14,8.881784197001252e-16,2.518818487118324e-15,3.3306690738754696e-16,4.440892098500626e-16,3.885780586188048e-16,4.440892098500626e-16,2.1913687795577505e-16,0.0
quadratic,20260841,42,12306,1.611,True,True,32,2.96147055026555e-08,2.7755575615628914e-15,-0.12579172126026528,1.179592923008933e-13,1.6621438848301386e-16,1.1779307791241027e-13,,3.9831323762553064e-14,5.612562598946314e-17,3.97751981365636e-14,2.3592239273284576e-15,7.572935334376751e-15,2.220446049250313e-16,6.591949208711867e-17,1.3877787807814457e-16,1.1102230246251565e-16,3.476055422338288e-16,6.661338147750939e-16
quadratic,20260841,43,14526,1.634,True,True,32,2.96147055026555e-08,6.439293542825908e-15,0.2662765033413268,1.340630349375678e-13,3.4668345410046685e-16,1.3371635148346734e-13,,4.52690758398886e-14,1.1706462995871438e-16,4.515201120992989e-14,6.022959908591474e-15,5.117434254131581e-15,2.220446049250313e-16,2.220446049250313e-16,0.0,1.1102230246251565e-16,1.3401977940117968e-16,0.0
quadratic,20260841,44,17733,1.645,True,True,32,2.96147055026555e-08,2.220446049250313e-15,0.7002675960064799,7.320714491785656e-14,4.0465780941026204e-16,7.28024871084463e-14,,2.4719862539673813e-14,1.3664083520059893e-16,2.4583221704473215e-14,1.1419436824715895e-15,4.2418325796322875e-15,2.220446049250313e-16,1.3877787807814457e-17,4.440892098500626e-16,4.440892098500626e-16,3.579147560339204e-16,0.0
quadratic,20260841,45,6168,1.655,True,True,32,2.96147055026555e-08,2.220446049250313e-15,0.24331619340448674,7.708321415029962e-14,1.8560405362104492e-16,7.689761009667858e-14,,2.6028695150585815e-14,6.267293578333985e-17,2.5966022214802478e-14,1.5543122344752192e-15,3.4226094181022404e-15,2.220446049250313e-16,6.938893903907228e-18,3.885780586188048e-16,2.7755575615628914e-17,2.7887745023322394e-16,0.0
quadratic,20260841,46,14636,1.663,True,True,32,2.96147055026555e-08,4.3298697960381105e-15,0.4440384869480667,9.766102753709979e-14,3.5162328571301147e-16,9.730940425138678e-14,,3.297720705962877e-14,1.1873266329846908e-16,3.28584743963303e-14,2.1649348980190553e-15,3.084338340286763e-15,4.440892098500626e-16,2.220446049250313e-16,4.440892098500626e-16,7.216449660063518e-16,2.3949096674056903e-16,0.0
quadratic,20260841,47,13286,1.664,True,True,32,2.96147055026555e-08,1.3322676295501878e-15,0.24495924443418104,7.727897149912262e-14,2.2074562746504388e-16,7.705822587165757e-14,,2.6094796550380403e-14,7.45391938627416e-17,2.602025735651766e-14,1.6653345369377348e-15,2.7395620494363726e-15,4.440892098500626e-16,2.7755575615628914e-17,3.885780586188048e-16,0.0,4.171266506805948e-16,0.0
quadratic,20260841,48,14542,1.683,True,True,32,2.96147055026555e-08,2.6645352591003757e-15,0.5332829265718697,9.593172610455891e-14,3.7059475858451197e-16,9.55611313459744e-14,,3.239327370517221e-14,1.2513876207591577e-16,3.2268134943096294e-14,1.7763568394002505e-15,5.167307554065914e-15,4.440892098500626e-16,2.220446049250313e-16,0.0,2.220446049250313e-16,1.5199481884749152e-16,0.0
quadratic,20260841,49,14720,1.772,True,True,32,2.96147055026555e-08,2.6645352591003757e-15,0.37376810271062677,9.900283717834136e-14,4.534484560323568e-16,9.8549388722309e-14,,3.34302960296073e-14,1.531159767878485e-16,3.327718005281945e-14,1.7319479184152442e-15,3.681950577760773e-15,8.881784197001252e-16,8.673617379884035e-19,9.43689570931383e-16,7.771561172376096e-16,6.17495472743896e-16,0.0
quadratic,20260841,50,7158,1.819,True,True,32,2.96147055026555e-08,1.887379141862766e-15,-0.8055503431503683,9.331085424837826e-14,2.2985499086091696e-16,9.308099925751735e-14,,3.150828369372481e-14,7.761515333667804e-17,3.1430668540388133e-14,2.1094237467877974e-15,2.598615767013257e-15,2.220446049250313e-16,2.7755575615628914e-17,0.0,2.220446049250313e-16,2.659248482792643e-16,0.0
quadratic,20260841,51,730,1.828,True,True,32,2.96147055026555e-08,2.886579864025407e-15,0.8567978295194458,1.0296241630869e-13,1.2106304715322908e-16,1.0284135326153677e-13,,3.476732743449282e-14,4.0879368914329933e-17,3.472644806557849e-14,2.1834386150961413e-15,3.2508717939805365e-15,4.440892098500626e-16,5.551115123125783e-17,0.0,1.1102230246251565e-16,4.789819334811389e-16,0.0
quadratic,20260841,52,738,1.869,True,True,32,2.96147055026555e-08,3.9968028886505635e-15,1.0567228360581136,9.832765014635432e-14,2.076914460932565e-16,9.811995870026107e-14,,3.320230556995998e-14,7.013118738413023e-17,3.3132174382575855e-14,2.1316282072803005e-15,4.681341035303599e-15,6.938893903907228e-18,2.7755575615628914e-17,0.0,0.0,9.833403932394238e-17,0.0
quadratic,20260841,53,3461,1.894,True,True,32,2.96147055026555e-08,1.2212453270876722e-15,0.41884507654164116,6.091970409443673e-14,1.9478569716175063e-16,6.072491839727499e-14,,2.057076140398363e-14,6.577330209962228e-17,2.0504988101884007e-14,1.1102230246251565e-15,2.3134705956495694e-15,2.220446049250313e-16,6.938893903907228e-18,3.3306690738754696e-16,5.551115123125783e-17,2.743836903716457e-16,0.0
quadratic,20260841,54,15343,1.898,True,True,32,2.96147055026555e-08,2.4424906541753444e-15,0.14179101161369911,1.0127734877592628e-13,4.893778834550285e-16,1.0078797089247125e-13,,3.419833054454819e-14,1.6524826944882058e-16,3.4033082275099364e-14,2.5693732855610765e-15,4.73752981289266e-15,2.220446049250313e-16,2.220446049250313e-16,7.771561172376096e-16,5.828670879282072e-16,5.902685747590419e-16,0.0
quadratic,20260841,55,8280,1.986,True,True,32,2.96147055026555e-08,1.7763568394002505e-15,0.4338948957520872,6.414217288921865e-14,3.762821734093214e-16,6.376589071580933e-14,,2.165889270229857e-14,1.270592318993619e-16,2.1531833470399208e-14,1.1102230246251565e-15,2.8900493109773606e-15,4.440892098500626e-16,2.7755575615628914e-17,7.771561172376096e-16,3.3306690738754696e-16,4.2347078224988126e-16,0.0
quadratic,20260841,56,15471,1.99,True,True,32,2.96147055026555e-08,3.552713678800501e-15,-0.18662385344948906,1.1841162970784224e-13,5.363558473020766e-16,1.1787527386054017e-13,,3.9984064571307145e-14,1.811113222969523e-16,3.9802953249010196e-14,3.1086244689504383e-15,4.969982758673552e-15,4.440892098500626e-16,5.898059818321144e-17,2.220446049250313e-16,2.220446049250313e-16,1.9270299641708085e-16,0.0
quadratic,20260841,57,11110,2.013,True,True,32,2.96147055026555e-08,1.7763568394002505e-15,0.20443579153335723,9.457160170719034e-14,2.321473040256015e-16,9.433945440316474e-14,,3.193400039001241e-14,7.838919890821986e-17,3.185561119110419e-14,3.1086244689504383e-15,2.896988204881268e-15,2.220446049250313e-16,1.1102230246251565e-16,5.551115123125783e-17,5.551115123125783e-17,1.5701725633984345e-16,0.0
quadratic,20260841,58,14292,2.032,True,True,32,2.96147055026555e-08,2.6645352591003757e-15,0.3215497017763309,1.293678168888865e-13,3.314932653771964e-16,1.290363236235093e-13,,4.368364118200882e-14,1.119353577051347e-16,4.357170582430369e-14,2.7755575615628914e-15,8.791578576250458e-15,6.661338147750939e-16,5.551115123125783e-17,1.4432899320127035e-15,2.220446049250313e-16,8.358393342535105e-16,0.0
quadratic,20260841,59,1456,2.041,True,True,32,2.96147055026555e-08,2.886579864025407e-15,0.06037211876987403,1.1051994438803353e-13,1.5564267513907846e-16,1.1036430171289444e-13,,3.7319278551705806e-14,5.255587469040415e-17,3.7266722677015403e-14,2.458350983098561e-15,4.1313388257288586e-15,4.440892098500626e-16,6.938893903907228e-18,1.6653345369377348e-16,5.551115123125783e-17,3.351816179106423e-16,0.0
quadratic,20260841,60,15570,2.109,True,True,32,2.96147055026555e-08,3.3306690738754696e-15,0.5856141185575665,8.737825562099236e-14,5.183395049158601e-16,8.68599161160765e-14,,2.9505022635851404e-14,1.750277425076476e-16,2.9329994893343753e-14,2.5693732855610765e-15,4.7123763224909965e-15,2.220446049250313e-16,2.220446049250313e-16,3.3306690738754696e-16,3.3306690738754696e-16,3.2196467714129563e-16,0.0
quadratic,20260841,61,15883,2.173,True,True,32,2.96147055026555e-08,2.7755575615628914e-15,1.292204993206115,1.3078207911473454e-13,3.709210518097548e-16,1.3041115806292477e-13,,4.416119522208571e-14,1.2524894153564856e-16,4.4035946280550056e-14,3.6637359812630166e-15,8.229528170033973e-15,4.440892098500626e-16,5.551115123125783e-17,0.0,2.220446049250313e-16,3.7166037443404095e-16,0.0
quadratic,20260841,62,16663,2.193,True,True,32,2.96147055026555e-08,1.9984014443252818e-15,1.0548225753811455,8.03459274971507e-14,1.8539650634802573e-16,8.016053099080267e-14,,2.7130415830049777e-14,6.260285327888929e-17,2.7067812976770887e-14,2.1649348980190553e-15,2.3227947343329447e-15,2.220446049250313e-16,1.1102230246251565e-16,2.220446049250313e-16,4.440892098500626e-16,3.1297715741813904e-16,0.0
quadratic,20260841,63,11025,2.223,True,True,32,2.96147055026555e-08,2.220446049250313e-15,0.5221793400026495,4.101811070033627e-14,2.0361523313977296e-16,4.0814495467196494e-14,,1.3850588754515303e-14,6.875477222676253e-17,1.378183398228854e-14,2.4742113120217773e-15,3.605189063948799e-15,2.220446049250313e-16,3.469446951953614e-18,4.440892098500626e-16,0.0,2.3473286806360473e-16,0.0
quadratic,20260841,64,17449,2.231,True,True,32,2.96147055026555e-08,1.2212453270876722e-15,2.0985207342131003,7.466070792359693e-14,2.1103117599957407e-16,7.444967674759735e-14,,2.5210687277272517e-14,7.12589142514523e-17,2.5139428363021062e-14,1.2582527612418441e-15,2.4433580159133328e-15,2.220446049250313e-16,2.7755575615628914e-17,4.440892098500626e-16,0.0,1.662691148783865e-16,0.0
quadratic,20260841,65,11267,2.256,True,True,32,2.96147055026555e-08,2.6645352591003757e-15,1.110667948517888,6.393113758292508e-14,3.765176001667757e-16,6.355461998275831e-14,,2.1587632393370413e-14,1.2713872847157437e-16,2.146049366489884e-14,1.2952601953960159e-15,2.8302013510561608e-15,4.440892098500626e-16,1.1102230246251565e-16,4.440892098500626e-16,6.661338147750939e-16,2.1385010164803604e-16,0.0
quadratic,20260841,66,8013,2.262,True,True,32,2.96147055026555e-08,2.4424906541753444e-15,1.0886038709247474,7.48680342258871e-14,2.954481897227928e-16,7.45725860361643e-14,,2.5280695166519154e-14,9.976401409640912e-17,2.518093115242274e-14,1.792217168323467e-15,4.400126096815171e-15,6.661338147750939e-16,1.1102230246251565e-16,6.661338147750939e-16,2.220446049250313e-16,4.036453710958609e-16,0.0
quadratic,20260841,67,10222,2.296,True,True,32,2.96147055026555e-08,1.3322676295501878e-15,0.927823648515679,7.465366783749027e-14,4.941731547779079e-16,7.415949468271236e-14,,2.520831005082803e-14,1.668674891038833e-16,2.5041442561724146e-14,1.2212453270876722e-15,2.600350490489234e-15,6.661338147750939e-16,1.1102230246251565e-16,4.440892098500626e-16,6.661338147750939e-16,5.540541570510308e-16,0.0
quadratic,20260841,68,13255,2.305,True,True,32,2.96147055026555e-08,1.3322676295501878e-15,0.43960828673860064,1.0306892884640171e-13,2.2659515632897736e-16,1.0284233369007273e-13,,3.4803293531708325e-14,7.651440474687785e-17,3.472677912696145e-14,1.5173048003210472e-15,5.323432666903827e-15,8.881784197001252e-16,1.3877787807814457e-17,2.7755575615628914e-16,3.3306690738754696e-16,4.483186308962536e-16,0.0
quadratic,20260841,69,6618,2.306,True,True,32,2.96147055026555e-08,1.5543122344752192e-15,0.36467290690456444,9.348069916527887e-14,1.1959989050712183e-16,9.336109927477176e-14,,3.1565635240538396e-14,4.038530469141336e-17,3.152524993584698e-14,1.5265566588595902e-15,5.26184998350665e-15,2.220446049250313e-16,5.551115123125783e-17,3.3306690738754696e-16,1.1102230246251565e-16,1.805434109092813e-16,0.0
quadratic,20260841,70,15039,2.414,True,True,32,2.96147055026555e-08,3.9968028886505635e-15,1.1777692999369127,1.3840580673945847e-13,7.456440392376923e-16,1.3766016270022078e-13,,4.6735499945136334e-14,2.517816829786917e-16,4.6483718262157646e-14,2.627527824946204e-15,5.691627724679904e-15,2.7755575615628914e-17,2.220446049250313e-16,4.440892098500626e-16,4.440892098500626e-16,3.957152066342529e-16,0.0
quadratic,20260841,71,19348,2.446,True,True,32,2.96147055026555e-08,3.885780586188048e-15,0.454826365577663,1.2239479849603041e-13,1.8877095653819981e-16,1.222060275394922e-13,,4.1329061497861424e-14,6.374230414726665e-17,4.1265319193714155e-14,3.584434336646934e-15,3.281663135679125e-15,1.1102230246251565e-15,2.7755575615628914e-17,5.551115123125783e-16,2.220446049250313e-16,4.213560717267859e-16,0.0
quadratic,20260841,72,11032,2.48,True,True,32,2.96147055026555e-08,2.220446049250313e-15,0.4981762088719752,7.47023681339313e-14,1.574116994159284e-16,7.454495643451537e-14,,2.522475468386234e-14,5.315322126090822e-17,2.517160146260143e-14,1.522591576628786e-15,4.116010917515345e-15,3.3306690738754696e-16,6.938893903907228e-18,3.3306690738754696e-16,1.1102230246251565e-16,1.7076287473996424e-16,0.0
quadratic,20260841,73,19241,2.542,True,True,32,2.96147055026555e-08,7.327471962526033e-15,0.763812097922488,2.1176809066246271e-13,3.5009404436305723e-16,2.1141799661809966e-13,,7.150774828521386e-14,1.1821628424826474e-16,7.13895320009656e-14,6.5780714209040525e-15,3.43908929112402e-15,1.3322676295501878e-15,6.938893903907228e-18,4.440892098500626e-16,0.0,4.723734630964656e-16,0.0
quadratic,20260841,74,16647,2.589,True,True,32,2.96147055026555e-08,1.1102230246251565e-15,1.342942489150424,6.227415656558298e-14,1.1062992453342565e-16,6.216352664104956e-14,,2.1028119479357634e-14,3.7356415556286945e-17,2.099076306380135e-14,8.881784197001252e-16,2.1540928762942002e-15,3.3306690738754696e-16,0.0,0.0,0.0,1.0124176629319873e-16,0.0
quadratic,20260841,75,20365,2.593,True,True,32,2.96147055026555e-08,1.2212453270876722e-15,1.7602288434732594,7.823435496491439e-14,2.0542946477506515e-16,7.802892550013932e-14,,2.6417400962470908e-14,6.936738396964462e-17,2.6348033578501265e-14,1.2529659849341051e-15,3.701032535996518e-15,4.440892098500626e-16,2.7755575615628914e-17,4.440892098500626e-16,0.0,2.8786496995637954e-16,0.0
quadratic,20260841,76,18638,2.624,True,True,32,2.96147055026555e-08,3.1086244689504383e-15,0.5132856143000568,9.452399180836274e-14,2.8703891115829632e-16,9.423695289720444e-14,,3.1917923951628336e-14,9.692445232405167e-17,3.1820999499304285e-14,2.6010939434075094e-15,1.7780915628762273e-15,6.661338147750939e-16,2.7755575615628914e-17,8.881784197001252e-16,4.440892098500626e-16,9.936496070395158e-16,0.0
quadratic,20260841,77,8396,2.625,True,True,32,2.96147055026555e-08,1.6653345369377348e-15,0.1872878830311795,7.312467017488233e-14,2.4525892229819253e-16,7.287941125258414e-14,,2.4692013286549606e-14,8.281660010976661e-17,2.460919668643984e-14,1.2212453270876722e-15,3.7751919645945264e-15,1.1102230246251565e-16,2.220446049250313e-16,0.0,1.1102230246251565e-16,1.8345113787853796e-16,0.0
quadratic,20260841,78,19315,2.698,True,True,32,2.96147055026555e-08,5.773159728050814e-15,0.7152380961078304,1.4004996216138684e-13,3.502313766382388e-16,1.3969973078474862e-13,,4.729068203930943e-14,1.1826265724872198e-16,4.7172419382060706e-14,4.0602442043434294e-15,6.972504171254279e-15,2.220446049250313e-16,2.0816681711721685e-17,2.220446049250313e-16,0.0,2.260096871558352e-16,0.0
quadratic,20260841,79,17995,2.83,True,True,32,2.96147055026555e-08,3.774758283725532e-15,2.3236994089135856,1.0918467477691452e-13,5.715562778354395e-16,1.0861311849907908e-13,,3.686839795422721e-14,1.9299745451940727e-16,3.66754004997078e-14,2.914335439641036e-15,4.659900937342698e-15,8.881784197001252e-16,1.3877787807814457e-17,8.881784197001252e-16,8.881784197001252e-16,5.749369234665984e-16,0.0
quadratic,20260841,80,14381,2.868,True,True,32,2.96147055026555e-08,3.774758283725532e-15,0.43273750350705464,1.1970632818325555e-13,4.743807859758092e-16,1.1923194739727974e-13,,4.0421245510113783e-14,1.6018419833122173e-16,4.026106131178256e-14,2.146431180941969e-15,3.70536934468646e-15,6.661338147750939e-16,4.440892098500626e-16,7.771561172376096e-16,2.7755575615628914e-16,8.746971401153917e-16,0.0
quadratic,20260841,81,15735,2.875,True,True,32,2.96147055026555e-08,2.886579864025407e-15,0.22081318854637622,3.8223576503034385e-14,3.7945836948795507e-16,3.784411813354643e-14,,1.2906958166309283e-14,1.2813173828587616e-16,1.2778826428023407e-14,2.6328146012539428e-15,3.774758283725532e-15,8.881784197001252e-16,1.734723475976807e-18,4.440892098500626e-16,0.0,5.122886242198941e-16,0.0
quadratic,20260841,82,19114,2.911,True,True,32,2.96147055026555e-08,3.3306690738754696e-15,1.3493639830692605,1.4153098904072978e-13,3.786204360946489e-16,1.4115236860463514e-13,,4.7790780505326634e-14,1.2784879324925202e-16,4.7662931712077386e-14,3.6795963101862334e-15,3.879166952935886e-15,4.440892098500626e-16,6.938893903907228e-18,2.220446049250313e-16,4.440892098500626e-16,1.731419240784471e-16,2.220446049250313e-16
quadratic,20260841,83,282,2.93,True,True,32,2.96147055026555e-08,4.218847493575595e-15,1.7157705310579168,1.3888336372151293e-13,6.01176681187743e-16,1.382821870403252e-13,,4.6896756649854076e-14,2.0299937851275832e-16,4.669375727134132e-14,4.345730124961327e-15,6.613958512813323e-15,4.440892098500626e-16,1.3877787807814457e-17,0.0,4.440892098500626e-16,1.7076287473996493e-16,0.0
quadratic,20260841,84,4634,3.0,True,True,32,2.96147055026555e-08,1.7763568394002505e-15,0.2404084620222635,1.180380157043507e-13,1.4302795059428851e-16,1.1789498775375643e-13,,3.985790630055951e-14,4.829625963407384e-17,3.9809610040925445e-14,3.219646771412954e-15,6.933689733479298e-15,6.661338147750939e-16,1.3877787807814457e-17,2.220446049250313e-16,1.6653345369377348e-16,2.4292737134059995e-16,0.0
quadratic,20260841,85,9293,3.109,True,True,32,2.96147055026555e-08,5.995204332975845e-15,1.2240981030636289,1.3374836694104733e-13,3.911068311144412e-16,1.333572601099329e-13,,4.5162821872077827e-14,1.3206507526450713e-16,4.503075679681332e-14,4.440892098500626e-15,6.617970060851519e-15,1.1102230246251565e-16,3.469446951953614e-18,8.881784197001252e-16,0.0,9.888915083625507e-16,0.0
quadratic,20260841,86,1661,3.204,True,True,32,2.96147055026555e-08,4.440892098500626e-15,1.536776924531074,1.1826059260091378e-13,6.271340300572927e-16,1.176334585708565e-13,,3.993306385920656e-14,2.1176439860293686e-16,3.9721299460603627e-14,3.838199599418398e-15,6.172796648828971e-15,6.661338147750939e-16,1.3877787807814457e-17,4.440892098500626e-16,2.220446049250313e-16,5.360791176047184e-16,0.0
quadratic,20260841,87,17862,3.205,True,True,32,2.96147055026555e-08,3.774758283725532e-15,1.0635986108391116,8.606723125508009e-14,2.6535383513508835e-16,8.5801877419945e-14,,2.906232893228082e-14,8.960205095110418e-17,2.8972726881329713e-14,1.887379141862766e-15,3.1502578323738817e-15,2.220446049250313e-16,0.0,2.220446049250313e-16,0.0,1.4168560504740077e-16,0.0
quadratic,20260841,88,18118,3.401,True,True,32,2.96147055026555e-08,1.7763568394002505e-15,1.8913916622685938,1.3596454355702842e-13,2.7345153464668276e-16,1.3569109202238174e-13,,4.591115840906698e-14,9.23364017994921e-17,4.581882200726749e-14,2.3684757858670005e-15,6.153064169289735e-15,4.440892098500626e-16,1.3877787807814457e-17,0.0,2.220446049250313e-16,3.814409106033573e-16,0.0
quadratic,20260841,89,11610,3.591,True,True,32,2.96147055026555e-08,3.1086244689504383e-15,1.5657272737676435,1.0881848549315752e-13,2.4609995341199174e-16,1.0857238553974553e-13,,3.6744746789192265e-14,8.310059115391994e-17,3.666164619803835e-14,2.379049338482478e-15,5.133263605849869e-15,2.220446049250313e-16,1.734723475976807e-18,4.440892098500626e-16,0.0,2.817851772024798e-16,0.0
quadratic,20260841,90,1571,3.866,True,True,32,2.96147055026555e-08,4.440892098500626e-15,1.444289511049857,1.4718232058466566e-13,4.817290952715176e-16,1.4670059148939413e-13,,4.969906608440461e-14,1.6266550252485943e-16,4.953640058187975e-14,2.759697232639675e-15,4.317726731706273e-15,4.440892098500626e-16,6.938893903907228e-18,6.661338147750939e-16,0.0,4.969569729274518e-16,0.0
quadratic,20260841,91,18148,4.473,True,True,32,2.96147055026555e-08,4.218847493575595e-15,2.280275133331195,1.139248035773006e-13,3.314168549383742e-16,1.1359338672236224e-13,,3.846899762926401e-14,1.1190955618608352e-16,3.835708807307792e-14,2.9976021664879227e-15,5.2757277713144646e-15,8.881784197001252e-16,1.0408340855860843e-17,8.881784197001252e-16,4.440892098500626e-16,5.07001847912155e-16,0.0
quadratic,20260841,92,9313,4.878,True,True,32,2.96147055026555e-08,3.552713678800501e-15,1.6987307925664905,1.678572996538772e-13,2.3525328510639695e-16,1.676220463687708e-13,,5.668038793727857e-14,7.943799579074058e-17,5.660094994148783e-14,3.9968028886505635e-15,7.61717078301416e-15,4.440892098500626e-16,2.7755575615628914e-17,2.220446049250313e-16,2.220446049250313e-16,4.768672229580427e-16,0.0
quadratic,20260841,93,6702,4.932,True,True,32,2.96147055026555e-08,2.3314683517128287e-15,0.818706138944941,6.851930667196266e-14,1.0353769346512403e-16,6.841576897849753e-14,,2.3136919820397556e-14,3.496158131838927e-17,2.3101958239079167e-14,1.0362081563168128e-15,2.2922202330688535e-15,2.220446049250313e-16,2.7755575615628914e-17,2.220446049250313e-16,1.1102230246251565e-16,2.0935634178645853e-16,0.0
quadratic,20260841,94,9850,5.0,True,True,32,2.96147055026555e-08,2.4424906541753444e-15,-0.2595316002515151,1.2432624374447698e-13,3.6555579991619816e-16,1.2396068794456079e-13,,4.198125277096842e-14,1.2343725649522985e-16,4.185781551447319e-14,2.6962559169468086e-15,6.63358257213531e-15,2.220446049250313e-16,1.3877787807814457e-17,1.1102230246251565e-15,1.1102230246251565e-16,4.969569729274511e-16,0.0
quadratic,20260841,95,10805,5.00001,True,True,32,2.96147055026555e-08,1.3322676295501878e-15,0.4644047762340411,8.491238363068061e-14,1.3681392328569864e-16,8.477556970739491e-14,,2.8672371441636206e-14,4.6197968530678376e-17,2.862617347310553e-14,1.8133642735544222e-15,3.639666693033838e-15,2.220446049250313e-16,5.551115123125783e-17,2.220446049250313e-16,0.0,2.9050835811024994e-16,0.0
quadratic,20260841,96,14807,5.00001,True,True,32,2.96147055026555e-08,5.773159728050814e-15,1.6884302629491263,1.498617532979027e-13,1.433625044075104e-16,1.4971839079349518e-13,,5.060383034518606e-14,4.840922844721699e-17,5.055542111673884e-14,4.758098676964956e-15,7.259817746962938e-15,1.9984014443252818e-15,2.220446049250313e-16,2.4424906541753444e-15,0.0,1.5603920272291183e-15,2.220446049250313e-16
quadratic,20260841,97,15672,5.00001,True,True,32,2.96147055026555e-08,6.661338147750939e-15,3.063948923106523,2.0538028226680093e-13,4.753390141815883e-16,2.0490494325261933e-13,,6.935077650810502e-14,1.6050776332689362e-16,6.919026874477812e-14,5.83660104374368e-15,9.874046025259986e-15,4.440892098500626e-16,5.551115123125783e-17,4.440892098500626e-16,4.440892098500626e-16,1.1118090575174792e-15,4.440892098500626e-16
quadratic,20260841,98,15698,5.00001,True,True,32,2.96147055026555e-08,6.217248937900877e-15,4.617185137577499,1.8754179550267968e-13,1.2109918722564513e-15,1.8633080363042322e-13,,6.332725324108428e-14,4.0891572335502837e-16,6.291833751772925e-14,4.3021142204224816e-15,1.1281990966449662e-14,8.881784197001252e-16,4.440892098500626e-16,8.881784197001252e-16,0.0,1.1348065344561431e-15,4.440892098500626e-16
quadratic,20260841,99,17110,5.00001,True,True,32,2.96147055026555e-08,4.773959005888173e-15,4.384920332550729,1.600410600588332e-13,4.571419714332915e-16,1.595839180873999e-13,,5.4041077681654675e-14,1.5436316643172442e-16,5.388671451522295e-14,3.4194869158454822e-15,6.994405055138486e-15,1.3322676295501878e-15,2.7755575615628914e-17,8.881784197001252e-16,8.881784197001252e-16,1.085110837163398e-15,4.440892098500626e-16
quadratic,20260842,0,18834,0.557,True,True,32,2.9580033761961936e-08,3.4416913763379853e-15,-0.6343975120472087,1.490089632371125e-13,7.688996595507586e-16,1.4824006357756175e-13,,5.037484555840118e-14,2.5993873629025914e-16,5.011490682211092e-14,2.7755575615628914e-15,9.102961440188295e-15,3.3306690738754696e-16,8.673617379884035e-19,4.440892098500626e-16,6.661338147750939e-16,2.2230894374041756e-16,0.0
quadratic,20260842,1,12797,0.598,True,True,32,2.9580033761961936e-08,2.55351295663786e-15,-0.8200872329417752,9.273077097859961e-14,5.846885475779825e-16,9.214608243102162e-14,,3.134910924200687e-14,1.9766324551321345e-16,3.1151445996493655e-14,3.520993020954068e-15,3.5232233797088952e-15,3.3306690738754696e-16,1.3877787807814457e-17,0.0,6.661338147750939e-16,9.357594064697754e-17,0.0
quadratic,20260842,2,19817,0.656,True,True,32,2.9580033761961936e-08,2.3314683517128287e-15,-0.8127986944125076,6.98100583287889e-14,1.5163825831159953e-16,6.965842007047731e-14,,2.3600398461532608e-14,5.1263720498722624e-17,2.3549134741033887e-14,2.3314683517128287e-15,4.322063540396215e-15,1.1102230246251565e-16,8.673617379884035e-19,0.0,2.220446049250313e-16,3.489272363107741e-17,0.0
quadratic,20260842,3,2319,0.682,True,True,32,2.9580033761961936e-08,2.3314683517128287e-15,-0.8056022984203448,5.620132458323819e-14,2.6491144192720734e-16,5.5936413141310984e-14,,1.899974997848365e-14,8.955751844606303e-17,1.8910192460037586e-14,1.6653345369377348e-15,1.8735013540549517e-15,1.1102230246251565e-16,2.168404344971009e-19,3.3306690738754696e-16,3.3306690738754696e-16,2.27331381232771e-16,0.0
quadratic,20260842,4,2961,0.699,True,True,32,2.9580033761961936e-08,1.4432899320127035e-15,-0.5571443880328559,4.8165262287828503e-14,2.1468029074011085e-16,4.795058199708839e-14,,1.628303154601737e-14,7.257608036140115e-17,1.621045546565597e-14,1.27675647831893e-15,1.631507429156187e-15,1.1102230246251565e-16,1.3877787807814457e-17,2.220446049250313e-16,3.3306690738754696e-16,1.8292246024776383e-16,0.0
quadratic,20260842,5,9528,0.7,True,True,32,2.9580033761961936e-08,3.6637359812630166e-15,-0.4260261888697763,1.4579355414733373e-13,5.33237475339308e-16,1.4526031667199443e-13,,4.92878254705764e-14,1.80269393750665e-16,4.910755607682574e-14,2.9341608507950564e-15,7.843118515760139e-15,6.661338147750939e-16,5.551115123125783e-17,4.440892098500626e-16,2.220446049250313e-16,4.485829697116411e-16,2.220446049250313e-16
quadratic,20260842,6,2903,0.725,True,True,32,2.9580033761961936e-08,2.1094237467877974e-15,-0.36637787225566343,8.130387071264302e-14,1.8106382795207454e-16,8.112280688469094e-14,,2.7486064203616527e-14,6.121150145031655e-17,2.7424852702166208e-14,1.6494742080145183e-15,3.788636071533347e-15,1.1102230246251565e-16,5.551115123125783e-17,1.1102230246251565e-16,3.3306690738754696e-16,1.2450358204725024e-16,0.0
quadratic,20260842,7,2561,0.741,True,True,32,2.9580033761961936e-08,3.9968028886505635e-15,-0.8941124051702398,1.9827547135557798e-13,7.287036384359823e-16,1.97546767717142e-13,,6.703017073988191e-14,2.463498332355014e-16,6.678382090664641e-14,3.917501244034481e-15,7.643191635153812e-15,4.440892098500626e-16,1.942890293094024e-16,1.1102230246251565e-15,5.551115123125783e-16,4.755455288811085e-16,8.881784197001252e-16
quadratic,20260842,8,9579,0.797,True,True,32,2.9580033761961936e-08,1.4988010832439613e-15,-0.9915778921268183,8.107797977143941e-14,4.833156444505883e-16,8.059466412698882e-14,,2.7409698184895448e-14,1.6339252630336813e-16,2.724630565859208e-14,1.966680786478849e-15,4.1815509388420935e-15,3.885780586188048e-16,1.3877787807814457e-17,2.220446049250313e-16,2.220446049250313e-16,3.0795471992578716e-16,0.0
quadratic,20260842,9,12279,0.819,True,True,32,2.9580033761961936e-08,2.6645352591003757e-15,-1.1598495764437422,7.987822023368991e-14,4.624514643579768e-16,7.941576876933194e-14,,2.7004100426825166e-14,1.5633905900156892e-16,2.6847761367823597e-14,1.8596235662471372e-15,3.61039323437673e-15,4.440892098500626e-16,3.469446951953614e-18,2.220446049250313e-16,2.220446049250313e-16,1.0388515444706795e-16,0.0
quadratic,20260842,10,5210,0.904,True,True,32,2.9580033761961936e-08,2.220446049250313e-15,-0.664007845558154,7.282485626441166e-14,1.8562367251749923e-16,7.263923259189416e-14,,2.4619598763967554e-14,6.275302929376627e-17,2.455684573467379e-14,1.1419436824715895e-15,2.6853519408120974e-15,4.440892098500626e-16,4.163336342344337e-17,1.1102230246251565e-16,0.0,1.5992498330909986e-16,0.0
quadratic,20260842,11,7482,0.932,True,True,32,2.9580033761961936e-08,2.220446049250313e-15,-0.44478878060522087,8.881797349406178e-14,3.17847419391282e-16,8.85001260746705e-14,,3.002632593620502e-14,1.0745336599311588e-16,2.9918872570211907e-14,1.915134717478395e-15,5.0411064211886014e-15,3.3306690738754696e-16,1.1102230246251565e-16,1.1102230246251565e-16,5.551115123125783e-16,1.39306555708918e-16,0.0
quadratic,20260842,12,13055,0.961,True,True,32,2.9580033761961936e-08,2.4424906541753444e-15,-0.7072429127515627,1.1122704320076781e-13,2.654529621908574e-16,1.1096159023857695e-13,,3.7602067697366456e-14,8.974058796789247e-17,3.751232710939857e-14,3.0769038111040054e-15,4.7509739198314804e-15,2.220446049250313e-16,1.214306433183765e-17,0.0,0.0,1.3216940769347015e-16,0.0
quadratic,20260842,13,12827,0.962,True,True,32,2.9580033761961936e-08,3.9968028886505635e-15,-0.25353056909739147,9.870024745216575e-14,2.0962274574883957e-16,9.849062470641692e-14,,3.336718553008823e-14,7.086629698793693e-17,3.3296319233100295e-14,3.0531133177191805e-15,2.7180948464211596e-15,4.440892098500626e-16,2.7755575615628914e-17,5.551115123125783e-17,5.551115123125783e-17,3.02403604802662e-16,0.0
quadratic,20260842,14,2997,1.002,True,True,32,2.9580033761961936e-08,8.881784197001252e-16,-0.523360134920823,5.435513408830062e-14,2.231148673552989e-16,5.4132019220945325e-14,,1.837561597316292e-14,7.542752288613362e-17,1.8300188450276787e-14,9.62193288008469e-16,1.2307863062055446e-15,1.1102230246251565e-16,1.734723475976807e-18,1.1102230246251565e-16,2.220446049250313e-16,2.0697729244797606e-16,0.0
quadratic,20260842,15,5030,1.01,True,True,32,2.9580033761961936e-08,2.1094237467877974e-15,-0.2460439365904843,8.337017005987684e-14,3.6317262028372523e-16,8.300699743959311e-14,,2.8184609500711808e-14,1.2277626969809021e-16,2.8061833231013717e-14,1.304512053934559e-15,2.6987960477509176e-15,2.220446049250313e-16,2.220446049250313e-16,1.1102230246251565e-16,5.551115123125783e-16,2.392266279251822e-16,0.0
quadratic,20260842,16,9116,1.026,True,True,32,2.9580033761961936e-08,3.4416913763379853e-15,-0.6751597849374669,7.283962000028042e-14,2.5938246259843726e-16,7.258023753768198e-14,,2.4624589879254158e-14,8.768835921072774e-17,2.4536901520043433e-14,1.6336138790913017e-15,2.2325891135821507e-15,6.661338147750939e-16,2.220446049250313e-16,5.551115123125783e-16,0.0,4.551914400963143e-16,0.0
quadratic,20260842,17,20015,1.034,True,True,32,2.9580033761961936e-08,1.2212453270876722e-15,-0.801045819240489,4.301271537191086e-14,1.4755836681503106e-16,4.286515700509583e-14,,1.4541131263758905e-14,4.988444840951529e-17,1.449124681534939e-14,8.881784197001252e-16,1.141448047192739e-15,1.1102230246251565e-16,1.734723475976807e-18,0.0,1.1102230246251565e-16,5.894755583128762e-17,0.0
quadratic,20260842,18,1857,1.059,True,True,32,2.9580033761961936e-08,4.440892098500626e-15,-0.8552496099843268,1.6391142225755502e-13,8.777938280347091e-16,1.6303362842952031e-13,,5.541285840867931e-14,2.96752138654925e-16,5.5116106270024384e-14,3.848773152033876e-15,5.1187352967385635e-15,1.5543122344752192e-15,1.1102230246251565e-15,2.220446049250313e-16,6.661338147750939e-16,2.1014935823261876e-16,2.220446049250313e-16
quadratic,20260842,19,19048,1.075,True,True,32,2.9580033761961936e-08,3.774758283725532e-15,-0.3133736395352471,1.0777570758796221e-13,3.1076331983927357e-16,1.0746494426812294e-13,,3.6435288903069136e-14,1.0505847367858508e-16,3.633023042939055e-14,2.3156080227896123e-15,3.02622510384154e-15,2.220446049250313e-16,1.734723475976807e-17,0.0,3.885780586188048e-16,2.0962068060184449e-16,0.0
quadratic,20260842,20,9519,1.089,True,True,32,2.9580033761961936e-08,3.1086244689504383e-15,-0.6924422589433377,1.6172317520582391e-13,3.3075213574929037e-16,1.6139242307007463e-13,,5.467308675414352e-14,1.1181601022194127e-16,5.4561270743921584e-14,3.2355071003361704e-15,3.7344259629090715e-15,6.661338147750939e-16,3.469446951953614e-17,0.0,6.661338147750939e-16,5.551115123125822e-17,4.440892098500626e-16
quadratic,20260842,21,2993,1.098,True,True,32,2.9580033761961936e-08,6.106226635438361e-16,-0.011529458671692305,3.896484836793985e-14,9.56516715205385e-17,3.886919669641931e-14,,1.3172685562667003e-14,3.233656603987401e-17,1.3140348996627129e-14,5.273559366969494e-16,1.6327000515459211e-15,8.326672684688674e-17,3.469446951953614e-18,1.1102230246251565e-16,0.0,7.348619067756981e-17,0.0
quadratic,20260842,22,11936,1.16,True,True,32,2.9580033761961936e-08,3.219646771412954e-15,-0.37832355558415864,1.0282178134717641e-13,2.400485564292768e-16,1.0258173279074714e-13,,3.4760535493167275e-14,8.115222530204281e-17,3.467938326786523e-14,2.1371793224034263e-15,5.35682609381638e-15,2.220446049250313e-16,2.220446049250313e-16,2.220446049250313e-16,2.220446049250313e-16,1.7790002275541195e-16,0.0
quadratic,20260842,23,9470,1.162,True,True,32,2.9580033761961936e-08,4.440892098500626e-15,-0.07290004299048358,1.5464322143640884e-13,4.471211037824065e-16,1.5419610033262643e-13,,5.227959598723322e-14,1.5115638723758866e-16,5.212843959999563e-14,5.523359547510154e-15,7.27683972107096e-15,4.440892098500626e-16,1.3877787807814457e-17,5.551115123125783e-17,3.885780586188048e-16,3.3544595672602933e-16,0.0
quadratic,20260842,24,16444,1.167,True,True,32,2.9580033761961936e-08,3.552713678800501e-15,-0.6034474161319279,1.0840577257789243e-13,3.06557647983528e-16,1.080992149299089e-13,,3.664829237527627e-14,1.0363667954217884e-16,3.654465569573409e-14,2.248201624865942e-15,4.4135702037539914e-15,4.440892098500626e-16,3.469446951953614e-18,7.771561172376096e-16,4.440892098500626e-16,5.23655193281532e-16,0.0
quadratic,20260842,25,12155,1.172,True,True,32,2.9580033761961936e-08,4.6629367034256575e-15,-0.3443113709969359,9.293634190594384e-14,3.4832627853515715e-16,9.258801562740869e-14,,3.141860575746e-14,1.17757228182438e-16,3.130084852927756e-14,2.157004733557447e-15,3.4104663537704027e-15,3.3306690738754696e-16,2.220446049250313e-16,5.551115123125783e-16,1.6653345369377348e-16,2.439847266021472e-16,0.0
quadratic,20260842,26,13083,1.18,True,True,32,2.9580033761961936e-08,1.887379141862766e-15,-0.7700443586430552,8.591256839538648e-14,4.76322024151308e-16,8.543624637123517e-14,,2.9044107618925253e-14,1.6102822193659162e-16,2.888307939698866e-14,2.4742113120217773e-15,2.770353391134961e-15,4.440892098500626e-16,1.3877787807814457e-17,2.220446049250313e-16,4.440892098500626e-16,1.9666807864788555e-16,0.0
quadratic,20260842,27,12928,1.216,True,True,32,2.9580033761961936e-08,3.774758283725532e-15,-0.6044446958932432,1.4139489637003215e-13,2.993162100448219e-16,1.4109558015998734e-13,,4.780078937971231e-14,1.0118859648825815e-16,4.769960078322405e-14,3.1086244689504383e-15,7.087375391429118e-15,2.220446049250313e-16,1.3877787807814457e-17,2.220446049250313e-16,4.440892098500626e-16,1.890022530016636e-16,0.0
quadratic,20260842,28,15342,1.256,True,True,32,2.9580033761961936e-08,2.220446049250313e-15,0.4047871253437163,9.885896768034651e-14,4.3295961640612436e-16,9.842600806394038e-14,,3.3420843422928385e-14,1.463688716146373e-16,3.327447455131375e-14,3.164135620181696e-15,5.564830280607724e-15,2.220446049250313e-16,5.551115123125783e-17,2.7755575615628914e-16,6.106226635438361e-16,3.1773525609510433e-16,0.0
quadratic,20260842,29,13936,1.286,True,True,32,2.9580033761961936e-08,1.3322676295501878e-15,0.35226825779680904,1.035725531464032e-13,4.773545976489131e-16,1.0309519854875429e-13,,3.5014345818492945e-14,1.6137729979969161e-16,3.4852968518693255e-14,1.2212453270876722e-15,5.630912403020716e-15,4.440892098500626e-16,4.336808689942018e-18,1.6653345369377348e-16,1.6653345369377348e-16,1.7393494052460763e-16,0.0
quadratic,20260842,30,243,1.375,True,True,32,2.9580033761961936e-08,3.552713678800501e-15,0.5722338914471712,1.3793162265873397e-13,4.0474041529007014e-16,1.375268822434439e-13,,4.662997472170075e-14,1.368289226939764e-16,4.6493145799006775e-14,2.294460917558657e-15,3.988996633008668e-15,6.661338147750939e-16,0.0,4.440892098500626e-16,4.440892098500626e-16,3.56328723141597e-16,0.0
quadratic,20260842,31,12361,1.375,True,True,32,2.9580033761961936e-08,3.1086244689504383e-15,-0.45658325998408444,1.952153938459042e-13,6.272945952361701e-16,1.9458809925066804e-13,,6.599566295862006e-14,2.1206689630044694e-16,6.578359606231961e-14,3.3029134982598407e-15,1.246312081315537e-14,2.220446049250313e-16,8.326672684688674e-17,4.996003610813204e-16,5.551115123125783e-16,5.35814778789331e-16,0.0
quadratic,20260842,32,6134,1.385,True,True,32,2.9580033761961936e-08,2.6645352591003757e-15,-0.3336899445262942,9.769573543007479e-14,2.2352531532059777e-16,9.74722101147542e-14,,3.3027594294265265e-14,7.556628133671614e-17,3.2952028012928555e-14,1.970645868709653e-15,3.1415842149939976e-15,2.220446049250313e-16,2.220446049250313e-16,2.220446049250313e-16,3.3306690738754696e-16,8.115201632379082e-17,0.0
quadratic,20260842,33,1951,1.426,True,True,32,2.9580033761961936e-08,2.4424906541753444e-15,-0.758192838176257,7.407355152535967e-14,4.3146909656233124e-16,7.364208242879734e-14,,2.5041740020125876e-14,1.4586497771925243e-16,2.4895875042406623e-14,1.4432899320127035e-15,2.4216739724636227e-15,1.1102230246251565e-16,0.0,3.3306690738754696e-16,3.3306690738754696e-16,4.530767295732185e-16,0.0
quadratic,20260842,34,10023,1.444,True,True,32,2.9580033761961936e-08,2.1094237467877974e-15,-0.6876515661245002,1.0583002211841017e-13,3.878955275368875e-16,1.0544212659087328e-13,,3.5777519042084706e-14,1.3113424097429422e-16,3.564638480111041e-14,1.887379141862766e-15,6.878395422682537e-15,5.551115123125783e-16,1.3877787807814457e-17,0.0,4.440892098500626e-16,2.6988993051006765e-16,0.0
quadratic,20260842,35,9457,1.458,True,True,32,2.9580033761961936e-08,6.661338147750939e-15,-0.8877539971949266,1.8215863465438035e-13,7.418028658266011e-16,1.8141683178855376e-13,,6.158161823622558e-14,2.5077823500678793e-16,6.13308400012188e-14,5.255055649892408e-15,3.8892500331400015e-15,6.661338147750939e-16,2.220446049250313e-16,4.440892098500626e-16,1.1102230246251565e-16,7.43849426498855e-16,0.0
quadratic,20260842,36,2358,1.487,True,True,32,2.9580033761961936e-08,7.216449660063518e-16,-0.2023653271580763,3.936159382478134e-14,1.2756877647489063e-16,3.923402504830645e-14,,1.3306811662736463e-14,4.312665005776162e-17,1.3263685012678701e-14,6.328271240363392e-16,1.1548921541315593e-15,8.326672684688674e-17,6.938893903907228e-18,1.6653345369377348e-16,1.6653345369377348e-16,8.908218078539944e-17,0.0
quadratic,20260842,37,15340,1.516,True,True,32,2.9580033761961936e-08,3.774758283725532e-15,-0.4324182693088032,1.0800023243442848e-13,5.050193067967526e-16,1.0749521312763173e-13,,3.6511193091777334e-14,1.7072979390786756e-16,3.6340463297869465e-14,5.051514762044462e-15,4.077467530283485e-15,1.1102230246251565e-16,1.1102230246251565e-16,1.1102230246251565e-16,2.220446049250313e-16,2.019548549556227e-16,0.0
quadratic,20260842,38,7011,1.556,True,True,32,2.9580033761961936e-08,2.1094237467877974e-15,-0.2972095008592599,1.258756781017495e-13,1.7324518142820788e-16,1.2570243292032128e-13,,4.2554271274570927e-14,5.85682838709232e-17,4.2495702990700005e-14,1.9984014443252818e-15,4.071395998117566e-15,3.3306690738754696e-16,2.220446049250313e-16,0.0,0.0,7.031412489292682e-17,0.0
quadratic,20260842,39,4943,1.563,True,True,32,2.9580033761961936e-08,1.5543122344752192e-15,0.29703363269776406,1.0097700980183208e-13,3.5777897261898375e-16,1.006192308292131e-13,,3.413688118628254e-14,1.2095286148018702e-16,3.4015928324802356e-14,1.4670804253975282e-15,2.8275992658421956e-15,2.220446049250313e-16,2.220446049250313e-16,1.6653345369377348e-16,2.220446049250313e-16,2.5905203907920306e-16,0.0
quadratic,20260842,40,10139,1.595,True,True,32,2.9580033761961936e-08,2.220446049250313e-15,0.1978938719349983,8.103920508774409e-14,1.7110414028092271e-16,8.086810094746317e-14,,2.7396589787519246e-14,5.784447092178506e-17,2.7338745316597465e-14,1.2212453270876722e-15,2.553079275768866e-15,1.1102230246251565e-16,2.7755575615628914e-17,1.6653345369377348e-16,1.3877787807814457e-16,2.117353911249407e-16,0.0
quadratic,20260842,41,13689,1.6,True,True,32,2.9580033761961936e-08,2.220446049250313e-15,-0.45530776134883766,7.447300981092274e-14,2.7449107801539675e-16,7.419851873290735e-14,,2.517678323501116e-14,9.279606650360725e-17,2.5083987168507556e-14,1.2529659849341051e-15,3.445160823289939e-15,3.3306690738754696e-16,4.440892098500626e-16,1.6653345369377348e-16,1.1102230246251565e-16,2.74648029187033e-16,0.0
quadratic,20260842,42,12306,1.611,True,True,32,2.9580033761961936e-08,4.107825191113079e-15,-0.09062513374556214,1.2136158067256266e-13,4.672353773723816e-16,1.2089434529519028e-13,,4.102820897676798e-14,1.5795633674131125e-16,4.087025264002667e-14,2.7478019859472624e-15,8.362668196815193e-15,1.1102230246251565e-15,2.220446049250313e-16,4.440892098500626e-16,4.163336342344337e-16,8.186573112533594e-16,0.0
quadratic,20260842,43,14526,1.634,True,True,32,2.9580033761961936e-08,1.9984014443252818e-15,0.2544152183821069,1.0440789478023086e-13,2.3131711493352595e-16,1.0417657766529734e-13,,3.5296746318962235e-14,7.820042289166864e-17,3.521854589607057e-14,1.8133642735544222e-15,2.8466812240779404e-15,6.661338147750939e-16,3.122502256758253e-17,5.551115123125783e-17,3.3306690738754696e-16,2.4742113120217884e-16,0.0
quadratic,20260842,44,17733,1.645,True,True,32,2.9580033761961936e-08,2.886579864025407e-15,0.6775835923264764,8.428503314740389e-14,1.442700074402203e-16,8.414076313996367e-14,,2.8493893491017294e-14,4.8772766319740465e-17,2.844512072469755e-14,2.257453483404485e-15,3.774758283725532e-15,1.1102230246251565e-16,4.163336342344337e-17,0.0,0.0,4.2822888092684704e-17,0.0
quadratic,20260842,45,6168,1.655,True,True,32,2.9580033761961936e-08,2.4424906541753444e-15,0.23808304576585537,7.058465605157866e-14,1.1604577252836537e-16,7.046861027905029e-14,,2.3862263518558282e-14,3.923111564449698e-17,2.3823032402913787e-14,1.2434497875801752e-15,2.1204826089471496e-15,3.3306690738754696e-16,6.938893903907228e-18,4.996003610813204e-16,1.1102230246251565e-16,5.099095748814112e-16,0.0
quadratic,20260842,46,14636,1.663,True,True,32,2.9580033761961936e-08,2.4424906541753444e-15,0.4256617418596462,1.3111162288134823e-13,4.031600615519861e-16,1.3070846281979624e-13,,4.432436552859839e-14,1.3629465902450207e-16,4.418807086957389e-14,2.627527824946204e-15,4.874139286625834e-15,6.661338147750939e-16,2.220446049250313e-16,7.771561172376096e-16,0.0,5.014507327890287e-16,0.0
quadratic,20260842,47,13286,1.664,True,True,32,2.9580033761961936e-08,3.1086244689504383e-15,0.24325581575129473,1.094423493629479e-13,2.443048243864048e-16,1.0919804453856149e-13,,3.699872361325155e-14,8.259112425374087e-17,3.69161324889978e-14,2.3314683517128287e-15,5.757547216767023e-15,6.661338147750939e-16,5.551115123125783e-17,5.551115123125783e-17,1.6653345369377348e-16,3.256654205567124e-16,0.0
quadratic,20260842,48,14542,1.683,True,True,32,2.9580033761961936e-08,3.1086244689504383e-15,0.5253583980680927,9.129286178708292e-14,3.780695581336761e-16,9.091479222894924e-14,,3.086300121282478e-14,1.2781241602903435e-16,3.0735188796795747e-14,1.7023419710919068e-15,3.79514128456826e-15,4.440892098500626e-16,2.220446049250313e-16,3.3306690738754696e-16,0.0,5.207474663122754e-16,0.0
quadratic,20260842,49,14720,1.772,True,True,32,2.9580033761961936e-08,2.6645352591003757e-15,0.38526283252465476,1.0465373710655521e-13,8.97851568225691e-16,1.0375588553832952e-13,,3.537985722015414e-14,3.035329761456431e-16,3.507632424400849e-14,2.5165055224836883e-15,6.418043180245192e-15,6.661338147750939e-16,6.938893903907228e-18,1.1102230246251565e-16,2.220446049250313e-16,3.3174521331061295e-16,0.0
quadratic,20260842,50,7158,1.819,True,True,32,2.9580033761961936e-08,3.1086244689504383e-15,-0.8262632776421412,9.723338619049309e-14,2.703153507910812e-16,9.696307083970201e-14,,3.287128979397215e-14,9.138439562523073e-17,3.277990539834692e-14,2.125284075711014e-15,3.1606661732297425e-15,4.440892098500626e-16,6.938893903907228e-18,0.0,0.0,2.815208383870936e-16,0.0
quadratic,20260842,51,730,1.828,True,True,32,2.9580033761961936e-08,4.6629367034256575e-15,0.8331627120970462,1.3433794007755573e-13,4.3680956669194613e-16,1.339011305108638e-13,,4.5415073274968974e-14,1.47670408427206e-16,4.526740286654177e-14,3.806478941571965e-15,7.468851925818143e-15,6.661338147750939e-16,1.1102230246251565e-16,0.0,0.0,1.620396938321938e-16,0.0
quadratic,20260842,52,738,1.869,True,True,32,2.9580033761961936e-08,2.886579864025407e-15,1.0472859753821246,1.2739145520958085e-13,2.938665452678363e-16,1.27097588664313e-13,,4.306670378902619e-14,9.934625079628213e-17,4.29673575382299e-14,2.8033131371785203e-15,4.076600168545497e-15,1.1102230246251565e-15,2.7755575615628914e-17,1.3322676295501878e-15,2.220446049250313e-16,1.0184974556858877e-15,0.0
quadratic,20260842,53,3461,1.894,True,True,32,2.9580033761961936e-08,1.3322676295501878e-15,0.4150582217633503,5.640023212019486e-14,3.246369773530978e-16,5.607559514284176e-14,,1.9066993829034104e-14,1.0974868384719715e-16,1.8957245145186905e-14,1.4750105898591366e-15,2.055538898815268e-15,1.1102230246251565e-16,6.938893903907228e-18,5.551115123125783e-17,4.996003610813204e-16,7.084280252370041e-17,0.0
quadratic,20260842,54,15343,1.898,True,True,32,2.9580033761961936e-08,2.6645352591003757e-15,0.14831229809156055,1.2927759474695977e-13,5.160802341030995e-16,1.2876151451285667e-13,,4.37043432023403e-14,1.7446911597739495e-16,4.3529874086362904e-14,2.0539125955565396e-15,4.361528499474687e-15,6.661338147750939e-16,4.440892098500626e-16,6.106226635438361e-16,1.1102230246251565e-16,4.554557789117017e-16,0.0
quadratic,20260842,55,8280,1.986,True,True,32,2.9580033761961936e-08,1.9984014443252818e-15,0.41134344383796484,1.0051225931258167e-13,2.1647077318495804e-16,1.0029578853939672e-13,,3.397976490541878e-14,7.31813813760165e-17,3.390658352404276e-14,3.2989484160290367e-15,6.598888102615774e-15,1.1102230246251565e-16,2.7755575615628914e-17,0.0,0.0,1.6494742080145203e-16,0.0
quadratic,20260842,56,15471,1.99,True,True,32,2.9580033761961936e-08,2.4424906541753444e-15,-0.19313904369576762,7.760977500540341e-14,3.88024599224088e-16,7.722175040617933e-14,,2.6237216505548655e-14,1.3117787570718166e-16,2.6106038629841474e-14,1.8503717077085944e-15,4.541506060107281e-15,8.881784197001252e-16,2.220446049250313e-16,1.0547118733938987e-15,5.551115123125783e-16,8.628018934229793e-16,0.0
quadratic,20260842,57,11110,2.013,True,True,32,2.9580033761961936e-08,1.7763568394002505e-15,0.1610750715253373,6.83457775328226e-14,2.869511424109996e-16,6.80588263904116e-14,,2.310537509281378e-14,9.700838907763545e-17,2.3008366703736145e-14,1.1934897514720433e-15,1.7047994960162072e-15,2.220446049250313e-16,6.938893903907228e-18,5.551115123125783e-16,2.7755575615628914e-16,2.799348054947715e-16,0.0
quadratic,20260842,58,14292,2.032,True,True,32,2.9580033761961936e-08,7.549516567451064e-15,0.2923619056317366,1.4424897288549995e-13,5.833627232070584e-16,1.436656101622929e-13,,4.8765655254591046e-14,1.9721502953699336e-16,4.856844022505405e-14,5.2735593669694936e-15,3.4555691641457997e-15,1.3322676295501878e-15,1.3877787807814457e-17,1.1102230246251565e-15,4.440892098500626e-16,8.088767750840423e-16,0.0
quadratic,20260842,59,1456,2.041,True,True,32,2.9580033761961936e-08,4.440892098500626e-15,0.04183272376160185,1.136514694172195e-13,3.0532006024476386e-16,1.1334614935697474e-13,,3.8421683467910084e-14,1.032182933602281e-16,3.831846517454986e-14,5.495603971894525e-15,5.564999687197175e-15,4.440892098500626e-16,1.0164395367051604e-20,4.996003610813204e-16,3.608224830031759e-16,4.773959005888194e-16,0.0
quadratic,20260842,60,15570,2.109,True,True,32,2.9580033761961936e-08,2.220446049250313e-15,0.574428842308554,1.1279911802269221e-13,3.0872940819236507e-16,1.1249038861449985e-13,,3.8133532547804184e-14,1.0437087755774359e-16,3.8029161670246444e-14,2.4054832200211726e-15,5.358560817292357e-15,4.440892098500626e-16,4.85722573273506e-17,3.3306690738754696e-16,2.220446049250313e-16,1.7393494052460862e-16,0.0
quadratic,20260842,61,15883,2.173,True,True,32,2.9580033761961936e-08,7.105427357601002e-15,1.3056986624741589,1.2641466081602948e-13,2.936019483090755e-16,1.261210588677204e-13,,4.273648293755188e-14,9.925679959386292e-17,4.263722613795802e-14,2.759697232639675e-15,7.944166158235788e-15,1.7763568394002505e-15,5.551115123125783e-17,1.5543122344752192e-15,6.661338147750939e-16,1.2831006098882156e-15,0.0
quadratic,20260842,62,16663,2.193,True,True,32,2.9580033761961936e-08,1.1102230246251565e-15,1.0447370509323337,5.766197291471161e-14,2.6807673144827285e-16,5.739389618326333e-14,,1.9493545334914826e-14,9.062759481802981e-17,1.9402917740096793e-14,9.62193288008469e-16,1.8197249262996706e-15,1.1102230246251565e-16,3.469446951953614e-18,2.220446049250313e-16,2.220446049250313e-16,1.2476792086263654e-16,0.0
quadratic,20260842,63,11025,2.223,True,True,32,2.9580033761961936e-08,1.3322676295501878e-15,0.44828188721997697,3.3812123074950495e-14,2.875345464371464e-16,3.352458852851335e-14,,1.1430724977207687e-14,9.72056180702869e-17,1.1333519359137401e-14,9.992007221626409e-16,1.8735013540549517e-15,5.551115123125783e-17,5.551115123125783e-17,1.6653345369377348e-16,1.1102230246251565e-16,1.0943626957019371e-16,0.0
quadratic,20260842,64,17449,2.231,True,True,32,2.9580033761961936e-08,1.887379141862766e-15,2.1008720721039165,7.933571954150357e-14,2.642727306830953e-16,7.907144681082047e-14,,2.6820699455564626e-14,8.934159197036937e-17,2.6731357863594254e-14,1.4432899320127035e-15,4.133846043252731e-15,2.220446049250313e-16,2.7755575615628914e-17,0.0,4.440892098500626e-16,1.9138130234014604e-16,0.0
quadratic,20260842,65,11267,2.256,True,True,32,2.9580033761961936e-08,2.4424906541753444e-15,1.0901552168929516,7.979997904205586e-14,2.991912686516122e-16,7.950078777340425e-14,,2.6977649749904486e-14,1.0114635806682323e-16,2.6876503391837662e-14,1.490870918782353e-15,2.9759181230382126e-15,5.551115123125783e-16,1.1102230246251565e-16,0.0,4.440892098500626e-16,3.2857314752596906e-16,0.0
quadratic,20260842,66,8013,2.262,True,True,32,2.9580033761961936e-08,1.5543122344752192e-15,1.0717099264783332,9.681838457607056e-14,3.1018714382761064e-16,9.650819743224295e-14,,3.273099191001361e-14,1.0486368823097552e-16,3.262612822178264e-14,1.5913196686293911e-15,5.5979526569771565e-15,2.220446049250313e-16,2.220446049250313e-16,2.220446049250313e-16,4.440892098500626e-16,1.8741622010934163e-16,0.0
quadratic,20260842,67,10222,2.296,True,True,32,2.9580033761961936e-08,1.5543122344752192e-15,0.9161697318169988,8.822185293807676e-14,2.596674528837752e-16,8.796218548519298e-14,,2.982479791876523e-14,8.778470470094299e-17,2.973701321406429e-14,1.4710455076283324e-15,2.3288662664988635e-15,2.220446049250313e-16,1.3877787807814457e-17,1.1102230246251565e-16,3.3306690738754696e-16,1.615110162014219e-16,0.0
quadratic,20260842,68,13255,2.305,True,True,32,2.9580033761961936e-08,2.6645352591003757e-15,0.43386018821338035,8.069602876952824e-14,3.0327406426114307e-16,8.03927547052671e-14,,2.7280573585179023e-14,1.0252661193752066e-16,2.7178046973241503e-14,2.0261570199409107e-15,6.992453491228012e-15,3.3306690738754696e-16,6.938893903907228e-18,1.1102230246251565e-16,3.885780586188048e-16,3.9782991715734753e-16,0.0
quadratic,20260842,69,6618,2.306,True,True,32,2.9580033761961936e-08,1.3877787807814457e-15,0.3353005157173954,6.385062731103005e-14,1.488015853061474e-16,6.37018257257239e-14,,2.158571819925978e-14,5.03047381566876e-17,2.1535413461103094e-14,1.0547118733938987e-15,4.7104247585805226e-15,4.440892098500626e-16,1.1102230246251565e-16,1.1102230246251565e-16,3.3306690738754696e-16,1.0573552615477683e-16,0.0
quadratic,20260842,70,15039,2.414,True,True,32,2.9580033761961936e-08,4.3298697960381105e-15,1.1701081443814967,1.8124869991108572e-13,7.025547471826266e-16,1.8054614516390309e-13,,6.127400035092596e-14,2.3750978543035604e-16,6.10364905654956e-14,3.524958103184872e-15,1.0031038499835887e-14,8.881784197001252e-16,5.551115123125783e-17,2.220446049250313e-16,4.440892098500626e-16,7.647321929144246e-16,0.0
quadratic,20260842,71,19348,2.446,True,True,32,2.9580033761961936e-08,4.440892098500626e-15,0.4270234877197996,1.2365295626051048e-13,4.77749040724999e-16,1.2317520721978548e-13,,4.1802844870150354e-14,1.6151064754339604e-16,4.164133422260696e-14,2.3314683517128287e-15,5.433804448062851e-15,4.440892098500626e-16,2.7755575615628914e-17,0.0,2.7755575615628914e-16,4.189770223883034e-16,0.0
quadratic,20260842,72,11032,2.48,True,True,32,2.9580033761961936e-08,2.886579864025407e-15,0.4969966614787269,8.441044810463446e-14,2.6399806613273233e-16,8.414645003850172e-14,,2.853629200828736e-14,8.924873725878476e-17,2.844704327102857e-14,1.8503717077085944e-15,2.9213285436535674e-15,3.3306690738754696e-16,1.3010426069826053e-18,3.3306690738754696e-16,3.3306690738754696e-16,2.3975530555595597e-16,0.0
quadratic,20260842,73,19241,2.542,True,True,32,2.9580033761961936e-08,3.1086244689504383e-15,0.7286744920961847,1.2078737274598537e-13,4.248647564716485e-16,1.203625079895137e-13,,4.083408887156523e-14,1.4363227570686477e-16,4.069045659585836e-14,3.700743415417189e-15,6.103841390658893e-15,1.1102230246251565e-15,1.1102230246251565e-16,8.881784197001252e-16,4.440892098500626e-16,7.813855382837998e-16,0.0
quadratic,20260842,74,16647,2.589,True,True,32,2.9580033761961936e-08,1.4432899320127035e-15,1.3468509578616488,5.371680902667629e-14,1.8124556088765276e-16,5.3535563465788635e-14,,1.815982005258991e-14,6.127293915422205e-17,1.8098547113435686e-14,5.551115123125783e-16,2.2210965705538044e-15,2.220446049250313e-16,0.0,0.0,4.440892098500626e-16,7.930164461608245e-17,0.0
quadratic,20260842,75,20365,2.593,True,True,32,2.9580033761961936e-08,2.3314683517128287e-15,1.7586150572266408,7.885831538032678e-14,2.59345289952523e-16,7.859897009037426e-14,,2.6659305400027508e-14,8.7675792407656e-17,2.6571629607619854e-14,1.1657341758564144e-15,2.8579569266717897e-15,5.551115123125783e-16,1.3877787807814457e-17,0.0,2.220446049250313e-16,3.510419468338593e-16,0.0
quadratic,20260842,76,18638,2.624,True,True,32,2.9580033761961936e-08,1.9984014443252818e-15,0.4979674054394334,9.274019424433875e-14,3.9422210535671456e-16,9.234597213898204e-14,,3.135229492658552e-14,1.3327304104150802e-16,3.121902188554401e-14,1.6811948658609513e-15,5.48476195016967e-15,6.661338147750939e-16,1.3877787807814457e-17,3.885780586188048e-16,4.440892098500626e-16,2.8997968047947606e-16,0.0
quadratic,20260842,77,8396,2.625,True,True,32,2.9580033761961936e-08,1.4432899320127035e-15,0.15057172044796752,8.024786115250601e-14,3.347355461596771e-16,7.991312560634633e-14,,2.712906340752718e-14,1.1316266534831546e-16,2.7015900742178866e-14,1.1102230246251565e-15,3.075664722906879e-15,2.220446049250313e-16,2.220446049250313e-16,5.551115123125783e-17,1.1102230246251565e-16,3.0425397651036994e-16,0.0
quadratic,20260842,78,19315,2.698,True,True,32,2.9580033761961936e-08,3.3306690738754696e-15,0.6755483208011623,1.476114689722921e-13,4.175716898580628e-16,1.4719389728243404e-13,,4.990240043678083e-14,1.411667387597893e-16,4.976123369802104e-14,4.3576253716537394e-15,8.826273045769994e-15,1.7763568394002505e-15,2.7755575615628914e-17,1.7763568394002505e-15,2.220446049250313e-16,1.4557138563358904e-15,0.0
quadratic,20260842,79,17995,2.83,True,True,32,2.9580033761961936e-08,1.9984014443252818e-15,2.2829427600256915,1.0864162062533346e-13,5.319643122167613e-16,1.0810965631311671e-13,,3.672802455183123e-14,1.7983898074546285e-16,3.6548185571085766e-14,2.4742113120217773e-15,4.814291326704634e-15,4.440892098500626e-16,2.7755575615628914e-17,4.440892098500626e-16,4.440892098500626e-16,2.476854700175646e-16,2.220446049250313e-16
quadratic,20260842,80,14381,2.868,True,True,32,2.9580033761961936e-08,3.774758283725532e-15,0.43289340397093157,1.24525433367606e-13,5.896118580145651e-16,1.2393582150959144e-13,,4.209779960688817e-14,1.9932764876447467e-16,4.18984719581237e-14,3.747002708109903e-15,8.406469964583607e-15,2.7755575615628914e-17,2.220446049250313e-16,2.7755575615628914e-16,0.0,3.148275291258487e-16,0.0
quadratic,20260842,81,15735,2.875,True,True,32,2.9580033761961936e-08,1.887379141862766e-15,0.18741987164582263,4.026369081894243e-14,2.2985808858141e-16,4.0033832730361024e-14,,1.361177987251624e-14,7.77071758711084e-17,1.3534072696645133e-14,1.4432899320127035e-15,2.2325891135821507e-15,4.440892098500626e-16,8.673617379884035e-19,6.106226635438361e-16,1.1102230246251565e-16,7.475501699142714e-16,0.0
quadratic,20260842,82,19114,2.911,True,True,32,2.9580033761961936e-08,4.6629367034256575e-15,1.315930801235498,1.4194104101409154e-13,2.450617007601499e-16,1.4169597931333138e-13,,4.7985422246751725e-14,8.284699832739334e-17,4.790257524842433e-14,3.552713678800501e-15,6.668602302306592e-15,4.440892098500626e-16,6.938893903907228e-18,1.1102230246251565e-15,4.440892098500626e-16,8.614801993460445e-16,0.0
quadratic,20260842,83,282,2.93,True,True,32,2.9580033761961936e-08,3.552713678800501e-15,1.6785493109673733,1.3287485571159392e-13,5.831365896110821e-16,1.3229171912198285e-13,,4.4920454378406636e-14,1.971385814849742e-16,4.472331579692167e-14,1.950820457555632e-15,5.4732694071413235e-15,8.881784197001252e-16,6.938893903907228e-18,8.881784197001252e-16,2.220446049250313e-16,8.591011500075619e-16,0.0
quadratic,20260842,84,4634,3.0,True,True,32,2.9580033761961936e-08,1.5543122344752192e-15,0.13387602190981052,1.0600928617075591e-13,3.27321668446871e-16,1.0568196450230903e-13,,3.5838122100819635e-14,1.1065628629125708e-16,3.572746581452838e-14,2.1371793224034263e-15,7.47058664929412e-15,4.440892098500626e-16,1.1102230246251565e-16,2.220446049250313e-16,4.996003610813204e-16,2.3129646346357484e-16,0.0
quadratic,20260842,85,9293,3.109,True,True,32,2.9580033761961936e-08,4.218847493575595e-15,1.1993375065640255,1.1410256342820376e-13,3.112406269385413e-16,1.1379132280126522e-13,,3.8574182959497664e-14,1.0521983492080297e-16,3.846896312457686e-14,2.3156080227896123e-15,3.5496237026089172e-15,1.3322676295501878e-15,5.204170427930421e-18,6.661338147750939e-16,2.220446049250313e-16,8.252657816380334e-16,0.0
quadratic,20260842,86,1661,3.204,True,True,32,2.9580033761961936e-08,3.1086244689504383e-15,1.5008871260453096,1.0426339928455311e-13,4.470023578301822e-16,1.0381639692672293e-13,,3.5247897322764145e-14,1.5111624328333226e-16,3.509678107948081e-14,2.858824288409778e-15,3.651159236062185e-15,8.881784197001252e-16,1.3877787807814457e-17,4.440892098500626e-16,6.661338147750939e-16,4.1474760134211196e-16,0.0
quadratic,20260842,87,17862,3.205,True,True,32,2.9580033761961936e-08,2.220446049250313e-15,1.042064568178599,8.902170663418782e-14,2.5156723647428067e-16,8.877013939771353e-14,,3.0095201158513936e-14,8.504629795175567e-17,3.001015486056218e-14,1.909583602355269e-15,4.530664038382426e-15,8.881784197001252e-16,1.3877787807814457e-17,6.661338147750939e-16,4.440892098500626e-16,5.675354366357643e-16,0.0
quadratic,20260842,88,18118,3.401,True,True,32,2.9580033761961936e-08,6.439293542825908e-15,1.8659388536629942,1.3928088515733786e-13,4.449888395098507e-16,1.3883589631782802e-13,,4.708611432906623e-14,1.5043554145028678e-16,4.6935678787615946e-14,5.6343818499726694e-15,5.920231752748473e-15,4.440892098500626e-16,1.3877787807814457e-17,6.661338147750939e-16,0.0,5.194257722353401e-16,0.0
quadratic,20260842,89,11610,3.591,True,True,32,2.9580033761961936e-08,2.220446049250313e-15,1.5635438544185003,9.111159557472532e-14,6.353445382235008e-16,9.047625103650181e-14,,3.08017212921133e-14,2.1478830732117484e-16,3.058693298479212e-14,1.9984014443252818e-15,3.89835733138888e-15,4.440892098500626e-16,4.440892098500626e-16,4.440892098500626e-16,6.661338147750939e-16,2.942091015256669e-16,0.0
quadratic,20260842,90,1571,3.866,True,True,32,2.9580033761961936e-08,3.3306690738754696e-15,1.4247026395412445,1.2049209415645958e-13,2.664372628774508e-16,1.2022565689358214e-13,,4.073426525679117e-14,9.007334644089298e-17,4.0644191910350275e-14,2.3156080227896123e-15,4.047977231191879e-15,2.220446049250313e-16,1.3877787807814457e-17,4.440892098500626e-16,2.220446049250313e-16,3.756254566648441e-16,0.0
quadratic,20260842,91,18148,4.473,True,True,32,2.9580033761961936e-08,4.218847493575595e-15,2.234896037809431,1.8076784385670641e-13,5.514190294851434e-16,1.8021642482722128e-13,,6.111143932809249e-14,1.864159567641311e-16,6.092502337132836e-14,4.091964862189862e-15,9.457712391025552e-15,6.661338147750939e-16,6.938893903907228e-18,0.0,4.440892098500626e-16,6.412859661287209e-16,0.0
quadratic,20260842,92,9313,4.878,True,True,32,2.9580033761961936e-08,3.1086244689504383e-15,1.6854256064412805,1.2146916657042514e-13,2.858617773710262e-16,1.2118330479305412e-13,,4.10645800974801e-14,9.664011193206497e-17,4.0967939985548036e-14,2.6645352591003757e-15,5.904998712225051e-15,6.661338147750939e-16,2.7755575615628914e-17,1.1102230246251565e-15,2.220446049250313e-16,5.43480604435554e-16,0.0
quadratic,20260842,93,6702,4.932,True,True,32,2.9580033761961936e-08,2.220446049250313e-15,0.788121419538699,8.752182283309576e-14,1.552562022396777e-16,8.736656663085608e-14,,2.958814162871015e-14,5.248682387892587e-17,2.9535654804831223e-14,1.300546971703755e-15,2.9392720896082025e-15,1.1102230246251565e-16,5.551115123125783e-17,2.220446049250313e-16,1.1102230246251565e-16,1.178951116625761e-16,0.0
quadratic,20260842,94,9850,5.0,True,True,32,2.9580033761961936e-08,2.6645352591003757e-15,-0.29717276866013087,1.198246074122592e-13,2.176334509432615e-16,1.1960697396131596e-13,,4.0508610766477936e-14,7.357444304986712e-17,4.0435036323428074e-14,2.0354088784794535e-15,4.62910959564411e-15,1.1102230246251565e-15,1.3877787807814457e-17,4.440892098500626e-16,6.661338147750939e-16,9.080038308541447e-16,0.0
quadratic,20260842,95,10805,5.00001,True,True,32,2.9580033761961936e-08,1.9984014443252818e-15,0.4663209422239143,1.228028323044911e-13,1.7241705748312862e-16,1.2263041524700799e-13,,4.1515446970992924e-14,5.828832342471703e-17,4.145715864756821e-14,1.865174681370263e-15,4.791306240647941e-15,4.440892098500626e-16,1.3877787807814457e-17,1.1102230246251565e-16,1.1102230246251565e-16,3.055756705873058e-16,0.0
quadratic,20260842,96,14807,5.00001,True,True,32,2.9580033761961936e-08,2.6645352591003757e-15,1.6563417401088543,1.3277218073328606e-13,4.930125421665985e-16,1.3227916819111946e-13,,4.488574347201143e-14,1.6667071651574032e-16,4.471907275549569e-14,2.283887364943179e-15,4.126907149348824e-15,2.220446049250313e-16,2.220446049250313e-16,4.440892098500626e-16,2.220446049250313e-16,4.1554061778827318e-16,0.0
quadratic,20260842,97,15672,5.00001,True,True,32,2.9580033761961936e-08,5.773159728050814e-15,3.0063249792216995,1.646045741323251e-13,6.842252768832599e-16,1.6392034885544184e-13,,5.5647189403818815e-14,2.313132170130011e-16,5.541587618680581e-14,4.413136522884997e-15,8.579942312181288e-15,4.440892098500626e-16,6.938893903907228e-18,8.881784197001252e-16,0.0,6.875452588214359e-16,0.0
quadratic,20260842,98,15698,5.00001,True,True,32,2.9580033761961936e-08,5.495603971894525e-15,4.489277722874353,2.5507677722257293e-13,8.72713050139743e-16,2.5420406417243317e-13,,8.623275391611812e-14,2.950345010295415e-16,8.593771941508857e-14,4.488473085270276e-15,1.1190267462657388e-14,8.881784197001252e-16,4.440892098500626e-16,8.881784197001252e-16,2.6645352591003757e-15,8.442981763458928e-16,0.0
quadratic,20260842,99,17110,5.00001,True,True,32,2.9580033761961936e-08,3.9968028886505635e-15,4.256037016287908,1.9746390782425315e-13,1.0001403640454602e-15,1.9646376746020768e-13,,6.675580880444407e-14,3.381133274200579e-16,6.641769547702401e-14,5.487673807432917e-15,9.902452122179106e-15,8.881784197001252e-16,1.734723475976807e-18,8.881784197001252e-16,0.0,7.930164461608274e-16,0.0
quadratic,20260843,0,18834,0.557,True,True,32,2.9658262552478835e-08,2.55351295663786e-15,-0.6419834450870654,1.182636082318135e-13,7.23805109763342e-16,1.1753980312205015e-13,,3.987543370841494e-14,2.4404838566743567e-16,3.9631385322747496e-14,1.4654943925052066e-15,3.1814828549414642e-15,5.551115123125783e-16,2.7755575615628914e-17,2.220446049250313e-16,1.3322676295501878e-15,1.64683081986065e-16,0.0
quadratic,20260843,1,12797,0.598,True,True,32,2.9658262552478835e-08,2.7755575615628914e-15,-0.8355022692107135,1.0037824469604798e-13,3.2649870736927975e-16,1.000517459886787e-13,,3.3844951139141624e-14,1.1008693000527471e-16,3.373486420913635e-14,2.0539125955565396e-15,4.536735570548345e-15,6.661338147750939e-16,4.163336342344337e-17,8.881784197001252e-16,2.220446049250313e-16,6.582036503134863e-16,0.0
quadratic,20260843,2,19817,0.656,True,True,32,2.9658262552478835e-08,1.7763568394002505e-15,-0.8044725726822743,4.6169412332615803e-14,1.5282191021907324e-16,4.601659042239673e-14,,1.556713318958631e-14,5.1527600427928775e-17,1.551560558915838e-14,1.2688263138573218e-15,1.954165995687873e-15,3.3306690738754696e-16,1.734723475976807e-18,2.220446049250313e-16,0.0,1.493514306936228e-16,0.0
quadratic,20260843,3,2319,0.682,True,True,32,2.9658262552478835e-08,1.6653345369377348e-15,-0.7995907096455981,5.648712350269756e-14,1.6335687040007838e-16,5.6323766632297484e-14,,1.9045998868863735e-14,5.5079716861709766e-17,1.8990919152002028e-14,1.2291754915492804e-15,1.868080343192524e-15,8.326672684688674e-17,1.3010426069826053e-18,0.0,1.1102230246251565e-16,8.987519723156059e-17,0.0
quadratic,20260843,4,2961,0.699,True,True,32,2.9658262552478835e-08,8.881784197001252e-16,-0.50728224793102,4.5714762993605736e-14,1.6961465301062745e-16,4.554514834059511e-14,,1.5413837176980854e-14,5.718967950684996e-17,1.5356647497474005e-14,6.661338147750939e-16,1.753805434212552e-15,2.220446049250313e-16,2.7755575615628914e-17,1.1102230246251565e-16,1.1102230246251565e-16,2.328824963558956e-16,0.0
quadratic,20260843,5,9528,0.7,True,True,32,2.9658262552478835e-08,3.9968028886505635e-15,-0.3914701903816462,1.6794525426440322e-13,3.4112511096285904e-16,1.6760412915344036e-13,,5.662680137355732e-14,1.1501857546754635e-16,5.6511782798089775e-14,2.627527824946204e-15,6.48699843841527e-15,2.220446049250313e-16,6.938893903907228e-17,1.1102230246251565e-16,5.551115123125783e-17,2.714759634023896e-16,4.440892098500626e-16
quadratic,20260843,6,2903,0.725,True,True,32,2.9658262552478835e-08,2.1094237467877974e-15,-0.30669657450483356,6.408205646018808e-14,2.102319641124274e-16,6.387182449607566e-14,,2.1606814069704196e-14,7.088478758336982e-17,2.1535929282120827e-14,1.522591576628786e-15,2.5916768731093498e-15,1.1102230246251565e-16,1.1102230246251565e-16,4.440892098500626e-16,0.0,3.994159500496689e-16,0.0
quadratic,20260843,7,2561,0.741,True,True,32,2.9658262552478835e-08,7.549516567451064e-15,-0.8591021729041968,1.9134041759250837e-13,6.634893940477282e-16,1.9067692819846064e-13,,6.451504610357431e-14,2.237114844046297e-16,6.429133461916969e-14,5.717648576819556e-15,9.481131157951239e-15,8.881784197001252e-16,2.220446049250313e-16,9.992007221626409e-16,3.3306690738754696e-16,8.337246237304128e-16,2.220446049250313e-16
quadratic,20260843,8,9579,0.797,True,True,32,2.9658262552478835e-08,1.6653345369377348e-15,-0.9887420372401372,6.791999378593808e-14,2.0746260199184992e-16,6.771253118394623e-14,,2.2900867394290882e-14,6.995103021451612e-17,2.2830916364076364e-14,1.3877787807814457e-15,2.8249971806282304e-15,3.3306690738754696e-16,2.7755575615628914e-17,2.220446049250313e-16,0.0,1.9138130234014614e-16,0.0
quadratic,20260843,9,12279,0.819,True,True,32,2.9658262552478835e-08,2.220446049250313e-15,-1.1451528725820785,1.0255866045222988e-13,3.9130043864524084e-16,1.0216736001358464e-13,,3.45801310075927e-14,1.319363998322066e-16,3.4448194607760496e-14,1.4802973661668755e-15,2.9518488348090344e-15,4.440892098500626e-16,2.220446049250313e-16,0.0,4.440892098500626e-16,1.657404372476126e-16,0.0
quadratic,20260843,10,5210,0.904,True,True,32,2.9658262552478835e-08,1.6653345369377348e-15,-0.6628142334015668,8.272369644449614e-14,3.6088030711904186e-16,8.23628161373771e-14,,2.7892293521281172e-14,1.2167951729487928e-16,2.7770614003986292e-14,1.45915026093592e-15,3.2335245592207684e-15,6.661338147750939e-16,1.1102230246251565e-16,0.0,1.1102230246251565e-16,2.4107699963289126e-16,0.0
quadratic,20260843,11,7482,0.932,True,True,32,2.9658262552478835e-08,1.7763568394002505e-15,-0.4326333889652483,8.228942236202757e-14,2.1204000030673389e-16,8.207738236172083e-14,,2.7745867518847567e-14,7.14944106828711e-17,2.7674373108164693e-14,1.6018932212448688e-15,2.927345865710862e-15,4.440892098500626e-16,2.220446049250313e-16,3.3306690738754696e-16,1.6653345369377348e-16,2.561443121099467e-16,0.0
quadratic,20260843,12,13055,0.961,True,True,32,2.9658262552478835e-08,1.9984014443252818e-15,-0.7073298745667902,8.459395371076499e-14,3.430134297466037e-16,8.425094028101838e-14,,2.8522895958952466e-14,1.1565526778234508e-16,2.8407240691170122e-14,1.9349601286324155e-15,3.788636071533347e-15,4.440892098500626e-16,6.938893903907228e-18,1.2212453270876722e-15,3.3306690738754696e-16,6.217248937900876e-16,0.0
quadratic,20260843,13,12827,0.962,True,True,32,2.9658262552478835e-08,1.887379141862766e-15,-0.23951321125658365,7.984860654206534e-14,3.971832680044731e-16,7.945142327406086e-14,,2.6922887475548226e-14,1.3391993792680094e-16,2.6788967537621425e-14,1.792217168323467e-15,2.74650094334028e-15,1.2212453270876722e-15,5.551115123125783e-17,2.498001805406602e-16,2.7755575615628914e-17,2.077703088941351e-16,0.0
quadratic,20260843,14,2997,1.002,True,True,32,2.9658262552478835e-08,1.5543122344752192e-15,-0.5224979300561687,4.693356163779083e-14,1.9364212201315285e-16,4.6739919515777676e-14,,1.5824784595774687e-14,6.529112137655152e-17,1.5759493474398135e-14,8.511709855459534e-16,2.403025695096872e-15,2.220446049250313e-16,6.938893903907228e-18,1.1102230246251565e-16,4.440892098500626e-16,2.0169051614023704e-16,0.0
quadratic,20260843,15,5030,1.01,True,True,32,2.9658262552478835e-08,3.219646771412954e-15,-0.22106965041142135,8.163072978816296e-14,3.550978955324526e-16,8.127563189263051e-14,,2.7523773398297154e-14,1.1972983747922668e-16,2.740404356081793e-14,3.164135620181696e-15,3.987045069098194e-15,5.551115123125783e-17,2.220446049250313e-16,1.1102230246251565e-16,6.661338147750939e-16,7.784778113145457e-17,0.0
quadratic,20260843,16,9116,1.026,True,True,32,2.9658262552478835e-08,2.220446049250313e-15,-0.6551123429740819,7.377484866397242e-14,2.395074879165313e-16,7.353534117605589e-14,,2.4874973216462514e-14,8.075573796433106e-17,2.4794217478498184e-14,2.4980018054066022e-15,4.657732532997727e-15,2.220446049250313e-16,2.42861286636753e-17,2.220446049250313e-16,1.1102230246251565e-16,2.4477774304830814e-16,0.0
quadratic,20260843,17,20015,1.034,True,True,32,2.9658262552478835e-08,6.661338147750939e-16,-0.8029895262370672,5.749234057887984e-14,1.9764631296517835e-16,5.729469426591466e-14,,1.9384932100169378e-14,6.664123112925207e-17,1.9318290869040127e-14,1.0824674490095276e-15,2.4403222498303734e-15,2.220446049250313e-16,0.0,1.1102230246251565e-16,1.1102230246251565e-16,7.216449660063526e-17,0.0
quadratic,20260843,18,1857,1.059,True,True,32,2.9658262552478835e-08,9.103828801926284e-15,-0.8398067191438605,1.7063947291383925e-13,8.735189737546241e-16,1.6976595394008464e-13,,5.753522230504943e-14,2.945280331944514e-16,5.724069427185498e-14,6.050715484207103e-15,5.511216483178316e-15,2.220446049250313e-15,4.440892098500626e-16,2.220446049250313e-15,4.440892098500626e-16,2.0766457336798163e-15,0.0
quadratic,20260843,19,19048,1.075,True,True,32,2.9658262552478835e-08,2.886579864025407e-15,-0.3125695787051448,1.0471406314800581e-13,2.741709802311389e-16,1.0443989216777467e-13,,3.530687711821265e-14,9.244337214494842e-17,3.52144337460677e-14,1.9984014443252818e-15,5.632647126496693e-15,2.220446049250313e-16,2.7755575615628914e-17,5.551115123125783e-17,2.7755575615628914e-16,1.2344622678570277e-16,0.0
quadratic,20260843,20,9519,1.089,True,True,32,2.9658262552478835e-08,5.329070518200751e-15,-0.6699755413045898,1.6878551920866748e-13,5.677259464460728e-16,1.682177932622214e-13,,5.691011700702622e-14,1.914225236362075e-16,5.671869448339002e-14,4.091964862189862e-15,5.229323918332085e-15,6.661338147750939e-16,3.469446951953614e-18,1.4432899320127035e-15,1.1102230246251565e-16,7.2349533771406e-16,2.220446049250313e-16
quadratic,20260843,21,2993,1.098,True,True,32,2.9658262552478835e-08,5.551115123125783e-16,0.005088934917619747,5.126936924772692e-14,1.2298363385877462e-16,5.1146385613868146e-14,,1.7286706919196057e-14,4.14669044220514e-17,1.7245240014774006e-14,4.891920202254596e-16,2.862727416230726e-15,1.6653345369377348e-16,4.336808689942018e-19,8.326672684688674e-17,5.551115123125783e-17,1.245035820472499e-16,0.0
quadratic,20260843,22,11936,1.16,True,True,32,2.9658262552478835e-08,3.219646771412954e-15,-0.3760738440335689,1.02182085544234e-13,3.794583694879557e-16,1.0180262717474604e-13,,3.445315967630532e-14,1.2794356001688326e-16,3.4325216116288435e-14,1.8397981550931167e-15,2.994132719535969e-15,8.881784197001252e-16,2.220446049250313e-16,4.996003610813204e-16,3.3306690738754696e-16,6.690415417443498e-16,0.0
quadratic,20260843,23,9470,1.162,True,True,32,2.9658262552478835e-08,4.884981308350689e-15,-0.03961083760167483,2.2701916250058598e-13,8.543146555594135e-16,2.2616484784502657e-13,,7.654499723268911e-14,2.880528331852703e-16,7.625694439950385e-14,4.773959005888173e-15,6.665674956440881e-15,8.881784197001252e-16,2.220446049250313e-16,7.216449660063518e-16,4.996003610813204e-16,1.942890293094028e-16,6.661338147750939e-16
quadratic,20260843,24,16444,1.167,True,True,32,2.9658262552478835e-08,2.220446049250313e-15,-0.5868622738401585,8.011116571702916e-14,2.4385049204745877e-16,7.98673152249817e-14,,2.7011415646913366e-14,8.222008676873007e-17,2.6929195560144638e-14,1.5543122344752192e-15,2.308483265656136e-15,1.1102230246251565e-16,3.469446951953614e-18,2.220446049250313e-16,0.0,2.6169542723307277e-16,0.0
quadratic,20260843,25,12155,1.172,True,True,32,2.9658262552478835e-08,1.5543122344752192e-15,-0.3522146308787528,1.1652223498251213e-13,3.7878100127352657e-16,1.161434539812386e-13,,3.928828763193116e-14,1.2771516895276392e-16,3.91605724629784e-14,1.7393494052460787e-15,5.850788603600776e-15,2.7755575615628914e-16,2.220446049250313e-16,0.0,0.0,1.5622423989368298e-16,0.0
quadratic,20260843,26,13083,1.18,True,True,32,2.9658262552478835e-08,2.7755575615628914e-15,-0.7601139611823808,1.0335279052890789e-13,4.611659103534576e-16,1.0289162461855443e-13,,3.484789115546813e-14,1.5549323212627416e-16,3.469239792334186e-14,2.0301221021717147e-15,3.795574965437254e-15,1.1102230246251565e-16,0.0,0.0,5.551115123125783e-16,6.740639792367003e-17,0.0
quadratic,20260843,27,12928,1.216,True,True,32,2.9658262552478835e-08,2.220446049250313e-15,-0.6137267274390408,9.489232161698025e-14,2.8793053837347726e-16,9.460439107860678e-14,,3.1995239589329604e-14,9.708273971342668e-17,3.1898156849616176e-14,1.4432899320127035e-15,2.967352925875577e-15,8.881784197001252e-16,1.1492543028346347e-17,6.661338147750939e-16,3.3306690738754696e-16,9.114402354541762e-16,0.0
quadratic,20260843,28,15342,1.256,True,True,32,2.9658262552478835e-08,3.774758283725532e-15,0.42908233980002763,1.0753465317587456e-13,4.819587138030486e-16,1.070526944620715e-13,,3.625790721408487e-14,1.6250402832945672e-16,3.609540318575541e-14,3.0808688933348094e-15,5.379811179873073e-15,4.440892098500626e-16,2.220446049250313e-16,1.6653345369377348e-16,4.440892098500626e-16,4.010019829419914e-16,0.0
quadratic,20260843,29,13936,1.286,True,True,32,2.9658262552478835e-08,1.6653345369377348e-15,0.3032942157298806,1.1111027462679112e-13,2.4925601430742293e-16,1.108610186124837e-13,,3.7463514401825447e-14,8.404268923925557e-17,3.737947171258619e-14,1.6336138790913019e-15,5.886242014641052e-15,5.551115123125783e-16,2.220446049250313e-16,6.661338147750939e-16,2.7755575615628914e-16,5.130816406660542e-16,0.0
quadratic,20260843,30,243,1.375,True,True,32,2.9658262552478835e-08,3.552713678800501e-15,0.5921655893299673,1.2330788671878678e-13,6.455773415847697e-16,1.2266230937720202e-13,,4.157623411034262e-14,2.1767200301853568e-16,4.135856210732409e-14,2.9976021664879227e-15,3.49069731453433e-15,4.440892098500626e-16,5.551115123125783e-17,5.551115123125783e-16,2.220446049250313e-16,3.190569501720387e-16,0.0
quadratic,20260843,31,12361,1.375,True,True,32,2.9658262552478835e-08,2.3869795029440866e-15,-0.6908682513114279,1.4774623323718505e-13,3.402990521647722e-16,1.4740593418502028e-13,,4.981621326460219e-14,1.1474004977959506e-16,4.9701473214822594e-14,2.7478019859472624e-15,5.1165668923935925e-15,4.440892098500626e-16,4.440892098500626e-16,6.661338147750939e-16,2.220446049250313e-16,2.7623406207935443e-16,0.0
quadratic,20260843,32,6134,1.385,True,True,32,2.9658262552478835e-08,1.5543122344752192e-15,-0.30967084476404616,7.594631562193733e-14,2.655035582922409e-16,7.568081206364509e-14,,2.560713578132032e-14,8.952094136412928e-17,2.5517614839956188e-14,1.6336138790913017e-15,2.5439719775199876e-15,1.2212453270876722e-15,2.220446049250313e-16,6.661338147750939e-16,2.220446049250313e-16,1.1715496297949273e-15,0.0
quadratic,20260843,33,1951,1.426,True,True,32,2.9658262552478835e-08,1.7208456881689926e-15,-0.7530590132490405,7.730375016534466e-14,2.2030265343457167e-16,7.708344751191008e-14,,2.60648276440872e-14,7.428036387659491e-17,2.5990547280210605e-14,9.040387486233417e-16,2.5925442348473382e-15,1.1102230246251565e-16,0.0,0.0,2.220446049250313e-16,5.789020056974022e-17,0.0
quadratic,20260843,34,10023,1.444,True,True,32,2.9658262552478835e-08,1.7763568394002505e-15,-0.6873620835800314,8.010460526131212e-14,3.4647745568769484e-16,7.975812780562442e-14,,2.7009203630715377e-14,1.1682324784690945e-16,2.6892380382868466e-14,1.919099799709199e-15,2.3091337869596273e-15,5.551115123125783e-16,4.163336342344337e-17,4.440892098500626e-16,4.440892098500626e-16,3.0346096006420936e-16,0.0
quadratic,20260843,35,9457,1.458,True,True,32,2.9658262552478835e-08,3.9968028886505635e-15,-0.8479136891030823,1.536920599055054e-13,5.407793921658175e-16,1.531512805133396e-13,,5.1820992424473575e-14,1.8233684161671136e-16,5.1638655582856863e-14,3.700743415417189e-15,4.217112770099618e-15,1.1102230246251565e-15,6.245004513516506e-17,4.440892098500626e-16,6.661338147750939e-16,1.7842870038618593e-16,2.220446049250313e-16
quadratic,20260843,36,2358,1.487,True,True,32,2.9658262552478835e-08,5.551115123125783e-16,-0.20179829540443328,3.957939919921195e-14,1.9920407915800346e-16,3.9380195120053947e-14,,1.334515099432347e-14,6.716646964923237e-17,1.3277984524674239e-14,4.625929269271486e-16,1.242495689668388e-15,5.551115123125783e-17,0.0,8.326672684688674e-17,3.3306690738754696e-16,9.25185853854298e-17,0.0
quadratic,20260843,37,15340,1.516,True,True,32,2.9658262552478835e-08,1.9984014443252818e-15,-0.3398707628071549,9.132027454829735e-14,5.064711051343854e-16,9.081380344316297e-14,,3.0790837590944724e-14,1.7076897348191242e-16,3.062006861746281e-14,3.2037864424897375e-15,5.418408777213557e-15,6.661338147750939e-16,2.220446049250313e-16,3.3306690738754696e-16,6.661338147750939e-16,5.876251866051723e-16,0.0
quadratic,20260843,38,7011,1.556,True,True,32,2.9658262552478835e-08,2.7755575615628914e-15,-0.2635016549608393,8.98986531711319e-14,2.762092803154117e-16,8.962244389081649e-14,,3.0311503585909884e-14,9.3130634279966e-17,3.021837295162992e-14,2.0539125955565396e-15,3.505876144949127e-15,3.3306690738754696e-16,0.0,0.0,1.1102230246251565e-16,1.14194368247159e-16,0.0
quadratic,20260843,39,4943,1.563,True,True,32,2.9658262552478835e-08,1.2212453270876722e-15,0.35391618903922306,7.907915393940661e-14,3.934105025875979e-16,7.868574343681901e-14,,2.6663447934443208e-14,1.326478588863651e-16,2.653080007555684e-14,1.1102230246251565e-15,3.273856880037229e-15,4.440892098500626e-16,2.220446049250313e-16,1.6653345369377348e-16,5.551115123125783e-17,4.2056305528062496e-16,0.0
quadratic,20260843,40,10139,1.595,True,True,32,2.9658262552478835e-08,2.4424906541753444e-15,0.21607016070590945,6.648059355829086e-14,2.9530053171263447e-16,6.618529302657823e-14,,2.241553882013713e-14,9.956771108560885e-17,2.231597110905152e-14,2.6367796834847468e-15,3.8870816287950305e-15,2.220446049250313e-16,2.42861286636753e-17,5.551115123125783e-17,0.0,2.1755084506345232e-16,0.0
quadratic,20260843,41,13689,1.6,True,True,32,2.9658262552478835e-08,2.4424906541753444e-15,-0.4613568139823936,6.893664500021025e-14,2.6458663302636807e-16,6.867205836718389e-14,,2.3243655921593605e-14,8.921177785050458e-17,2.31544441437431e-14,1.1472304587793285e-15,2.7929047963226594e-15,3.3306690738754696e-16,4.440892098500626e-16,2.220446049250313e-16,2.7755575615628914e-16,2.889223252179269e-16,0.0
quadratic,20260843,42,12306,1.611,True,True,32,2.9658262552478835e-08,2.886579864025407e-15,-0.15742792402207617,1.0614722688987087e-13,4.655977158051793e-16,1.0568162917406569e-13,,3.5790102910461654e-14,1.5698752244212792e-16,3.563311538801953e-14,1.919099799709199e-15,3.3350058825654116e-15,5.551115123125783e-16,4.440892098500626e-16,6.938893903907228e-16,1.3877787807814457e-16,4.858547426811992e-16,0.0
quadratic,20260843,43,14526,1.634,True,True,32,2.9658262552478835e-08,6.661338147750939e-15,0.259718071810757,1.1673084890395382e-13,5.025297720940271e-16,1.1622831913185979e-13,,3.9358626857323256e-14,1.694400577932795e-16,3.918918679952998e-14,3.3941103895683355e-15,6.970986288212799e-15,6.661338147750939e-16,2.220446049250313e-16,1.0547118733938987e-15,3.885780586188048e-16,9.164626729465286e-16,0.0
quadratic,20260843,44,17733,1.645,True,True,32,2.9658262552478835e-08,5.995204332975845e-15,0.693056811958747,9.464726378837073e-14,1.8884039710591335e-16,9.445842339126481e-14,,3.191261241986008e-14,6.367210377606226e-17,3.184894031608402e-14,2.4424906541753444e-15,4.277828091758806e-15,2.220446049250313e-16,2.0816681711721685e-17,4.440892098500626e-16,2.220446049250313e-16,2.122640687557142e-16,0.0
quadratic,20260843,45,6168,1.655,True,True,32,2.9658262552478835e-08,2.7755575615628914e-15,0.24471958943872574,6.752240858869968e-14,3.051626411882633e-16,6.721724594751141e-14,,2.276681193620904e-14,1.0289295964262675e-16,2.2663918976566413e-14,2.458350983098561e-15,3.4413661156862396e-15,2.220446049250313e-16,1.3877787807814457e-17,4.440892098500626e-16,3.885780586188048e-16,5.236551932815325e-16,0.0
quadratic,20260843,46,14636,1.663,True,True,32,2.9658262552478835e-08,2.4424906541753444e-15,0.43405214511670764,1.190892973685856e-13,4.1074741161239037e-16,1.186785499569732e-13,,4.015383475611997e-14,1.384934167622237e-16,4.0015341339357746e-14,2.0724163126336257e-15,3.956904248703097e-15,6.661338147750939e-16,2.220446049250313e-16,8.326672684688674e-16,3.3306690738754696e-16,5.490317195586781e-16,0.0
quadratic,20260843,47,13286,1.664,True,True,32,2.9658262552478835e-08,2.220446049250313e-15,0.24869980301633943,7.130125070060822e-14,1.9154857924675852e-16,7.110970212136146e-14,,2.404093988123686e-14,6.45852328361524e-17,2.3976354648400708e-14,2.3473286806360452e-15,2.933851078745775e-15,4.440892098500626e-16,5.551115123125783e-17,1.6653345369377348e-16,2.220446049250313e-16,1.810720885400554e-16,0.0
quadratic,20260843,48,14542,1.683,True,True,32,2.9658262552478835e-08,2.55351295663786e-15,0.5399403727296479,8.527004850392811e-14,4.358296544427185e-16,8.48342188494854e-14,,2.8750857658315944e-14,1.4695050111972656e-16,2.860390715719622e-14,1.966680786478849e-15,4.1581321719164066e-15,2.220446049250313e-16,5.551115123125783e-17,5.551115123125783e-16,0.0,4.1236855200362973e-16,0.0
quadratic,20260843,49,14720,1.772,True,True,32,2.9658262552478835e-08,3.9968028886505635e-15,0.37141585190110527,1.015090500082009e-13,5.872493298520439e-16,1.0092180067834886e-13,,3.4226229479419316e-14,1.9800530419235956e-16,3.402822417522695e-14,3.1086244689504383e-15,3.961241057393039e-15,4.440892098500626e-16,6.938893903907228e-18,5.551115123125783e-16,3.885780586188048e-16,6.029568378976153e-16,0.0
quadratic,20260843,50,7158,1.819,True,True,32,2.9658262552478835e-08,2.6645352591003757e-15,-0.7994152580547851,9.387487893512218e-14,1.6864403392287857e-16,9.37062349011993e-14,,3.165218419960212e-14,5.686241182350829e-17,3.159532178777861e-14,1.5173048003210472e-15,3.1047213411294905e-15,1.1102230246251565e-16,1.3877787807814457e-17,2.220446049250313e-16,1.1102230246251565e-16,1.7234890763228658e-16,0.0
quadratic,20260843,51,730,1.828,True,True,32,2.9658262552478835e-08,3.3306690738754696e-15,0.8418759506724183,1.2612866790182425e-13,5.296296635386761e-16,1.2559903823828557e-13,,4.2527328658799815e-14,1.7857744114360123e-16,4.234875121765621e-14,2.125284075711014e-15,7.960212350388574e-15,4.440892098500626e-16,2.7755575615628914e-17,1.1102230246251565e-16,7.771561172376096e-16,4.0364537109586033e-16,0.0
quadratic,20260843,52,738,1.869,True,True,32,2.9658262552478835e-08,2.6645352591003757e-15,1.0287539837806905,1.2212243309963152e-13,4.652498676081744e-16,1.2165718323202335e-13,,4.117652977261965e-14,1.5687023701571783e-16,4.101965953560393e-14,2.1316282072803005e-15,3.466871971793961e-15,1.5543122344752192e-15,5.551115123125783e-17,1.3322676295501878e-15,6.661338147750939e-16,1.0626420378555077e-15,0.0
quadratic,20260843,53,3461,1.894,True,True,32,2.9658262552478835e-08,1.2212453270876722e-15,0.4253946661557706,6.036756019835628e-14,1.7342794693728384e-16,6.0194132251419e-14,,2.0354381883139262e-14,5.847542371385094e-17,2.0295906459425414e-14,9.992007221626409e-16,2.7716544337419435e-15,2.220446049250313e-16,3.469446951953614e-18,3.3306690738754696e-16,5.551115123125783e-17,2.246879930789009e-16,0.0
quadratic,20260843,54,15343,1.898,True,True,32,2.9658262552478835e-08,3.552713678800501e-15,0.13516169096963404,1.1805938171516318e-13,3.310513239202219e-16,1.1772833039124295e-13,,3.980657380258298e-14,1.1162195470299142e-16,3.9694951847879986e-14,2.093563417864581e-15,6.119237061508187e-15,1.1102230246251565e-16,5.551115123125783e-17,2.498001805406602e-16,1.1102230246251565e-16,2.1570047335574492e-16,0.0
quadratic,20260843,55,8280,1.986,True,True,32,2.9658262552478835e-08,2.220446049250313e-15,0.44047173167264453,7.87618069309466e-14,3.2678886052210743e-16,7.84350180704245e-14,,2.655644672090331e-14,1.1018476215316748e-16,2.6446261958750143e-14,1.45915026093592e-15,3.967312589558958e-15,4.440892098500626e-16,5.551115123125783e-17,1.6653345369377348e-16,5.551115123125783e-16,1.3111205243192345e-16,0.0
quadratic,20260843,56,15471,1.99,True,True,32,2.9658262552478835e-08,1.5543122344752192e-15,-0.18273987581561957,9.276346225553379e-14,5.246382032512521e-16,9.223882405228254e-14,,3.127744320537773e-14,1.76894449674161e-16,3.110054875570357e-14,1.887379141862766e-15,2.8215277336762767e-15,4.440892098500626e-16,1.3877787807814457e-17,3.3306690738754696e-16,3.3306690738754696e-16,6.394355944210126e-16,0.0
quadratic,20260843,57,11110,2.013,True,True,32,2.9658262552478835e-08,2.220446049250313e-15,0.20913603556068106,8.364831851322075e-14,2.3098462626729776e-16,8.341733388695346e-14,,2.8204052198003565e-14,7.788204917890313e-17,2.8126170148824663e-14,2.394909667405695e-15,3.088675148976705e-15,3.3306690738754696e-16,1.1102230246251565e-16,1.1102230246251565e-16,5.551115123125783e-17,3.8117657178797024e-16,0.0
quadratic,20260843,58,14292,2.032,True,True,32,2.9658262552478835e-08,3.3306690738754696e-15,0.3268779984058685,1.3724171435546326e-13,7.256513511770602e-16,1.365160630042862e-13,,4.627436085057943e-14,2.4467089058000473e-16,4.6029689959999425e-14,2.55351295663786e-15,6.918077222195507e-15,1.3322676295501878e-15,4.440892098500626e-16,7.771561172376096e-16,2.220446049250313e-16,8.836846598385471e-16,0.0
quadratic,20260843,59,1456,2.041,True,True,32,2.9658262552478835e-08,4.218847493575595e-15,0.04396589227074199,1.0691053539384102e-13,3.6564214887493577e-16,1.0654489324496609e-13,,3.6047470820203336e-14,1.2328508732699699e-16,3.592418573287634e-14,4.0285235464969965e-15,3.3410435334134403e-15,4.440892098500626e-16,0.0,8.604228440844963e-16,3.885780586188048e-16,4.3906677235771044e-16,0.0
quadratic,20260843,60,15570,2.109,True,True,32,2.9658262552478835e-08,4.218847493575595e-15,0.597197496906624,1.0160094827505764e-13,6.553470357323613e-16,1.0094560123932528e-13,,3.425721520108596e-14,2.2096609151421363e-16,3.4036249109571744e-14,2.379049338482478e-15,4.698173274031436e-15,4.440892098500626e-16,2.220446049250313e-16,6.661338147750939e-16,2.220446049250313e-16,3.185282725412655e-16,0.0
quadratic,20260843,61,15883,2.173,True,True,32,2.9658262552478835e-08,2.6645352591003757e-15,1.2316891300778645,1.2893741134302668e-13,3.943687307933745e-16,1.285430426122333e-13,,4.3474364391669364e-14,1.3297094868438718e-16,4.334139344298498e-14,2.91830052187184e-15,4.089610594615323e-15,2.220446049250313e-16,3.469446951953614e-18,4.440892098500626e-16,2.220446049250313e-16,4.586278446963453e-16,0.0
quadratic,20260843,62,16663,2.193,True,True,32,2.9658262552478835e-08,1.1102230246251565e-15,1.0462897729401488,6.730508181208519e-14,3.754024207893619e-16,6.692967939129582e-14,,2.269353496112328e-14,1.2657599888904678e-16,2.2566958962234234e-14,8.405974329304756e-16,2.271620391791629e-15,3.3306690738754696e-16,2.220446049250313e-16,2.220446049250313e-16,0.0,2.8178517720248054e-16,0.0
quadratic,20260843,63,11025,2.223,True,True,32,2.9658262552478835e-08,8.881784197001252e-16,0.5218299994150388,2.886549299849878e-14,1.8730057187760995e-16,2.8678192426621166e-14,,9.732698585233275e-15,6.31529144858674e-17,9.669545670747407e-15,6.661338147750939e-16,2.2555741996388434e-15,6.661338147750939e-16,3.469446951953614e-18,5.551115123125783e-16,1.1102230246251565e-16,3.082190587411742e-16,0.0
quadratic,20260843,64,17449,2.231,True,True,32,2.9658262552478835e-08,1.3322676295501878e-15,2.0871212266807415,7.854050164864587e-14,2.0732836743716144e-16,7.83331732812087e-14,,2.648182829647297e-14,6.990576979022426e-17,2.6411922526682743e-14,1.970645868709653e-15,2.7356589216154248e-15,4.440892098500626e-16,2.7755575615628914e-17,4.440892098500626e-16,0.0,4.274358644806854e-16,0.0
quadratic,20260843,65,11267,2.256,True,True,32,2.9658262552478835e-08,2.220446049250313e-15,1.1132800500643196,1.1844669177352692e-13,2.8076705973384125e-16,1.181659247137931e-13,,3.993716474926383e-14,9.466739976323217e-17,3.9842497349500604e-14,2.257453483404485e-15,5.044575868140555e-15,6.661338147750939e-16,1.1102230246251565e-16,2.220446049250313e-16,2.220446049250313e-16,6.574106338673253e-16,0.0
quadratic,20260843,66,8013,2.262,True,True,32,2.9658262552478835e-08,2.4424906541753444e-15,1.0875620578855962,9.553347283226754e-14,2.5555781036330704e-16,9.527791502190423e-14,,3.2211419216896396e-14,8.616749208120674e-17,3.212525172481518e-14,2.1649348980190553e-15,2.0816681711721685e-15,4.440892098500626e-16,1.1102230246251565e-16,6.661338147750939e-16,4.440892098500626e-16,4.514906966808974e-16,0.0
quadratic,20260843,67,10222,2.296,True,True,32,2.9658262552478835e-08,2.4424906541753444e-15,0.9338568230667141,7.912611538207771e-14,2.5836641027679275e-16,7.886774897180091e-14,,2.6679282119803188e-14,8.711447942023781e-17,2.6592167640382952e-14,1.2212453270876722e-15,3.1112265541644035e-15,1.1102230246251565e-16,6.938893903907228e-18,2.220446049250313e-16,2.220446049250313e-16,3.729820685109745e-16,0.0
quadratic,20260843,68,13255,2.305,True,True,32,2.9658262552478835e-08,1.7763568394002505e-15,0.45790604402568547,7.88020793625002e-14,2.2057422026444174e-16,7.858150514223577e-14,,2.657002554450511e-14,7.437192919650857e-17,2.6495653615308604e-14,1.2053849981644557e-15,2.654126918244515e-15,2.220446049250313e-16,1.734723475976807e-17,2.220446049250313e-16,5.551115123125783e-17,1.2635395375495848e-16,0.0
quadratic,20260843,69,6618,2.306,True,True,32,2.9658262552478835e-08,2.1094237467877974e-15,0.36903714337285565,7.101928792076415e-14,2.767689351511141e-16,7.074251898561304e-14,,2.394586931554032e-14,9.331933543355248e-17,2.385254998010677e-14,1.1472304587793285e-15,2.815456201510358e-15,1.1102230246251565e-16,2.7755575615628914e-17,5.551115123125783e-17,2.220446049250313e-16,1.0520684852400293e-16,0.0
quadratic,20260843,70,15039,2.414,True,True,32,2.9658262552478835e-08,3.774758283725532e-15,1.1821411008557485,1.424359121885538e-13,6.558555781799313e-16,1.4178005661037389e-13,,4.8025710183298995e-14,2.2113755889085787e-16,4.780457262440814e-14,4.829470157119431e-15,5.924080670460796e-15,4.440892098500626e-16,2.220446049250313e-16,4.440892098500626e-16,4.440892098500626e-16,4.483186308962543e-16,0.0
quadratic,20260843,71,19348,2.446,True,True,32,2.9658262552478835e-08,3.9968028886505635e-15,0.42719163956362993,1.3346035482936753e-13,4.162148882822089e-16,1.330441399410853e-13,,4.499938409851757e-14,1.4033690865934481e-16,4.4859047189858226e-14,2.3536728122053318e-15,4.9296504378570916e-15,2.7755575615628914e-17,4.163336342344337e-17,5.551115123125783e-17,1.1102230246251565e-16,3.6373020997243233e-16,0.0
quadratic,20260843,72,11032,2.48,True,True,32,2.9658262552478835e-08,2.220446049250313e-15,0.508855617054105,6.89624712122456e-14,2.052322432370232e-16,6.875723896900857e-14,,2.3252363853148815e-14,6.919901085705033e-17,2.3183164842291764e-14,1.4802973661668755e-15,2.528088415693075e-15,2.220446049250313e-16,3.469446951953614e-18,1.1102230246251565e-16,2.220446049250313e-16,1.0837891430864654e-16,0.0
quadratic,20260843,73,19241,2.542,True,True,32,2.9658262552478835e-08,3.1086244689504383e-15,0.7399899693533707,1.1039124207173372e-13,4.960266242061087e-16,1.0989521544752761e-13,,3.722107519832015e-14,1.6724736431489e-16,3.705382783400526e-14,2.3473286806360452e-15,4.3546980257880286e-15,1.1102230246251565e-15,1.1102230246251565e-16,0.0,2.220446049250313e-16,6.825228213290843e-16,0.0
quadratic,20260843,74,16647,2.589,True,True,32,2.9658262552478835e-08,1.887379141862766e-15,1.3397512783755159,5.357563970837769e-14,1.4675347577364721e-16,5.342888623260404e-14,,1.8064321742913373e-14,4.9481481092823344e-17,1.801484026182055e-14,1.609823385706477e-15,3.103637138957005e-15,4.163336342344337e-17,1.734723475976807e-18,0.0,2.220446049250313e-16,6.132660516977068e-17,0.0
quadratic,20260843,75,20365,2.593,True,True,32,2.9658262552478835e-08,1.5543122344752192e-15,1.765588540637293,8.470886545944963e-14,3.4102082103960007e-16,8.436784463841003e-14,,2.8561641232206863e-14,1.149834115994423e-16,2.844665782060742e-14,1.5543122344752192e-15,3.309852392163748e-15,1.1102230246251565e-16,1.3877787807814457e-17,2.220446049250313e-16,6.661338147750939e-16,9.198990775465609e-17,0.0
quadratic,20260843,76,18638,2.624,True,True,32,2.9658262552478835e-08,3.552713678800501e-15,0.5072477176309811,8.963897539251313e-14,1.4479158612819735e-16,8.949418380638493e-14,,3.0223946946960015e-14,4.881998258394124e-17,3.0175126964376074e-14,2.125284075711014e-15,3.3237301799715624e-15,4.440892098500626e-16,0.0,2.220446049250313e-16,2.220446049250313e-16,2.40019644371343e-16,0.0
quadratic,20260843,77,8396,2.625,True,True,32,2.9658262552478835e-08,2.9976021664879227e-15,0.1749353077994633,8.264508042868247e-14,3.1556581917663583e-16,8.232951460950584e-14,,2.7865786231558936e-14,1.0640064252525166e-16,2.7759385589033688e-14,1.6018932212448688e-15,2.1484550249972756e-15,2.7755575615628914e-16,1.3877787807814457e-17,4.440892098500626e-16,3.3306690738754696e-16,4.64707637450244e-16,0.0
quadratic,20260843,78,19315,2.698,True,True,32,2.9658262552478835e-08,7.105427357601002e-15,0.6961793796165392,1.4790073927477869e-13,3.6781816844945106e-16,1.4753292110632924e-13,,4.9868308709276416e-14,1.240187849165523e-16,4.9744289924359866e-14,4.0602442043434294e-15,8.381099633747446e-15,1.3322676295501878e-15,6.938893903907228e-18,3.3306690738754696e-16,3.3306690738754696e-16,3.5421401261850264e-16,0.0
quadratic,20260843,79,17995,2.83,True,True,32,2.9658262552478835e-08,2.55351295663786e-15,2.2976767296944693,1.0064556042082852e-13,9.210824067748143e-16,9.972447801405371e-14,,3.393508309623369e-14,3.105651941495239e-16,3.362451790208417e-14,1.96139401017111e-15,3.653327640407156e-15,6.661338147750939e-16,6.938893903907228e-18,1.7763568394002505e-15,4.440892098500626e-16,1.5157187674287265e-15,2.220446049250313e-16
quadratic,20260843,80,14381,2.868,True,True,32,2.9658262552478835e-08,2.6645352591003757e-15,0.4315897869253871,1.3735609871723397e-13,6.50463479375436e-16,1.3670563523785854e-13,,4.631292830258991e-14,2.1931948246276158e-16,4.609360882012716e-14,2.4424906541753444e-15,5.6430554673525535e-15,4.440892098500626e-16,2.7755575615628914e-17,7.216449660063518e-16,1.1102230246251565e-16,5.857748148974639e-16,0.0
quadratic,20260843,81,15735,2.875,True,True,32,2.9658262552478835e-08,2.220446049250313e-15,0.2042129260592913,4.645608571275595e-14,2.533770151363648e-16,4.6202708697619587e-14,,1.5663792048018388e-14,8.543218426501777e-17,1.557835986375337e-14,2.093563417864581e-15,2.4130003550837387e-15,8.881784197001252e-16,6.505213034913027e-19,8.881784197001252e-16,5.551115123125783e-17,7.597097554220709e-16,0.0
quadratic,20260843,82,19114,2.911,True,True,32,2.9658262552478835e-08,5.329070518200751e-15,1.3197719542976303,1.5729557620038807e-13,4.659653119703268e-16,1.5682961088841776e-13,,5.3036005033019484e-14,1.5711146637326581e-16,5.287889356664622e-14,4.144832625267251e-15,4.624230685867925e-15,6.661338147750939e-16,6.938893903907228e-18,2.220446049250313e-16,2.220446049250313e-16,3.634658711570458e-16,0.0
quadratic,20260843,83,282,2.93,True,True,32,2.9658262552478835e-08,2.9976021664879227e-15,1.6868014725585623,1.1740257513679195e-13,4.971139240990874e-16,1.1690546121269286e-13,,3.9585115590993866e-14,1.676139737516548e-16,3.941750161724221e-14,1.7393494052460787e-15,4.8025819432417904e-15,8.881784197001252e-16,1.3877787807814457e-17,2.220446049250313e-16,0.0,6.67984186482802e-16,0.0
quadratic,20260843,84,4634,3.0,True,True,32,2.9658262552478835e-08,1.7763568394002505e-15,0.24821880667537433,7.879127657856827e-14,1.6654997486973544e-16,7.862472660369853e-14,,2.6566383124820942e-14,5.61563492045542e-17,2.651022677561639e-14,1.697055194784168e-15,2.473715676742927e-15,4.440892098500626e-16,1.1102230246251565e-16,5.551115123125783e-17,3.3306690738754696e-16,2.1596481217113142e-16,0.0
quadratic,20260843,85,9293,3.109,True,True,32,2.9658262552478835e-08,3.774758283725532e-15,1.2001559758606397,1.1384949837933536e-13,3.974612884187031e-16,1.1345203709091665e-13,,3.8387109891513126e-14,1.3401367922865167e-16,3.825309621228447e-14,2.2838873649431793e-15,3.4421250572069795e-15,4.440892098500626e-16,6.938893903907228e-18,6.661338147750939e-16,6.661338147750939e-16,4.472612756347063e-16,0.0
quadratic,20260843,86,1661,3.204,True,True,32,2.9658262552478835e-08,2.220446049250313e-15,1.5083464779295264,1.1562197874421804e-13,4.585534994045163e-16,1.1516342524481352e-13,,3.8984744483811434e-14,1.5461239463813109e-16,3.8830132089173296e-14,2.0261570199409107e-15,7.103692634125025e-15,6.661338147750939e-16,5.551115123125783e-17,1.1102230246251565e-15,4.440892098500626e-16,6.230465878670229e-16,0.0
quadratic,20260843,87,17862,3.205,True,True,32,2.9658262552478835e-08,1.887379141862766e-15,1.0495902328138496,1.1148682320416284e-13,2.7268923726207555e-16,1.1121413396690076e-13,,3.759047685510653e-14,9.19437666921875e-17,3.749853308841434e-14,2.0301221021717147e-15,4.839878497975292e-15,6.661338147750939e-16,6.938893903907228e-18,2.220446049250313e-16,2.220446049250313e-16,8.538143736998223e-16,0.0
quadratic,20260843,88,18118,3.401,True,True,32,2.9658262552478835e-08,4.884981308350689e-15,1.8657819375534481,1.1463513463549373e-13,3.6344883369433455e-16,1.142716858017994e-13,,3.8652006142521837e-14,1.2254555810584984e-16,3.8529460584415987e-14,2.1371793224034263e-15,3.447546068069407e-15,8.881784197001252e-16,1.3877787807814457e-17,2.220446049250313e-16,4.440892098500626e-16,7.525726074066246e-16,0.0
quadratic,20260843,89,11610,3.591,True,True,32,2.9658262552478835e-08,2.220446049250313e-15,1.5733038708076343,9.256886603560885e-14,3.2863561822257416e-16,9.224023041738627e-14,,3.1211830386831594e-14,1.1080744114429144e-16,3.11010229456873e-14,1.8715188129395497e-15,3.2043595207809084e-15,6.661338147750939e-16,8.673617379884035e-19,1.1102230246251565e-15,2.220446049250313e-16,7.689616139606143e-16,0.0
quadratic,20260843,90,1571,3.866,True,True,32,2.9658262552478835e-08,2.886579864025407e-15,1.4111159783311116,1.1834383093198946e-13,5.473434618900949e-16,1.1779648747009937e-13,,3.9902482730600246e-14,1.845500763645873e-16,3.971793265423566e-14,2.3037127760972e-15,6.260617024800297e-15,1.1102230246251565e-15,4.336808689942018e-19,1.5543122344752192e-15,2.220446049250313e-16,8.366323506996722e-16,0.0
quadratic,20260843,91,18148,4.473,True,True,32,2.9658262552478835e-08,7.105427357601002e-15,2.2559589877654043,1.50516152947451e-13,7.143963000531616e-16,1.4980175664739784e-13,,5.075015863829518e-14,2.4087597808168046e-16,5.0509282660213495e-14,5.689893001203927e-15,7.669212487293464e-15,4.440892098500626e-16,1.214306433183765e-17,4.440892098500626e-16,0.0,4.517550354962839e-16,0.0
quadratic,20260843,92,9313,4.878,True,True,32,2.9658262552478835e-08,2.220446049250313e-15,1.656543171978713,1.401330254712547e-13,4.708349285850321e-16,1.396621905426697e-13,,4.724923627043095e-14,1.5875337530373294e-16,4.709048289512722e-14,3.2989484160290367e-15,5.773159728050814e-15,4.440892098500626e-16,2.168404344971009e-19,1.5543122344752192e-15,2.220446049250313e-16,1.2801928829189588e-15,2.220446049250313e-16
quadratic,20260843,93,6702,4.932,True,True,32,2.9658262552478835e-08,2.3314683517128287e-15,0.8174716981462502,7.856182842166541e-14,2.403418073025959e-16,7.832148661436281e-14,,2.6489019133421628e-14,8.103704890916077e-17,2.640798208451247e-14,1.8397981550931167e-15,2.9993368899638995e-15,2.220446049250313e-16,2.7755575615628914e-17,1.1102230246251565e-16,1.1102230246251565e-16,1.3454845703195312e-16,0.0
quadratic,20260843,94,9850,5.0,True,True,32,2.9658262552478835e-08,3.9968028886505635e-15,-0.2810798476662233,1.0972762050827828e-13,3.138279979801668e-16,1.0941379251029811e-13,,3.699731914980544e-14,1.0581469410922626e-16,3.689150445569621e-14,2.5693732855610765e-15,4.628242233906121e-15,1.1102230246251565e-15,0.0,6.661338147750939e-16,2.220446049250313e-16,8.831559822077735e-16,0.0
quadratic,20260843,95,10805,5.00001,True,True,32,2.9658262552478835e-08,1.9984014443252818e-15,0.460725293945744,6.87217189569777e-14,3.81114617378114e-16,6.834060433959959e-14,,2.3171188411788455e-14,1.2850200402122357e-16,2.304268640776723e-14,9.674800643162078e-16,2.2567668220285775e-15,4.440892098500626e-16,5.551115123125783e-17,3.885780586188048e-16,6.661338147750939e-16,2.484784864637255e-16,0.0
quadratic,20260843,96,14807,5.00001,True,True,32,2.9658262552478835e-08,3.774758283725532e-15,1.7026034891500588,1.4063223964984792e-13,6.969045050037312e-16,1.399353351448442e-13,,4.741755839574422e-14,2.3497819663933215e-16,4.718258019910489e-14,3.241851231905457e-15,5.172945405362839e-15,8.881784197001252e-16,2.220446049250313e-16,6.661338147750939e-16,4.440892098500626e-16,5.918546076513618e-16,0.0
quadratic,20260843,97,15672,5.00001,True,True,32,2.9658262552478835e-08,4.218847493575595e-15,3.04464315932709,1.5737149926452e-13,4.834261298148314e-16,1.5688807313470517e-13,,5.306160432899901e-14,1.6299880310231683e-16,5.2898605525896684e-14,3.885780586188048e-15,8.614636781700824e-15,6.661338147750939e-16,1.3877787807814457e-17,4.440892098500626e-16,8.881784197001252e-16,1.1776294225488276e-15,0.0
quadratic,20260843,98,15698,5.00001,True,True,32,2.9658262552478835e-08,6.8833827526759706e-15,4.520298564139767,1.9828269317462023e-13,6.023496846810222e-16,1.976803434899392e-13,,6.685580209689248e-14,2.0309675376809213e-16,6.665270534312439e-14,4.409171440654193e-15,1.1155139312268858e-14,8.881784197001252e-16,1.1102230246251565e-16,0.0,0.0,6.632260878058385e-16,0.0
quadratic,20260843,99,17110,5.00001,True,True,32,2.9658262552478835e-08,7.549516567451064e-15,4.317153388222549,2.323393275886567e-13,1.4291705220064502e-15,2.3091015706665023e-13,,7.833881946979992e-14,4.818793816655994e-16,7.785694008813432e-14,5.9674487573602164e-15,1.135549987374418e-14,2.220446049250313e-15,4.440892098500626e-16,1.7763568394002505e-15,1.7763568394002505e-15,1.3864570867045113e-15,0.0
quadratic,20260844,0,18834,0.557,True,True,32,2.9751237848984338e-08,5.773159728050814e-15,-0.6164255897737498,1.514876073871595e-13,6.268619469406749e-16,1.5086074544021883e-13,,5.091808554524768e-14,2.1070113120085692e-16,5.070738441404682e-14,3.901640915111265e-15,4.1774309705866486e-15,2.220446049250313e-16,2.220446049250313e-16,5.551115123125783e-16,3.3306690738754696e-16,3.2064298306436063e-16,2.220446049250313e-16
quadratic,20260844,1,12797,0.598,True,True,32,2.9751237848984338e-08,1.9984014443252818e-15,-0.8206346361932788,1.0170237887322922e-13,3.1114988954243953e-16,1.0139122898368678e-13,,3.4184251219887036e-14,1.0458384660222187e-16,3.4079667373284817e-14,1.9032394707859826e-15,4.229255834431456e-15,6.661338147750939e-16,1.734723475976807e-17,4.440892098500626e-16,4.440892098500626e-16,3.423187659260897e-16,0.0
quadratic,20260844,2,19817,0.656,True,True,32,2.9751237848984338e-08,1.6653345369377348e-15,-0.808814987154221,5.87752069236558e-14,1.3357370765021464e-16,5.864163321600558e-14,,1.975555007895656e-14,4.4896857175566105e-17,1.9710653221780997e-14,1.030921380009074e-15,2.7582103268031233e-15,2.220446049250313e-16,1.3877787807814457e-17,2.220446049250313e-16,3.3306690738754696e-16,2.1570047335574423e-16,0.0
quadratic,20260844,3,2319,0.682,True,True,32,2.9751237848984338e-08,8.881784197001252e-16,-0.8100316231737585,5.973752973510236e-14,2.5259748668151644e-16,5.948493224842084e-14,,2.0079006473050568e-14,8.490318552918286e-17,1.9994103287521386e-14,9.251858538542972e-16,1.7004626873262652e-15,5.551115123125783e-16,8.673617379884035e-19,5.551115123125783e-16,2.220446049250313e-16,4.937849071428077e-16,0.0
quadratic,20260844,4,2961,0.699,True,True,32,2.9751237848984338e-08,9.992007221626409e-16,-0.47090995496098786,5.475529090983483e-14,1.419912468026922e-16,5.461329966303214e-14,,1.8404374025635405e-14,4.7726164377909937e-17,1.8356647861257496e-14,7.031412489292659e-16,1.9975340825872934e-15,2.220446049250313e-16,5.551115123125783e-17,1.1102230246251565e-16,1.1102230246251565e-16,9.463329590852491e-17,0.0
quadratic,20260844,5,9528,0.7,True,True,32,2.9751237848984338e-08,3.9968028886505635e-15,-0.40835013726588887,1.2559290888200382e-13,4.810109404039331e-16,1.251118979415999e-13,,4.221434735573242e-14,1.6167762257339289e-16,4.205266973315903e-14,4.345730124961327e-15,4.513750484491652e-15,8.881784197001252e-16,4.163336342344337e-17,1.1657341758564144e-15,2.220446049250313e-16,1.629384458045111e-15,4.440892098500626e-16
quadratic,20260844,6,2903,0.725,True,True,32,2.9751237848984338e-08,1.2212453270876722e-15,-0.3953935927109782,6.361876138328256e-14,1.8628451955596675e-16,6.343247686372659e-14,,2.1383567872438763e-14,6.261403996080325e-17,2.1320953832477958e-14,9.833403932394244e-16,3.3792413312028202e-15,3.3306690738754696e-16,5.551115123125783e-17,4.996003610813204e-16,2.220446049250313e-16,2.1992989440193568e-16,0.0
quadratic,20260844,7,2561,0.741,True,True,32,2.9751237848984338e-08,7.549516567451064e-15,-0.889546173798841,1.9586957097586377e-13,8.947930855257844e-16,1.94974777890338e-13,,6.583577193328461e-14,3.007582709894981e-16,6.553501366229511e-14,7.2957513046796e-15,7.645360039498783e-15,1.7763568394002505e-15,4.440892098500626e-16,2.3314683517128287e-15,7.771561172376096e-16,2.0668651975105006e-15,2.220446049250313e-16
quadratic,20260844,8,9579,0.797,True,True,32,2.9751237848984338e-08,3.1086244689504383e-15,-0.9214367734053075,7.409715822066192e-14,1.36074600661414e-16,7.39610836200005e-14,,2.4905571525048824e-14,4.5737458505801093e-17,2.4859834066543023e-14,1.4710455076283324e-15,2.4260107811535647e-15,3.3306690738754696e-16,1.3877787807814457e-17,5.551115123125783e-16,2.220446049250313e-16,2.2019423321732311e-16,0.0
quadratic,20260844,9,12279,0.819,True,True,32,2.9751237848984338e-08,2.4424906541753444e-15,-1.169446474116425,9.719170692595087e-14,1.3155810804892744e-16,9.706014881790193e-14,,3.266812205236322e-14,4.4219372893561346e-17,3.262390267946966e-14,1.6283271027835629e-15,3.0912772341906702e-15,4.440892098500626e-16,6.938893903907228e-18,2.220446049250313e-16,0.0,1.731419240784469e-16,0.0
quadratic,20260844,10,5210,0.904,True,True,32,2.9751237848984338e-08,1.5543122344752192e-15,-0.647180041515889,7.552591364812233e-14,1.8789533421223074e-16,7.53380183139101e-14,,2.538580546849437e-14,6.315546773750296e-17,2.5322650000756867e-14,1.2053849981644557e-15,3.41740524767431e-15,6.661338147750939e-16,2.7755575615628914e-17,2.220446049250313e-16,0.0,5.284132919584971e-16,0.0
quadratic,20260844,11,7482,0.932,True,True,32,2.9751237848984338e-08,2.1094237467877974e-15,-0.40875076130785026,1.0887515958029044e-13,3.2276621231881133e-16,1.0855239336797164e-13,,3.6595169630566235e-14,1.0848833045440161e-16,3.6486681300111834e-14,1.5913196686293911e-15,4.520689378395559e-15,8.881784197001252e-16,2.220446049250313e-16,4.996003610813204e-16,5.551115123125783e-17,5.963483675129417e-16,0.0
quadratic,20260844,12,13055,0.961,True,True,32,2.9751237848984338e-08,2.886579864025407e-15,-0.7077396013617177,9.415830809840453e-14,2.528061310638763e-16,9.390550196734066e-14,,3.164853461773489e-14,8.497331517670171e-17,3.156356130255819e-14,3.045183153257572e-15,6.44363035151585e-15,1.1102230246251565e-16,6.938893903907228e-18,2.220446049250313e-16,2.220446049250313e-16,1.0837891430864649e-16,0.0
quadratic,20260844,13,12827,0.962,True,True,32,2.9751237848984338e-08,2.55351295663786e-15,-0.23233675959232403,8.048201668291276e-14,3.431542469573397e-16,8.013886243595542e-14,,2.7051653141773493e-14,1.1534116620598174e-16,2.6936311975567512e-14,1.887379141862766e-15,3.863771282086592e-15,6.661338147750939e-16,3.2526065174565133e-19,1.3600232051658168e-15,3.0531133177191805e-16,7.552159955604933e-16,0.0
quadratic,20260844,14,2997,1.002,True,True,32,2.9751237848984338e-08,1.4432899320127035e-15,-0.5050060026263956,5.588877471764054e-14,1.9013834199240363e-16,5.5698636375648133e-14,,1.8785361133990092e-14,6.390938856310299e-17,1.872145174542699e-14,1.0785023667787234e-15,2.0088097851811426e-15,1.1102230246251565e-16,3.469446951953614e-18,1.1102230246251565e-16,2.220446049250313e-16,1.2238887152415397e-16,0.0
quadratic,20260844,15,5030,1.01,True,True,32,2.9751237848984338e-08,2.7755575615628914e-15,-0.23133854254352504,9.825917671279255e-14,2.994081090861087e-16,9.795976860370644e-14,,3.302692049707336e-14,1.0063719385589533e-16,3.292628330321746e-14,2.1094237467877974e-15,3.253907560063496e-15,4.440892098500626e-16,1.1102230246251565e-16,3.3306690738754696e-16,4.440892098500626e-16,3.8699202572648285e-16,0.0
quadratic,20260844,16,9116,1.026,True,True,32,2.9751237848984338e-08,1.6653345369377348e-15,-0.6715012474406601,6.951196604101795e-14,3.0067507676767033e-16,6.921129096425028e-14,,2.3364394582120214e-14,1.0106304762641495e-16,2.3263331534493798e-14,1.1736643403180226e-15,3.3020461365218523e-15,2.220446049250313e-16,1.3877787807814457e-17,4.440892098500626e-16,4.440892098500626e-16,2.2045857203270946e-16,0.0
quadratic,20260844,17,20015,1.034,True,True,32,2.9751237848984338e-08,1.887379141862766e-15,-0.7918063026617248,6.227613936484176e-14,1.1131890919970273e-16,6.216482045564206e-14,,2.0932285130774074e-14,3.741656389719024e-17,2.089486856687688e-14,1.6018932212448688e-15,2.416252961601195e-15,1.1102230246251565e-16,0.0,0.0,2.220446049250313e-16,1.0626420378555071e-16,0.0
quadratic,20260844,18,1857,1.059,True,True,32,2.9751237848984338e-08,8.770761894538737e-15,-0.8368023702831529,1.903462033613732e-13,6.290744292668244e-16,1.8971712893210637e-13,,6.397925502379435e-14,2.1144479179655376e-16,6.37678102319978e-14,5.329070518200751e-15,7.96498283994751e-15,4.440892098500626e-16,1.1102230246251565e-16,7.771561172376096e-16,1.5543122344752192e-15,1.3735044847505495e-15,0.0
quadratic,20260844,19,19048,1.075,True,True,32,2.9751237848984338e-08,4.440892098500626e-15,-0.3140716958191716,8.242653611884264e-14,2.0567018347169422e-16,8.222086593537095e-14,,2.770524592530746e-14,6.912995839556823e-17,2.763611596691189e-14,1.9825411154020653e-15,2.278559285695536e-15,8.881784197001252e-16,3.469446951953614e-18,6.661338147750939e-16,1.6653345369377348e-16,8.078194198224951e-16,0.0
quadratic,20260844,20,9519,1.089,True,True,32,2.9751237848984338e-08,3.941291737419306e-15,-0.6976111702819394,1.9831818169315946e-13,2.261355965866999e-16,1.9809204609657275e-13,,6.665880011440591e-14,7.600880263690266e-17,6.6582791311769e-14,4.3298697960381105e-15,1.250128472962686e-14,1.3322676295501878e-15,3.469446951953614e-18,2.220446049250313e-16,1.1102230246251565e-16,2.717403022177781e-16,2.220446049250313e-16
quadratic,20260844,21,2993,1.098,True,True,32,2.9751237848984338e-08,3.3306690738754696e-16,0.017502419457441132,3.953428193280759e-14,6.237640973761709e-17,3.947190552306997e-14,,1.3288281359411481e-14,2.096598805543364e-17,1.3267315371356046e-14,4.996003610813204e-16,2.357163943200735e-15,2.7755575615628914e-17,0.0,1.1102230246251565e-16,8.326672684688674e-17,6.714205910828314e-17,0.0
quadratic,20260844,22,11936,1.16,True,True,32,2.9751237848984338e-08,1.5543122344752192e-15,-0.41981258930925347,8.078161568902424e-14,2.946840853345652e-16,8.048693160368968e-14,,2.7152354500026962e-14,9.904935277999711e-17,2.7053305147246966e-14,9.992007221626409e-16,3.2803620930721422e-15,2.220446049250313e-16,1.1102230246251565e-16,2.220446049250313e-16,3.3306690738754696e-16,2.299747693866394e-16,0.0
quadratic,20260844,23,9470,1.162,True,True,32,2.9751237848984338e-08,3.9968028886505635e-15,-0.055942084710483675,1.4926713345842475e-13,7.071006520058328e-16,1.4856003280641892e-13,,5.017173880834693e-14,2.3767100232771395e-16,4.993406780601922e-14,2.8033131371785203e-15,9.057858629812898e-15,4.440892098500626e-16,4.440892098500626e-16,1.3877787807814457e-15,9.992007221626409e-16,5.590765945433833e-16,8.881784197001252e-16
quadratic,20260844,24,16444,1.167,True,True,32,2.9751237848984338e-08,1.7763568394002505e-15,-0.5880700995717381,8.399276283169166e-14,2.6725635180442574e-16,8.372550647988724e-14,,2.8231686781583458e-14,8.983033013987667e-17,2.8141856451443583e-14,1.2582527612418441e-15,3.013648358640708e-15,7.771561172376096e-16,3.469446951953614e-18,9.992007221626409e-16,1.1102230246251565e-16,5.659494037434425e-16,0.0
quadratic,20260844,25,12155,1.172,True,True,32,2.9751237848984338e-08,3.3306690738754696e-15,-0.3436692572367497,9.046675652319134e-14,2.4865402395831787e-16,9.021810249923303e-14,,3.040772857331035e-14,8.357770699171313e-17,3.032415086631864e-14,2.0301221021717147e-15,2.7911700728466826e-15,4.440892098500626e-16,1.1102230246251565e-16,5.551115123125783e-17,3.3306690738754696e-16,8.353106566227336e-17,0.0
quadratic,20260844,26,13083,1.18,True,True,32,2.9751237848984338e-08,2.4424906541753444e-15,-0.7340321550761131,8.857688474890536e-14,3.2173751097182233e-16,8.825514723793354e-14,,2.977250398740274e-14,1.0814256287585222e-16,2.966436142452689e-14,2.18872539140388e-15,3.573530360512223e-15,2.220446049250313e-16,2.7755575615628914e-17,0.0,4.440892098500626e-16,9.357594064697705e-17,0.0
quadratic,20260844,27,12928,1.216,True,True,32,2.9751237848984338e-08,2.1094237467877974e-15,-0.6011275032356163,9.922459266268705e-14,3.130964196571134e-16,9.891149624302993e-14,,3.3351416558311177e-14,1.0523811521603697e-16,3.324617844309514e-14,2.257453483404485e-15,3.5863239461475516e-15,4.440892098500626e-16,6.071532165918825e-18,2.220446049250313e-16,4.440892098500626e-16,4.2743586448068464e-16,0.0
quadratic,20260844,28,15342,1.256,True,True,32,2.9751237848984338e-08,2.886579864025407e-15,0.4080337965946177,8.870228229759212e-14,2.260075736069575e-16,8.847627472398516e-14,,2.9814652670198154e-14,7.59657714929912e-17,2.973868689870516e-14,1.8503717077085944e-15,4.245518867018738e-15,4.440892098500626e-16,2.220446049250313e-16,1.6653345369377348e-16,1.1102230246251565e-16,2.3764059503286044e-16,0.0
quadratic,20260844,29,13936,1.286,True,True,32,2.9751237848984338e-08,2.220446049250313e-15,0.3123779057334539,9.996144511302276e-14,3.6295991014321938e-16,9.959848520287954e-14,,3.3599087749027996e-14,1.2199825499213987e-16,3.3477089494035855e-14,1.2846866427805383e-15,4.030142105454493e-15,4.440892098500626e-16,1.1102230246251565e-16,6.661338147750939e-16,3.3306690738754696e-16,3.40468394218381e-16,0.0
quadratic,20260844,30,243,1.375,True,True,32,2.9751237848984338e-08,5.773159728050814e-15,0.5777559083797856,1.1408370011740613e-13,2.1925562390799975e-16,1.1386444449349812e-13,,3.834586671535778e-14,7.369630299785487e-17,3.827217041235993e-14,2.0777030889413645e-15,4.223617983134531e-15,1.6653345369377348e-16,1.1102230246251565e-16,2.220446049250313e-16,3.3306690738754696e-16,1.215958550779936e-16,0.0
quadratic,20260844,31,12361,1.375,True,True,32,2.9751237848984338e-08,4.9960036108132044e-15,-0.6083903467467844,1.4069933937344278e-13,4.989106019849201e-16,1.4020042877145787e-13,,4.729192784771678e-14,1.6769406520742538e-16,4.712423378250936e-14,2.55351295663786e-15,4.575766848757823e-15,6.661338147750939e-16,2.220446049250313e-16,2.220446049250313e-16,7.771561172376096e-16,1.1472304587793313e-16,0.0
quadratic,20260844,32,6134,1.385,True,True,32,2.9751237848984338e-08,1.9984014443252818e-15,-0.32728259854058295,7.386007237574065e-14,1.48566416692068e-16,7.371150595904858e-14,,2.482588211981308e-14,4.993621356065353e-17,2.4775945906252427e-14,1.697055194784168e-15,3.3280669886615044e-15,8.881784197001252e-16,2.168404344971009e-19,5.551115123125783e-16,0.0,7.322185186218292e-16,0.0
quadratic,20260844,33,1951,1.426,True,True,32,2.9751237848984338e-08,1.5543122344752192e-15,-0.741114373333243,7.858864293560965e-14,1.6945860534080177e-16,7.841918433026884e-14,,2.6415251471055194e-14,5.695850579426793e-17,2.6358292965260925e-14,1.3322676295501878e-15,2.0474073825216266e-15,5.551115123125783e-16,2.7755575615628914e-17,1.1102230246251565e-16,1.1102230246251565e-16,1.588676280475521e-16,0.0
quadratic,20260844,34,10023,1.444,True,True,32,2.9751237848984338e-08,4.385380947269368e-15,-0.6765686487556193,1.3094203404267505e-13,4.1157863327796104e-16,1.3053045540939708e-13,,4.401229781003724e-14,1.383400029831067e-16,4.3873957807054134e-14,4.107825191113079e-15,8.594470621292594e-15,3.3306690738754696e-16,2.7755575615628914e-17,0.0,6.661338147750939e-16,1.903239470785982e-16,0.0
quadratic,20260844,35,9457,1.458,True,True,32,2.9751237848984338e-08,4.884981308350689e-15,-0.9206969321994167,1.560528032647356e-13,7.432897716631522e-16,1.5530951349307245e-13,,5.2452541321759826e-14,2.498349061763583e-16,5.2202706415583474e-14,2.7385501274087196e-15,5.124373148035488e-15,8.881784197001252e-16,4.440892098500626e-16,2.220446049250313e-16,4.440892098500626e-16,5.96877045143715e-16,4.440892098500626e-16
quadratic,20260844,36,2358,1.487,True,True,32,2.9751237848984338e-08,1.0547118733938987e-15,-0.18590191825226676,5.052581926754237e-14,1.1326505209931417e-16,5.0412554215443054e-14,,1.6982762036325573e-14,3.807070236009722e-17,1.6944691333965475e-14,8.80248255238517e-16,3.0290440294900023e-15,1.1102230246251565e-16,3.469446951953614e-18,5.551115123125783e-17,2.7755575615628914e-17,7.031412489292663e-17,0.0
quadratic,20260844,37,15340,1.516,True,True,32,2.9751237848984338e-08,2.6645352591003757e-15,-0.32689261993120056,7.811506897675052e-14,4.16027992479142e-16,7.769904098427138e-14,,2.6256073570201805e-14,1.3983552368169602e-16,2.6116238046520108e-14,1.1842378929335002e-15,2.9906632725840154e-15,6.661338147750939e-16,2.220446049250313e-16,7.216449660063518e-16,6.661338147750939e-16,6.529168740057465e-16,0.0
quadratic,20260844,38,7011,1.556,True,True,32,2.9751237848984338e-08,2.4424906541753444e-15,-0.2350121793508031,9.680093976311528e-14,1.5003654320928288e-16,9.665090321990599e-14,,3.253677721057241e-14,5.0430353174163776e-17,3.2486346857398236e-14,1.9984014443252818e-15,5.093148125467906e-15,9.992007221626409e-16,2.220446049250313e-16,1.3322676295501878e-15,1.1102230246251565e-16,8.009466106224343e-16,0.0
quadratic,20260844,39,4943,1.563,True,True,32,2.9751237848984338e-08,1.887379141862766e-15,0.31566599704818343,7.946320803538903e-14,2.1376130032724222e-16,7.924944673506179e-14,,2.6709210702001694e-14,7.184954838258594e-17,2.663736115361911e-14,2.252166707096746e-15,3.3324037973514464e-15,3.3306690738754696e-16,2.220446049250313e-16,2.7755575615628914e-16,5.551115123125783e-17,1.3798486163198404e-16,0.0
quadratic,20260844,40,10139,1.595,True,True,32,2.9751237848984338e-08,1.609823385706477e-15,0.1816156507288944,6.999439025186089e-14,1.7144198542217035e-16,6.982294826643872e-14,,2.352654723381548e-14,5.762516043614741e-17,2.3468922073379332e-14,1.3600232051658168e-15,2.3585734060249663e-15,6.661338147750939e-16,4.5102810375396984e-17,1.6653345369377348e-16,2.498001805406602e-16,1.9534638457095006e-16,0.0
quadratic,20260844,41,13689,1.6,True,True,32,2.9751237848984338e-08,1.7763568394002505e-15,-0.47837593591409355,6.742108834682065e-14,2.568247780448686e-16,6.716426356877578e-14,,2.266160779226949e-14,8.632406468211414e-17,2.2575283727587375e-14,1.490870918782353e-15,1.4398204850607499e-15,2.220446049250313e-16,2.0816681711721685e-17,5.551115123125783e-17,3.3306690738754696e-16,1.3983523333969218e-16,0.0
quadratic,20260844,42,12306,1.611,True,True,32,2.9751237848984338e-08,2.7755575615628914e-15,-0.13392997347829994,1.3326661099886486e-13,3.663364254803878e-16,1.3290027457338448e-13,,4.479363570528356e-14,1.2313317090868337e-16,4.467050253437488e-14,2.093563417864581e-15,6.164719342643954e-15,4.440892098500626e-16,2.0816681711721685e-17,1.942890293094024e-16,3.885780586188048e-16,1.3877787807814457e-16,0.0
quadratic,20260844,43,14526,1.634,True,True,32,2.9751237848984338e-08,4.6629367034256575e-15,0.24455579668724003,1.254327763514217e-13,6.080598161227789e-16,1.2482471653529892e-13,,4.2160523534553973e-14,2.0438135018423685e-16,4.1956142184369736e-14,1.8397981550931163e-15,4.9439619065339e-15,4.440892098500626e-16,2.220446049250313e-16,4.996003610813204e-16,5.273559366969494e-16,7.713406632990958e-16,0.0
quadratic,20260844,44,17733,1.645,True,True,32,2.9751237848984338e-08,2.220446049250313e-15,0.6862027356795217,7.871786305525059e-14,1.857954669331636e-16,7.853206758831743e-14,,2.645868499819005e-14,6.244965936417546e-17,2.6396235338825874e-14,1.3692750637043598e-15,2.1510571102112408e-15,8.881784197001252e-16,2.7755575615628914e-17,8.881784197001252e-16,2.220446049250313e-16,5.627773379587998e-16,0.0
quadratic,20260844,45,6168,1.655,True,True,32,2.9751237848984338e-08,2.220446049250313e-15,0.22572039564229818,8.217530233907224e-14,2.8818455145388845e-16,8.188711778761835e-14,,2.7620801109583945e-14,9.68647264079221e-17,2.752393638317602e-14,1.7129155237073844e-15,3.648123469979225e-15,1.1102230246251565e-16,1.3010426069826053e-18,1.6653345369377348e-16,2.7755575615628914e-17,2.8337121009480204e-16,0.0
quadratic,20260844,46,14636,1.663,True,True,32,2.9751237848984338e-08,3.3306690738754696e-15,0.3861799605866738,1.8041078810501874e-13,3.4290639704999316e-16,1.8006788170796874e-13,,6.063975859450759e-14,1.1525785877904217e-16,6.052450073572854e-14,4.468647674116255e-15,6.475722735821421e-15,1.1102230246251565e-15,2.220446049250313e-16,1.2212453270876722e-15,1.1102230246251565e-16,1.1057292647635796e-15,0.0
quadratic,20260844,47,13286,1.664,True,True,32,2.9751237848984338e-08,3.1086244689504383e-15,0.2331004199011053,7.71754206403454e-14,2.1784383779339917e-16,7.695757680255201e-14,,2.5940238531278476e-14,7.322177278779546e-17,2.586701675849068e-14,1.3798486163198374e-15,3.3473657873317464e-15,4.440892098500626e-16,5.551115123125783e-17,6.106226635438361e-16,3.608224830031759e-16,3.497202527569238e-16,0.0
quadratic,20260844,48,14542,1.683,True,True,32,2.9751237848984338e-08,4.551914400963142e-15,0.5355251098489251,1.2050478938946924e-13,6.026346749663623e-16,1.1990215471450288e-13,,4.050412624884551e-14,2.0255784919783947e-16,4.030156839964767e-14,3.1363800445660672e-15,4.435471087638199e-15,4.440892098500626e-16,2.220446049250313e-16,0.0,3.3306690738754696e-16,1.9270299641708016e-16,0.0
quadratic,20260844,49,14720,1.772,True,True,32,2.9751237848984338e-08,2.4424906541753444e-15,0.36911109540647824,8.96057926105941e-14,5.241714800303351e-16,8.908162113056376e-14,,3.011834097976972e-14,1.7618476336715835e-16,2.9942156216402564e-14,2.146431180941969e-15,3.050619652722464e-15,4.440892098500626e-16,6.938893903907228e-18,5.551115123125783e-17,3.3306690738754696e-16,8.776048670846454e-17,0.0
quadratic,20260844,50,7158,1.819,True,True,32,2.9751237848984338e-08,3.6637359812630166e-15,-0.7958017110432649,9.037783748901855e-14,2.9373824801075917e-16,9.008409924100779e-14,,3.0377841065898344e-14,9.873143749572992e-17,3.0279109628402616e-14,2.1371793224034263e-15,3.2890357104520263e-15,3.3306690738754696e-16,1.3877787807814457e-17,0.0,2.220446049250313e-16,3.6822396983401077e-16,0.0
quadratic,20260844,51,730,1.828,True,True,32,2.9751237848984338e-08,4.218847493575595e-15,0.8520634780277347,1.3285987281200033e-13,2.866514379533189e-16,1.32573221374047e-13,,4.4656922675415993e-14,9.634941558006627e-17,4.4560573259835926e-14,2.886579864025407e-15,4.7683211545912485e-15,4.440892098500626e-16,5.551115123125783e-17,4.440892098500626e-16,2.220446049250313e-16,2.379049338482473e-16,0.0
quadratic,20260844,52,738,1.869,True,True,32,2.9751237848984338e-08,4.440892098500626e-15,1.0634464884547332,1.1442884736028553e-13,4.453364295634824e-16,1.1398351093072205e-13,,3.8461877768286527e-14,1.4968668928129509e-16,3.831219107900523e-14,3.6478756523398e-15,5.031999122939723e-15,4.440892098500626e-16,1.734723475976807e-18,6.661338147750939e-16,0.0,8.551360677767567e-16,0.0
quadratic,20260844,53,3461,1.894,True,True,32,2.9751237848984338e-08,7.771561172376096e-16,0.42617955523957796,5.227649806920417e-14,1.6832909900610888e-16,5.2108168970198065e-14,,1.7571201015082742e-14,5.657885559603879e-17,1.7514622159486704e-14,1.0547118733938987e-15,2.8729189166520896e-15,2.220446049250313e-16,4.336808689942018e-19,2.7755575615628914e-16,1.6653345369377348e-16,2.458350983098556e-16,0.0
quadratic,20260844,54,15343,1.898,True,True,32,2.9751237848984338e-08,4.218847493575595e-15,0.18256032354490004,1.0206773009452122e-13,2.5790588249686165e-16,1.0180982421202436e-13,,3.4307053243502493e-14,8.668744601686083e-17,3.422036579748563e-14,3.1086244689504383e-15,5.339478859056612e-15,3.3306690738754696e-16,4.163336342344337e-17,3.608224830031759e-16,1.1102230246251565e-16,3.76947150741779e-16,0.0
quadratic,20260844,55,8280,1.986,True,True,32,2.9751237848984338e-08,1.3322676295501878e-15,0.40945517222782546,6.940938812461886e-14,1.9369839726877219e-16,6.921568972735008e-14,,2.3329916044817068e-14,6.510599600997266e-17,2.3264810048807094e-14,2.1094237467877974e-15,2.6549942799825033e-15,2.220446049250313e-16,2.7755575615628914e-17,5.551115123125783e-17,1.1102230246251565e-16,1.0044874984703796e-16,0.0
quadratic,20260844,56,15471,1.99,True,True,32,2.9751237848984338e-08,3.1086244689504383e-15,-0.18634708276302026,1.232606588721533e-13,2.7785520247059414e-16,1.229828036696827e-13,,4.143043039009593e-14,9.33928207898347e-17,4.13370375693061e-14,2.727976574793242e-15,4.601354020028481e-15,4.440892098500626e-16,6.938893903907228e-18,7.216449660063518e-16,3.3306690738754696e-16,5.696501471588607e-16,0.0
quadratic,20260844,57,11110,2.013,True,True,32,2.9751237848984338e-08,2.220446049250313e-15,0.15227832403082808,9.209910963004206e-14,1.6090283041133224e-16,9.193820679963073e-14,,3.095639586410896e-14,5.4082734717817875e-17,3.0902313129391136e-14,1.9349601286324155e-15,4.5449755070592346e-15,4.440892098500626e-16,1.1102230246251565e-16,7.216449660063518e-16,2.7755575615628914e-16,3.359746343568036e-16,0.0
quadratic,20260844,58,14292,2.032,True,True,32,2.9751237848984338e-08,6.217248937900877e-15,0.2851762129237301,1.2899469026008584e-13,7.539645164813955e-16,1.2824072574360445e-13,,4.335775570578134e-14,2.534229064042573e-16,4.310433279937709e-14,4.6351811278100286e-15,5.317794815606902e-15,8.881784197001252e-16,5.551115123125783e-17,8.881784197001252e-16,4.440892098500626e-16,8.361036730688969e-16,0.0
quadratic,20260844,59,1456,2.041,True,True,32,2.9751237848984338e-08,4.440892098500626e-15,0.049536322204501326,8.924073670532243e-14,2.4066615638555167e-16,8.900007054893688e-14,,2.9995638217913335e-14,8.089282120198157e-17,2.991474539671135e-14,1.8397981550931167e-15,4.0314634768522095e-15,1.1102230246251565e-15,3.469446951953614e-18,3.3306690738754696e-16,0.0,5.572262228356726e-16,0.0
quadratic,20260844,60,15570,2.109,True,True,32,2.9751237848984338e-08,3.1086244689504383e-15,0.5671091326195816,1.3458716098436423e-13,4.986182546134106e-16,1.3408854272975082e-13,,4.5237499584898394e-14,1.6759580127199065e-16,4.5069903783626405e-14,4.155406177882729e-15,9.391792898938434e-15,4.440892098500626e-16,5.898059818321144e-17,3.3306690738754696e-16,1.1102230246251565e-16,5.455953149586474e-16,0.0
quadratic,20260844,61,15883,2.173,True,True,32,2.9751237848984338e-08,4.884981308350689e-15,1.3490133377743116,1.3470648827546797e-13,4.761051837168111e-16,1.3423038309175115e-13,,4.527760792987195e-14,1.6002869733807215e-16,4.5117579232533875e-14,3.1826393372587822e-15,5.9310195643647035e-15,6.661338147750939e-16,5.551115123125783e-17,1.1102230246251565e-15,2.220446049250313e-16,5.733508905742777e-16,0.0
quadratic,20260844,62,16663,2.193,True,True,32,2.9751237848984338e-08,2.1094237467877974e-15,1.0717201052128515,6.889682380327511e-14,1.6800693607485602e-16,6.872881686720026e-14,,2.315763268506394e-14,5.647057004069883e-17,2.3101162115023243e-14,1.490870918782353e-15,2.2690183065776637e-15,4.440892098500626e-16,1.734723475976807e-18,2.220446049250313e-16,2.220446049250313e-16,4.039097099112472e-16,0.0
quadratic,20260844,63,11025,2.223,True,True,32,2.9751237848984338e-08,1.3322676295501878e-15,0.5366281652910343,2.5805948813036516e-14,1.9044372560432032e-16,2.5615505087432197e-14,,8.67390760143363e-15,6.401203424576896e-17,8.609895567187861e-15,8.141635513917814e-16,1.7850304567801345e-15,6.661338147750939e-16,5.551115123125783e-17,9.992007221626409e-16,3.3306690738754696e-16,9.288865972697142e-16,0.0
quadratic,20260844,64,17449,2.231,True,True,32,2.9751237848984338e-08,1.4432899320127035e-15,2.10292482416686,7.791516894305514e-14,4.2265298403977763e-16,7.749251595901536e-14,,2.6188883077251538e-14,1.420623189479178e-16,2.6046820758303622e-14,1.4155343563970746e-15,3.790804475878318e-15,4.440892098500626e-16,2.7755575615628914e-17,4.440892098500626e-16,4.440892098500626e-16,5.796950221435642e-16,0.0
quadratic,20260844,65,11267,2.256,True,True,32,2.9751237848984338e-08,1.3322676295501878e-15,1.1206128520541252,9.065603808732411e-14,2.2334926153925617e-16,9.043268882578485e-14,,3.0471349981297993e-14,7.507225839575646e-17,3.039627772290224e-14,1.5543122344752192e-15,3.8484840314545465e-15,2.220446049250313e-16,2.7755575615628914e-17,2.220446049250313e-16,0.0,1.5067312477055633e-16,0.0
quadratic,20260844,66,8013,2.262,True,True,32,2.9751237848984338e-08,1.7763568394002505e-15,1.0848486369509878,7.986215442264066e-14,3.0534437412384133e-16,7.955681004851682e-14,,2.684330474853403e-14,1.0263249404066907e-16,2.6740672254493363e-14,1.4432899320127035e-15,2.411265631607762e-15,8.881784197001252e-16,2.168404344971009e-19,4.440892098500626e-16,2.220446049250313e-16,7.287821140217991e-16,0.0
quadratic,20260844,67,10222,2.296,True,True,32,2.9751237848984338e-08,2.4424906541753444e-15,0.9111111703227428,8.156803192538838e-14,1.8153881176097332e-16,8.13864931136274e-14,,2.7416685093717195e-14,6.101891043406477e-17,2.735566618328313e-14,1.4988010832439613e-15,2.3973878437999474e-15,2.220446049250313e-16,2.7755575615628914e-17,2.220446049250313e-16,1.1102230246251565e-16,1.3375544058579279e-16,0.0
quadratic,20260844,68,13255,2.305,True,True,32,2.9751237848984338e-08,2.1094237467877974e-15,0.42203605235273867,8.682434421722737e-14,2.0472318450270344e-16,8.661962103272466e-14,,2.918343924308058e-14,6.881165265857749e-17,2.9114627590422e-14,1.7287758526306009e-15,3.3824939377202767e-15,3.3306690738754696e-16,3.469446951953614e-18,2.7755575615628914e-16,0.0,4.2822888092684635e-16,0.0
quadratic,20260844,69,6618,2.306,True,True,32,2.9751237848984338e-08,1.3322676295501878e-15,0.367133202905886,6.362886666381688e-14,1.8973641275846096e-16,6.343913025105841e-14,,2.1386964464064835e-14,6.377429192074383e-17,2.1323190172144092e-14,1.2688263138573218e-15,2.6081567461311295e-15,3.3306690738754696e-16,2.7755575615628914e-17,5.551115123125783e-16,4.440892098500626e-16,3.396753777722207e-16,0.0
quadratic,20260844,70,15039,2.414,True,True,32,2.9751237848984338e-08,5.551115123125783e-15,1.149404694157116,1.1533839153265472e-13,6.757119665388795e-16,1.1466267956611583e-13,,3.8767594181494604e-14,2.2712062266745226e-16,3.854047355882715e-14,3.2037864424897375e-15,5.071680922452693e-15,8.881784197001252e-16,1.1102230246251565e-16,2.220446049250313e-16,6.661338147750939e-16,2.7834877260244986e-16,2.220446049250313e-16
quadratic,20260844,71,19348,2.446,True,True,32,2.9751237848984338e-08,4.440892098500626e-15,0.4379464915423703,1.544885860689846e-13,6.367075352403391e-16,1.5385187853374427e-13,,5.192677590531199e-14,2.1401043495138987e-16,5.17127654703606e-14,3.3306690738754696e-15,8.796565906243892e-15,6.661338147750939e-16,1.3877787807814457e-17,5.551115123125783e-17,8.326672684688674e-16,2.1358576283264762e-16,0.0
quadratic,20260844,72,11032,2.48,True,True,32,2.9751237848984338e-08,3.3306690738754696e-15,0.48619566480606724,8.345586488330335e-14,3.1839300541307906e-16,8.313747187789028e-14,,2.805122439171129e-14,1.0701840610102498e-16,2.7944205985610264e-14,4.746203430272544e-15,7.359564346831604e-15,4.440892098500626e-16,3.469446951953614e-18,7.771561172376096e-16,2.220446049250313e-16,4.0311669346508576e-16,0.0
quadratic,20260844,73,19241,2.542,True,True,32,2.9751237848984338e-08,4.6629367034256575e-15,0.7329788857599151,1.5227857159349383e-13,4.057022575030893e-16,1.5187286933599075e-13,,5.1183944804734364e-14,1.363648328054153e-16,5.1047579971928954e-14,3.9968028886505635e-15,8.902600878712974e-15,4.440892098500626e-16,1.1102230246251565e-16,6.661338147750939e-16,4.440892098500626e-16,6.79615094359829e-16,0.0
quadratic,20260844,74,16647,2.589,True,True,32,2.9751237848984338e-08,9.992007221626409e-16,1.35602234052028,6.579462297405326e-14,2.5153077372264667e-16,6.554309220033062e-14,,2.2114919489408537e-14,8.454464146984511e-17,2.2030374847938693e-14,7.401486830834377e-16,2.0972806824559598e-15,4.440892098500626e-16,1.734723475976807e-18,0.0,4.440892098500626e-16,6.106226635438349e-17,0.0
quadratic,20260844,75,20365,2.593,True,True,32,2.9751237848984338e-08,2.1094237467877974e-15,1.7698041743351507,8.507512470006106e-14,2.973798765934376e-16,8.477774482346762e-14,,2.85954907597115e-14,9.99554634005219e-17,2.8495535296310975e-14,1.3322676295501878e-15,4.133629202818234e-15,2.220446049250313e-16,1.734723475976807e-18,2.220446049250313e-16,2.220446049250313e-16,2.1067803586339343e-16,0.0
quadratic,20260844,76,18638,2.624,True,True,32,2.9751237848984338e-08,2.4424906541753444e-15,0.5026669435105371,7.745380684373715e-14,2.551964096391456e-16,7.7198610434098e-14,,2.6033809832346622e-14,8.577673673092483e-17,2.59480330956157e-14,1.7763568394002505e-15,2.4789198471708573e-15,2.220446049250313e-16,2.7755575615628914e-17,2.220446049250313e-16,1.1102230246251565e-16,2.9500211797182606e-16,0.0
quadratic,20260844,77,8396,2.625,True,True,32,2.9751237848984338e-08,1.3322676295501878e-15,0.13879891706381997,7.048494623714085e-14,1.679865750162004e-16,7.031695966212465e-14,,2.369143314134309e-14,5.646372627212727e-17,2.3634969415070968e-14,9.62193288008469e-16,2.61336091655906e-15,8.881784197001252e-16,2.220446049250313e-16,6.661338147750939e-16,1.6653345369377348e-16,3.4469781526457247e-16,0.0
quadratic,20260844,78,19315,2.698,True,True,32,2.9751237848984338e-08,4.884981308350689e-15,0.6885067700541738,1.626740326438323e-13,2.3942810882890224e-16,1.624346045350034e-13,,5.4678072041760694e-14,8.047668807739236e-17,5.45975953536833e-14,5.360791176047184e-15,3.794653393590641e-15,4.440892098500626e-16,6.938893903907228e-18,1.1102230246251565e-16,1.1102230246251565e-16,2.7068294695622837e-16,0.0
quadratic,20260844,79,17995,2.83,True,True,32,2.9751237848984338e-08,2.886579864025407e-15,2.315139936307835,1.3205959814858144e-13,8.003265502371217e-16,1.312592715983443e-13,,4.438793398073343e-14,2.6900613490421327e-16,4.411892784582921e-14,2.479498088329516e-15,6.47875850190438e-15,2.220446049250313e-16,2.7755575615628914e-17,4.440892098500626e-16,8.881784197001252e-16,3.68752647464784e-16,0.0
quadratic,20260844,80,14381,2.868,True,True,32,2.9751237848984338e-08,4.440892098500626e-15,0.3977547605417626,1.271844918568751e-13,3.7813047997003527e-16,1.2680636137690508e-13,,4.2749310970675123e-14,1.2709739402757122e-16,4.262221357664755e-14,2.379049338482478e-15,5.4175414154755686e-15,4.440892098500626e-16,2.220446049250313e-16,8.326672684688674e-16,1.1102230246251565e-16,4.46203920373158e-16,0.0
quadratic,20260844,81,15735,2.875,True,True,32,2.9751237848984338e-08,3.552713678800501e-15,0.17585007423650012,4.589446795483496e-14,4.208397849779827e-16,4.547362816985698e-14,,1.5426070063972727e-14,1.4145286563004286e-16,1.5284617198342683e-14,2.0724163126336257e-15,3.0010716134398763e-15,6.661338147750939e-16,3.469446951953614e-18,4.996003610813204e-16,6.106226635438361e-16,5.281489531431105e-16,0.0
quadratic,20260844,82,19114,2.911,True,True,32,2.9751237848984338e-08,6.217248937900877e-15,1.3325408332278974,1.276971574994933e-13,5.168673132516505e-16,1.2718029018624166e-13,,4.292162838658247e-14,1.7372968340854952e-16,4.2747898703173926e-14,2.812564995717063e-15,5.2692225582795515e-15,4.440892098500626e-16,2.0816681711721685e-17,0.0,6.661338147750939e-16,3.5077760801847054e-16,2.220446049250313e-16
quadratic,20260844,83,282,2.93,True,True,32,2.9751237848984338e-08,5.10702591327572e-15,1.7022330706770805,1.5295653297299536e-13,6.9339496515894e-16,1.522631380078364e-13,,5.1411821501140354e-14,2.3306424044558247e-16,5.117875726069477e-14,3.6637359812630166e-15,5.555126671163979e-15,4.440892098500626e-16,1.3877787807814457e-17,4.440892098500626e-16,2.220446049250313e-16,4.144832625267252e-16,0.0
quadratic,20260844,84,4634,3.0,True,True,32,2.9751237848984338e-08,1.3322676295501878e-15,0.32964978370903064,8.697641854423418e-14,1.6028431888626692e-16,8.681613422534792e-14,,2.923455453709918e-14,5.387484033432874e-17,2.9180679696764846e-14,1.4988010832439613e-15,3.152859917587847e-15,2.7755575615628914e-16,1.1102230246251565e-16,7.771561172376096e-16,2.220446049250313e-16,3.621441770801101e-16,0.0
quadratic,20260844,85,9293,3.109,True,True,32,2.9751237848984338e-08,3.9968028886505635e-15,1.2069878724553906,1.3031458862717237e-13,4.1702152179136954e-16,1.29897567105381e-13,,4.3801400563110056e-14,1.401694692194483e-16,4.366123109389061e-14,2.379049338482478e-15,7.509184246634604e-15,1.3322676295501878e-15,3.469446951953614e-18,1.3322676295501878e-15,4.440892098500626e-16,1.3113848631346196e-15,0.0
quadratic,20260844,86,1661,3.204,True,True,32,2.9751237848984338e-08,2.7755575615628914e-15,1.5260446693430019,1.323786610360511e-13,5.526143623803068e-16,1.3182604667367078e-13,,4.449517754790505e-14,1.8574499830405284e-16,4.4309432549601e-14,2.264854970235319e-15,4.428965874603286e-15,6.661338147750939e-16,6.245004513516506e-17,4.440892098500626e-16,2.220446049250313e-16,3.608224830031753e-16,0.0
quadratic,20260844,87,17862,3.205,True,True,32,2.9751237848984338e-08,2.6645352591003757e-15,1.066073271065396,9.678776218921052e-14,1.9240548617808234e-16,9.659535670303244e-14,,3.253234795825973e-14,6.467142212862608e-17,3.24676765361311e-14,2.1649348980190553e-15,3.969047313034935e-15,6.661338147750939e-16,5.551115123125783e-17,6.661338147750939e-16,2.220446049250313e-16,4.937849071428073e-16,0.0
quadratic,20260844,88,18118,3.401,True,True,32,2.9751237848984338e-08,2.220446049250313e-15,1.888204858904779,1.1873227114204632e-13,3.328746551094614e-16,1.1839939648693686e-13,,3.9908346585350454e-14,1.1188598497955446e-16,3.97964606003709e-14,1.6494742080145183e-15,4.766803271549769e-15,8.881784197001252e-16,0.0,1.5543122344752192e-15,2.220446049250313e-16,1.121853932502182e-15,0.0
quadratic,20260844,89,11610,3.591,True,True,32,2.9751237848984338e-08,2.886579864025407e-15,1.5514955712903784,1.0344105103933256e-13,2.7578050417053093e-16,1.0316527053516202e-13,,3.4768654522676904e-14,9.269547222551805e-17,3.4675959050451384e-14,1.8503717077085944e-15,4.780410008814462e-15,4.440892098500626e-16,2.220446049250313e-16,2.220446049250313e-16,6.661338147750939e-16,3.9254314084960895e-16,0.0
quadratic,20260844,90,1571,3.866,True,True,32,2.9751237848984338e-08,2.6645352591003757e-15,1.4338069557709245,1.0080243260059194e-13,3.496417771711067e-16,1.0045279082342083e-13,,3.3881760857232094e-14,1.1752175789991305e-16,3.376423909933218e-14,2.0301221021717147e-15,3.238728729648699e-15,1.7763568394002505e-15,1.3877787807814457e-17,1.9984014443252818e-15,0.0,1.678551477707082e-15,0.0
quadratic,20260844,91,18148,4.473,True,True,32,2.9751237848984338e-08,3.552713678800501e-15,2.2594344642248636,1.6943452779198476e-13,6.56755982269843e-16,1.6877777180971492e-13,,5.695041283728267e-14,2.2074912835677648e-16,5.6729663708925894e-14,2.6010939434075094e-15,8.23950283002084e-15,8.881784197001252e-16,1.0408340855860843e-17,8.881784197001252e-16,8.881784197001252e-16,9.939139458549027e-16,2.220446049250313e-16
quadratic,20260844,92,9313,4.878,True,True,32,2.9751237848984338e-08,3.9968028886505635e-15,1.7039405229451823,1.4398246101918728e-13,6.086708414899869e-16,1.433737901776973e-13,,4.83954522329573e-14,2.0458672831684078e-16,4.8190865504640465e-14,2.581268532253489e-15,4.714978407704962e-15,4.440892098500626e-16,2.7755575615628914e-17,6.661338147750939e-16,1.1102230246251565e-15,4.871764367581345e-16,2.220446049250313e-16
quadratic,20260844,93,6702,4.932,True,True,32,2.9751237848984338e-08,2.220446049250313e-15,0.8207956853458358,9.348592230924481e-14,2.333622558172207e-16,9.325256005342759e-14,,3.142253199136596e-14,7.843783072212148e-17,3.134409416064384e-14,1.7208456881689926e-15,5.545910952697852e-15,3.3306690738754696e-16,0.0,4.440892098500626e-16,0.0,2.40548322002117e-16,0.0
quadratic,20260844,94,9850,5.0,True,True,32,2.9751237848984338e-08,2.6645352591003757e-15,-0.2899860334379569,1.8474040914764767e-13,3.7613348282566646e-16,1.84364275664822e-13,,6.209503284716418e-14,1.2642616241209845e-16,6.196860668475209e-14,3.901640915111265e-15,7.381248390281314e-15,1.3322676295501878e-15,6.938893903907228e-18,7.771561172376096e-16,3.3306690738754696e-16,7.586524001605245e-16,0.0
quadratic,20260844,95,10805,5.00001,True,True,32,2.9751237848984338e-08,2.220446049250313e-15,0.4348087734369328,6.568437097141997e-14,1.6417918611923384e-16,6.552019178530074e-14,,2.207786153464614e-14,5.518398493286177e-17,2.202267754971328e-14,1.1379786002407855e-15,2.4537663567691936e-15,2.220446049250313e-16,5.551115123125783e-17,2.220446049250313e-16,0.0,3.5817909484930646e-16,0.0
quadratic,20260844,96,14807,5.00001,True,True,32,2.9751237848984338e-08,2.6645352591003757e-15,1.6493449524014012,1.5260924757694768e-13,8.372043964173454e-16,1.5177204318053034e-13,,5.129509177116727e-14,2.8140153383430607e-16,5.101369023733297e-14,3.241851231905457e-15,7.123641954098758e-15,8.881784197001252e-16,2.220446049250313e-16,2.220446049250313e-16,6.661338147750939e-16,6.227822490516357e-16,0.0
quadratic,20260844,97,15672,5.00001,True,True,32,2.9751237848984338e-08,4.218847493575595e-15,3.0613774220919554,1.9794257792053804e-13,9.772151672516283e-16,1.9696536275328642e-13,,6.653255199843576e-14,3.284620197021446e-16,6.620408997873362e-14,4.0602442043434294e-15,6.7157650968097116e-15,1.3322676295501878e-15,6.938893903907228e-18,1.7763568394002505e-15,1.3322676295501878e-15,1.4419682379357713e-15,0.0
quadratic,20260844,98,15698,5.00001,True,True,32,2.9751237848984338e-08,3.9968028886505635e-15,4.682829749764956,1.638308446102393e-13,1.412011990053369e-15,1.6241883262018592e-13,,5.5066900221710344e-14,4.746061314223849e-16,5.4592294090287965e-14,3.58046925441613e-15,6.565603095920469e-15,4.440892098500626e-16,1.1102230246251565e-16,0.0,8.881784197001252e-16,8.503779690997926e-16,0.0
quadratic,20260844,99,17110,5.00001,True,True,32,2.9751237848984338e-08,5.717648576819556e-15,4.464332698813919,2.397781473724403e-13,9.891971501178417e-16,2.3878895022232245e-13,,8.059434319658937e-14,3.324894093949813e-16,8.026185378719438e-14,5.852461372666897e-15,1.1944546914055554e-14,1.3322676295501878e-15,4.440892098500626e-16,8.881784197001252e-16,8.881784197001252e-16,1.685952964537916e-15,0.0
