family,seed,audit_id,dataset_index,target,output_scale_s,resolved,certification_pass,quadrature_order,nested_quadrature_error,endpoint_change,R,D,H,chi,R_over_s,D_over_s,H_over_s,interaction_pot_mass_M,R_over_M,H_over_M,signed_cosine,spearman_abs,top3_jaccard,false_consensus_primary,max_abs_transfer_entry,pot_conservation_error,bshap_reconstruction_error,ig_reconstruction_error,bshap_completeness_error,ig_completeness_error,margin_gap_error,interior_mobius_reconstruction_error,R_order2,R_order2_over_s,R_order3,R_order3_over_s,R_order4,R_order4_over_s,R_order5,R_order5_over_s,R_order6,R_order6_over_s,R_order7,R_order7_over_s,R_order8,R_order8_over_s,bshap_0,ig_0,bshap_1,ig_1,bshap_2,ig_2,bshap_3,ig_3,bshap_4,ig_4,bshap_5,ig_5,bshap_6,ig_6,bshap_7,ig_7
smooth_crossnet,20260840,0,18834,0.557,3.4684034206752097,True,True,64,4.518993901303503e-09,-0.015192359262888422,7.887112363110637,1.7504040233567966,6.13670833975384,0.778067822192602,2.273989327797173,0.5046714038288076,1.7693179239683656,22.384418738416272,0.35234832118176596,0.2741508909151161,0.7767791728299235,0.9047619047619048,1.0,False,1.818066988646077,2.0723006644018938e-14,4.440892098500626e-16,1.1102230246251565e-16,1.0547118733938987e-15,1.1379786002407855e-15,8.881784197001252e-16,2.220446049250313e-16,3.04395305150882,0.8776237024112495,2.59897680722504,0.7493294441276631,1.3356115662650991,0.38507964739727124,0.6775272780441413,0.19534269687470324,0.19819087179779254,0.057141816495847486,0.03014882031054765,0.008692420302329895,0.0027039679591925117,0.00077960018810791,-0.36916238757493725,-0.34156901392813604,0.06661745663078592,0.1876354604672328,-0.06535599392578183,-0.05549654957080803,0.05607852785478818,0.023409308594963384,0.004002183614352159,0.007665124771560371,0.26372425850763426,0.20110970906336698,-1.8870765479554281,-0.29880628759406125,1.9159801435856993,0.2608598889329945
smooth_crossnet,20260840,1,12797,0.598,3.4684034206752097,True,True,64,9.506284648352903e-15,-0.0801792381612576,2.5399911135648257,0.43146617929955783,2.108524934265268,0.8301308311689313,0.7323228602601118,0.12439907558837615,0.6079237846717358,4.759803112984702,0.5336336510717747,0.44298574630392373,0.763111676754293,0.7380952380952381,0.5,False,0.40079955026661607,7.789342088004858e-15,1.1102230246251565e-16,1.3877787807814457e-17,2.220446049250313e-16,9.43689570931383e-16,1.6653345369377348e-16,0.0,0.8105976463339192,0.2337091589467169,1.0176367495513947,0.293402071825107,0.47899607617261086,0.13810275740051098,0.19099681980493777,0.05506764832095442,0.0379157808944491,0.010931767818135719,0.003708498247140043,0.001069223442992134,0.0001395425603719617,4.023250569416067e-05,-0.126607767154541,-0.10841096198658512,-0.16020416712251928,-0.2122171088136004,-0.057510404225827184,-0.0628636686753317,0.0006435738812616393,0.00022724058642973558,0.017796471879972728,0.02646692595471419,-0.07189785227144768,-0.06207386452827917,-0.3469636982942915,0.04781123401940098,0.6645646051461349,0.29088096528199486
smooth_crossnet,20260840,2,19817,0.656,3.4684034206752097,True,True,32,1.1449174941446927e-15,-0.24366348860251086,0.14550838992307372,0.038903349209633,0.10660504071344071,0.7326384462765333,0.04195255634211863,0.01121650064630011,0.030736055695818516,0.9968277623072481,0.14597144604628726,0.1069442934320907,0.9868031995530357,0.880952380952381,1.0,False,0.024387159020238407,6.026429355543428e-15,1.1102230246251565e-16,2.7755575615628914e-17,1.3877787807814457e-16,2.7755575615628914e-16,1.3357370765021415e-16,0.0,0.08226347482148441,0.023717966119832106,0.03508528408770597,0.01011568720021495,0.02223419606501826,0.006410498828504162,0.004405258459220161,0.0012701113235445284,0.0013060300459150896,0.00037655078937179657,0.00021276885742376643,6.134489896862856e-05,1.3775863055023006e-06,3.9718168229522727e-07,-0.21759590165126746,-0.21136628102232635,0.0559084628542027,0.06495278013716103,-0.0038675413525609517,0.011582391847641156,0.01073958401219928,0.008477788149503314,-0.011410076340230736,-0.01526902109988698,-0.03677466511328804,-0.0300269705674345,-0.04943456566336036,-0.0822171742506413,0.008771214651794553,0.010202998203472483
smooth_crossnet,20260840,3,2319,0.682,3.4684034206752097,True,True,32,1.1639994523804376e-15,-0.15334835446731598,0.23072458190990364,0.062295721208213924,0.16842886070168972,0.7299996355284762,0.06652184129866515,0.017960921395956453,0.0485609199027087,1.1357794520742148,0.20314206379464195,0.1482936325305911,0.9728965233719826,0.9285714285714287,1.0,False,0.0457864550987549,3.606490106555782e-15,1.1102230246251565e-16,1.3877787807814457e-17,8.326672684688674e-17,4.440892098500626e-16,9.367506770274758e-17,0.0,0.11527823854476041,0.03323668690256299,0.07156048911250562,0.020632112367878652,0.03056823096352521,0.008813343563585332,0.011139078309579643,0.0032115867038936172,0.002114165871203349,0.0006095501632251806,6.039102567566893e-05,1.7411765112350263e-05,3.988082653104538e-06,1.1498324068450376e-06,-0.26054503651378735,-0.2370301870791439,0.014516948392524468,0.015255857986509583,-0.02177456474785638,-0.009187778516238438,0.04106086421938084,0.033880054170078035,-0.001923210523669111,-0.0024792628309764316,-0.020771834440310315,-0.015583061324044028,0.022743223737186284,-0.03181563511441773,0.07334525540921567,0.09361165824091645
smooth_crossnet,20260840,4,2961,0.699,3.4684034206752097,True,True,32,1.4932499681208355e-14,0.4366749344874816,0.5796517293840387,0.08296721392840221,0.4966845154556365,0.8568671329307228,0.16712350297221057,0.023920866135073358,0.14320263683713721,3.3106150772745213,0.17508883269547593,0.15002786607995947,0.9963247887690029,0.9761904761904763,1.0,False,0.057228629629680505,5.395423691156864e-15,8.326672684688674e-17,1.3877787807814457e-17,5.551115123125783e-17,6.106226635438361e-16,9.020562075079397e-17,0.0,0.21286139604430832,0.06137157943491753,0.17888690402148588,0.051576152576467346,0.14142825641297654,0.04077618409955439,0.03549560898261404,0.010233990882094087,0.009133502726626929,0.002633344977167872,0.0017662628958133992,0.0005092437878721596,7.979830021262479e-05,2.3007214136898207e-05,-0.4488527883664929,-0.47400467800886376,-0.018014114516532377,-0.045978824421280276,0.05826877623162456,0.0691148676387387,0.03933371292720441,0.05055647512307625,0.324227683499581,0.29854642538680143,0.21795605380941127,0.2613264700053882,0.3106097152220366,0.3281376593514755,-0.046854104319350914,-0.05102346058785507
smooth_crossnet,20260840,5,9528,0.7,3.4684034206752097,True,True,64,1.262767668208653e-11,0.2775470698265623,7.98756991518693,1.8907395614393014,6.096830353747629,0.763289763781047,2.302952957424991,0.5451325385532063,1.757820418871785,19.736382139182027,0.4047129741843342,0.3089132704642854,0.9865563623532788,0.8571428571428572,0.5,False,1.479004291416763,2.796981396491205e-14,2.6645352591003757e-15,4.440892098500626e-16,2.220446049250313e-15,1.7763568394002505e-15,2.220446049250313e-15,0.0,2.8096105311000334,0.8100587475931719,1.8793495605014654,0.5418486065659582,2.1263307204718194,0.6130574972325097,0.9281106424539786,0.2675901646623619,0.2194284673328275,0.06326497835425107,0.023746871218680937,0.006846628935124862,0.0009931221081228077,0.00028633408161311065,-0.3914933355938375,-0.24294196348357397,-0.11322422720992154,-0.25847813973277683,-0.12541992140433933,-0.08344993802216094,0.0017653411145169128,0.004484412627668362,0.1728831940831101,0.2308216604947364,-0.07418176974246148,-0.042999690213371064,-2.6689438404765964,-1.0605652519836046,3.4761616290560893,1.7306759801396467
smooth_crossnet,20260840,6,2903,0.725,3.4684034206752097,True,True,32,1.5443202272535927e-13,0.23780099873418137,2.2004842589500035,0.30243334656451043,1.8980509123854932,0.8625605498724079,0.634437230061786,0.0871967040401645,0.5472405260216215,8.978292795028986,0.24508938494056978,0.21140443464222813,0.8518885887198037,0.5476190476190477,0.5,False,0.14944499172518755,4.7167131311809385e-15,1.1102230246251565e-16,5.551115123125783e-17,2.220446049250313e-16,1.6653345369377348e-16,7.979727989493313e-17,0.0,0.6988788278716558,0.20149871370372535,0.6031568895857786,0.17390044248899955,0.5286214618782591,0.15241060446634838,0.24765967778683523,0.07140451895259121,0.09981695362960014,0.028778934144335588,0.018717393897609888,0.0053965446424240025,0.0036330543002639,0.0010474716633616505,-0.29895184571836464,-0.35545106805041415,0.027058316867979295,-0.11016165922195913,0.02646610534698329,0.27988498454649563,-0.043055717667029994,0.0038249952297007526,0.038093387442901874,-0.04173588836140144,0.19333879094832582,0.1697378405614891,0.31960263548373163,0.3143187135323493,-0.024750673970346054,-0.022616919502078833
smooth_crossnet,20260840,7,2561,0.741,3.4684034206752097,True,True,64,2.232475870833639e-09,-0.3527304438703114,17.125849880127856,4.908999979277446,12.21684990085041,0.7133572924183078,4.9376752940676925,1.4153486154507913,3.522326678616901,36.13254694300466,0.4739729504023645,0.33811206057854765,0.9556876125532924,0.8333333333333335,0.5,False,4.226718246306168,3.3795882758980156e-14,8.881784197001252e-16,1.1102230246251565e-16,3.3306690738754696e-16,1.3322676295501878e-15,1.6653345369377348e-16,4.440892098500626e-16,5.988959985565841,1.7267195476355353,4.058056466225362,1.1700070533996192,4.215518493103169,1.2154060476282529,2.2315127115599473,0.643383263393717,0.507633076623778,0.14635929419218333,0.11795797798131875,0.034009301593398655,0.006211169068433567,0.0017907862249842929,-0.6048816235639083,-0.25321859615253595,-0.052179312683087745,-0.414487808602172,-0.13675605761854223,-0.07444617242990856,0.03780174417910155,-0.0016274144437181514,0.016183076671654747,0.04520365595838719,0.2651132673404788,0.11042359289071986,-5.389643509631405,-0.9236370222406957,5.5116319714353965,1.1590593211496132
smooth_crossnet,20260840,8,9579,0.797,3.4684034206752097,True,True,32,9.808820422563258e-14,-0.040885594299044925,1.6546132505864262,0.1895186853437792,1.465094565242647,0.8854604329582093,0.4770532864554479,0.05464147688647036,0.42241180956897756,4.755379755327809,0.3479455555011435,0.30809202221992715,0.9501856477911803,0.9523809523809524,1.0,False,0.11055319832235996,3.972516759986888e-15,6.938893903907228e-17,5.551115123125783e-17,1.1102230246251565e-16,6.38378239159465e-16,1.1102230246251565e-16,0.0,0.39095545691996963,0.11271914177845568,0.6378789835547765,0.1839114157691027,0.4315443114269342,0.12442160241640043,0.150448582280795,0.043376898253521645,0.038915845021873036,0.011220103402590092,0.004543249253334314,0.0013098964284984642,0.0003268221287417207,9.422840687837193e-05,-0.3652055344015792,-0.3302216233257728,0.08301512651239866,0.0864272843785825,-0.006623653071545476,-0.0074555419162962155,0.003543982789479966,0.007368710394615104,0.07881448188845953,0.11428553022895165,-0.06667720080607428,-0.08365207137063484,-0.08774220501144477,-0.25945413094591296,0.3199894078012605,0.43181624825742204
smooth_crossnet,20260840,9,12279,0.819,3.4684034206752097,True,True,32,2.3104385626915303e-09,-0.08524312459167471,1.207595747292093,0.3308931768336838,0.8767025704584093,0.7259901108664244,0.3481704983029353,0.09540215963956908,0.25276833866336623,7.5769407325007565,0.1593777475534678,0.1157066686159831,0.975994677300378,0.9285714285714287,1.0,False,0.1300180880133609,5.018988696869897e-15,5.551115123125783e-16,2.220446049250313e-16,2.7755575615628914e-16,2.220446049250313e-16,4.440892098500626e-16,0.0,0.4985420726332388,0.14373820232716336,0.3367590490281269,0.09709339087278622,0.2692964317849342,0.07764276501967843,0.07528276136025676,0.021705307090719314,0.023296435568744514,0.0067167606368607755,0.004277640258806452,0.001233316814678295,0.00014135665798429209,4.075554104855933e-05,-0.599098844775464,-0.7891883759673931,0.026261414338077008,0.03002235654956602,0.06925514457866928,0.18353404977012985,0.023687595900114017,0.0036199278340072988,0.005840304504218971,0.004883751111652288,0.03467557959794224,0.01536883246522549,1.1172491115527823,1.0167764345024177,-0.7631134302880143,-0.5502601008572799
smooth_crossnet,20260840,10,5210,0.904,3.4684034206752097,True,True,32,6.727951529228449e-14,0.17525954465953575,1.5174970728817103,0.22720750476033438,1.290289568121376,0.8502748316154114,0.43752034836428927,0.06550780783052708,0.3720125405337622,7.719795254637598,0.1965721917262103,0.16714038722027583,0.9907201386387977,0.8571428571428572,1.0,False,0.07364414759977544,4.081804338973427e-15,3.3306690738754696e-16,2.7755575615628914e-17,3.3306690738754696e-16,1.3322676295501878e-15,2.2898349882893854e-16,0.0,0.3876496214644348,0.11176601290197359,0.5186043010819147,0.14952248576117355,0.2979990356915644,0.08591821640907954,0.2009653362160028,0.05794174201825691,0.09662498657984986,0.027858635475869597,0.012635356127973226,0.0036429891784368743,0.003018435719969335,0.0008702666194988709,-0.7647340267236882,-0.9743346380171566,-0.119809673535271,-0.09785676193522222,0.04107013189797922,0.14028068564607413,0.016241701381967417,0.019690845936119597,0.0427529422414144,0.025146048774547798,-0.13454940585968989,-0.12005418845495144,1.3480260394970163,1.3546113488217746,-0.25373816424019213,-0.17222379611165117
smooth_crossnet,20260840,11,7482,0.932,3.4684034206752097,True,True,32,1.4210854715202004e-14,0.2895762143117573,1.635617759621513,0.26550918073775437,1.3701085788837586,0.8376703975143961,0.47157656167433365,0.0765508357981225,0.3950257258762112,7.288757001247788,0.22440283841833467,0.18797561486124517,0.991296350832327,0.9761904761904763,1.0,False,0.23640895893540442,6.552917930502389e-15,2.220446049250313e-16,1.1102230246251565e-16,2.220446049250313e-16,9.992007221626409e-16,3.3306690738754696e-16,0.0,0.6065704317945833,0.17488462506374172,0.633203280973021,0.18256333078167492,0.266870789256916,0.07694341081146872,0.09164855994653678,0.026423846603373245,0.034901568218949575,0.010062718774552221,0.0023421122573365778,0.0006752710031870018,8.101717416839288e-05,2.3358636335510505e-05,-0.5661836991474354,-0.5720213940638446,-0.03773437380269316,-0.04598908796899072,-0.0003381450768063367,-0.002699128210665102,0.11522801668757059,0.03481135145796017,0.01905622963417716,0.02093298798888839,-0.2971194584883734,-0.17234636517905344,1.3144810358971988,1.14584191260562,-0.2578133913918811,-0.11895406231815858
smooth_crossnet,20260840,12,13055,0.961,3.4684034206752097,True,True,32,3.3768150178858924e-08,0.20180023808414527,1.2194973267173612,0.3004218003394429,0.9190755263779183,0.7536511202135086,0.3516019271137601,0.0866167408752464,0.2649851862385137,2.9704331120336054,0.41054529111496274,0.30940791854717264,0.876868736440034,0.6190476190476191,0.5,False,0.35105439499395685,7.764622278472189e-15,2.220446049250313e-16,5.551115123125783e-17,2.7755575615628914e-17,1.3322676295501878e-15,1.1102230246251565e-16,0.0,0.5287956876559514,0.15246083673652022,0.4367444854041893,0.1259209014732105,0.1997338512397479,0.05758668384684756,0.04581016022157377,0.013207852335889952,0.007745386104540426,0.0022331272245812157,0.0006494712936613977,0.00018725367694827211,1.828479769531722e-05,5.271819761888494e-06,-0.24771723763211728,-0.2434862938339661,0.05773204108948421,0.055398180540516095,-0.021090463742071148,-0.021832997506839678,0.028165359620345935,0.024396271034915706,0.00019384674779609763,-0.0008893921048575982,0.06535715341248563,0.05269352150335991,-0.28540896959453976,0.01078188694675131,0.6045685081827616,0.3247390615042643
smooth_crossnet,20260840,13,12827,0.962,3.4684034206752097,True,True,64,6.078471059822732e-15,0.45737466696617135,1.6645877856803055,0.41837509625412633,1.2462126894261791,0.7486614404760039,0.4799291154418977,0.1206246925487922,0.3593044228931055,3.908844914650717,0.425851580716665,0.3188186578483217,0.8091708306032133,0.8571428571428572,0.5,False,0.4274832432685548,1.1224257200764809e-14,5.551115123125783e-16,6.245004513516506e-17,2.220446049250313e-16,1.3322676295501878e-15,1.6653345369377348e-16,0.0,0.7381198310646191,0.21281256576575686,0.652158019630064,0.18802830597575224,0.23126243380768952,0.06667691319560186,0.0346892239464524,0.010001496290676386,0.007985369032630737,0.0023023184053590252,0.000352393152578601,0.00010160097019798206,2.051504626901724e-05,5.914838552726223e-06,-0.019421611525982617,-0.018584992423901804,0.17794489678296035,0.09910854999602568,0.07317235067450151,0.06781378069393028,0.009089952368313416,0.012411554604613281,-0.0010813297481341922,-0.0001025599385090726,-0.08458790964366324,-0.0870833781432506,-0.36511725715203946,0.04812084795408162,0.6673755752102158,0.3356908642231833
smooth_crossnet,20260840,14,2997,1.002,3.4684034206752097,True,True,32,2.1788126858268697e-15,0.0736693733819318,0.1527695062454882,0.051768557488773986,0.10100094875671423,0.6611329134913475,0.044046060309716764,0.014925760129338118,0.029120300180378648,1.548090648434726,0.09868253283485266,0.0652422704438117,0.9930300735794052,0.9285714285714287,0.5,False,0.019699487870428342,6.016021014687567e-15,1.1102230246251565e-16,2.7755575615628914e-17,3.3306690738754696e-16,1.1102230246251565e-16,1.6306400674181987e-16,0.0,0.081769521146139,0.023575550830883613,0.05164057031658699,0.014888859239601917,0.012910441468091454,0.0037223009846928706,0.005438543186037987,0.001568024974724319,0.0008548056816566161,0.00024645509128525976,0.00015064844236396986,4.3434521332193376e-05,4.976004611032328e-06,1.4346671962581638e-06,-0.32210303326972756,-0.330641845804665,0.04592201292776777,0.089393007983464,0.010172804469232868,0.0167742315816511,0.0022907920901530194,-0.002296206321528171,0.005680275717234294,0.0064808009771643756,0.08002352749813643,0.054823612458753085,0.29877496869932246,0.28533213719655015,-0.04709197475018719,-0.04619636468945784
smooth_crossnet,20260840,15,5030,1.01,3.4684034206752097,True,True,32,2.3483298638993233e-13,0.6165587255244376,1.2977586215703096,0.2143819364168298,1.0833766851534798,0.8348060010131745,0.3741659963297087,0.06180997721859446,0.31235601911111427,6.837976868716262,0.18978692769604913,0.15843526615451525,0.9967642880413133,0.7142857142857144,1.0,False,0.07110180029743707,7.469719287556131e-15,1.5543122344752192e-15,1.1102230246251565e-16,1.3322676295501878e-15,3.3306690738754696e-16,9.575673587391975e-16,0.0,0.39562986728956845,0.1140668541990278,0.4523750889712646,0.13042747169335875,0.23767729536962073,0.06852642744867062,0.15809373856090939,0.04558112750624971,0.04239658269811691,0.012223659579329839,0.011144793300619625,0.003213234433510626,0.0004412553802090459,0.00012722146956109986,-0.7175005782342403,-0.832082211458863,0.003830561249410943,-0.05873115901873381,0.015619271567727397,0.08769755903727813,0.038200875042537795,0.04995831206750784,0.005682529572911158,-0.03098014075314307,0.04442725090743096,0.043851338309423,1.565437268915092,1.636778399307229,-0.33913845349643357,-0.27993337196626067
smooth_crossnet,20260840,16,9116,1.026,3.4684034206752097,True,True,32,2.4424906541753444e-15,0.10847038082871685,1.2968364387347395,0.10998838004661352,1.186848058688126,0.9151871610317152,0.37390011525310934,0.03171153026518512,0.3421885849879242,8.04243450174537,0.16124923845550745,0.14757323276062193,0.9958261898202179,0.8095238095238096,1.0,False,0.036466332274148416,4.5102810375396984e-15,2.220446049250313e-16,1.1102230246251565e-16,1.6653345369377348e-16,3.3306690738754696e-16,1.1102230246251565e-16,0.0,0.2738384925494649,0.0789523187865371,0.4136889203842998,0.11927358793336823,0.32004947631572433,0.09227573540260749,0.17495356015783814,0.0504421022984054,0.08980123154783036,0.025891230245168064,0.022310183469133493,0.0064324072961473066,0.0021945743104470642,0.0006327332908753263,-0.5199275353480683,-0.5692505342347612,0.036071435923183494,0.045093740983093135,0.04579532171911643,0.0810214411907987,0.06131406561110907,0.016234982689329953,-0.024363212033246158,-0.024863375687731958,-0.09438825371137033,-0.0791953906678057,0.8408066805987954,0.8257205460151393,-0.2368381219308025,-0.18629102945934572
smooth_crossnet,20260840,17,20015,1.034,3.4684034206752097,True,True,32,8.049116928532385e-16,-0.20555136940419017,0.055017228115462544,0.016651951617603546,0.038365276497858994,0.6973320505595677,0.015862407408406977,0.004801042323491261,0.011061365084915713,0.7876161040243541,0.06985284815070432,0.048710629838356743,0.9967415225896925,0.9761904761904763,1.0,False,0.007835352440457077,3.378048708813086e-15,1.3877787807814457e-16,3.469446951953614e-18,8.326672684688674e-17,8.326672684688674e-17,1.0148132334464322e-16,0.0,0.02844657953808862,0.008201635187106001,0.018160692445805978,0.005236038096822818,0.006072842866378868,0.0017509044161871576,0.0019898421814897966,0.0005737055181148521,0.0003114448048949414,8.979486153150865e-05,3.4789678811577994e-05,1.0030459145610384e-05,1.0365999918945956e-06,2.988694987772778e-07,-0.16593046051101706,-0.16295427335921342,0.014984881025890628,0.015622967753287236,0.03194125957182829,0.018997529447482175,-0.011971099175484149,-0.003958841603921058,0.036555249094947465,0.03284702760169008,-0.014778649591757764,-0.012128434829229373,-0.0668269970414681,-0.06501741663180215,-0.029525552777129555,-0.028959927782483547
smooth_crossnet,20260840,18,1857,1.059,3.4684034206752097,True,True,64,2.9583082650219694e-09,-0.18690538803557977,9.397253474518392,4.993601528727697,4.403651945790695,0.46861053154856835,2.7093888267152573,1.4397406884564685,1.2696481382587887,22.447690403725552,0.4186289683039627,0.19617394335854874,0.9598781356890416,0.880952380952381,1.0,False,5.481639487563379,1.9989218613680748e-14,8.881784197001252e-16,3.3306690738754696e-16,1.2212453270876722e-15,1.915134717478395e-15,1.7763568394002505e-15,2.220446049250313e-16,6.376190720275148,1.8383647883249599,2.257860737503382,0.6509798497038254,0.4992745070693869,0.14394937569638047,0.23492924086184266,0.06773411635492735,0.026109669880672585,0.007527864182416732,0.0028405131786283073,0.0008189685091693664,4.8085749327137135e-05,1.3863943577179401e-05,-0.4775850312593819,-0.2690432716899169,-0.019391445558832623,0.06846750279158378,-0.03660001172873403,-0.02322328828152062,0.0574830270029087,0.0014237450611708732,0.0031640844228744518,-0.0007628261190210339,0.16883802184242383,0.08658146712525006,-5.285838213632392,-0.602014116271787,5.403024180875555,0.551665399348663
smooth_crossnet,20260840,19,19048,1.075,3.4684034206752097,True,True,32,2.376171143181338e-08,0.2355101953367984,1.5973321383210703,0.4900145017878791,1.1073176365331912,0.6932294229658927,0.4605381625445723,0.1412795578700259,0.31925860467454636,4.064996240569794,0.39294799891307425,0.2724031145421127,0.9740756667708211,0.9523809523809524,0.5,False,0.38855637066645243,1.322162865302623e-14,2.220446049250313e-16,1.1102230246251565e-16,1.942890293094024e-16,1.6653345369377348e-15,2.220446049250313e-16,0.0,0.724146705093762,0.20878387467187687,0.6488671424013048,0.18707948981176675,0.16177226867483913,0.04664171062411944,0.0529357330788382,0.015262276805312619,0.008915286643314896,0.002570429549853032,0.0006714147706631253,0.00019358035650086458,2.3587658347626892e-05,6.800725142588799e-06,-0.14349728625717068,-0.10196455778423327,-0.09849278227602888,-0.14982730337729283,-0.022937402212942472,-0.025103842639222402,0.024739115313673746,0.012409774793715236,0.0062311106533386494,0.010662281140660947,0.031046901976360154,0.026660635511827888,-0.7204487286371217,-0.2763981258095035,1.1588692667766898,0.7390713335008446
smooth_crossnet,20260840,20,9519,1.089,3.4684034206752097,True,True,64,1.276445615872035e-11,0.19341337738257747,7.403564103856278,1.8918883179418466,5.511675785914431,0.7444624924694819,2.134574098192705,0.545463744691367,1.5891103535013376,21.6607352516012,0.3417965280430171,0.2544546951843197,0.9941880016810767,0.9285714285714287,1.0,False,1.5199503057001726,4.0968096970406265e-14,8.881784197001252e-16,2.7755575615628914e-17,7.771561172376096e-16,5.551115123125783e-16,4.996003610813204e-16,1.7763568394002505e-15,2.832356422247329,0.8166167768615398,2.208918953166502,0.6368690965990575,1.63644222299395,0.47181426855915637,0.6062629586768232,0.17479597530750887,0.1049284722507619,0.030252672346383225,0.014163078835451804,0.004083457752066977,0.000491995685456984,0.00014185076699099928,-0.9995087609758118,-0.6371105016461374,-0.028368926836051744,-0.09264128787974277,-0.05781549096306483,-0.009345480202613228,0.09343896279733634,0.017628449325540682,-0.00088564877217085,0.0002058893389148267,0.3239153652184535,0.20296624766094354,-2.675799983586177,-1.1958714738455425,3.5384378605000646,1.9075815346312148
smooth_crossnet,20260840,21,2993,1.098,3.4684034206752097,True,True,32,2.921274333544943e-15,0.21426547946549568,0.09025584198197686,0.045940180466415396,0.04431566151556147,0.49100047755812676,0.026022302205089613,0.013245339395228718,0.012776962809860895,0.6888964828628898,0.13101510056619112,0.06432847694532584,0.9925622936589413,0.7380952380952381,0.5,False,0.02084060748314329,9.205526965705424e-15,5.551115123125783e-17,1.3877787807814457e-17,1.1102230246251565e-16,0.0,7.632783294297951e-17,0.0,0.05191343267150321,0.014967530121221305,0.03263402706627482,0.009408947895663709,0.004800004616891132,0.0013839233891531262,0.0008115531196351741,0.00023398463823368776,9.015422450341613e-05,2.59930041488269e-05,6.578709750760055e-06,1.8967544869620004e-06,9.157341712207664e-08,2.6402181642483108e-08,-0.06702778522851448,-0.06263740836700861,-0.045470776619752545,-0.0044036190659590795,-0.005127719105490371,-0.007986022863377542,-0.013285015310721682,-0.0225723474258064,0.003744322480461801,0.004202710043832123,0.03144749883009085,0.018136601394216738,0.34915974229930635,0.3286760951417369,-0.03917478787988417,-0.03915052939213842
smooth_crossnet,20260840,22,11936,1.16,3.4684034206752097,True,True,32,1.5711170697763066e-09,0.5585265508576525,2.7574974504583456,0.17323510469759645,2.584262345760749,0.9371766945174141,0.79503365554908,0.04994664221149684,0.7450870133375832,13.83642265907427,0.19929265810985547,0.18677243456898346,0.9974538165887923,0.9523809523809524,0.5,False,0.060592368259173315,4.6004866582904924e-15,8.881784197001252e-16,1.1102230246251565e-16,1.2212453270876722e-15,7.771561172376096e-16,9.506284648352903e-16,0.0,0.5333258024597853,0.15376694627868878,0.7542237676415922,0.2174556059844861,0.6688809091747533,0.1928498009163361,0.4939637259318201,0.1424181867043765,0.23183024488743462,0.06684062283686226,0.06478351496388055,0.018678194865598664,0.010489485399078534,0.003024297962731365,-0.19310557655072128,-0.24152078660219842,-0.09390166830676755,-0.0941060734369525,-0.04396287709054576,0.04372919098727042,0.02061996840405209,0.01190031807965548,0.11945726578814374,0.07401270089465793,0.21586015871128073,0.19837963178136656,1.4621216921034623,1.4091509447353232,-0.9285624122012506,-0.843019375581471
smooth_crossnet,20260840,23,9470,1.162,3.4684034206752097,True,True,64,5.288747217946366e-11,0.8727918021201815,4.342079703513374,2.096239674485334,2.24584002902804,0.5172268088977797,1.2518958082067864,0.6043817342554834,0.6475140739513029,15.629063674545012,0.2778208467206708,0.14369638999461173,0.9974266003813322,0.8333333333333335,1.0,False,1.8270435028815455,3.012694260728921e-14,3.552713678800501e-15,6.661338147750939e-16,1.5543122344752192e-15,1.9984014443252818e-15,1.3322676295501878e-15,2.220446049250313e-15,2.509415675592038,0.7235074387925493,1.0347734700068114,0.29834288129186753,0.6227326214955196,0.17954446065397128,0.14160972389009446,0.040828504275470544,0.031296337359752985,0.009023269084903736,0.00218768154968163,0.0006307459901119992,6.41936194701381e-05,1.8508117910240453e-05,-0.33853278282814847,-0.19935754353143229,-0.1407515105838719,0.07921428032898521,-0.03397967704761651,-0.01514375048125296,0.037326569925529435,0.00201147967054579,-0.0005016988168439597,0.004689496279560104,0.023846305080069442,0.015669024481012997,-3.5244695830589707,-1.8113980604459774,4.849854179450036,2.797106875818742
smooth_crossnet,20260840,24,16444,1.167,3.4684034206752097,True,True,32,1.7245521122255525e-09,0.3762933349703186,1.2313801848016208,0.09337312920785514,1.1380070555937656,0.9241719735624153,0.3550279582419229,0.026921069403650216,0.32810688883827266,4.286317756275254,0.28728159105769885,0.2654975949759443,0.9968093421012737,0.9761904761904763,1.0,False,0.1355367608543705,5.303917027799088e-15,3.3306690738754696e-16,8.326672684688674e-17,1.6653345369377348e-16,1.3322676295501878e-15,1.1102230246251565e-16,0.0,0.41921884940494575,0.12086796100648942,0.4657394578324406,0.13428064770555814,0.24623215266400333,0.07099293905553472,0.0875139566483172,0.025231769789709313,0.011814530782651083,0.003406331199025024,0.0008158747584255058,0.00023523064057717825,4.5362710836099906e-05,1.3078845028721873e-05,-0.1588473409332831,-0.15079868093578894,-0.01705661749772073,-0.018069430093235982,-0.027366574436612078,-0.021167948804446786,-0.01060434337617381,-0.004336264567562353,0.08711987978093207,0.07925162733047669,0.10904100921907468,0.07247325775351854,-0.29053524483913584,-0.2176774800695524,0.6845425670532376,0.6366182543569084
smooth_crossnet,20260840,25,12155,1.172,3.4684034206752097,True,True,32,7.765755538624575e-10,0.6107416876576184,1.0759013047661001,0.21948065157941413,0.856420653186686,0.7960029878138971,0.3102007391506521,0.0632800239646537,0.2469207151859984,7.047875621599861,0.15265611405921373,0.12151472289919318,0.9975638049263537,0.8571428571428572,1.0,False,0.09492126148787583,7.021726949885121e-15,8.881784197001252e-16,3.3306690738754696e-16,6.661338147750939e-16,7.771561172376096e-16,3.0531133177191805e-16,0.0,0.375428798872824,0.10824254082869564,0.3607862311359801,0.10402083822929231,0.21079200744063667,0.060774939323408016,0.08587322163635715,0.02475871783670419,0.037676562081950075,0.010862796944945756,0.005184043971041016,0.0014946485002692723,0.00016043962730943168,4.6257487336406264e-05,-0.16168587909307305,-0.19001222013182026,0.0813019216222785,0.11076537138381289,0.021625967903370832,-0.009575780714770363,-0.012116493962110678,-0.04706354333751583,0.05148586657769253,0.04378045019468708,-0.032491376779054434,-0.015548754188256719,1.6018132733084838,1.4845131771443678,-0.9391915919199684,-0.766117012692887
smooth_crossnet,20260840,26,13083,1.18,3.4684034206752097,True,True,64,3.497202527569243e-15,0.43106992534376687,2.8602705791022998,0.4216324685057741,2.438638110596526,0.852590006139173,0.8246649054871126,0.12156384865509476,0.7031010568320178,8.249946648865931,0.3467017061856374,0.29559440980527435,0.9058822359161003,0.7619047619047621,0.5,False,0.3521274468059995,1.5235208927766308e-14,8.326672684688674e-17,5.551115123125783e-17,1.1102230246251565e-16,1.0547118733938987e-15,1.6653345369377348e-16,0.0,0.7671294292192095,0.22117652884504102,1.031062274875244,0.29727288029099064,0.6028461830098328,0.1738108604714944,0.33621071484436604,0.09693529675360382,0.10097850863831723,0.029113830310621504,0.02054016064114246,0.0059220794555507085,0.0015033078741864673,0.00043342935981011447,-0.20859660517527584,-0.22341244814143263,0.09315043735517271,0.0812512983804321,0.13584433673640983,0.0987129745309202,-0.01480368481776291,0.00018599111993083354,0.020752601290378002,-0.004846022769708705,0.1573170832943719,0.11234584691891349,-0.48453824481485275,-0.0778954522467717,0.7319440014753258,0.4447277375514843
smooth_crossnet,20260840,27,12928,1.216,3.4684034206752097,True,True,64,1.0630385460785874e-14,0.2500415004578551,1.1485109635879107,0.421561287007534,0.7269496765803767,0.6329497058603687,0.33113534508172204,0.12154332581227438,0.20959201926944765,1.9518546424480825,0.5884203355160758,0.3724404782871596,0.5870370381312658,0.9761904761904763,1.0,False,0.37031684626223865,1.486701386999023e-14,4.440892098500626e-16,5.551115123125783e-17,6.661338147750939e-16,9.992007221626409e-16,6.106226635438361e-16,0.0,0.5987352512323316,0.1726256085619282,0.44410864793172017,0.128044115423362,0.081604430643862,0.023527952416785385,0.02280056459416254,0.00657379255776534,0.0012391449170629561,0.0003572666632942388,2.2658537449863767e-05,6.5328437040500695e-06,2.6573132035121285e-07,7.661488244625297e-08,-0.05566079981531365,-0.048827706396139155,-0.17980693172991255,-0.2142869104209441,0.0008664437237678362,0.0010092909385604441,0.00034539048747246875,-0.0006904695744597625,0.02963614599264098,0.024485400654626285,0.03538696275871692,0.029752214746519578,-0.21075576907754812,0.20382957729601925,0.6300300581180319,0.2547701032136736
smooth_crossnet,20260840,28,15342,1.256,3.4684034206752097,True,True,32,1.664230780962228e-09,0.6072682652126264,0.5894114204985819,0.13326667027056308,0.4561447502280188,0.7738987307747904,0.16993738876656928,0.03842305928893919,0.13151432947763012,4.666627557989958,0.12630350572747595,0.09774612277490012,0.9997004495766715,0.9047619047619048,0.5,False,0.11434736513332067,7.500469971673251e-15,4.440892098500626e-16,2.220446049250313e-16,7.771561172376096e-16,4.440892098500626e-16,6.38378239159465e-16,6.661338147750939e-16,0.31429190359040426,0.09061572875776361,0.19190946929192365,0.05533078077018035,0.05862397107610014,0.016902293062750914,0.020203078496408136,0.005824892910662368,0.003937961345281429,0.0011353815769547385,0.0004322061615907607,0.00012461242513323931,1.283053687236173e-05,3.699263123741226e-06,-0.0739463104290697,-0.10201134302500922,-0.0873505616479732,-0.06943223260434954,0.009942107044766857,0.047804129612838864,0.04833031953647044,0.039142470381442446,-0.0007003560365162698,0.0010372236066645438,-0.0923109289156343,-0.08493589644327136,1.9646574282950093,1.8686436397754143,-1.1613534326344275,-1.092979726091104
smooth_crossnet,20260840,29,13936,1.286,3.4684034206752097,True,True,32,5.0200328338689815e-09,1.018226475623948,9.27785267246481,1.3989914440833695,7.8788612283814405,0.8492117202684891,2.6749635342761393,0.4033531496780215,2.2716103845981177,30.191731051807626,0.3072978047050181,0.2609608973682786,0.8508391009129893,0.6666666666666669,0.5,False,0.8554625828551866,1.257240839214191e-14,6.661338147750939e-16,5.551115123125783e-17,0.0,6.661338147750939e-16,4.440892098500626e-16,0.0,2.032826428388976,0.5860986113297156,2.6429755173600276,0.7620150244360869,3.002202848225109,0.8655864050672215,1.1581058059961118,0.33390170217588416,0.3486051562930579,0.10050882611146582,0.08694455614145971,0.02506760188944048,0.006192360060068249,0.0017853632663246406,0.02214433193744171,0.2680094021813946,0.03466907723027023,-0.15099602686741304,1.6064813456686005,0.5384503266339996,-1.1641335588098356,-0.29413346759314407,-0.010491627741326776,-0.15578694869241233,0.04327577947980008,0.07553750207913516,1.4109529058886614,1.4716757369656104,-0.9246717780296633,-0.734530049083223
smooth_crossnet,20260840,30,243,1.375,3.4684034206752097,True,True,64,1.1457501614131615e-13,0.6808292149522277,4.938776984318936,0.6486764796826341,4.290100504636302,0.8686564544740043,1.423933835054713,0.18702451849051438,1.2369093165641987,14.29130980815934,0.3455790302369094,0.3001894551461584,0.9659994899097856,0.8571428571428572,0.5,False,0.48633007899311487,1.2575010477355875e-14,2.220446049250313e-16,1.1102230246251565e-16,2.220446049250313e-16,9.992007221626409e-16,1.1102230246251565e-16,0.0,1.0531347837036098,0.3036367619250564,1.7103906590258315,0.4931348668468509,1.271283054877069,0.36653263784106827,0.7095432083632555,0.20457343691153596,0.15731570850540835,0.045356808140496814,0.03607733681914106,0.010401712962247548,0.0010322330246187272,0.00029761042745649746,-0.12504219656905977,0.06979276872163621,-0.05443525312028212,-0.6298381133452179,-0.10633339200256366,-0.052200511459000905,0.008387670242955095,-0.0005939965138550715,-0.05053638404743743,0.006329374676717221,-0.06417890692659589,-0.051227700906801024,-0.7509113529057164,-0.8152033056066051,1.823879030280928,2.1537706993853534
smooth_crossnet,20260840,31,12361,1.375,3.4684034206752097,True,True,64,5.3897108998057774e-11,0.12725468633965398,31.443379196850344,1.8675583377583584,29.575820859091987,0.9406056732621974,9.065663760281128,0.5384489954731946,8.527214764807933,82.40789239021854,0.3815578615693676,0.3588954892699393,0.8463765954216074,0.7380952380952381,0.5,False,1.0095159960258937,1.534883331544279e-14,1.1102230246251565e-15,8.326672684688674e-16,7.216449660063518e-16,1.1102230246251565e-16,7.771561172376096e-16,4.440892098500626e-16,3.6373962242968343,1.048723514287368,8.028013477828907,2.3146135279344344,10.108418377719259,2.914429825972034,6.445046790053161,1.858217170365515,2.4408433906845843,0.7037368767815984,0.7165583372857716,0.206596018506485,0.06710259898182024,0.019346826433690078,-0.17775817042744463,-0.45113716037334395,0.32517079547984085,-0.1375949953003079,1.1069037487497628,0.3334203248048929,-1.03462757456197,0.13180487612958874,0.035417423401869486,-0.05717661639162292,0.12294700642251699,0.132456942445064,1.6416648522685087,1.3763287589745608,-1.8924633949934295,-1.2008474439491776
smooth_crossnet,20260840,32,6134,1.385,3.4684034206752097,True,True,32,1.216027278871934e-12,0.4718660703921018,1.3286921617138616,0.19673105467704047,1.1319611070368212,0.851936317270601,0.38308466477501024,0.05672092626374528,0.326363738511265,7.73511520062696,0.17177406247371288,0.1463405621864651,0.9902055381888055,1.0,1.0,False,0.06642766022705687,2.994132719535969e-15,2.220446049250313e-16,1.1102230246251565e-16,5.551115123125783e-17,8.326672684688674e-16,1.1102230246251565e-16,0.0,0.39462632881987925,0.113777516902303,0.4163118771713083,0.12002983121561533,0.27529473297869056,0.07937217779732719,0.15288150066564646,0.04407835021564024,0.0719300641712301,0.020738667175350424,0.015778428493040463,0.004549190673433486,0.001869229414065224,0.0005389307953402181,-0.39200579534709035,-0.5385251902659012,-0.06276224053163676,-0.03987415835653152,0.18770154387069352,0.2854676130319883,0.04318732619448971,0.031847146847200185,0.00433543039949085,0.010771421791050726,-0.18688230217705895,-0.17827915465804423,1.2266522400660442,1.1877807596551035,-0.34836013208283034,-0.28732236765276487
smooth_crossnet,20260840,33,1951,1.426,3.4684034206752097,True,True,64,6.300515664747763e-15,0.3970311105352937,1.0933508340121922,0.35254392502555143,0.7408069089866408,0.6775564493495231,0.31523173673936256,0.10164444047195643,0.2135872962674061,4.195427839973794,0.2606053245856855,0.1765748184078571,0.5842045666466161,0.880952380952381,0.5,False,0.2289046097343238,9.53187181962356e-15,2.7755575615628914e-16,2.7755575615628914e-17,2.220446049250313e-16,1.3322676295501878e-15,2.220446049250313e-16,0.0,0.3636350010593799,0.10484218729913185,0.3450987783555554,0.09949787740907413,0.282640914761108,0.08149020759127408,0.07598646660701174,0.02190819734349677,0.022069809490077148,0.006363103368690808,0.0037529782457415032,0.0010820477869932714,0.0001668854933158815,4.8115940700863786e-05,-0.20042627813303335,-0.22545286697185557,0.14221014711704688,0.09869418407687432,0.03561067815771262,0.03632570282316743,0.006735582044847431,0.023354587368004616,-0.0009944967903762255,-0.009649965463872005,0.10150376619528415,0.08096858752725433,-0.11068971043933867,0.2245201845976014,0.42308142238315066,0.16827069657812052
smooth_crossnet,20260840,34,10023,1.444,3.4684034206752097,True,True,64,4.245076512532364e-13,0.3465537933856173,1.8247512133681774,0.5268412116894579,1.2979100016787195,0.7112805253506316,0.5261069697056592,0.15189732790278915,0.3742096418028701,5.366263601246665,0.34004129296672264,0.2418647495022785,0.30225556446410473,0.8333333333333335,0.5,False,0.31765283552757073,8.41817934804645e-15,2.220446049250313e-16,5.551115123125783e-17,5.551115123125783e-17,1.887379141862766e-15,1.6653345369377348e-16,0.0,0.5571355811347035,0.16063171250887634,0.6660804308914727,0.1920423751519089,0.42596007944918046,0.12281157287241312,0.13575185109160104,0.03913957940485874,0.03360861778954799,0.009689939062222827,0.005956928884383349,0.0017174844335794384,0.0002577241272868685,7.430627179945988e-05,-0.2110533566347426,-0.2542686438269194,0.19729003179605462,0.13573964751325113,0.0349086519960856,0.036058691603126226,0.021494181172364853,0.020995580498893572,0.0014560140178668652,2.781161580516006e-05,0.07060893230923992,0.061468874804476006,-0.2963382880140513,0.2293528840683668,0.5281876267427994,0.1171789471086197
smooth_crossnet,20260840,35,9457,1.458,3.4684034206752097,True,True,64,8.14115441727381e-11,0.01816549133576051,20.697541471999227,3.29851242217017,17.399029049829057,0.8406326458322319,5.967455039578396,0.9510175207727231,5.016437518805673,52.10523301599024,0.39722577318956603,0.33392095270909894,0.987024962409132,0.9047619047619048,1.0,False,2.5293608394352374,2.7422508708241367e-14,8.881784197001252e-16,6.661338147750939e-16,3.4416913763379853e-15,1.6653345369377348e-15,2.220446049250313e-15,1.7763568394002505e-15,5.031931843004417,1.4507919733353358,4.757065231932627,1.3715432304026927,5.3982833372398105,1.5564173720567092,3.712820138382918,1.0704695181220085,1.4079960650064387,0.40594933582793485,0.34337738000351203,0.09900156883614918,0.046067476429499876,0.013282040997564151,-0.876274161711643,-0.6098013313958516,-0.006390975212556497,0.07443692991724576,0.11760491996706014,0.07885615496000783,-0.028938063895027066,-0.0411483275744171,0.03438173693547982,-0.0345927122806907,0.24880425640908915,0.14870674934249764,-4.290290330865218,-1.339078644140639,4.819268109708572,1.7407866725076093
smooth_crossnet,20260840,36,2358,1.487,3.4684034206752097,True,True,32,1.2212453270876722e-15,0.5103282338752346,0.36531086423778086,0.051283275807931475,0.3140275884298494,0.8596174359201341,0.1053253673030527,0.014785845124656211,0.09053952217839649,2.3662430183512733,0.15438433897306053,0.13271146961424712,0.9950875003416456,0.9285714285714287,1.0,True,0.020494929844158336,4.726470950733308e-15,1.1102230246251565e-16,1.1102230246251565e-16,1.1102230246251565e-16,0.0,7.632783294297951e-17,0.0,0.1323092206624265,0.038147010198908544,0.11426416107730719,0.032944311032614214,0.08956872249499569,0.025824193910395504,0.022547793668566064,0.006500914378690292,0.005878675417087306,0.001694922621181961,0.0007297463767608092,0.00021039835574223546,1.2544540636183466e-05,3.6168055196247512e-06,0.004725963035907575,0.012230440836441136,0.05950211162865817,0.05912972765700193,0.33187975358063,0.2962400415315712,-0.03536924726590733,-0.02546506082153143,0.04627934500827313,0.03887589335807223,0.022375334716522106,0.014507606579506472,-0.026384446056832524,-0.0037888637001984426,0.10731941922798365,0.1185984484343715
smooth_crossnet,20260840,37,15340,1.516,3.4684034206752097,True,True,32,2.570991253225685e-09,0.5781112073393615,2.0033067651244822,0.21579839929117522,1.787508365833307,0.8922789045352394,0.5775875877594682,0.0622183676802985,0.5153692200791696,11.854579560850564,0.16899011515687576,0.15078631482946103,0.9973012329151546,0.9285714285714287,1.0,False,0.16058757671043022,6.877961741813543e-15,6.661338147750939e-16,1.1102230246251565e-16,1.1102230246251565e-16,2.220446049250313e-16,2.7755575615628914e-16,2.220446049250313e-16,0.6369606561760992,0.18364664628663618,0.6484818594131324,0.18696840613970145,0.48172258951945035,0.1388888578093004,0.1918910278940599,0.05532546379991276,0.0384335331141529,0.01108104463426889,0.005618953234734395,0.001620040275949367,0.0001981457728516112,5.71288136986779e-05,-0.22874839352164483,-0.27937162460613973,0.023180104816807406,-0.012812371444001172,0.0020317799275376943,0.006168281551977568,0.04339368116352786,0.038968623767702874,0.01306474213832549,0.11001606790261095,-0.14171842197049092,-0.157942107525419,1.767813896910751,1.6592799479156322,-0.9009061821254524,-0.7861956102230024
smooth_crossnet,20260840,38,7011,1.556,3.4684034206752097,True,True,32,3.478432819559174e-13,0.6582587397178128,1.79639674404708,0.18323269188170568,1.6131640521653743,0.8979998753121189,0.5179318914687748,0.0528291175096451,0.4651027739591297,9.566642415293746,0.18777713915336317,0.16862384754618653,0.9942148048312653,1.0,1.0,False,0.0723864897236369,5.9440299904345295e-15,8.881784197001252e-16,2.220446049250313e-16,8.881784197001252e-16,1.1102230246251565e-15,7.147060721024445e-16,0.0,0.46053605113697593,0.1327804166008236,0.524248860803697,0.15114990882509255,0.428566412988046,0.12356302338803916,0.2445224274707403,0.0704999960538437,0.10663300917019922,0.03074411948003456,0.029689964594306815,0.008560124355005663,0.0022000178831136,0.0006343027659352592,-0.3729169711073933,-0.47781830035829564,-0.024672844778245148,-0.0012147632351222795,0.15960813026938897,0.23145223705327045,0.02677796402336396,0.02244834974937567,0.09534790119013874,0.1312467031413503,-0.22559984488751958,-0.23904053177867973,1.3342252977996982,1.2736642363340438,-0.33451089279161994,-0.2824791911881308
smooth_crossnet,20260840,39,4943,1.563,3.4684034206752097,True,True,32,3.519406988061746e-13,0.7511903995837408,3.0384706083332924,0.2643525875914279,2.7741180207418648,0.9129981422672262,0.8760430203190664,0.07621737022158892,0.7998256500974776,13.696028111979249,0.2218504944273362,0.20254908927322357,0.9859850751772563,0.9761904761904763,1.0,False,0.104888994315543,5.506012312750386e-15,2.220446049250313e-16,1.1102230246251565e-16,1.1102230246251565e-16,1.4432899320127035e-15,3.0531133177191805e-16,0.0,0.6946949132486115,0.20029241959211658,0.8920378322141409,0.2571897567903113,0.7669108064834914,0.22111349617288564,0.4591383845206386,0.13237744542163324,0.16773393098085182,0.048360559784074456,0.05469093060251044,0.01576833025722928,0.003263810283046809,0.0009410123008157535,-0.3276132126572763,-0.4379958727495074,-0.08313131981905053,-0.11935641457245788,0.3337006189798361,0.5320828157968585,0.075746582892173,0.047367022783309135,0.006704501139394647,0.009907192649162368,-0.2899790963444475,-0.313412402969948,1.3314003623771682,1.2654683963657427,-0.2956380369840569,-0.23287033771942
smooth_crossnet,20260840,40,10139,1.595,3.4684034206752097,True,True,32,6.035380528679468e-12,0.9625310738657162,0.7665578103403456,0.1957223911899442,0.5708354191504015,0.7446736716399185,0.22101172135019875,0.05643011133688769,0.16458161001331106,5.812002433842924,0.13189220394622134,0.09821665177331358,0.9981078626635159,0.7857142857142858,1.0,False,0.04977067533272474,7.803653556681667e-15,4.163336342344337e-17,4.163336342344337e-17,8.881784197001252e-16,4.440892098500626e-16,6.938893903907228e-16,0.0,0.286563393963225,0.08262112540168076,0.24335077749392092,0.07016218933567617,0.14211203171564626,0.040973328208741264,0.06928301405588692,0.019975477374658823,0.022070362860337343,0.00636326291479692,0.0028611782677340812,0.0008249266076369752,0.00031705198359382363,9.141150700748117e-05,-0.10873615254742296,-0.12553129730172724,-0.07444332840775156,-0.002506892589014903,0.024511646115962855,0.07926637001983444,0.035070266854050174,-0.009076801868537716,0.00264913720559444,0.0007382938347279598,0.051028056989645715,0.031920108791255196,1.6869227268805285,1.573161340736734,-0.6544712792248917,-0.5854400477575559
smooth_crossnet,20260840,41,13689,1.6,3.4684034206752097,True,True,32,5.946546588475599e-10,0.3278427176955838,1.472252567530694,0.2871611254974414,1.1850914420332526,0.8049511803677296,0.4244755839976896,0.08279346162146803,0.3416821223762216,11.49932560009173,0.12802947048642138,0.10305747338990029,0.9933492693838851,0.9285714285714287,0.5,False,0.05123243816331602,5.953570969552402e-15,4.440892098500626e-16,4.440892098500626e-16,1.1657341758564144e-15,5.551115123125783e-17,1.096345236817342e-15,4.440892098500626e-16,0.39571443100907533,0.11409123536501409,0.40504051144078956,0.11678010378675573,0.3643240032790923,0.10504083841785847,0.21819475994208362,0.06290927942275143,0.06933488315494171,0.019990432122640445,0.01902037527909403,0.0054838993543003854,0.0006236034256159425,0.0001797955283686529,-0.2062346018578789,-0.20392144168837575,-0.09339610730680276,0.005982051984098489,0.003585704739941067,-0.0047734942768323345,0.0075555266874857765,-0.03061557190990217,-0.005274977696855112,-0.0036727570157261934,0.24416664420529338,0.1034503298423513,1.3647266403193092,1.2648121267989725,-0.9872861113949101,-0.803418526039002
smooth_crossnet,20260840,42,12306,1.611,3.4684034206752097,True,True,64,2.28650431921551e-13,0.4763163138869495,15.649609777048685,1.7884906714343156,13.86111910561437,0.8857165963296242,4.512050035402774,0.515652435576869,3.996397599825906,45.18638306908015,0.34633464141451276,0.3067543397847031,0.9598724429251955,0.7380952380952381,1.0,False,1.88807239136346,2.1560878082915735e-14,1.7763568394002505e-15,4.440892098500626e-16,7.771561172376096e-16,6.106226635438361e-16,5.273559366969494e-16,0.0,3.2342196783608363,0.9324808236209201,5.458985801558301,1.5739189302539598,4.85061041663393,1.398513906346465,1.616317651016509,0.4660120104200143,0.421708402971678,0.12158574185974656,0.06231661353382229,0.017966945010592462,0.0054512129736067096,0.0015716778910757438,0.031436278314843906,-0.10506338326356741,0.08478547638997126,-0.02644742173630043,2.478732849753248,1.318736406769061,-2.5811303886390484,-1.219612558283549,0.047762976873497676,-0.17897662787835392,0.0671028018933042,0.10904627986807294,1.7790585374111028,1.62503647341751,-1.4314322181099708,-1.046402855005923
smooth_crossnet,20260840,43,14526,1.634,3.4684034206752097,True,True,32,1.1766396967871628e-08,0.6346085595013866,1.1272472609823536,0.28771721752320234,0.8395300434591513,0.7447612183395614,0.32500465610857554,0.08295379245912263,0.2420508636494529,7.708987446550222,0.14622507414858973,0.1089027643746964,0.9994444251559543,0.9047619047619048,0.5,False,0.16305249872018224,6.171278765787491e-15,4.440892098500626e-16,2.220446049250313e-16,6.661338147750939e-16,6.661338147750939e-16,8.049116928532385e-16,2.220446049250313e-16,0.41499192660664624,0.11964926690271165,0.39764661980496097,0.11464831842645032,0.1863764555175998,0.053735518309838665,0.0951949065435049,0.027446318953569963,0.028510938948363637,0.008220191105339553,0.004089512409257778,0.0011790763395284779,0.0004369011520190515,0.0001259660711365571,-0.07166261915659616,-0.08915790458242362,0.05229833219844546,0.07376544080739116,-0.016569051154251436,0.0066622117372020714,0.01913882822129029,-0.0014515561928663628,0.04446901652262751,0.02759320693136148,-0.0980248045144299,-0.06593451715848349,2.053595566882415,1.820839828790463,-1.3486367094981146,-1.1377081508312583
smooth_crossnet,20260840,44,17733,1.645,3.4684034206752097,True,True,32,3.2582025966121364e-10,1.1634814811855687,1.5295778449478368,0.22976076435548082,1.299817080592356,0.8497881195688236,0.4410034414768473,0.06624395622085745,0.37475948525598984,4.300437201972145,0.35567961421373273,0.3022523105316526,0.9935888122502352,0.9761904761904763,0.5,False,0.20825038400627616,9.319585034250899e-15,2.0816681711721685e-17,4.440892098500626e-16,0.0,6.661338147750939e-16,1.6653345369377348e-16,0.0,0.5981881310990091,0.17246786447424192,0.6394880866022603,0.18437534768598754,0.2262296117733849,0.06522586456489649,0.05288171124599808,0.015246701387378795,0.01189996964408475,0.0034309646833897223,0.0008520119784747464,0.00024564961889839257,3.832260462300236e-05,1.1049062053900847e-05,0.06131538629367209,0.03647161856825709,0.07136070936697295,0.18896317071653193,-0.013446814475832352,-0.011292340999010352,0.04075273481354842,0.015031512108551734,0.0029443734629584174,0.005992849064491783,-0.1053070159709637,-0.1145655473786991,-0.328590643780895,-0.4985278862982292,1.4344527514761078,1.5414081054036741
smooth_crossnet,20260840,45,6168,1.655,3.4684034206752097,True,True,32,4.3423598050651435e-13,0.8844411632015183,0.2259707453069001,0.05747431317462224,0.16849643213227786,0.7456559560550016,0.06515122893717748,0.01657082703586812,0.04858040190130936,2.1090573237838335,0.10714300780667677,0.07989182192069608,0.9997272805802544,0.9047619047619048,1.0,False,0.03216006394502691,3.2819883963308705e-15,4.163336342344337e-17,1.3877787807814457e-17,2.220446049250313e-16,1.2212453270876722e-15,3.191891195797325e-16,0.0,0.12620487314679676,0.03638702245375709,0.07417856285856253,0.021386947785941766,0.01722950411569063,0.0049675605821933155,0.007357452056967473,0.002121279206769772,0.0008734118203452603,0.00025181955914898424,0.0001257557498725856,3.625753253585022e-05,1.1855586636061086e-06,3.4181683034302586e-07,-0.03026411459744204,-0.037912198813721765,-0.07471456925396068,-0.05755876760723121,0.02007186581001115,0.04647728546168648,-0.014905427826945242,-0.013656209788146651,-0.000510968320137065,-0.016398577838416133,0.02319447590840699,0.02242773525817447,1.4796347641492575,1.4464628853594257,-0.518064862667672,-0.5054009888302538
smooth_crossnet,20260840,46,14636,1.663,3.4684034206752097,True,True,64,2.2870594307278225e-14,0.8797714595349202,5.3278310340140465,0.5714726802869606,4.7563583537270855,0.8927382124848642,1.5361047686248832,0.16476534329322898,1.3713394253316542,25.967530717317445,0.2051728018352156,0.18316560036088164,0.997454458350028,0.9761904761904763,1.0,False,0.19700597183899426,1.8290924330699454e-14,4.440892098500626e-16,8.881784197001252e-16,0.0,1.1102230246251565e-16,3.3306690738754696e-16,4.440892098500626e-16,1.055803483999194,0.30440619384283046,1.2721008301775119,0.36676841644039965,1.4602187597086032,0.42100603147956067,0.9706313482104151,0.2798496110413413,0.4036202723741318,0.11637062458425243,0.15625906592098543,0.04505216001965705,0.009197273623203148,0.002651731216841169,-0.3318714357641764,-0.34338755929140946,-0.3395463381927875,-0.24582635168062592,-0.13307472869395787,0.03855636156213668,0.18621458167717025,0.1169689975028646,-0.009485421957863055,-0.025764917381342012,0.720697039422591,0.5314054526222842,2.7849124294824406,2.499772539120804,-1.998074666438497,-1.6919530629197923
smooth_crossnet,20260840,47,13286,1.664,3.4684034206752097,True,True,32,4.458572400167782e-12,1.1211720188096865,0.5808733768181336,0.15009234027901286,0.4307810365391207,0.7416091935540619,0.16747572481203826,0.04327418759430058,0.12420153721773768,3.649997777230188,0.15914348782396548,0.1180222736645117,0.9963086998003385,0.6190476190476191,0.5,False,0.05916276280732158,5.674280489920136e-15,4.440892098500626e-16,2.220446049250313e-16,4.440892098500626e-16,8.881784197001252e-16,4.371503159461554e-16,0.0,0.24836823692339782,0.0716088086647795,0.1988906830628145,0.057343584047122045,0.08669619063909187,0.024995993869194814,0.0365599422541639,0.010540856359508091,0.008969212844024552,0.0025859773954087714,0.0013119238354697069,0.000378250069657211,7.718725917041022e-05,2.225440636757988e-05,0.12864612881645016,0.1632939130666741,-0.051802713668190246,-0.031835386046036675,0.13583900310618452,0.01206767485577952,0.024118901459277732,0.02182980502675401,-0.007250574896892067,-0.024956951151519767,0.0895996671760256,0.08327412783456872,1.53871913580481,1.5772456627875289,-0.7366975289879796,-0.679746827564063
smooth_crossnet,20260840,48,14542,1.683,3.4684034206752097,True,True,32,1.1476492561834917e-08,1.1417401954327646,1.07840804130499,0.2619932935737837,0.8164147477312063,0.7570555081759743,0.3109234741485324,0.0755371454231758,0.23538632872535661,8.427993911066775,0.12795548415014105,0.09686940407718786,0.9988566967755514,0.8571428571428572,1.0,False,0.16015409927885704,9.230029934803596e-15,4.440892098500626e-16,2.7755575615628914e-17,1.1102230246251565e-15,6.661338147750939e-16,1.1102230246251565e-15,2.220446049250313e-16,0.4193819345341246,0.12091498123724075,0.35453110245041974,0.10221737769518217,0.18823421702606113,0.0542711427119446,0.08659629666746599,0.024967192729445496,0.024925619118688545,0.007186482105889563,0.004607763213714013,0.001328496906169294,0.00013110829451478344,3.7800762660204044e-05,0.0664582946200469,0.08794255222921397,0.06575563362673272,0.07002030636450207,0.14207129333177476,0.059101843241778536,0.1322948100911971,0.09521572630678654,-0.010792140248083499,0.002533276394107455,-0.19823438346815683,-0.15434315578649313,2.319955832526609,2.178011072827231,-1.3757691450473546,-1.1967414261443625
smooth_crossnet,20260840,49,14720,1.772,3.4684034206752097,True,True,32,2.7465695995321227e-08,1.272475240043101,0.8051814808586599,0.3406650678458848,0.46451641301277513,0.5769089628308471,0.23214758584856648,0.09821956287298494,0.13392802297558154,6.373318576839916,0.1263362989235497,0.07288454317987293,0.9971530091405864,0.9761904761904763,1.0,False,0.18779195567585782,1.291984097831489e-14,8.881784197001252e-16,6.938893903907228e-18,1.1102230246251565e-15,2.220446049250313e-16,6.38378239159465e-16,0.0,0.4161660660871378,0.119987791387347,0.2728549705704985,0.07866875258627805,0.08607030316385128,0.024815539810272586,0.026334765452723063,0.007592763083942628,0.0034959116719334707,0.001007931099102914,0.00025507281640885324,7.354185354805037e-05,4.391096104771106e-06,1.2660280746454436e-06,-0.018800930518464765,-0.023839240561962346,0.004930752378834429,0.005571960334030584,0.15757725674475517,0.059002632551078564,0.03734833471935556,0.029007887497038524,0.028339009689750963,-0.03228124146846897,0.3387543151245669,0.28627038710438424,2.6982171702672035,2.582609663059213,-1.9738906683629018,-1.633866808472213
smooth_crossnet,20260840,50,7158,1.819,3.4684034206752097,True,True,32,1.0679651607503615e-13,0.3658716732730518,1.6456185760331985,0.25998011985053104,1.3856384561826673,0.8420167810227208,0.4744599680139972,0.07495671302270816,0.399503254991289,8.509001831642617,0.19339737005503976,0.16284383099200453,0.9878412248834061,0.9523809523809524,0.5,False,0.11405237605166703,6.332608049053334e-15,1.1102230246251565e-16,2.220446049250313e-16,1.1102230246251565e-16,6.661338147750939e-16,4.371503159461554e-16,0.0,0.39228408706662354,0.11310220856322874,0.5452401273864247,0.15720204983544858,0.36343894960581313,0.10478566231348625,0.23083652962196852,0.06655411773784681,0.09029781604938142,0.026034404046286732,0.020418877347754178,0.0058871114086778125,0.0031021889552318503,0.0008944141090219353,-0.7714139905387734,-1.0053723535469274,0.008414303273747533,-0.007869848370228529,0.2064176996274353,0.32525147160777657,0.050837851115213765,0.04110024591681283,0.03399578157647634,0.0665440718443562,-0.08878651927185358,-0.08298141552494424,1.2702577781772226,1.2724049751714113,-0.34385123068641665,-0.24320547382520533
smooth_crossnet,20260840,51,730,1.828,3.4684034206752097,True,True,64,7.549516567451064e-15,1.2202945339056792,1.283859283604402,0.4651980444299052,0.8186612391744968,0.6376565170570145,0.3701585795790927,0.13412454896591672,0.23603403061317602,5.60067038610733,0.22923314444446907,0.14617200848048767,0.9772518139127576,0.9285714285714287,0.5,False,0.2751615554568684,1.195831628164612e-14,1.1102230246251565e-16,4.440892098500626e-16,4.440892098500626e-16,6.661338147750939e-16,3.0531133177191805e-16,0.0,0.45673169752671827,0.1316835564179568,0.5119265180680448,0.14759716675875775,0.24408243519349163,0.07037313875845937,0.05776725267017062,0.016655286500358947,0.012214976805001615,0.00352178663306233,0.001101823571307269,0.00031767457174655076,3.457976966611992e-05,9.969938750489446e-06,-0.03726427130744324,-0.020437928126836633,-0.050458025778142915,-0.4950631731954164,0.056348544658316554,0.06461764070542371,0.04974659028707496,0.0367849790887432,-0.029690501669435147,-0.009938431454840071,0.12063400661579127,0.11300272080149101,-0.9584369968539009,-0.7551496278174059,2.0694151879534184,2.2864783539045197
smooth_crossnet,20260840,52,738,1.869,3.4684034206752097,True,True,32,2.39659851963836e-08,1.4232829703742245,1.0417289085833985,0.28535989143392837,0.7563690171494701,0.726070872102439,0.30034825313965363,0.0822741350481012,0.21807411809155244,4.881215380790756,0.2134158866832544,0.15495505896462583,0.993317798725994,0.9761904761904763,0.5,False,0.23170211279311814,1.3448660587944694e-14,2.7755575615628914e-17,1.3877787807814457e-17,2.220446049250313e-16,4.440892098500626e-16,3.885780586188048e-16,0.0,0.4389992496247904,0.12657098854415513,0.3676577851954372,0.10600202473674865,0.18120673546450647,0.05224499963998713,0.04625710290656794,0.013336713552647478,0.006941959777011421,0.002001485679442675,0.0006628808270045762,0.0001911198746527387,3.1947880791833834e-06,9.211120194782416e-07,0.17741926505083186,0.12268071161410585,-0.12195658696358168,-0.3381438923513352,0.09267517340350066,0.10384270846984882,0.04032097229958852,0.03190257174759571,0.006840797796223972,0.0008251657387676649,-0.0075003626841651325,-0.007079417936376641,-0.9058691353130397,-0.7765988260809644,2.1413528467848657,2.2858539491725822
smooth_crossnet,20260840,53,3461,1.894,3.4684034206752097,True,True,32,2.6645352591003757e-15,1.2265214691234516,0.09273907060239031,0.05210591457789711,0.0406331560244932,0.43814495617175075,0.02673825946819542,0.015023025945394038,0.011715233522801382,0.8426158044446315,0.11006091995095521,0.04822263694813384,0.9998460706640956,0.8333333333333335,0.5,False,0.023265679895102642,4.27457548524135e-15,6.661338147750939e-16,6.938893903907228e-18,6.661338147750939e-16,8.881784197001252e-16,5.134781488891349e-16,0.0,0.06654761356260648,0.019186814649620937,0.021035461974683173,0.006064883297395695,0.003944524655130365,0.001137273891386737,0.001108949530629715,0.00031972910764049205,9.451569061014677e-05,2.725048938849996e-05,7.869763900321043e-06,2.268987469395645e-06,1.354248291531772e-07,3.904529338943318e-08,0.013497948690288114,0.01560624756955028,0.00043704740727913693,-0.005186206962938486,0.022799901439787943,0.03678387385510123,-0.016005757569846287,-0.014875588368934897,0.014332905765705492,0.027444912429861565,0.02452530797742408,0.02367209293265269,1.4327637886530153,1.3871343434901073,-0.2658296732402027,-0.24405820582194895
smooth_crossnet,20260840,54,15343,1.898,3.4684034206752097,True,True,32,1.984226033480141e-09,1.3352111606388721,1.6002007780088974,0.31985597371425417,1.2803448042946433,0.8001150992363312,0.4613652404071782,0.09221994529459505,0.3691452951125832,8.617525636115026,0.18569144387602934,0.14857452804420684,0.9971995956099763,0.9047619047619048,0.5,False,0.11565835718922868,7.330941409477987e-15,8.881784197001252e-16,1.1102230246251565e-16,8.881784197001252e-16,2.220446049250313e-16,6.106226635438361e-16,2.220446049250313e-16,0.5261264661219275,0.15169125453679322,0.5233036719018118,0.15087739470627612,0.338246503240594,0.09752224935089761,0.14738789336745653,0.04249444931603829,0.054349544059942086,0.015669902680859892,0.009799927382491348,0.002825486598264152,0.000986771934673419,0.0002845032180487585,-0.037084363528857356,-0.04828990542581502,0.13462863805068426,0.17277420937596322,0.2124617551333797,0.1023443456955054,-0.013678290745544585,-0.037852982470892006,0.11589756483270812,0.11389500956406898,-0.09545313236589878,-0.04568455061543211,2.1928538993064435,2.020498123921007,-1.174414910044042,-0.9424730894055338
smooth_crossnet,20260840,55,8280,1.986,3.4684034206752097,True,True,32,9.398259948056875e-12,1.4993757418308253,1.7896790282500963,0.1984722213725038,1.5912068068775924,0.8891017784532207,0.5159950591623196,0.057222934388026385,0.45877212477429313,12.407706475695395,0.1442393106055318,0.1282434275822448,0.9988456992531598,1.0,1.0,False,0.05043389902724815,6.036837696399289e-15,4.440892098500626e-16,1.1102230246251565e-16,4.440892098500626e-16,2.220446049250313e-16,5.273559366969494e-16,6.661338147750939e-16,0.4153426167775154,0.1197503768741696,0.4788709242840917,0.13806667397152658,0.43029777188676627,0.12406220375685083,0.29555368335026766,0.08521317952475405,0.12893968293072663,0.037175514867190784,0.037508889986031066,0.010814454213267106,0.0031654590346965,0.0009126559545602874,-0.16886970787293132,-0.19589922158848003,-0.29639315414774114,-0.2588830300052006,-0.01590140801011101,0.06405682056750221,0.12873934400743295,0.10672023071893305,0.03185396844471047,0.06645509197250087,0.3956951104561993,0.34726150344092954,2.087531386416668,1.9865413990634826,-0.6632797974634022,-0.6168770523388427
smooth_crossnet,20260840,56,15471,1.99,3.4684034206752097,True,True,32,5.9287411785513555e-09,0.6908300543161929,1.677646690699163,0.2940463499818585,1.3836003407173045,0.82472689177522,0.4836942210063234,0.08477858954614201,0.39891563146018144,11.085309364215925,0.15133963659279656,0.12481386808956846,0.9983438146500531,1.0,1.0,False,0.13815687214918881,1.1953545792087183e-14,8.881784197001252e-16,4.163336342344337e-17,4.440892098500626e-16,2.220446049250313e-16,2.7755575615628914e-16,6.661338147750939e-16,0.48731783797583605,0.14050206359240866,0.5244040209263205,0.15119464414097264,0.3500018412504136,0.1009115142615899,0.2308870135293159,0.06656867311137875,0.07655410929404521,0.02207185843425967,0.00790924274121378,0.0022803698941324573,0.0005726249820163741,0.00016509757158090295,-0.29628312195356754,-0.3377790327739637,-0.09171366639544053,-0.035491465570235754,-0.006132171876501809,0.0009334011739574553,0.11405618874059027,0.06932450912777088,-0.014776035072967446,0.01827816608082189,0.15160368974663857,0.10344893977639112,2.150758978544933,1.9910949689665374,-1.3166838074174918,-1.1189794324650866
smooth_crossnet,20260840,57,11110,2.013,3.4684034206752097,True,True,32,2.8451359324055403e-11,0.862881318855302,1.5732674109768727,0.1659267522942086,1.407340658682664,0.8945336621501735,0.4535998902545765,0.04783951927423336,0.40576037098034307,9.630636603236516,0.1633606869195078,0.14613163352147526,0.997660324813555,0.8571428571428572,0.5,False,0.08273857099947873,9.678889634212595e-15,2.220446049250313e-16,1.1102230246251565e-16,1.1102230246251565e-16,8.881784197001252e-16,1.3877787807814457e-16,0.0,0.42773803560508805,0.12332418802707165,0.47348874973313093,0.13651490103794062,0.35357110690058136,0.10194059456663496,0.2073349250342315,0.059778203365359585,0.08645012205255567,0.02492504808905016,0.020987028301228703,0.006050919041344696,0.003697443350055104,0.001066036127174418,-0.11884733498162191,-0.15854533802050005,0.027199776791949,0.0429827312742289,0.1357691901781789,0.20106037203969684,0.03285149260998771,0.009644865229737773,-0.010418736018537296,-0.010996015291227772,-0.1512189478603488,-0.13892390944062322,1.463242275106312,1.3607974325039216,-0.5156963969706176,-0.443138819439933
smooth_crossnet,20260840,58,14292,2.032,3.4684034206752097,True,True,64,1.3627987627273797e-14,0.807892317592531,5.37065452911337,0.45734695213364307,4.913307576979727,0.9148433492315609,1.5484515143477284,0.1318609448391702,1.4165905695085583,20.700871790439276,0.2594409831374258,0.23734785794137153,0.9929769993934031,0.9285714285714287,1.0,False,0.2613090801975135,1.2788381464901022e-14,1.7763568394002505e-15,8.881784197001252e-16,6.661338147750939e-16,1.3322676295501878e-15,1.0685896612017132e-15,6.661338147750939e-16,1.1711907466698306,0.3376743142646969,1.6067401337668334,0.46325064846523595,1.2497291875939127,0.3603182894308824,0.8836496267589944,0.2547712937576824,0.35385866144108125,0.10202350145652722,0.09515663897490195,0.027435285759341507,0.010329533907815238,0.0029781812133619513,-0.4971895239202915,-0.5895335368966905,0.09935281333547921,-0.14980392050857944,-0.05883766939335768,0.044793742891249114,0.06901286203611764,0.07596012716383874,0.03692968894600644,-0.07891651636717815,0.45885618483779245,0.5172201972488286,2.5524188513588486,2.640750338073892,-1.8526508896080633,-1.6525781140128282
smooth_crossnet,20260840,59,1456,2.041,3.4684034206752097,True,True,32,4.017661758837221e-10,0.8599116400525031,0.7608493011850899,0.12620921889987285,0.634640082285217,0.8341206087680032,0.21936586057136684,0.036388275408661415,0.1829775851627054,3.527522690534649,0.21568941377093503,0.17991098511942605,0.9994956642911926,0.9761904761904763,1.0,False,0.11518421583471287,1.1039495598046123e-14,1.3322676295501878e-15,2.220446049250313e-16,8.881784197001252e-16,9.992007221626409e-16,8.881784197001252e-16,0.0,0.33835229007281137,0.09755274950309639,0.33496143676888446,0.09657510852750688,0.07669084319477511,0.0221112811553638,0.009698082234676816,0.002796122901063466,0.0011302658054104405,0.00032587495407048313,1.6226574334062483e-05,4.6783987806423e-06,1.5653419394987117e-07,4.51314841338145e-08,-0.12548080252561694,-0.09239893140496012,0.024954576532560453,0.06338572420108916,0.009824291951501505,0.009003523052727213,0.0328043379202422,0.02159163999818483,7.900660126449244e-05,3.0127953891791457e-05,0.09719649274696314,0.08715120199685585,-0.6685031511895263,-0.6138069510788395,1.4890368880151137,1.3849553053335528
smooth_crossnet,20260840,60,15570,2.109,3.4684034206752097,True,True,32,1.4816729204669699e-08,1.0863123538690953,1.0333062050466093,0.2645862440409195,0.7687199610056898,0.7439420737544252,0.2979198437203279,0.07628473737043291,0.22163510634989503,8.126834218958948,0.12714744477450118,0.09459033373811868,0.9990932722513789,0.9285714285714287,1.0,False,0.19692110910267568,1.2104575154714414e-14,8.881784197001252e-16,5.551115123125783e-17,8.881784197001252e-16,0.0,7.216449660063518e-16,6.661338147750939e-16,0.444033917202275,0.12802256927650962,0.32294561455683374,0.09311074156822405,0.16535976129755903,0.04767604607694906,0.08103453715085779,0.023363642380182646,0.016582694687633803,0.0047810743666045555,0.003304649941043177,0.0009527870723872848,4.503021040525788e-05,1.2982979470275015e-05,0.16262116625633138,0.21708770223696297,0.03685442445047226,0.042693191270063297,0.13464183101675048,0.06872103005901724,0.13282243882677605,0.09230479773867188,-0.001155370989638794,0.0014962929434293778,-0.1084539823331835,-0.0837905406037299,2.306262136731275,2.1481143347361935,-1.5772802900896885,-1.400314454511513
smooth_crossnet,20260840,61,15883,2.173,3.4684034206752097,True,True,64,8.43769498715119e-14,1.8807106786581103,2.1358066290461193,0.5490491156527542,1.5867575133933651,0.7429312615730728,0.6157895636691341,0.1583002462688923,0.45748931740024174,8.622838276913328,0.24769183422638222,0.18401800688315453,0.9939501403332713,0.8571428571428572,0.5,False,0.2913563908743365,1.3340023530261647e-14,4.440892098500626e-16,2.220446049250313e-16,0.0,4.440892098500626e-16,2.498001805406602e-16,0.0,0.7330318726574601,0.211345620376178,0.911477625249786,0.2627945814539488,0.2938864325143915,0.08473248260641472,0.17362895103153975,0.05006019484254188,0.02093030374845452,0.006034564383049745,0.00274891616202944,0.0007925595233942816,0.00010252768245540896,2.9560483605868846e-05,0.03634629810565346,0.020941963985061103,0.10404927290815316,-0.22111337215649188,-0.021409858838145397,-0.023325154971729954,0.03454856264249071,0.030220486416109246,0.16337418441902005,0.211410444404487,-0.10694390422522759,-0.10927308169009328,-0.8237689635065774,-1.0236785501492625,2.4945150871527435,2.995527942820031
smooth_crossnet,20260840,62,16663,2.193,3.4684034206752097,True,True,32,5.2235993308613615e-14,0.1618922728670873,0.5216111046796981,0.16639504748666006,0.355216057193038,0.6809978813836085,0.15038939864099019,0.04797453678392094,0.10241486185706924,3.5033886425970033,0.1488875936678942,0.1013921358521395,0.9594607717915088,0.8571428571428572,0.5,False,0.05298056206154912,5.5198901005582e-15,1.6653345369377348e-16,6.938893903907228e-18,1.1102230246251565e-16,9.43689570931383e-16,7.979727989493313e-17,0.0,0.18800109790570596,0.05420393048427652,0.2119547366055125,0.06111017401898719,0.07585842313431164,0.02187128022136016,0.036466699721082636,0.010513972943200332,0.008429079271492562,0.0024302476526365654,0.0008492017358270326,0.00024483937790077334,5.186630576467998e-05,1.4953942628329819e-05,-0.21063253875999402,-0.12086622977344591,-0.27622269161431295,-0.35609930501428716,-0.018124959378651242,0.009136626751860756,-0.011572269664814077,-0.011411341659059238,-0.00678187934177839,-0.0034007339227248687,0.1889989183020338,0.2137658489178817,0.28854219840377415,0.30960034673271736,0.20768549492083008,0.12116706083414369
smooth_crossnet,20260840,63,11025,2.223,3.4684034206752097,True,True,32,2.8556906839227736e-11,0.7680522519778574,1.564222259560506,0.22784643296253013,1.336375826597976,0.8543388373551548,0.45099201847055953,0.0656920217539672,0.3852999967165923,7.550524727770323,0.20716735802578085,0.1769911197936847,0.9963676908003142,0.9523809523809524,1.0,False,0.26147950326926506,2.6489227478165844e-15,4.440892098500626e-16,1.6653345369377348e-16,2.220446049250313e-16,6.661338147750939e-16,2.0816681711721685e-16,0.0,0.6243407780091781,0.1800081196689729,0.5941705657686873,0.17130953170753632,0.27198241994693517,0.0784171813248838,0.06830090960926732,0.019692319873208658,0.005244726737615862,0.0015121443792702892,0.00018285948882127857,5.272151668726024e-05,2.1423834928313568e-16,6.176857859326783e-17,-0.008180873143074995,-0.008552832467763907,5.551115123125783e-18,0.0,0.08153244659129497,0.11420547817076625,0.0233334979192664,0.012856083049384518,0.08837474928706456,0.11005862975477462,-0.3396451276101776,-0.3090307122437616,1.3163279712728069,1.0993309125048472,-0.39369041233932256,-0.25081530679039027
smooth_crossnet,20260840,64,17449,2.231,3.4684034206752097,True,True,32,4.826833377435946e-12,1.4958886519428858,1.3530488731595287,0.24294846529273675,1.110100407866792,0.8204436882420785,0.3901071210730511,0.07004619585037801,0.32006092522267315,7.932684100177006,0.17056633745560817,0.13994007499202216,0.9863549831359856,0.8095238095238096,0.5,False,0.13624930232630245,7.19910242530375e-15,4.440892098500626e-16,5.551115123125783e-17,4.440892098500626e-16,4.440892098500626e-16,4.718447854656915e-16,0.0,0.3742919587374538,0.10791477038290681,0.4161212585612417,0.1199748726116276,0.28729809131786904,0.08283295120898579,0.17856967082004827,0.05148468882125751,0.07667223999766917,0.022105917535608657,0.018014360836406593,0.005193848192232395,0.0020812928888389514,0.0006000723204320266,0.23253112637884046,0.29725153100693164,-0.12668913403194365,-0.06761382122204462,0.16617064146725513,0.09402754142927319,0.06520163196921883,0.0703281688922401,-0.20192232052204911,-0.26213212988354356,0.20431833444514663,0.2052161655805256,0.9130491033285479,1.0261774831248935,0.24322926890786994,0.13263371301460947
smooth_crossnet,20260840,65,11267,2.256,3.4684034206752097,True,True,32,1.2157441720006545e-11,1.5540748635667385,1.0443705811445274,0.2270290338824925,0.8173415472620349,0.7826164026626535,0.30110989249953374,0.06545635162541032,0.23565354087412338,5.731071560426349,0.18222954819758594,0.14261583346923534,0.9960113764855145,0.9523809523809524,1.0,False,0.0682676593797941,5.139551978450285e-15,1.1102230246251565e-15,4.440892098500626e-16,1.1102230246251565e-15,8.881784197001252e-16,8.465450562766819e-16,0.0,0.3843535215090918,0.11081569093662927,0.33217959721238044,0.09577305662664626,0.19579130499832129,0.056449980365953424,0.09415139157779032,0.02714545574962599,0.029380163341344474,0.008470803357593537,0.008091646345966975,0.0023329599716493585,0.00042295615963093797,0.00012194549143553757,0.40874768601365785,0.4923238375013683,-0.016903242317116526,0.017715520684697034,0.16155125451994062,0.04342887688822901,0.07253284778031617,0.06063759495819228,0.006471521540898946,0.01283813998576079,-0.28093647367938546,-0.2465033376101437,1.7546297892182972,1.6576183857896405,-0.5520185195098712,-0.48398415463100675
smooth_crossnet,20260840,66,8013,2.262,3.4684034206752097,True,True,32,1.7592316492454074e-12,1.5268375780198435,1.2388642936770113,0.25308405694726854,0.9857802367297428,0.7957128490675097,0.3571857547746958,0.07296846019659373,0.284217294578102,6.094732245608691,0.20326804259032447,0.161742993293923,0.9944102926091939,0.9761904761904763,1.0,False,0.07367880232209767,6.296178856057821e-15,8.881784197001252e-16,1.3877787807814457e-17,2.220446049250313e-16,4.440892098500626e-16,4.0245584642661925e-16,0.0,0.3969968795717381,0.11446098720962886,0.3983628445531908,0.11485481826552914,0.23666527374629853,0.06823464431373033,0.14187907993888493,0.040906164229092094,0.04932843206590534,0.014222230254951817,0.01439060293862669,0.004149056840632803,0.001241180862365813,0.0003578536611303961,0.2846967946076614,0.3693944377745266,-0.05110195701450156,-0.018588349715673465,0.2033570751854529,0.05439665926056028,0.03117698092961901,0.02688356167777495,0.01891407057892602,-0.005184151458907253,-0.24639226872563563,-0.20480149991723534,1.7812011739951739,1.7054691742624755,-0.4950142915368528,-0.400732253863678
smooth_crossnet,20260840,67,10222,2.296,3.4684034206752097,True,True,32,5.7758936522489535e-12,1.4816653559535022,1.2192197350549319,0.18458089918508397,1.034638835869848,0.8486073560999505,0.3515218926919351,0.053217828723381544,0.29830406396855363,6.064422312428296,0.2010446621694352,0.17060797922161217,0.9960274136285467,0.9047619047619048,1.0,False,0.06527253518030574,8.697469827678717e-15,2.220446049250313e-16,5.551115123125783e-17,8.881784197001252e-16,1.1102230246251565e-15,6.453171330633722e-16,0.0,0.3626427962038822,0.10455611767713137,0.3872013347871647,0.11163676418926678,0.23691394663580492,0.06830634095894296,0.16090673683850115,0.0463921629990714,0.05622453645012655,0.016210495040735795,0.014137323999101526,0.004076032192457402,0.0011930601403497166,0.0003439796343291168,0.29439835393636565,0.38269171768690036,-0.036202476144538934,-0.020412534141133632,0.1725442102836411,0.04980412880747932,0.06158460722803059,0.058773693227882284,-0.001223299018240219,-0.04819504621750541,-0.1391506720882018,-0.1241950318904679,1.7828541873901564,1.7707960308806465,-0.6531395556337098,-0.5875976024003005
smooth_crossnet,20260840,68,13255,2.305,3.4684034206752097,True,True,32,4.940103881523328e-12,1.2521318549584377,0.3987178405148028,0.0800152212367673,0.3187026192780355,0.7993186832737256,0.11495716967006757,0.023069756176514893,0.09188741349355267,3.8009119627216275,0.10490057239560543,0.08384898740191546,0.9994207466270825,0.8333333333333335,1.0,False,0.03285413076323018,4.877175052708793e-15,8.881784197001252e-16,1.1102230246251565e-16,4.440892098500626e-16,8.881784197001252e-16,5.169475958410885e-16,0.0,0.17887828261827377,0.05157366687853477,0.12077667304403533,0.03482197956676077,0.06431495739782388,0.01854310170911531,0.027109491203454697,0.007816129762142021,0.006551804293178242,0.0018889971835810186,0.001058201455857919,0.0003050975701240412,2.8430502177783593e-05,8.196999809280808e-06,0.20348058326903104,0.23803882586173689,-0.031028539720066577,-0.04707567353279551,0.05454949093630694,0.019363426306031904,0.13514789479612327,0.10905849379651378,0.017272087638883712,0.02556885331862303,0.04572643135591362,0.043033809561759374,1.6216814617948905,1.6451764644360056,-0.7946975551126454,-0.7810323447894382
smooth_crossnet,20260840,69,6618,2.306,3.4684034206752097,True,True,32,9.703349235223868e-14,0.8537513294278047,0.5706636760300241,0.08864124333368782,0.48202243269633627,0.8446699044341764,0.1645320935356852,0.025556785812543004,0.1389753077231422,4.11913308951999,0.13853975184291134,0.11702035894948642,0.9984037101959959,0.9047619047619048,1.0,False,0.03699176686070939,6.50868248186498e-15,2.220446049250313e-16,1.1102230246251565e-16,5.551115123125783e-16,9.992007221626409e-16,5.828670879282072e-16,0.0,0.2306438089788458,0.06649855308179385,0.20976939524059113,0.06048010274414802,0.08183675652673489,0.023594935940526595,0.037551520183990696,0.010826745228120082,0.009428264840116548,0.0027183299335695804,0.0013569151756977669,0.0003912218421908978,7.701508404644086e-05,2.220476533593315e-05,-0.17405366507653622,-0.16547363594807968,0.037606878432871825,-0.021099902411479132,0.023408620977426124,0.07473454709470552,0.024337029912621853,0.025982770921318676,0.010860103772286921,0.014407540213005391,-0.1015830567223189,-0.10648752868584549,1.3867376034962808,1.3617076129704706,-0.3535621853648283,-0.3300200747262923
smooth_crossnet,20260840,70,15039,2.414,3.4684034206752097,True,True,32,2.960827164000257e-08,1.5667129836791864,1.7888548398673711,0.2928589795606505,1.4959958603067207,0.8362868953735991,0.5157574315617318,0.08443625035510958,0.4313211812066223,8.517591309586953,0.21001886270992248,0.17563602266557524,0.99718148376342,0.9761904761904763,1.0,False,0.19302135959028388,1.3246348462558899e-14,4.440892098500626e-16,8.881784197001252e-16,2.220446049250313e-16,1.1102230246251565e-15,1.942890293094024e-16,0.0,0.6374260895615862,0.1837808386884521,0.5747241970757461,0.1657028111694867,0.3355460891877938,0.09674367381475812,0.18057280366684267,0.05206222626538921,0.050327809956475164,0.01451036798558964,0.009909759632674242,0.0028571531136205213,0.00034809078625160496,0.00010036052443514214,0.3260917505901303,0.42376270166265895,-0.01940828568430827,-0.01956023686227884,0.2639110644387943,0.117455844695802,0.040789618189971504,0.03887929354291947,0.04621792565860931,-0.03916715059459341,0.13316104156546538,0.13001740130740053,2.6279387710874116,2.5721260036060434,-1.8519889021668878,-1.6568008736787667
smooth_crossnet,20260840,71,19348,2.446,3.4684034206752097,True,True,64,5.81756864903582e-14,1.238476280163297,2.927378434409075,1.122089421917695,1.80528901249138,0.6166913683832608,0.8440132474091463,0.3235175629308002,0.520495684478346,11.01672647023958,0.26572125960620435,0.16386800719507383,0.9946500055787405,1.0,1.0,False,0.8532579000903739,2.5109905474329786e-14,8.881784197001252e-16,2.220446049250313e-16,2.220446049250313e-16,1.3322676295501878e-15,7.771561172376096e-16,2.220446049250313e-16,1.3699159532469367,0.3949701886120989,0.998606054269295,0.2879151970375153,0.4097938538720251,0.1181505736700746,0.11028132222213445,0.03179599050235785,0.03496170454375515,0.010080057105049504,0.003575380425953955,0.001030843299438887,0.0002441658289718049,7.039718261039889e-05,0.11048776187788975,0.07785505938588994,-0.0868791660361949,0.06741087991009166,0.14527316811569946,0.11561107956896767,0.033352262316278775,0.018336475553887753,0.00018243792502604331,0.004626441104387756,0.07228123078168343,0.06326688302647539,-2.1145337910446127,-1.1511784182525657,3.078312376227527,2.042547879866164
smooth_crossnet,20260840,72,11032,2.48,3.4684034206752097,True,True,32,1.499222967993319e-11,1.921808203301933,0.2581853836720384,0.06311960639142278,0.19506577728061564,0.7555260274857354,0.0744392599006768,0.01819846157894026,0.05624079832173655,4.202741958713432,0.0614326042874818,0.04641393147542428,0.999845940019165,1.0,1.0,True,0.05231053074635006,9.86775765265957e-15,4.440892098500626e-16,1.1102230246251565e-16,0.0,4.440892098500626e-16,1.6653345369377348e-16,2.220446049250313e-16,0.14121573987565894,0.04071491194878589,0.07925471516722493,0.022850489275493813,0.028602438423048868,0.008246571968113415,0.008175774602192437,0.0023572155861271817,0.0008562248262719087,0.0002468642549387244,7.864022140203063e-05,2.2673320217958203e-05,1.8505562382638275e-06,5.335469995308595e-07,0.01763783196558528,0.02002166366457131,-0.03146782950771716,-0.036961167464732686,-0.008412348976681066,-0.0016150824459653182,0.1950718889673111,0.16317425753910697,0.02032025902450517,0.03518829130197728,0.48918745483372306,0.48683563371624805,2.232202115756342,2.2088252998676134,-0.9927311687611353,-0.9536606928768866
smooth_crossnet,20260840,73,19241,2.542,3.4684034206752097,True,True,64,5.240252676230739e-14,1.46087529830203,7.772041668457162,1.0757328937922268,6.696308774664935,0.8615894073036059,2.2408124793465185,0.3101521833878278,1.9306602959586905,22.371227178547052,0.3474123974705412,0.29932684162656836,0.9951818487459836,0.8571428571428572,1.0,False,0.8813001201653298,1.929793130850399e-14,1.7763568394002505e-15,5.551115123125783e-17,1.3322676295501878e-15,1.9984014443252818e-15,1.3322676295501878e-15,2.220446049250313e-16,2.216579649721311,0.6390778063786476,2.648497920710579,0.7636072277298654,1.714753666371727,0.4943927964521233,0.8458240847314555,0.24386554334754842,0.30267557587387756,0.08726654289106725,0.040903103983100084,0.011793064134141953,0.0028076670651091106,0.000809498413123618,0.3721605707970361,0.29413798869493873,-0.1769803994090545,0.009943200587188545,0.2920252255837652,0.2279284080053087,0.05176837909489828,0.037425816720159606,-0.022899090453868766,0.026452339008699314,0.06775496542118503,0.07461523181592603,-1.9601616130503097,-1.1275640151116337,2.8372072603183796,1.9179363285814446
smooth_crossnet,20260840,74,16647,2.589,3.4684034206752097,True,True,32,2.192690473634684e-15,1.0716256442083378,0.27996060933918354,0.044858604422257434,0.23510200491692612,0.8397681569270004,0.08071742971718161,0.012933502531699328,0.06778392718548229,2.526210501449233,0.11082235988591455,0.09306508890769519,0.9980817084739834,1.0,1.0,True,0.041138079788994725,4.770597979153468e-15,2.220446049250313e-16,5.551115123125783e-17,0.0,1.1102230246251565e-15,2.1337098754514727e-16,0.0,0.12398285650865781,0.03574637707067003,0.09620957301241065,0.02773886464270673,0.04367935658847012,0.012593505221479359,0.01352790976065361,0.00390032764931943,0.002377874448201982,0.0006855818541832341,0.00017819774988920615,5.137745765875055e-05,4.841270899432935e-06,1.3958211638744326e-06,0.004886787723569075,0.005431776945201862,-0.017321336027998135,-0.019916443618602356,0.1956104398220598,0.166752461390347,0.024798515608600375,0.030136382501370632,-0.12012457798720866,-0.1335300963871497,0.25599585979350054,0.2648416667804142,0.2720348015298397,0.2962984768883329,0.4557451537459752,0.4616114197084221
smooth_crossnet,20260840,75,20365,2.593,3.4684034206752097,True,True,32,2.150499778252879e-10,2.418595456275745,1.3039561709667897,0.26105616060754416,1.0429000103592456,0.799796828743109,0.3759528557704348,0.07526695396832563,0.3006859018021092,5.303288228549084,0.2458769191437171,0.19665158019227075,0.9892233228820384,0.9047619047619048,0.5,False,0.13967519210139634,3.1988300897012323e-15,8.881784197001252e-16,1.3877787807814457e-17,1.3322676295501878e-15,8.881784197001252e-16,1.2021633688519273e-15,0.0,0.448265449360083,0.12924259233743263,0.4140867462057793,0.11938828791870099,0.249522300309718,0.07194154486825595,0.14640486028497007,0.042211024072992286,0.039004334980447405,0.011245616570420247,0.0061940831224889265,0.0017858600546770008,0.00047839670330214815,0.00013792994795542454,0.5220005199418969,0.6848215634689955,-0.05539353300179119,-0.014573151622127942,0.3275507572648832,0.09904074643453428,0.08545150096583427,0.09112714669135082,-0.008997419885233924,-0.036368665740117954,-0.1461676226717113,-0.13003538411100252,1.8333144779135755,1.8281395739912627,-0.13916322425170716,-0.1035563728371504
smooth_crossnet,20260840,76,18638,2.624,3.4684034206752097,True,True,32,4.224394167806622e-10,1.607453809367919,2.6115924406426694,0.28205644843272354,2.3295359922099457,0.8919982903751573,0.7529667469115398,0.08132169595710245,0.6716450509544373,9.571347688942117,0.2728552472981282,0.24338641410982115,0.9875741392930705,0.6428571428571429,0.5,False,0.2708080721496632,9.079542673262608e-15,1.3322676295501878e-15,6.245004513516506e-17,8.881784197001252e-16,6.661338147750939e-16,6.661338147750939e-16,0.0,0.8565504940820382,0.2469581505358133,0.9079156086929847,0.2617675911864476,0.5049094213356298,0.1455740178105743,0.25632657148898147,0.07390333257112323,0.07458755108395825,0.021504866083149565,0.010076630445494943,0.002905264821683655,0.001226163513579387,0.0003535239027473581,-0.15290674774009952,-0.12107011790867406,-0.07603044452241445,0.029581441496631666,-0.06731660014957758,-0.055197005403200626,0.05925207750257228,0.04276444450326635,0.03575709625429983,0.129110051382256,0.14816181715088345,0.18205752312775564,-0.19218722914068503,-0.4577560445741029,1.8527238400129407,1.8579635167439863
smooth_crossnet,20260840,77,8396,2.625,3.4684034206752097,True,True,32,9.986456106503283e-14,0.937225748901676,1.3665486184733062,0.2533666664710664,1.1131819520022397,0.8145937414549326,0.39399932843085306,0.07304994135363366,0.3209493870772194,6.463113394452604,0.21143813129539663,0.17223617845815642,0.986697645150505,0.9761904761904763,1.0,False,0.11754056623671949,5.2993633786746486e-15,2.220446049250313e-16,2.7755575615628914e-17,2.220446049250313e-16,2.220446049250313e-16,1.3877787807814457e-16,0.0,0.4632405162443515,0.13356016012525163,0.4736313332199941,0.1365560102947281,0.26158439232020947,0.07541925220143096,0.13853010588884004,0.03994059775834028,0.02547761059366465,0.007345630684652251,0.004067591733334777,0.0011727562339166765,1.70684729103493e-05,4.921132532797037e-06,-0.3392174926493612,-0.5400723773607248,-0.07429187443122896,-0.03996713408253393,0.45973363574057724,0.61716921602413,0.006352149249689789,0.00627929402183563,-0.0013073831602767004,-0.0035147441896074476,-0.25029827194612886,-0.2586831111975303,1.4100931583862955,1.368246432135179,-0.273838172287891,-0.21223182644907235
smooth_crossnet,20260840,78,19315,2.698,3.4684034206752097,True,True,64,1.2212453270876722e-13,1.5941935127892841,3.3853715458803935,1.0447005004929912,2.3406710453874022,0.6914074315523,0.9760604910317348,0.30120501388780624,0.6748554771439285,12.837905122153119,0.2637012435960902,0.1823249995319201,0.9947716314644496,0.880952380952381,0.5,False,0.6434798616651978,1.7806936480901925e-14,1.3322676295501878e-15,7.632783294297951e-17,1.9984014443252818e-15,1.9984014443252818e-15,1.9984014443252818e-15,4.440892098500626e-16,1.2249261768950204,0.3531671574284627,1.123166273013253,0.3238280375108733,0.6571444405713815,0.18946597637810317,0.2822615148102878,0.08138082009945044,0.0849981445967651,0.024506418166378732,0.012107018015015045,0.0034906602683081535,0.0007679779786691592,0.00022142118015777227,0.15145080820398432,0.10341051981743095,-0.07346585977095367,0.04976468146480532,0.13257085438141922,0.10863530655935422,0.07698959119905516,0.03746260367636011,-0.023311462350576427,-0.026679951920232023,0.06431933818537877,0.05173466970352072,-2.2581388549420973,-1.336668895684864,3.523779097883076,2.606534579172911
smooth_crossnet,20260840,79,17995,2.83,3.4684034206752097,True,True,64,2.6423307986078726e-13,3.2570910624716034,2.859876595880804,0.5628878704418521,2.2969887254389523,0.8031775667339626,0.8245513133890461,0.16229019585393908,0.662261117535107,9.723703309429766,0.29411393014299175,0.23622571075481077,0.9835789328445498,0.8571428571428572,1.0,False,0.23980879015677364,9.527101330064625e-15,4.440892098500626e-16,4.440892098500626e-16,4.440892098500626e-16,0.0,5.551115123125783e-16,0.0,0.7524964704898742,0.21695759668677247,1.1464584761135597,0.3305435778547276,0.6244326053790057,0.18003459506952182,0.2611334926001706,0.07528925010382287,0.066356634863764,0.019131752225883245,0.008559486236857653,0.0024678462101133955,0.0004394301975715808,0.0001266952382044517,1.348767352883128,1.0473385992362654,-0.018905420307866273,-0.14423532512134216,0.2581796561840024,0.27672154886071254,0.023450715047726795,0.04552026137762911,-0.047216174708722025,-0.08618602985247178,0.0873131124762244,0.10228871058578641,-0.5828714488388197,-0.6800308056765834,2.1883732697359304,2.6956741030616076
smooth_crossnet,20260840,80,14381,2.868,3.4684034206752097,True,True,64,3.083644450896372e-14,1.9999049811509724,4.919928931417614,0.2977931037433572,4.622135827674256,0.9394720720777663,1.4184996191878478,0.0858588427079179,1.33264077647993,21.97912285653434,0.22384555396190123,0.2102966464059828,0.9978846399513465,0.8333333333333335,1.0,False,0.2075403393659303,6.2276572787567375e-15,1.7763568394002505e-15,1.1102230246251565e-16,2.6645352591003757e-15,2.220446049250313e-16,2.3592239273284576e-15,4.440892098500626e-16,1.1226142191185775,0.32366887093544416,1.3741480408725086,0.39619037182387423,1.10819460579377,0.3195114499045306,0.8824000225104021,0.2544110114903016,0.3350600877372568,0.09660355128816854,0.08642267444673891,0.02491713447506479,0.011089280938358296,0.0031972292704634388,-0.5093364233749995,-0.6303243286783841,0.14264315179080173,0.12348447405927596,-0.11175794577149441,0.016943827582931323,0.10283420835993957,0.09553288989433707,0.014305983703408631,-0.13603921853943565,1.1411436172552725,1.1821398275381343,3.2642253258812897,3.2759768993235863,-2.0441529366932483,-1.9278093900294726
smooth_crossnet,20260840,81,15735,2.875,3.4684034206752097,True,True,64,4.440892098500626e-15,1.6360089325790401,4.279969006332901,0.26707319684305436,4.012895809489846,0.9375992684881883,1.2339882324010913,0.07700176837879545,1.1569864640222958,16.03928182665199,0.266842933030892,0.250191738811007,0.995820596426793,0.9761904761904763,0.5,False,0.4782986006394227,6.786238238021269e-15,3.3306690738754696e-16,4.440892098500626e-16,8.881784197001252e-16,0.0,4.996003610813204e-16,6.661338147750939e-16,1.013979706989072,0.2923476839357043,1.6690806508901483,0.4812244852893211,0.9629435167762488,0.2776330778121503,0.5422397738546796,0.1563369966199374,0.07522824813648289,0.021689589996378756,0.016497109686266144,0.004756398747598564,5.101171221544298e-16,1.4707548698447628e-16,-0.6996303539771374,-0.4882651064859391,-1.3481279584734042e-17,0.0,-0.022565350224433837,0.03291480704164627,0.14399729169909578,0.05692411660755362,0.02179163474181601,0.02201942682759196,0.5754871848956714,0.4992237524679396,-0.9036214412316703,-0.9868643240100798,2.520549966675699,2.500056260130328
smooth_crossnet,20260840,82,19114,2.911,3.4684034206752097,True,True,64,1.554312234475219e-14,2.341436587888458,2.442734616376879,0.5970383871409417,1.8456962292359373,0.7555860619740662,0.7042821494799878,0.1721363736357732,0.5321457758442146,10.27585948457449,0.23771584460100562,0.17961477889091293,0.9962066811185981,1.0,1.0,False,0.4327985733089166,2.1007501294079134e-14,1.3322676295501878e-15,1.1102230246251565e-16,8.881784197001252e-16,1.3322676295501878e-15,7.216449660063518e-16,2.220446049250313e-16,1.0299818313854818,0.29696136996225503,0.933535000819653,0.2691540999108799,0.34216991077966613,0.09865343481671875,0.12036932422297517,0.034704533937849225,0.015038832337493075,0.004335952458080957,0.0015870620363529436,0.00045757711657543667,5.2654795254361564e-05,1.5181277627765404e-05,0.6975183291519649,0.5523381008915275,-0.02671614134231464,0.02749222747533391,0.22948927297280544,0.20604744449861095,0.04952823220515396,0.04554828741813927,-0.005038744069660841,-0.008891829333571263,0.028072997673532996,0.027656705233335736,-1.8155710620683378,-1.2727410437450437,3.1841537033653133,2.7639866954501273
smooth_crossnet,20260840,83,282,2.93,3.4684034206752097,True,True,64,6.217248937900877e-15,2.8338567646332096,2.7794431681901877,0.22371330566974373,2.555729862520444,0.9195114660986528,0.8013609811424707,0.0645003704979026,0.7368606106445681,11.013587638110149,0.25236492045267095,0.23205243799730535,0.996079135105263,0.9285714285714287,1.0,False,0.30165523351622486,9.163459921412986e-15,2.220446049250313e-16,1.1102230246251565e-16,4.440892098500626e-16,2.220446049250313e-15,5.273559366969494e-16,0.0,0.7262300674793603,0.2093845436636035,1.1153613652660366,0.321577749179161,0.6747832969465406,0.19455156021475076,0.23664162105968653,0.06822782483982744,0.02472903318697893,0.007129803021058265,0.0016475136912959883,0.00047500636214205423,5.027056028585411e-05,1.4493861926842325e-05,0.8950180786044157,0.870235120074653,-0.011159769853839594,0.00392541385080454,0.6320761841577385,0.47473725752631524,0.004353748549962512,0.010303670503783663,-0.020262623784246217,-0.061854044292802404,0.033473019349033004,0.035847079686503414,-0.9815420145182134,-0.7846165731094675,2.281900142128359,2.285278840393422
smooth_crossnet,20260840,84,4634,3.0,3.4684034206752097,True,True,32,6.797935825364476e-11,1.4882189004172242,3.2459703029470264,0.2781086567659586,2.967861646181068,0.9143218727190872,0.9358687295710021,0.08018348013041053,0.8556852494405915,14.321328833324852,0.2266528714426173,0.2072336778745724,0.990775856852419,1.0,1.0,False,0.16489052394211745,6.8122590901609215e-15,3.3306690738754696e-16,1.1102230246251565e-16,6.661338147750939e-16,1.3322676295501878e-15,4.440892098500626e-16,2.220446049250313e-16,0.6886064694895729,0.19853701717187178,1.0622640405531945,0.3062688827432879,0.8780228373246286,0.2531489941714162,0.43528823125177085,0.1255010385057893,0.15549442389074933,0.04483170065046197,0.023989087117289105,0.006916463919476541,0.0023052133198197063,0.0006646324086979882,-0.6377314655471009,-0.7111647696989588,-0.0023203118131620635,0.016769139848082776,0.6857701382558403,0.8590314356091796,0.07130700303702733,0.02780794346554496,0.17505952101923783,0.09000737716440345,0.21072619212934782,0.21674654252093928,1.3822741710931457,1.3061500219053606,-0.3968663477571112,-0.3171287903973291
smooth_crossnet,20260840,85,9293,3.109,3.4684034206752097,True,True,64,7.993605777301127e-15,2.358252586255699,1.6401000512495951,0.3915207336760038,1.2485793175735913,0.7612824087300628,0.47286888297737567,0.1128821207308649,0.35998676224651077,8.345959239331123,0.1965142656724788,0.14960285352096414,0.9970466030237499,0.9761904761904763,1.0,False,0.2700064999371429,2.542822723217153e-14,4.440892098500626e-16,5.551115123125783e-17,4.440892098500626e-16,8.881784197001252e-16,1.942890293094024e-16,0.0,0.6927554756916042,0.19973324658892835,0.673332934310126,0.19413339587211145,0.18395359338556896,0.053036965737324145,0.07875422698078456,0.022706189975286416,0.010516960107672549,0.003032219390910751,0.0007481065695361556,0.00021569191319460707,3.8754204298668154e-05,1.1173499618773787e-05,0.46211660080670597,0.3538836539899054,0.0005758182671066693,-0.016078487442818732,0.16092907957320177,0.16220836896197915,0.1015215517452419,0.08055338343207628,-0.004336516423576596,-0.006481216276559265,0.13379398719918328,0.12599660409675953,-1.6411699911004747,-1.2509285468132478,3.1448220561883105,2.909098826307605
smooth_crossnet,20260840,86,1661,3.204,3.4684034206752097,True,True,64,2.3148150063434514e-14,2.5315109109152556,3.8269851351600046,0.4154888352315956,3.411496299928409,0.891431813671201,1.1033852383916136,0.11979253415414706,0.9835927042374666,14.258968437800906,0.26839144443398616,0.23925267208562165,0.9854532876440681,0.9761904761904763,1.0,False,0.32116070989914935,9.149798974039669e-15,8.881784197001252e-16,1.3877787807814457e-17,8.881784197001252e-16,4.440892098500626e-16,6.38378239159465e-16,0.0,1.1089048683543528,0.3197162307429847,1.5939815218570557,0.4595721225377952,0.784179251117512,0.22609228397221806,0.3016549624781219,0.08697228260125443,0.034711246982444585,0.010007845908446023,0.0034192106634154,0.0009858168871110637,0.00013407370710027955,3.865574180358143e-05,1.0418530021816919,1.0557422192735029,-0.04253780776517256,-0.020821383162376934,0.765721741504553,0.4954619240110701,0.011413976510377725,0.02751036612223194,-0.005730744033295722,-0.01182708155981737,-0.04958072454067645,-0.06413831591775168,-0.9152444114974612,-0.5514576075723269,1.7256158785552398,1.601040789720724
smooth_crossnet,20260840,87,17862,3.205,3.4684034206752097,True,True,32,1.045037834046525e-09,1.5837905652521886,1.696489734218619,0.24390945932384245,1.4525802748947765,0.8562269759703651,0.48912699258275893,0.07032326685814405,0.4188037257246149,6.106880271394059,0.2777997371530832,0.2378596288679467,0.9940738565396923,0.9285714285714287,1.0,False,0.21203114379202764,9.227861530458625e-15,1.1102230246251565e-16,2.7755575615628914e-17,4.440892098500626e-16,4.440892098500626e-16,6.38378239159465e-16,0.0,0.6652402870466487,0.19180014731883277,0.7096811366268914,0.20461320398788402,0.24466112405882487,0.07053998465126517,0.06444571406882382,0.018580801092705036,0.011944130448933877,0.00344369699837531,0.0005002270142272834,0.00014422399979351362,1.7114954267445214e-05,4.9345339026661926e-06,0.33286071815508006,0.2269774577564666,0.000904116024268614,0.13130764943368506,0.18975805496645207,0.1464658432121124,0.0026740139253426656,0.0019360597567316062,0.00027372384083007963,-0.0010581063119977743,-0.08572703430323546,-0.08633513418027927,-0.47125300445695606,-0.5633091074293628,1.6142999771004072,1.7278059030148325
smooth_crossnet,20260840,88,18118,3.401,3.4684034206752097,True,True,32,1.0348392476267065e-08,2.6064892269370223,1.575534530788942,0.40649610346882264,1.1690384273201193,0.7419947988919853,0.4542535396537654,0.1171997758523973,0.3370537638013681,6.36409642675002,0.24756609974772598,0.1836927583947871,0.9931956630909554,0.9523809523809524,1.0,False,0.15516431816342469,1.9261068434639483e-14,4.440892098500626e-16,2.220446049250313e-16,4.440892098500626e-16,4.440892098500626e-16,3.3306690738754696e-16,0.0,0.6798898031306677,0.19602385324551158,0.5531848339416982,0.1594926445534433,0.2404713341905237,0.06933199660600901,0.08993101753334617,0.025928649763538435,0.011075279170286823,0.0031931923213623023,0.0009744063899918853,0.0002809380201228706,7.856432425678477e-06,2.2651437773490115e-06,0.8002358240636045,0.6165250211702278,-0.04936014011298418,-0.18433596435287838,0.17938099361657708,0.1874480192806928,0.04528125882666244,0.047192890724693584,-0.008547941307897905,-0.012032911204412914,-0.01018870366843051,-0.010362207428746238,-0.6252281391184215,-0.7093791417971421,2.274916074637912,2.6714335205445887
smooth_crossnet,20260840,89,11610,3.591,3.4684034206752097,True,True,32,3.486486654935561e-10,2.555937932770243,1.0892729626008841,0.2874174176279235,0.8018555449729606,0.7361382982079627,0.3140560166985507,0.08286735502410808,0.23118866167444266,4.503167850710819,0.24189037555616408,0.1780647694147996,0.9912926776629362,0.9285714285714287,1.0,False,0.11685819675957215,4.532832442727397e-15,4.440892098500626e-16,1.3877787807814457e-17,0.0,4.440892098500626e-16,2.498001805406602e-16,0.0,0.43920108118606105,0.1266291800336651,0.3804344962404297,0.1096857689542841,0.18507723598006298,0.05336093110646084,0.07118443492627724,0.02052368951718409,0.012598065446564229,0.0036322376374867335,0.0007609787549309297,0.00021940318429935885,1.6670066557156367e-05,4.806265170246871e-06,0.6943670073762171,0.8633908239526227,-0.00963809592310622,-0.009674155146755296,0.3644772170379717,0.11986376733736803,0.05281954898030109,0.05654122616470912,-0.02032484675716586,-0.06309275546083719,0.024826697969240193,0.025019050782794,2.1210782512159265,2.145048249839926,-0.6716678471291415,-0.5811582746995853
smooth_crossnet,20260840,90,1571,3.866,3.4684034206752097,True,True,32,1.8770010601354414e-08,2.749097811946929,2.4688033964551024,0.3116952085742729,2.1571081878808296,0.8737464437136514,0.71179822443333,0.08986705719301644,0.6219311672403136,10.816262019498676,0.2282492225137062,0.1994319464517567,0.9954243092433638,0.9523809523809524,1.0,False,0.305324157684053,2.0925969290708224e-14,4.440892098500626e-16,1.1102230246251565e-16,0.0,8.881784197001252e-16,5.273559366969494e-16,0.0,0.7130020370654595,0.20557067635651685,0.9930712430881821,0.2863194163540689,0.5162699401444223,0.1488494495960097,0.21117573903245943,0.06088557570138392,0.03109558845876175,0.008965389744860832,0.00400365071017795,0.0011543209438418043,0.00018519795563762557,5.3395736647489596e-05,0.8414847094813518,0.7768888082721312,-0.010543554360741326,-0.053662101403591296,0.5055166630307348,0.41876647449412635,0.03020610057858808,0.04217402843305001,-0.006867229427475279,-0.011824663287508202,0.27296788062512656,0.29291616388481145,-0.9810522770460853,-0.7012732795859599,2.0973855190654294,1.9851123811398688
smooth_crossnet,20260840,91,18148,4.473,3.4684034206752097,True,True,64,6.050715484207103e-14,3.5981538924885927,3.4906789692575426,0.43621537109283276,3.05446359816471,0.8750342340459872,1.0064224214661848,0.1257683487718141,0.8806540726943707,12.530066262765853,0.2785842385870208,0.2437707458292783,0.9919043116546996,1.0,1.0,False,0.2804930849531609,2.428222553585435e-14,6.661338147750939e-16,1.6653345369377348e-16,4.440892098500626e-16,1.3322676295501878e-15,3.885780586188048e-16,0.0,0.7528027066649895,0.2170458898112948,1.4269572937913768,0.41141618223683585,0.8586664871686926,0.24756822751649005,0.3820868045438976,0.11016215768508124,0.05909893497577137,0.01703923327473432,0.010762405374705413,0.0031029854573866866,0.00030433673810734336,8.774548436124445e-05,1.2552254303932335,1.052269078000672,-0.011698604634512198,-0.0017409906763856523,0.44260941254171515,0.3662079555000434,0.016409160890786485,0.04253374113417916,-0.08086941760574515,-0.18108371527625347,0.17172556325624833,0.19541277356752107,-0.5654630599989441,-0.6221063239870346,2.370215407645811,2.7466613742258525
smooth_crossnet,20260840,92,9313,4.878,3.4684034206752097,True,True,64,5.1514348342607263e-14,2.7590417450474494,4.028395347164031,0.43159982791588447,3.596795519248146,0.8928606080781697,1.161455245704897,0.12443760876924259,1.0370176369356543,15.255218182459592,0.26406671467969356,0.23577476744211576,0.9941701973259915,0.9761904761904763,1.0,False,0.3881259783545415,1.7773976734858365e-14,4.440892098500626e-16,2.220446049250313e-16,8.881784197001252e-16,8.881784197001252e-16,4.996003610813204e-16,2.220446049250313e-16,1.1476758612322662,0.33089457079616275,1.3118240519155444,0.378221300352704,0.9029338852383889,0.260331275149824,0.5434642316645313,0.15669002873914034,0.10223919437657655,0.02947730756091608,0.018936340991501037,0.005459670832585736,0.0013217817452187532,0.00038109227356298593,0.7217914622327193,0.65268331804349,-0.04159432638095351,-0.23697258345957187,0.4206854005071053,0.4156685943583944,0.038405222315812795,0.047427808322012384,0.0005019260596194411,0.0036770574248780456,0.13149852319307856,0.13870388950736767,-1.6218526662970347,-1.2096559220668974,3.109606203417103,2.947509582917777
smooth_crossnet,20260840,93,6702,4.932,3.4684034206752097,True,True,32,5.287437154777308e-15,0.9596053927908086,0.4559824907015321,0.1601356636181912,0.29584682708334087,0.6488118143049277,0.13146754728224894,0.04616984940783413,0.08529769787441481,3.6126113750574222,0.1262196354276508,0.08189279066272065,0.9990582759246097,0.8333333333333335,1.0,False,0.07886471093123765,1.0411593462378299e-14,2.220446049250313e-16,5.551115123125783e-17,2.220446049250313e-16,6.661338147750939e-16,2.498001805406602e-16,0.0,0.21182571562753175,0.0610729750653673,0.16034493262678595,0.04623018524055396,0.05970022883205356,0.017212596572872555,0.019932029505105565,0.005746744852773011,0.0037550715410134584,0.0010826513198059417,0.00041194286467782326,0.00011877017022363231,1.2569704362866353e-05,3.6240606522119486e-06,0.15892889051681086,0.17095622996769838,-0.040807034440941005,-0.0012268186786178435,0.004875359628053366,-0.0012295425723399512,0.020398006160709685,0.008553808961999282,0.002907407761636993,0.003944232373515366,-0.2731968095432298,-0.2250393113310919,1.40414937436567,1.2619628101465825,-0.31764980165790196,-0.258316016076938
smooth_crossnet,20260840,94,9850,5.0,3.4684034206752097,True,True,32,1.7282051345546279e-09,1.3983956629512866,13.744999854756278,0.7094829939752532,13.035516860781025,0.9483824662442797,3.962918434695949,0.20455607607408452,3.7583623586218646,42.8711393522838,0.3206119562582622,0.30406275778361386,0.9844268944062858,0.9523809523809524,1.0,False,0.3318679728797823,1.0158540675320182e-14,4.440892098500626e-16,1.1102230246251565e-16,1.3322676295501878e-15,0.0,7.771561172376096e-16,0.0,1.9602776792926728,0.5651815667137869,2.840605029629465,0.8189949913832318,3.6712442674819914,1.058482483784223,2.916877221433227,0.8409855681855444,1.6488151619934022,0.4753815983933091,0.6113634045073111,0.1762665210347112,0.09581709041820702,0.02762570520114234,-0.8105810345227515,-0.6101191615728029,-0.07428033815856698,0.0493505092469967,-0.21017301548677159,0.07898979854440319,0.15230163216786652,0.15461477860937192,-0.07755477863922329,0.003496586740374534,0.7197319835318704,0.41923883112791155,-0.2969481155658592,-0.2840851677983962,1.9958993296247212,1.5869094880534278
smooth_crossnet,20260840,95,10805,5.00001,3.4684034206752097,True,True,32,1.7554971365463246e-10,1.5115621623634135,0.9526356176022234,0.16746625695785144,0.7851693606443719,0.8242074368588457,0.27466113426239486,0.04828338478724313,0.22637774947515174,6.822590844372767,0.13962959810025127,0.11508375315983883,0.9984957253790417,0.9285714285714287,1.0,False,0.06261056541660648,6.824618994927256e-15,4.440892098500626e-16,1.1102230246251565e-16,0.0,6.661338147750939e-16,1.8041124150158794e-16,4.440892098500626e-16,0.30860422525090003,0.08897587385922444,0.35921347118811864,0.10356738464932921,0.1734910756684988,0.050020443018339696,0.08366597339120767,0.0241223304337879,0.023060249624629034,0.0066486641914739525,0.004442308469379679,0.0012807934748590678,0.00015831400948840903,4.5644635380272266e-05,-0.13752590502274192,-0.15812017325954159,-0.013103609081956128,-0.012259374646834449,-0.02089572046885464,0.04177900183166643,0.05320748324840869,0.04177279830763535,-0.0458873126908555,-0.11444082530441083,0.36932089167425447,0.32982578565213116,2.2564851944588815,2.229096509314281,-0.9500388597537229,-0.8460915595315145
smooth_crossnet,20260840,96,14807,5.00001,3.4684034206752097,True,True,64,8.881784197001252e-15,2.556075556659916,4.516137257471703,0.4858280109402402,4.030309246531463,0.892423993505409,1.3020795766002695,0.14007252098882483,1.1620070556114446,19.08789001454499,0.23659698657265954,0.21114482760851846,0.9947629055641543,0.7857142857142858,1.0,False,0.27030529926509983,1.2536846560884385e-14,4.440892098500626e-16,8.881784197001252e-16,4.440892098500626e-16,1.7763568394002505e-15,4.718447854656915e-16,8.881784197001252e-16,0.9645081056019342,0.27808417551790127,1.346638545694507,0.3882589140776337,1.201674699743581,0.34646335907189413,0.6742563538032166,0.19439963349821518,0.28083714703110957,0.08097015051854543,0.04404067854588838,0.0126976805187543,0.004181727051464527,0.0012056633973248853,0.28705924772094077,0.36090033791929776,0.2717564363069659,0.008465950496793375,0.18831469239615964,0.0827479124781733,0.11568954950788535,0.12626118677644083,0.018529814667204034,-0.09844093054487671,0.6973089147780114,0.8577976199110133,3.191724239932038,3.2389995490184598,-2.2143073386492897,-2.020656069395384
smooth_crossnet,20260840,97,15672,5.00001,3.4684034206752097,True,True,64,3.8101988231176165e-10,4.012212610826655,17.8501597004565,0.7949245482984957,17.055235152158005,0.9554668102897608,5.14650619765031,0.229190336844883,4.917315860805426,45.123704191557145,0.3955827656497303,0.3779662033009497,0.9771946083806511,0.9285714285714287,1.0,False,0.5265637111144835,3.608224830031759e-14,8.881784197001252e-16,1.7763568394002505e-15,1.7763568394002505e-15,3.552713678800501e-15,8.881784197001252e-16,4.440892098500626e-16,1.8030089242663823,0.5198382960640093,4.7983105228462755,1.3834349528787417,4.7200971404870025,1.360884697653804,4.044680611599254,1.166150565845036,1.9160010332456578,0.5524158527304939,0.5085096591681608,0.1466120279252772,0.05955180884376573,0.017169804552946876,1.0822518479150969,1.0209887638395267,0.13630933167753229,-0.5723289375273783,0.7139659749679874,0.7436260395050058,-0.11972747173245113,-0.0416669548961375,-0.1051451271191397,-0.13016832213715251,0.4849060293110515,0.55599384623275,-1.280043005596906,-1.0099099393039095,3.099695031403482,3.4456781151139535
smooth_crossnet,20260840,98,15698,5.00001,3.4684034206752097,True,True,128,1.0897238666984777e-10,3.9061646597918425,16.62253959149411,1.0114433440060657,15.611096247488044,0.9391522974910748,4.792562333552919,0.2916164071275087,4.500945926425411,35.07470314078437,0.47391818327795493,0.44508135064828763,0.9846205105213981,0.9523809523809524,1.0,False,0.6774022094719332,3.407878979011514e-10,4.440892098500626e-16,1.6653345369377348e-16,0.0,3.3350255890240987e-10,4.440892098500626e-16,4.440892098500626e-16,2.0793624579034726,0.599515744191797,5.268273466211867,1.518933303665774,5.274754772440945,1.5208019750522805,3.0987877175552683,0.893433474054184,0.7496192892722626,0.21612805615510863,0.13575918409507942,0.03914169363512234,0.01598270401519895,0.004608086798647985,1.9955638225794967,2.3895720485909906,0.03173602175299199,-0.34622229315410485,0.5950979045526151,0.36938499051039614,0.110913562256951,0.051387187685056464,-0.12629037261807896,-0.4735120388392041,0.010939607061930647,0.00991553296495197,-0.8760093595756995,-0.8485863376250918,2.1642134737816354,2.754225569992351
smooth_crossnet,20260840,99,17110,5.00001,3.4684034206752097,True,True,128,3.361355638276109e-11,3.807303120442478,8.710553735496838,0.6199823546927699,8.090571380804068,0.9288240020647314,2.511401552533677,0.17875151171776757,2.3326500408159094,24.905507276697858,0.3497440802439155,0.32485069631060215,0.9884568222697626,0.9047619047619048,1.0,False,0.5197456024833761,6.341673297605155e-10,1.3322676295501878e-15,3.885780586188048e-16,4.440892098500626e-16,2.2648549702353193e-14,3.3306690738754696e-16,4.440892098500626e-16,1.9969905936175896,0.5757665275364151,2.9738867928110473,0.8574224022164375,2.3450742937312383,0.676125008916844,1.2153796171223124,0.3504147210435252,0.15741758066681794,0.04538617962617877,0.020370803848064136,0.00587325099688042,0.0014340536997493498,0.00041346219739057233,2.2453577555533855,2.5451380227815483,-0.10792157371299368,-0.08616145306256423,0.6069744931660549,0.25285769931731505,-0.02907183053090927,-0.0066264796985287915,-0.056314502979814905,-0.3180745789114323,0.017689110439042744,0.013583625526618771,-0.6763029071766258,-0.6454688881787151,1.8068925756843388,2.0520551726682132
smooth_crossnet,20260841,0,18834,0.557,3.4884894649514435,True,True,64,1.8979078031389207e-09,-0.16065380212659508,8.759584121496458,2.2520529768290296,6.507531144667428,0.7429041212924278,2.5109962949589653,0.6455667988839335,1.8654294960750317,24.816011624812297,0.35298114193088886,0.2622311450789647,0.8202852659840977,0.8333333333333335,1.0,False,2.409061503626013,8.701372955499664e-15,1.3322676295501878e-15,2.220446049250313e-16,1.887379141862766e-15,1.7208456881689926e-15,1.3322676295501878e-15,1.1102230246251565e-15,4.151059828413933,1.1899304470084482,2.9307366471807716,0.8401162384538159,1.105091797087027,0.31678232317734945,0.41592799795683727,0.11922868110557032,0.13546109249295307,0.038830873320363765,0.020114672199650505,0.00576601202375438,0.00119208616528002,0.00034171986966187174,-0.6898006545505495,-0.29557619804872165,-0.13053127560282146,0.12265428360573334,-0.033558981878951,-0.07764701896092417,0.049627018660248386,-0.010203169742361297,0.01616636093297448,-0.0199702967948617,0.21809409436414118,0.10783917077791781,-1.8367455241655948,-0.23210256304694724,2.2460951601139594,0.24435199008357159
smooth_crossnet,20260841,1,12797,0.598,3.4884894649514435,True,True,32,2.8277620384153934e-09,-0.15644684003995812,1.8638840913295718,0.5029638943706012,1.3609201969589706,0.7301528047209095,0.5342954622784034,0.1441781319461723,0.39011733033223117,4.941151531297557,0.3772165414324203,0.2754257157140028,0.7989442757836165,0.4523809523809524,0.5,False,0.41957810143948526,4.361094818605693e-15,7.771561172376096e-16,1.2836953722228372e-16,4.718447854656915e-16,1.0547118733938987e-15,3.885780586188048e-16,0.0,0.8675691815642049,0.24869479764253227,0.6512102832613238,0.18667400025253852,0.24864002571538227,0.07127440922882165,0.0859644684049192,0.024642318478698844,0.009547527332535678,0.0027368657490466496,0.0008941262522166211,0.00025630756841889057,5.847879898781411e-05,1.676335834616834e-05,-0.2964233742071205,-0.20878457795372118,-0.06665304428928781,-0.09500286848158454,-0.03951441516883676,-0.06280889235078206,0.0033915793619653865,0.0005391610168244832,0.015297186222205087,0.027986642797520004,-0.07106873454584757,-0.027724706035219388,-0.3522058240656182,0.007085788965640067,0.6507297866525817,0.20226261200136347
smooth_crossnet,20260841,2,19817,0.656,3.4884894649514435,True,True,32,9.71445146547012e-16,-0.3267266255751662,0.06807951873243856,0.01725284469733103,0.05082667403510753,0.7465780455185506,0.019515472073637512,0.004945649075529363,0.014569822998108148,0.6209550558209751,0.10963678948137315,0.08185242000793234,0.9974212110230251,0.9523809523809524,1.0,False,0.013111987232007058,4.9123032030973235e-15,4.163336342344337e-17,1.0408340855860843e-17,0.0,0.0,2.7755575615628914e-17,0.0,0.042578838651829175,0.012205523072268137,0.019088374270289553,0.0054718165160218555,0.005278585345392291,0.0015131435535138597,0.0010095345544274387,0.0002893901686016674,0.00011657844793243387,3.341803067020486e-05,7.277896184239133e-06,2.08626004388419e-06,3.2956638219968845e-07,9.447251754973429e-08,-0.22844384778196436,-0.22121843411876302,0.016410180149493293,0.02111407343737916,-0.02461780687604356,-0.02394577130310077,0.017642630693738857,0.015212539400462311,-0.0054733293897743975,-0.005133077309586907,-0.028758424030762227,-0.025590508010145074,-0.07801669758327139,-0.09283945098732582,0.004530669243417593,0.0056740033159139724
smooth_crossnet,20260841,3,2319,0.682,3.4884894649514435,True,True,32,9.679756995950584e-16,-0.25732115708491077,0.09427198989383767,0.02959912071091832,0.06467286918291935,0.6860242289968557,0.027023727845814163,0.008484795785768644,0.018538932060045518,0.6494072016293668,0.14516622183632802,0.09958754541165345,0.9964526706496544,0.880952380952381,0.5,False,0.020962615199887347,3.290770433928003e-15,2.220446049250313e-16,1.3877787807814457e-17,2.220446049250313e-16,6.661338147750939e-16,1.734723475976807e-16,0.0,0.061793525564558784,0.01771354799416569,0.02575451056371652,0.007382711291654996,0.005878657780638506,0.0016851585305619752,0.000764926694186855,0.00021927160791855853,7.651947749695356e-05,2.1934845515727718e-05,3.7335565853278073e-06,1.0702502108257836e-06,1.162566537369833e-07,3.332578610456015e-08,-0.2852046594014911,-0.2653557667943825,0.006814374282377397,0.007659758841036865,-0.02443172356985008,-0.024348719018119,0.05725337559087558,0.04393494132044851,-0.00216481858115781,-0.002066527230663585,-0.010216450293127673,-0.007415755174411746,-0.05383157073607494,-0.07011225717656591,0.05446031562353808,0.060383168147747246
smooth_crossnet,20260841,4,2961,0.699,3.4884894649514435,True,True,32,8.076872504148014e-15,0.15049785739182164,0.2965751366060511,0.06309069826183819,0.23348443834421292,0.7872690914557572,0.08501534534809872,0.01808539165610361,0.06692995369199511,1.729363786687122,0.17149378221582232,0.13501175411536193,0.9919024319986912,0.9047619047619048,1.0,True,0.035626578357961104,8.368306048112117e-15,5.551115123125783e-17,2.7755575615628914e-17,1.1102230246251565e-16,4.996003610813204e-16,5.204170427930421e-17,0.0,0.10886320041466752,0.031206400795647175,0.09546189408820802,0.027364822238193788,0.061675490665876985,0.017679712461661525,0.024384153710380503,0.006989888877511605,0.005320995122173055,0.0015253006138136978,0.0007981441701303855,0.0002287936306384961,7.125843461257893e-05,2.042673063184119e-05,-0.3909594487961644,-0.3845379953164816,-0.02510158945162437,-0.03408993841365453,0.028228619691999322,0.028893049235066408,0.10061113060902427,0.10725306072014723,0.033885486566752776,-0.0201356974745364,0.1422515285394205,0.175908270846006,0.26137719570813744,0.27708333852951766,0.000204934524276015,0.00012376926575736024
smooth_crossnet,20260841,5,9528,0.7,3.4884894649514435,True,True,64,5.179190409876355e-11,0.0800136680707142,10.289874033108134,2.9318820339563008,7.357991999151833,0.7150711442605772,2.9496646432473486,0.8404445716155,2.1092200716318485,29.86761136860714,0.3445161350908523,0.24635354693564734,0.9798381155377283,0.880952380952381,1.0,False,2.362854085990758,2.4522267896842642e-14,1.7763568394002505e-15,2.220446049250313e-16,5.551115123125783e-17,2.886579864025407e-15,8.881784197001252e-16,2.220446049250313e-16,4.580466832389356,1.313022979833798,2.522769832739043,0.7231696865033123,1.8085949698313684,0.5184464473813575,1.1614011678216527,0.3329237996818254,0.1900170809150784,0.054469730473365,0.026098516454249023,0.007481322995657173,0.0005256329573846809,0.0001506763780328622,-0.6550424904771386,-0.2863454878372366,0.2565076275973365,-0.15148414311528285,-0.03569961714628726,-0.10307675273415325,-0.007519916589030538,0.0030452319273087795,-0.0723003224868965,0.191240024413525,-0.11325192817707007,-0.037901254035594745,-3.2547178144251614,-1.0409889526669973,3.962038129774962,1.505525002119148
smooth_crossnet,20260841,6,2903,0.725,3.4884894649514435,True,True,32,5.654353651962651e-10,0.18680533480760442,1.6397955580709043,0.1696108160038103,1.470184742067094,0.8965658766612683,0.47005891075372036,0.048620131351370194,0.42143877940235014,5.987721407402551,0.27385969494900747,0.24553325748414437,0.950276683676976,0.6190476190476191,1.0,False,0.18732130147824266,1.259929660601955e-14,2.220446049250313e-16,5.551115123125783e-17,2.220446049250313e-16,2.7755575615628914e-16,1.8041124150158794e-16,0.0,0.6230782842015306,0.17860976518964583,0.48528195653839734,0.13910948031059972,0.3130118114456245,0.08972703360306158,0.16810158866823638,0.04818750073839658,0.04325950990841887,0.012400642267389218,0.006788164522423788,0.0019458750243117825,0.0002742427862721811,7.861362031546176e-05,-0.46054326703503334,-0.4656038940420942,0.10683216443925694,-0.0130340597170794,0.023359230157201302,0.15489568821188968,0.012508463039373816,0.02825082527771387,0.04645172050719984,0.01907937275972338,0.1697004994462708,0.17748951400457974,0.2705873253138662,0.2532757082209299,0.017909198939468685,0.032452180091941736
smooth_crossnet,20260841,7,2561,0.741,3.4884894649514435,True,True,64,1.0598193433963843e-08,-0.43017661509610794,20.528128667218414,7.1673283824298375,13.360800284788578,0.6508532999466523,5.884532223319799,2.0545650071296975,3.8299672161901017,53.1619171460808,0.38614349837704803,0.25132277017164645,0.9647520891447695,0.9047619047619048,1.0,False,5.133860553718078,3.384272029283153e-14,3.552713678800501e-15,4.440892098500626e-16,3.164135620181696e-15,1.3322676295501878e-15,1.7763568394002505e-15,8.881784197001252e-16,8.727358695668402,2.501758650370434,5.808795778437468,1.6651320970861299,4.060201899195297,1.163885383627441,1.4673374007641715,0.420622569024899,0.41547041408741514,0.11909751147641723,0.04761159207989771,0.013648197180541125,0.0013528869857588523,0.00038781455393550494,-1.1132741690913468,-0.3297563373937841,0.9371406363691889,-0.3232268793579882,0.032732287407755356,-0.035929659887025976,0.04634420631314901,-0.0057247354209838675,-0.12396913548597775,0.01925634245208445,0.31254853247826697,0.08766919226073541,-7.610893423299245,-1.370308350505033,7.089194450212105,1.5278438127558889
smooth_crossnet,20260841,8,9579,0.797,3.4884894649514435,True,True,32,6.249653572432123e-13,-0.007235688029583631,0.6152662026735409,0.10383510300931835,0.5114310996642226,0.8312354838310321,0.17637037716612536,0.02976506136897955,0.1466053157971458,2.042575538384011,0.30122078283592413,0.2503854031605816,0.9732167598531922,1.0,1.0,False,0.08580960513255917,9.236968828707504e-15,1.1102230246251565e-16,1.3877787807814457e-17,2.220446049250313e-16,4.996003610813204e-16,1.3877787807814457e-16,0.0,0.2779771700567479,0.07968410764875768,0.19472798346082568,0.055820143766303766,0.10694851234415527,0.030657542016009467,0.029915368154213626,0.008575450335960817,0.0050186054621164785,0.0014386184944910913,0.0006582444286180812,0.0001886903874101977,2.0318766862838277e-05,5.824517192033743e-06,-0.2961429106531873,-0.2565326297208412,0.0622125750964158,0.06676416865918634,-0.009740396129843353,-0.010300792355940355,0.016821431506727172,0.012698083442497274,-0.02793013758181467,0.03174309093238739,-0.030217389534094242,-0.03216661084442651,-0.08347697931045545,-0.16613908774348085,0.3612381185766682,0.34669808960103476
smooth_crossnet,20260841,9,12279,0.819,3.4884894649514435,True,True,32,1.365438317968426e-11,-0.24702274243060907,1.0712959352322153,0.24754026413836477,0.8237556710938505,0.7689338155803721,0.307094502074733,0.07095915485065404,0.23613534722407895,7.6278955417651595,0.14044449473206977,0.10799252121158787,0.9897919607523485,0.8571428571428572,1.0,False,0.20671877059448474,7.407269242420966e-15,6.661338147750939e-16,2.220446049250313e-16,1.1102230246251565e-16,5.551115123125783e-17,3.0531133177191805e-16,0.0,0.4566371945292797,0.13089825814785302,0.3940686875029219,0.11296255627603191,0.16056514567876057,0.04602712643737208,0.04905467942250292,0.014061868300119896,0.009577617310760627,0.0027454912525854335,0.001358871975141952,0.00038953019316653324,3.3738812846412095e-05,9.67146760378183e-06,-0.7039019056058812,-0.7810829669260051,-0.0002409544089786381,0.005896503151860891,0.03613693761318094,0.0999166148734201,0.05124204305279802,0.01975768260558201,0.0024124587794429786,-0.0003203578653949476,0.037566304870177744,0.029965195451149527,1.0838779978256115,0.9553370815184529,-0.7541156245569605,-0.5764924952396744
smooth_crossnet,20260841,10,5210,0.904,3.4884894649514435,True,True,32,4.3587355946783646e-13,0.1615543691220387,1.3850230702924613,0.17626026992498592,1.2087628003674753,0.8727383870307901,0.3970265882146614,0.050526244007860086,0.3465003442068013,7.445362378076153,0.18602493739872805,0.16235110381286963,0.9943780564093239,0.8333333333333335,0.5,False,0.07927669497305867,6.808789643208968e-15,6.661338147750939e-16,1.1102230246251565e-16,4.440892098500626e-16,1.1102230246251565e-15,4.996003610813204e-16,0.0,0.3319286990149177,0.0951496922521272,0.4983304848068705,0.14284993256065537,0.36091185875882104,0.10345791850165285,0.14453582454959793,0.041432208983784254,0.040055767013683685,0.011482266871125902,0.0088437386388646,0.002535119778264171,0.000416697509704815,0.00011944926705135256,-0.7659723102980368,-0.8530472089658694,-0.05602260270332308,-0.06698164654008064,0.020444417091604827,0.08387677804756756,0.03136386350081019,0.020862812068988507,0.026558137096474633,0.01636285509111319,-0.1522833196273227,-0.13630207563323846,1.251614758823101,1.1940847648398882,-0.19414857476126987,-0.09730190978633152
smooth_crossnet,20260841,11,7482,0.932,3.4884894649514435,True,True,32,5.024869409453459e-13,0.17493223322662543,1.6759741519882752,0.25980504423105166,1.4161691077572236,0.8449826663956396,0.4804297587327251,0.07447494018293327,0.4059548185497918,8.12715677426065,0.20621900112671854,0.17425148143350003,0.9952735732322369,0.9761904761904763,1.0,False,0.24270515842525953,1.1352247267226723e-14,4.440892098500626e-16,5.551115123125783e-17,1.6653345369377348e-16,2.220446049250313e-16,1.3877787807814457e-16,0.0,0.5330442612216538,0.1528008803171413,0.6643593666225973,0.1904432773260058,0.33997306463717336,0.0974556661422813,0.11548932531374528,0.03310582602414503,0.019958241464028054,0.005721170054989934,0.003140849480027479,0.0009003465573232558,9.04324904913822e-06,2.592310838256779e-06,-0.5708846524644311,-0.5166052544809777,-0.025851324458723304,-0.04028714169884231,1.2461177449853329e-05,-0.001260439296113973,0.1712121489468219,0.09781810915025149,0.008055202001170674,0.012166193065515161,-0.4068114328330699,-0.3442661476693097,1.2356885236153694,1.0649862368945708,-0.23648869275796194,-0.0976193227384686
smooth_crossnet,20260841,12,13055,0.961,3.4884894649514435,True,True,32,3.0918242965860543e-10,0.18825365667998728,0.9940595827047587,0.3534215539054616,0.6406380287992971,0.6444664283162694,0.28495415929788254,0.10131077002131089,0.18364338927657164,3.4300851964246073,0.28980609103847604,0.1867702963958663,0.9723499957077101,0.8571428571428572,1.0,False,0.31370360555745336,4.4608414184743594e-15,1.1102230246251565e-16,1.6653345369377348e-16,5.551115123125783e-17,1.1657341758564144e-15,8.326672684688674e-17,0.0,0.5785740805438362,0.1658523227192516,0.3283936336903519,0.09413634095493043,0.07080096623550435,0.02029559410938047,0.014750698882097119,0.0042283914084580545,0.0014376784747484911,0.00041212062962858975,9.594512401692076e-05,2.7503343490319593e-05,6.579754202452057e-06,1.886132742712365e-06,-0.3025982524770175,-0.2149274445696644,0.032960442224336806,0.053518459988191686,-0.017101132234319746,-0.02358940636355118,0.04435092064662805,0.015063912039816319,-0.0014492845295845974,-0.004384174092722668,0.04639591504972338,0.026241199037742392,-0.3397342775036408,-0.09454154926938785,0.7254293255038616,0.4308726599095618
smooth_crossnet,20260841,13,12827,0.962,3.4884894649514435,True,True,32,3.1260264932164716e-09,0.3852330443206462,1.1383709367189654,0.4335860925441664,0.704784844174799,0.6191170394828802,0.32632202222654855,0.12429049790758119,0.20203152431896737,3.352758195183923,0.3395326684620981,0.2102104605059765,0.97316265891298,0.7142857142857144,0.5,False,0.4065465954847016,4.583410474073846e-15,6.661338147750939e-16,1.1102230246251565e-16,3.3306690738754696e-16,1.1102230246251565e-15,4.440892098500626e-16,0.0,0.6698635721348835,0.1920210964845804,0.3648034150305472,0.1045734604319996,0.08697596900049286,0.024932272226799883,0.015656483184438987,0.004488040838803826,0.0009992014285104458,0.00028642810550220585,6.789690779352315e-05,1.946312536577152e-05,4.399032296960092e-06,1.2610134962873745e-06,-0.024525511107201227,-0.016757478248179636,0.02331928926220339,0.06732360852162017,0.06449442375120094,0.07695592902357265,0.02465557257555221,-0.0004028675497790152,8.220341959210074e-05,-0.0014287408509224403,-0.08113774481046607,-0.06213055733049917,-0.5252129825411354,-0.1748679348677465,0.9035577937708998,0.49654108562257904
smooth_crossnet,20260841,14,2997,1.002,3.4884894649514435,True,True,32,1.3322676295501878e-15,0.09588128775150095,0.0853723426641404,0.02613139635973211,0.05924094630440829,0.6939126238747543,0.024472581477418535,0.007490748251434331,0.01698183322598421,1.1285979210100936,0.07564460387073216,0.05249074555390615,0.9976765465056537,0.880952380952381,1.0,False,0.015871867945218082,3.0704605524789486e-15,1.1102230246251565e-16,2.7755575615628914e-17,1.1102230246251565e-16,1.6653345369377348e-16,8.326672684688674e-17,0.0,0.0408703916250515,0.011715784735964619,0.030965606517958308,0.008876508537310236,0.009898417126030751,0.0028374507721692457,0.0030882122265908783,0.0008852577190264965,0.0005005683292214737,0.00014349142637541006,4.8153296290798006e-05,1.3803480496240586e-05,9.935429956287349e-07,2.848060759852586e-07,-0.30076179073997444,-0.3082476360332189,0.016281478132738343,0.0403357169081543,-0.002917949399853784,-0.0008407918155375505,0.04151244054989712,0.0392564381772705,0.002562816362714125,0.002117074319348487,0.08054620397600656,0.06948188025556218,0.26096358448247425,0.2566504752189661,-0.0023054956125011113,-0.0028718692790439793
smooth_crossnet,20260841,15,5030,1.01,3.4884894649514435,True,True,32,1.0278822237808072e-10,0.5652807269961386,1.2450544546438933,0.1351064879187278,1.1099479667251655,0.8914854788762067,0.3569036017315945,0.03872922342926106,0.31817437830233347,6.137506964503622,0.20285996608145415,0.18084671400693617,0.99656468219237,0.9285714285714287,1.0,False,0.10701404716989535,1.1096158714085647e-14,3.3306690738754696e-16,8.881784197001252e-16,1.1102230246251565e-16,5.551115123125783e-16,1.7694179454963432e-16,0.0,0.36908771517096217,0.1058015851500069,0.4561965155405715,0.13077193442145635,0.2670106033477037,0.07654046429846972,0.11575404178154011,0.033181708858378706,0.03334065477858117,0.009557332797920672,0.003443935541948072,0.0009872283051300568,0.00022098848258497597,6.334790023167003e-05,-0.7431746260841364,-0.7449834057225433,0.04331215364119225,-0.04375213640012191,0.0029505218611603915,0.04731610838823664,0.06593841579233536,0.05611890228337142,-0.004374107928488325,-0.03202780165954908,0.04676718442391939,0.0480388664505688,1.4269662662142888,1.4182060552153062,-0.27310508092413266,-0.1836358615591307
smooth_crossnet,20260841,16,9116,1.026,3.4884894649514435,True,True,32,3.885780586188048e-15,0.16759674754071718,1.0134645320665587,0.055299570082444335,0.9581649619841144,0.9454351204874601,0.29051672428675807,0.015852010057084708,0.27466471422967337,6.660696468344214,0.15215593998062735,0.14385356944846717,0.9984075679878861,0.9761904761904763,1.0,True,0.03728052732427578,5.670811042968182e-15,2.220446049250313e-16,1.1102230246251565e-16,4.440892098500626e-16,2.7755575615628914e-16,4.3021142204224816e-16,0.0,0.22744087818622377,0.0651975247370826,0.3334646207439048,0.09558997500041076,0.2601970438725682,0.07458730963264924,0.13725091197705944,0.039343937642927596,0.046244538145336155,0.013256321571256295,0.007844083697405116,0.0022485616700907247,0.0010224554440601196,0.00029309403234054234,-0.466754807771573,-0.47951606950173475,-0.005255457058611164,-0.0040479856609147765,0.02016873600109194,0.03721197111985062,0.15169084598518032,0.1190857607103604,-0.0023943955915497824,-0.0008586594745437306,-0.11891491960806502,-0.12242759417861214,0.7666541037130512,0.7602335552061362,-0.1775973581288077,-0.14208423067982429
smooth_crossnet,20260841,17,20015,1.034,3.4884894649514435,True,True,32,8.326672684688674e-16,-0.19795947837013284,0.03097489573323372,0.010499334015217314,0.020475561718016407,0.6610373088697011,0.008879171356094338,0.003009707817868802,0.005869463538225536,0.4870657005160428,0.06359490249552786,0.042038603203474786,0.9995334455365507,0.9523809523809524,1.0,False,0.0030865995179427397,6.194263851844184e-15,8.326672684688674e-17,6.938893903907228e-18,5.551115123125783e-17,3.0531133177191805e-16,6.591949208711867e-17,0.0,0.015931713858090328,0.004566937643973101,0.011509286727992103,0.003299217854496889,0.0029164042068118077,0.0008360077437850027,0.0005450081403262214,0.00015623041026836164,6.795481835255469e-05,1.947972583414425e-05,4.381612797379705e-06,1.2560200744194286e-06,1.4636886169240582e-07,4.195766195167315e-08,-0.21056873760346034,-0.20363501874492662,0.00740321083651215,0.007940648564000848,0.039373640183411746,0.035365420859545325,0.019505641230747668,0.021496852384164645,0.023380448335706985,0.017777171104071864,-0.010754140825151576,-0.00971717454937343,-0.056122640583296496,-0.056252077136672046,-0.010176899944603034,-0.01093530085094309
smooth_crossnet,20260841,18,1857,1.059,3.4884894649514435,True,True,64,2.358045281258825e-08,-0.07472738557144698,10.294415475055697,5.795387875307526,4.499027599748171,0.437035751145825,2.950966479469929,1.6612886275086378,1.289677851961291,30.620182650965337,0.3361970629764076,0.14693013595091453,0.9796600951965198,0.9285714285714287,1.0,False,6.054057889677845,2.611626193083083e-14,5.329070518200751e-15,7.771561172376096e-16,4.3298697960381105e-15,2.942091015256665e-15,4.440892098500626e-15,4.440892098500626e-16,7.27889323755002,2.086545856216692,2.2871574356849016,0.655629738505384,0.5884284254790865,0.16867713988847516,0.11617712728930722,0.03330298928992876,0.021351369565434857,0.006120520007284026,0.0023335944775121414,0.0006689412426087469,7.428500943145995e-05,2.1294319555152772e-05,-0.7853493889862964,-0.25952728788047025,-0.279000975240142,0.07761986326474693,-0.00038797666525387494,-0.03062565915490123,0.06348816684379385,-0.011362136260012262,-0.011023062406934922,0.002400050454689521,0.18650610457446368,0.06754937326814253,-5.563931948407642,-0.6644101255724554,6.3149716947165695,0.7436285363088161
smooth_crossnet,20260841,19,19048,1.075,3.4884894649514435,True,True,32,4.980391321574018e-09,0.16676327937751312,1.7261722581971704,0.849562798949987,0.8766094592471834,0.5078342877336716,0.49481939834988065,0.24353314163206513,0.2512862567178155,5.359241344792396,0.32209265213900123,0.1635696925832589,0.9619190168336988,0.6904761904761906,1.0,False,0.6899840507837618,1.0399667238480959e-14,2.220446049250313e-16,1.1102230246251565e-16,3.885780586188048e-16,8.881784197001252e-16,3.3306690738754696e-16,0.0,1.0928570377209001,0.313275143497133,0.5072334052028832,0.14540201720515827,0.09203083412631716,0.026381284808494655,0.028043061276885883,0.008038740422934376,0.00554988014665736,0.001590912113227382,0.0004509434647573135,0.00012926611052947246,7.096258767763295e-06,2.034192403061211e-06,-0.2416972307019559,-0.1439989873234023,-0.03357603469698109,-0.10447790158234825,-0.014288117030540263,-0.02459578933312655,0.05410471832258499,0.011719770196451788,0.0029645747368372208,0.016512481486343156,0.028708003435288617,0.013060558068160807,-1.0124697638000928,-0.27415311497816575,1.3830171291123727,0.6726962628435993
smooth_crossnet,20260841,20,9519,1.089,3.4884894649514435,True,True,64,4.720290824877793e-11,0.23357420816050523,7.964958372307302,3.0914839368385127,4.873474435468789,0.6118643949744879,2.283211244388312,0.8861955777417099,1.397015666646602,26.497337880387057,0.30059466382103417,0.18392317211141665,0.9903598616980084,1.0,1.0,False,2.406521765786601,1.868318867670471e-14,1.7763568394002505e-15,4.440892098500626e-16,1.5543122344752192e-15,8.881784197001252e-16,1.7763568394002505e-15,2.220446049250313e-16,4.281019145524021,1.2271841977838993,1.9230373793316753,0.5512521676365281,1.1310799640081093,0.3242320137044911,0.5270432114264375,0.15108063725620954,0.08999641794333549,0.025798105124731446,0.012695804085936822,0.0036393413864340093,8.644998778370043e-05,2.4781496017762442e-05,-1.4278835110806776,-0.6171358629791364,0.16243233473009214,-0.06789019432035084,0.09710592415203805,-0.006276030684263665,0.12460789817815654,0.03154757721110968,-0.004451615909860223,0.0005019337099619812,0.3363011532608039,0.15869019690943517,-3.3612279383563877,-1.0854451992392382,4.306689963186338,1.8195817875529883
smooth_crossnet,20260841,21,2993,1.098,3.4884894649514435,True,True,32,8.881784197001252e-16,0.12087713462993754,0.04808339097529933,0.016227284231074397,0.031856106744224934,0.6625178902334399,0.013783441646703842,0.004651664966773883,0.009131776679929959,0.5942180570630584,0.08091876442286694,0.05361012908573454,0.9992084483467453,0.9761904761904763,1.0,False,0.007942104739624103,7.592017292612496e-15,5.551115123125783e-17,3.469446951953614e-18,8.326672684688674e-17,5.551115123125783e-17,8.153200337090993e-17,0.0,0.024511363137709373,0.007026354353072569,0.019546923515917615,0.005603262877042884,0.003408451126267322,0.00097705644821684,0.0005638689003837048,0.0001616369795720605,4.972950525465469e-05,1.4255311863281456e-05,2.9889745033951883e-06,8.568105288621797e-07,6.581526179518654e-08,1.886640692380667e-08,-0.06725454962594295,-0.07217942691013056,-0.16601524494627917,-0.153027634549652,0.014226634434135327,0.0174663082685826,0.03199459229395757,0.03170345089598257,0.0003628576491369774,0.00013513593041753022,0.036445789898942926,0.030940025954269427,0.2775642738364875,0.2737122237805148,-0.006447218910500715,-0.007872948740046898
smooth_crossnet,20260841,22,11936,1.16,3.4884894649514435,True,True,32,7.898570686393214e-12,0.5095525667290783,2.6717812232679643,0.28750904513185943,2.3842721781361047,0.8923904986575976,0.7658848479008243,0.08241648656830938,0.6834683613325149,13.013580826090976,0.20530715250266093,0.183214152199821,0.9953669353660974,0.880952380952381,0.5,False,0.1505362965243704,1.2427558981897846e-14,3.3306690738754696e-16,4.440892098500626e-16,1.1102230246251565e-16,4.440892098500626e-16,4.163336342344337e-16,0.0,0.5106244836457361,0.14637409365168988,0.8022296602298591,0.22996476506229763,0.7048656117842755,0.20205467692134382,0.39828335355136807,0.11417071989263175,0.20879569025765674,0.059852750697804664,0.043349542543921975,0.012426450754531764,0.0036328812551449027,0.0010413909205242416,-0.19655466883000888,-0.20739620381536433,0.020087808768836278,0.005134241986389371,-0.02019068740333017,0.040152735683444185,-0.047102999522160155,-0.028874563213008908,0.05037191317728067,-0.014703849252868792,0.21348782200423613,0.20034666859007794,1.2992818708295302,1.1157848433097803,-0.8098284922953055,-0.600891306559372
smooth_crossnet,20260841,23,9470,1.162,3.4884894649514435,True,True,64,4.861089308860755e-10,0.6415318377505606,6.011401998057162,3.359102746271571,2.652299251785591,0.44121142665933727,1.7232105925654084,0.9629103885851427,0.7603002039802658,21.551418576832717,0.27893300743178373,0.12306843015135681,0.9947121704149795,0.6190476190476191,0.5,False,2.935033916955801,6.3314154266636e-14,3.552713678800501e-15,4.440892098500626e-16,3.3306690738754696e-16,3.1086244689504383e-15,1.3322676295501878e-15,2.220446049250313e-15,4.160402835614468,1.1926086856255926,1.1388837145728592,0.326469013598902,0.5993348807862495,0.17180355188333404,0.09215783861454123,0.026417691536822222,0.019510406719420115,0.0055927950809195525,0.0010512359604649692,0.0003013441694540423,6.108578915521394e-05,1.751067038296594e-05,-0.5107414443099618,-0.2490944739252685,-0.5422952794936556,0.015270145081381551,0.019099783438710903,-0.04377272177503674,0.0601858958511372,0.014108623649710522,-0.0195355366336057,0.005702997694331201,0.03397001624293508,0.015760702700461756,-4.047860929516697,-1.5332091125327938,5.648709332171698,2.4167656768577777
smooth_crossnet,20260841,24,16444,1.167,3.4884894649514435,True,True,32,3.706246420875914e-11,0.3985611277333221,1.0412329343347166,0.32569966973242476,0.7155332646022918,0.6871980716394389,0.2984767317762875,0.09336409727038066,0.2051126345059068,3.9384038887235175,0.26437941962122946,0.1816810273448629,0.970230719548974,0.9523809523809524,1.0,False,0.2849830054020559,6.853892453584365e-15,4.440892098500626e-16,1.3877787807814457e-17,1.1102230246251565e-16,1.0547118733938987e-15,1.6653345369377348e-16,0.0,0.605466111147774,0.17356111211767744,0.31972053714630827,0.09165013693133182,0.08770870570601519,0.025142316348441662,0.025073220306715306,0.007187414655719564,0.002964270391804474,0.0008497289218116455,0.00029009391483200307,8.315745761784633e-05,9.995721265582838e-06,2.8653436870052204e-06,-0.20913335372128525,-0.15086397493259265,-0.008372821940406214,-0.01264306275892475,-0.024727430810721002,-0.02871584539146838,-0.0023008814995715853,-0.004613423892944652,0.07769232713291917,0.0778794256814592,0.08339585336019767,0.03867799596655424,-0.3579428840425903,-0.09069969164739865,0.8399503192547797,0.5695397047086367
smooth_crossnet,20260841,25,12155,1.172,3.4884894649514435,True,True,32,1.7850387834528192e-11,0.5520142894235609,1.2988326227928606,0.24761337502827582,1.0512192477645848,0.8093569789648212,0.3723194912417312,0.07098011260060445,0.30133937864112675,8.408061272601731,0.15447468574297854,0.12502516497947724,0.9977344005136463,0.7380952380952381,1.0,False,0.2244519218425337,7.708243765502942e-15,2.220446049250313e-16,1.1102230246251565e-16,1.1102230246251565e-16,0.0,1.3877787807814457e-16,0.0,0.47967177688746254,0.13750128292107058,0.42460389902425216,0.1217156890654856,0.25754893764621384,0.07382821138885069,0.11143476929072962,0.03194355907056772,0.021941456604866558,0.006289672600508186,0.0035612792835616617,0.0010208657126075716,7.050405577239396e-05,2.0210482640335366e-05,-0.2011718434489705,-0.20960620042711342,0.009936871241610707,0.06100987034483653,0.033159159003124064,0.018102941548966377,0.05882450554079509,0.02606676726995988,0.01500934894621437,0.0021230882073641276,-0.04079991197895569,-0.03087550894345396,1.5380810761816208,1.3596022745953311,-0.8610249160618781,-0.6744089431723297
smooth_crossnet,20260841,26,13083,1.18,3.4884894649514435,True,True,32,7.902160245598644e-10,0.49639445884678013,1.8249427267929659,0.4030446515388654,1.4218980752541004,0.7791466846484824,0.5231326467022503,0.11553557939280616,0.40759706730944417,6.435435861757399,0.2835771758114621,0.22094821637548048,0.9721447200615142,0.9047619047619048,1.0,False,0.3626719258808577,4.7232183442158515e-15,3.3306690738754696e-16,5.551115123125783e-17,4.440892098500626e-16,5.551115123125783e-16,2.220446049250313e-16,0.0,0.7850852705504886,0.22505020537919734,0.6191917254555077,0.17749565583513272,0.27522658512603837,0.0788956331647885,0.11080167330087765,0.031762077659712784,0.02934597930857795,0.008412231025323283,0.004962292153013061,0.0014224758890255473,0.00032920089846075044,9.436774906967724e-05,-0.26909022354795986,-0.1894359286468325,0.0525507876409983,0.09102013111639466,0.10336094592513789,0.11486339284024899,-0.00736386044340411,-0.016202594261543406,0.026866470222420714,0.019789090184408848,0.11479879019632173,0.06615345160908422,-0.3983884990250039,-0.1249699327777738,0.8736600478782698,0.5351768487827926
smooth_crossnet,20260841,27,12928,1.216,3.4884894649514435,True,True,32,2.9745775287359777e-10,0.1835398557045247,0.840632703394244,0.39367359907941313,0.4469591043148309,0.5316936903717079,0.24097326703721172,0.1128493014052696,0.12812396563194212,2.527462665455979,0.3325994543395503,0.17684103129341183,0.8603185883042096,0.7142857142857144,0.5,False,0.32780150776131234,2.70402732323316e-15,3.3306690738754696e-16,3.122502256758253e-17,4.163336342344337e-16,5.828670879282072e-16,3.885780586188048e-16,0.0,0.5060099656388122,0.1450513096635811,0.26742158419825,0.07665827484503304,0.05702382969648385,0.01634628118255692,0.008802089046188703,0.0025231806300757224,0.0013381715775747567,0.0003835962788534271,3.697529599568388e-05,1.0599228223897916e-05,8.794093721441643e-08,2.52088871409679e-08,-0.09963698816990786,-0.06912958795427462,-0.09900853577509489,-0.12509581816339013,0.0006289491733474137,0.0008036896631562621,-0.0009766528521987252,0.0003919979179918951,0.0317670379415072,0.05534598184336794,0.025471702956018062,0.008369603075246363,-0.33414401974886687,0.0038998439530523975,0.65943836217972,0.30895414536937404
smooth_crossnet,20260841,28,15342,1.256,3.4884894649514435,True,True,32,5.200617714251621e-11,0.5409467461917667,0.7587724314662139,0.335582176515272,0.42319025495094187,0.557730140686833,0.21750744529674973,0.09619698723095986,0.12131045806578988,5.523980495464397,0.1373597231361014,0.07660965770940227,0.9987596269604911,1.0,1.0,False,0.26634786739082816,8.012552210265311e-15,6.661338147750939e-16,2.220446049250313e-16,6.661338147750939e-16,6.661338147750939e-16,4.440892098500626e-16,4.440892098500626e-16,0.5025641625546824,0.14406354601437146,0.17753701998506116,0.050892233377443294,0.06315727065642343,0.01810447510045799,0.01320021822311885,0.003783935240665141,0.0020957249122558236,0.0006007542614966716,0.00021205572559703997,6.078726271859089e-05,5.97940907296496e-06,1.7140395959453436e-06,-0.11726010582558409,-0.1143735417627975,-0.02760345074770142,-0.050158074031590776,-0.026786564913137776,0.01770319188997371,0.08609733289365296,0.05623755762496288,-0.00037375728559685346,0.0014020682278977428,-0.09989586252228584,-0.08278868704349546,1.93519706515813,1.6520292871954367,-1.2084279105657096,-0.9391050559086213
smooth_crossnet,20260841,29,13936,1.286,3.4884894649514435,True,True,32,3.412045646022932e-10,0.9517907498501297,6.700225633567182,0.6246143790504658,6.0756112545167165,0.9067771127107666,1.9206667243469642,0.17905009756397813,1.741616626782986,18.832913761395343,0.3557721188795354,0.32260601474057676,0.9635306452655984,0.9047619047619048,1.0,False,0.42594834521836544,1.2481335409653127e-14,6.661338147750939e-16,4.440892098500626e-16,7.771561172376096e-16,4.440892098500626e-16,5.551115123125783e-16,0.0,1.5562005744763594,0.4460958217335537,1.93335754442283,0.5542105154242569,1.7367694220713616,0.4978571497837491,1.0444667157835843,0.2994037179350124,0.3558758462102705,0.10201431014360939,0.06556846923931264,0.018795662104780154,0.007987061363462054,0.00228954722200178,0.14088958520597697,0.22536789812507776,-0.02814294625054926,-0.09363943036822236,1.0627393307885626,0.6292631961306459,-0.7208746019562617,-0.5000601939668696,0.08462132958597259,-0.04102043068890306,0.04340696885026609,0.05804441755700071,1.1406886433034609,1.1891662829522542,-0.7715375596772992,-0.5153309898908535
smooth_crossnet,20260841,30,243,1.375,3.4884894649514435,True,True,32,1.2105882055482575e-08,0.5714753754490256,5.731619042291492,1.3885709619298474,4.343048080361645,0.7577349520817597,1.6430088437636348,0.3980436162644897,1.2449652274991452,15.393622107650309,0.3723372577428023,0.2821329541539961,0.932521953257801,0.9047619047619048,0.5,False,0.7537286124590914,1.4535248005209667e-14,2.220446049250313e-15,2.220446049250313e-16,1.2212453270876722e-15,7.771561172376096e-16,1.7763568394002505e-15,0.0,2.296632939356842,0.6583459581663976,1.7989879420707515,0.5156925254168115,0.9941547920928265,0.284981451737497,0.5095744113333721,0.1460730830501347,0.11623078222807315,0.03331836985487097,0.01501906619809462,0.004305320783963919,0.0010191090115299751,0.00029213475395837554,-0.29100800106820035,-0.1411029012870831,0.18857360133827364,-0.26267944969882023,-0.044124076046714485,-0.10113035972383187,0.024779688397353956,0.006559530565981586,-0.07977717583561014,0.025736281143332047,-0.07150430392918827,-0.015731403378684394,-1.5260156709208623,-0.4486361663015783,2.3705513135139724,1.5084598441297106
smooth_crossnet,20260841,31,12361,1.375,3.4884894649514435,True,True,64,5.440092820663267e-15,-0.04445334709448856,23.337885058619992,1.0620106348815854,22.275874423738408,0.9544941355133925,6.689968621976284,0.3044328055313097,6.385535816444975,69.39975015725699,0.3362819751618313,0.3209791731708283,0.9437588529294372,0.7619047619047621,0.5,False,0.4395207540068562,1.9817480989559044e-14,1.1102230246251565e-15,2.220446049250313e-16,8.326672684688674e-16,6.661338147750939e-16,3.885780586188048e-16,2.220446049250313e-16,2.10914582712343,0.6046014609801287,5.479873008831375,1.5708440756055573,6.892480092691531,1.9757778149940515,5.44369895465328,1.5604745289746924,2.5623741583552953,0.7345225445280114,0.7433830699976695,0.21309597677343614,0.10692994696740785,0.03065222012040567,-0.41738489830893893,-0.47684390233974205,0.057390657054035274,-0.15510165852732094,0.7889416325812432,0.4529503012382825,-0.6952403554544249,-0.15060641339755057,0.06678916109649903,-0.045912099274172134,0.07519446835632507,0.11578198128397366,1.2432710095626165,0.9019042860068225,-1.1634150219818447,-0.6866258420847822
smooth_crossnet,20260841,32,6134,1.385,3.4884894649514435,True,True,32,4.580780199603396e-13,0.3579440994890515,1.1588009483542798,0.16105645346008,0.9977444948941998,0.8610145653670622,0.33217842851373186,0.046167963262667255,0.2860104652510646,7.032383527869927,0.16478068122448872,0.1418785666253916,0.9945887108299333,1.0,1.0,False,0.08052753459549955,8.162307635339872e-15,4.440892098500626e-16,1.1102230246251565e-16,5.551115123125783e-16,7.216449660063518e-16,5.828670879282072e-16,0.0,0.3847961881012586,0.11030452921451336,0.4031913893382588,0.11557764281334038,0.2384910414637551,0.06836513163071131,0.0978578163447876,0.028051630176314634,0.027421123414214228,0.007860457567583884,0.006490979823209524,0.0018606849435619185,0.0005524098687942943,0.0001583521677059109,-0.4391105329772203,-0.4837923456612917,-0.027551455211831888,-0.029449864084879377,0.12778676076093254,0.18951738659643183,0.06858859168727013,0.046908335460256884,0.007506535058824031,0.01151150042789804,-0.20177208685121353,-0.19674671664470475,1.1426379807768643,1.0498420051009156,-0.32014169375457324,-0.22984620170557576
smooth_crossnet,20260841,33,1951,1.426,3.4884894649514435,True,True,32,6.551607173443941e-11,0.36829708110185333,0.6573360543044509,0.1538406366417221,0.5034954176627288,0.7659634890946215,0.18842999553493,0.04409949870491107,0.14433049683001895,2.729345128247762,0.2408402101666271,0.18447480769351163,0.9790511569003298,0.9047619047619048,1.0,False,0.128657277565012,4.18328566231807e-15,1.1102230246251565e-16,4.163336342344337e-17,5.551115123125783e-17,6.106226635438361e-16,1.6653345369377348e-16,0.0,0.32142930176051193,0.09213996630630097,0.22843806633594096,0.06548337572208222,0.07911163230551203,0.02267790489274509,0.02345212386252425,0.006722715977257704,0.004493472753386295,0.0012880855162476005,0.0003945253054371074,0.00011309344901306699,1.6931981137445788e-05,4.853671283104037e-06,-0.2126665453572206,-0.16798773871680955,0.07259516707072788,0.0894215232086087,0.034601279239597105,0.041082999869644275,0.008089512464212885,-0.0013669619359682425,0.002888232910055344,0.006492162135775283,0.0648771461227874,0.03748521612598299,-0.056337172823366435,0.025912651184296427,0.4542494614750598,0.3372572292303228
smooth_crossnet,20260841,34,10023,1.444,3.4884894649514435,True,True,32,8.710937377670591e-09,0.22842299744926153,1.2273391903315207,0.30532461250611126,0.9220145778254094,0.7512304545382935,0.35182539682647546,0.08752344405040681,0.26430195277606866,4.282505297395043,0.28659373546556616,0.2152979421616247,0.959797982701886,0.880952380952381,0.5,False,0.269798040663936,6.491335247105212e-15,6.661338147750939e-16,4.163336342344337e-17,3.0531133177191805e-16,7.494005416219807e-16,4.440892098500626e-16,0.0,0.5809453490952027,0.16653206349966398,0.4300016438825751,0.1232629905300747,0.15544885781193662,0.04456050659568219,0.05048977322322611,0.014473248014790517,0.009468212537026914,0.002714129605995156,0.0008987353528455785,0.00025762879947756643,8.661842870587668e-05,2.4829780790833584e-05,-0.26269817221078573,-0.19089363913582744,0.07758153991080634,0.12162836264254351,0.029680447178399537,0.03638671213320678,0.027608692976152933,0.0005215627672837506,-0.0005216129691217096,-0.019200091910237995,0.04907139369086201,0.031660845012833755,-0.2652114094607651,-0.082444417716157,0.5729121183337129,0.33076366365561544
smooth_crossnet,20260841,35,9457,1.458,3.4884894649514435,True,True,64,1.3331165060748162e-09,-0.20416998722336532,20.39267882250668,4.0739791889806165,16.318699633526066,0.8002234417341821,5.8457045742549,1.1678347404833922,4.677869833771508,50.53903806852907,0.40350350148839326,0.32289296071283574,0.9861591205462482,0.7857142857142858,1.0,False,3.550295579538941,2.582309366339075e-14,8.881784197001252e-16,4.440892098500626e-16,2.4424906541753444e-15,8.326672684688674e-16,8.881784197001252e-16,1.7763568394002505e-15,6.240325579452702,1.7888331445884305,4.363076517002508,1.250706519494459,5.415919554066247,1.552511368739831,3.052474887969202,0.8750133599763328,1.1251346782599618,0.32252775579920595,0.184037813102238,0.05275573137062623,0.011709792653819648,0.0033566942860131692,-1.3370801880225278,-0.6205914371154213,-0.24037503622605166,0.057957347282198604,-0.010791374816028751,0.0761260715079576,0.041929998761690235,-0.01635684222800753,-0.038360097419279454,-0.0579893172664573,0.2732455556044562,0.13296071163022147,-4.107391896557311,-1.135151288316038,5.214653051451689,1.358874767282182
smooth_crossnet,20260841,36,2358,1.487,3.4884894649514435,True,True,32,4.874572967494828e-16,0.3971659079277843,0.17126590473781517,0.04878870807773958,0.12247719666007559,0.7151288918104951,0.04909457415838836,0.01398562574659192,0.03510894841179644,1.4892038716638631,0.11500500904987748,0.08224340467449485,0.9899828271385318,0.7380952380952381,1.0,False,0.021912903225411916,4.651661000831808e-15,1.1102230246251565e-16,5.551115123125783e-17,0.0,1.1102230246251565e-16,6.678685382510707e-17,0.0,0.07719572279543396,0.022128695978879342,0.0543047765776426,0.0155668455138644,0.028960609084130035,0.008301761944559331,0.009588280669952057,0.0027485479793717873,0.0010386888874139167,0.0002977474628630917,0.00017525945011730837,5.0239351982605976e-05,2.5672731241439654e-06,7.35926867470044e-07,0.03078256682772351,0.036209870658568684,0.03647819488695575,0.04204414193600195,0.3014546275779385,0.29692564520957027,-0.01576545176106151,-0.008514337417814353,0.03803816747284702,-0.0008046085170536495,0.00631264817543291,0.0008956984559622818,-0.09611290038841472,-0.07188957963794584,0.09597805513636283,0.10229907724049514
smooth_crossnet,20260841,37,15340,1.516,3.4884894649514435,True,True,32,1.1005529820806714e-10,0.4983142352463754,2.4892208167412018,0.2672815225285278,2.221939294212674,0.8926244225779684,0.713552625498856,0.07661812518394638,0.6369345003149096,14.679723213284515,0.16956864789443474,0.15136111641409664,0.997758397541061,1.0,1.0,False,0.2866518936086825,7.925734721303535e-15,4.440892098500626e-16,1.1102230246251565e-16,6.106226635438361e-16,1.6653345369377348e-16,3.608224830031759e-16,2.220446049250313e-16,0.738547319013445,0.21170977479896871,0.8495237019352173,0.24352193419825674,0.5726206445298079,0.16414572848302358,0.24462223746240952,0.07012268201469671,0.07717022924849316,0.022121388074642586,0.006595912736344849,0.001890764699911931,0.00014077181548195403,4.0353229355076596e-05,-0.2859968041438836,-0.29718631608784596,-0.015403388538118963,-0.009383046737456407,-0.0019345635071162364,0.001284389947761504,0.07862981394931158,0.060358484708426655,-0.042907156198990146,0.017210940335074427,-0.1651263041874104,-0.17894596796560536,1.7969793768046265,1.5729783592391409,-0.8659267389320439,-0.6680026081931205
smooth_crossnet,20260841,38,7011,1.556,3.4884894649514435,True,True,32,6.210587599753126e-13,0.5073366405666988,1.5727573238675419,0.14416841160766228,1.4285889122598796,0.9083339753566431,0.45084193020185404,0.04132688748414178,0.4095150427177123,8.449805546553332,0.1861294103399892,0.16906766722491026,0.996627164867682,0.9761904761904763,0.5,False,0.09325317165699032,6.402864349830395e-15,8.881784197001252e-16,1.1102230246251565e-16,1.1102230246251565e-15,0.0,1.0269562977782698e-15,0.0,0.389373042348846,0.11161651662154747,0.5406878928745193,0.15499198100116526,0.40521497859716005,0.1161577188832933,0.17785907487762515,0.050984552673746075,0.05109432177403575,0.014646546101794502,0.007577129522694864,0.002172037381457401,0.0009508838726588619,0.00027257753884949663,-0.4103720365139355,-0.4395263645577793,-0.0007958305738509888,-0.001010782501957666,0.09084203035868026,0.14144509905922753,0.05210848339538999,0.04358484852106389,0.05380332099837166,0.07035146308686313,-0.2335227550342704,-0.24645670672956033,1.2426730737908507,1.149331528724756,-0.287399645854538,-0.21038244503591452
smooth_crossnet,20260841,39,4943,1.563,3.4884894649514435,True,True,32,1.440135233288231e-10,0.6323660163512455,2.4618598225118866,0.2556457822926293,2.2062140402192574,0.8961574578881634,0.705709404384328,0.07328265854349876,0.6324267458408294,11.028925373637968,0.22321846772092402,0.20003889458647434,0.987274720842435,0.9285714285714287,1.0,False,0.13021706553166112,1.8134365536992547e-14,4.440892098500626e-16,1.1102230246251565e-16,2.220446049250313e-16,6.661338147750939e-16,1.457167719820518e-16,0.0,0.6606763389538081,0.189387511583901,0.869271787404568,0.2491828615617354,0.5713262695486327,0.16377468680605148,0.25836432625004196,0.07406194825749263,0.08521582450338556,0.024427714447626026,0.01576392463683801,0.004518839685547805,0.0012413512146102468,0.0003558420419731797,-0.4636265509094769,-0.4583735456418372,-0.056956706282815434,-0.13509449207000027,0.3400509095668457,0.4885292859274387,0.14386829917746335,0.11173798686579293,0.009298668021667669,0.01019377204486519,-0.2920231687134064,-0.3053219583955969,1.2514839520429195,1.1194050575313355,-0.2997293865519518,-0.19871008991075323
smooth_crossnet,20260841,40,10139,1.595,3.4884894649514435,True,True,32,1.0866862965031032e-12,0.8232658930511008,0.8685140896018619,0.2089466275679318,0.6595674620339301,0.7594205666096728,0.2489656621663184,0.059896017937620505,0.1890696442286979,6.407930229994484,0.13553738234172527,0.10292987569474486,0.9984093645977531,0.9523809523809524,0.5,False,0.10380866080394024,5.764919791539924e-15,8.881784197001252e-16,5.551115123125783e-17,9.992007221626409e-16,2.220446049250313e-16,8.326672684688674e-16,0.0,0.3501935670711246,0.10038544492952882,0.29668333114062007,0.08504636007113457,0.1458144245872485,0.041798728662429285,0.06126027719306896,0.01756068860420699,0.01273709358108696,0.0036511773101382287,0.0017870972945384083,0.0005122839878099741,3.829873417327619e-05,1.0978601070193935e-05,-0.131171552951158,-0.13788632486197866,-0.20055593661592447,-0.13727341570455662,-0.03615952647990958,-0.0006106836205061643,0.11686766558015205,0.07750741417939419,-0.003782809070563594,-0.008042878464585946,0.0577319039375633,0.046290796602232974,1.5593009181944786,1.4121304906674788,-0.5389647695435384,-0.4288495057463779
smooth_crossnet,20260841,41,13689,1.6,3.4884894649514435,True,True,32,6.139200259269728e-12,0.2910183034324654,1.3526112145827942,0.27517121088690755,1.0774400036958867,0.7965629680426813,0.3877355021915255,0.0788797597503244,0.3088557424412012,11.257266175053317,0.12015450230538659,0.09571062698006993,0.9971429456265425,0.9047619047619048,1.0,False,0.13726088823963756,7.282477572367885e-15,6.661338147750939e-16,4.440892098500626e-16,3.885780586188048e-16,4.440892098500626e-16,1.474514954580286e-16,2.220446049250313e-16,0.3176162436836707,0.09104692643470305,0.4082025676525873,0.11701413226376738,0.342287704056501,0.0981191737843661,0.22273554398939852,0.06384870765046119,0.04905558894254443,0.014062129020426105,0.012643146652077157,0.0036242467632772793,7.041960601399946e-05,2.0186274524116882e-05,-0.24052478972008395,-0.22693988234755902,-0.09990664733585587,-0.012384387531398193,0.005722359324011608,0.001976129147776309,0.06722398460691648,0.0346897533908653,-0.039261202957231484,-0.05144202166141745,0.23235581277664424,0.16283191336814473,1.2611541697650046,1.1039681383830686,-0.8957453830269398,-0.7216813393170154
smooth_crossnet,20260841,42,12306,1.611,3.4884894649514435,True,True,64,1.3933298959045715e-14,0.5644900001356647,11.248462424320612,1.4287632807948039,9.819699143525808,0.8729814594299008,3.2244507364384947,0.4095650266825991,2.8148857097558952,31.3224213840165,0.35911854599020826,0.31350383238687596,0.976567141404795,0.8095238095238096,1.0,False,0.7720877243941928,1.13988679606436e-14,4.440892098500626e-16,4.440892098500626e-16,1.3322676295501878e-15,4.440892098500626e-16,8.881784197001252e-16,2.220446049250313e-16,2.2285004810412543,0.6388153105895285,3.1489526525490805,0.9026693886240276,3.5255783307545743,1.0106317838066474,1.748434293123362,0.5012009669771781,0.517776353900953,0.1484242274781128,0.07494169711011368,0.02148256368925477,0.004278615841270803,0.0012264952737446086,-0.04844980675793052,-0.10010391648754242,0.01261736953215075,-0.025513947725755288,1.7580239299572074,0.9499383753361328,-1.7684262981730303,-0.8570489021451326,0.17889472646733134,-0.0335409588408941,0.05098569899512809,0.07306051116188396,1.5173515588822857,1.1988949450042987,-1.1365071787674763,-0.6411961061673267
smooth_crossnet,20260841,43,14526,1.634,3.4884894649514435,True,True,32,6.496221338636587e-10,0.5974916384838256,1.6277590061279334,0.44723964063004373,1.1805193654978896,0.7252421034401617,0.46660854862309015,0.12820438333651923,0.3384041652865709,9.856941676237163,0.16513834205310243,0.11976527854921293,0.998888124385892,0.9047619047619048,0.5,False,0.3579303256818487,1.0976462794243247e-14,4.440892098500626e-16,5.551115123125783e-17,3.3306690738754696e-16,1.1102230246251565e-15,3.3306690738754696e-16,0.0,0.7282941095794774,0.20877062032051014,0.4800077815636676,0.13759760102080423,0.295017574986273,0.08456885937317267,0.09315195499658296,0.026702661978048874,0.027349064343764433,0.00783980132906754,0.0038038355053646184,0.001090396156726695,0.0001346851528018202,3.860844475954147e-05,-0.11320966288511655,-0.10817221304971306,-0.018455660207608214,0.03977780880501408,-0.04630151753131278,-0.014040089891148619,0.0713354479061816,0.03703603712589789,0.010682444725139252,-0.011407269498033341,-0.1284034725899689,-0.08616328005897483,2.0992868995292246,1.7084363839026364,-1.2774428404627132,-0.9679757388518541
smooth_crossnet,20260841,44,17733,1.645,3.4884894649514435,True,True,32,1.4247047985804784e-11,1.1520951865088116,1.4872512574355121,0.4872760588145637,0.9999751986209484,0.6723646684590602,0.4263310158674116,0.13968110372990508,0.2866499121375065,4.458540822672496,0.3335735426874567,0.22428306443576598,0.9923675785364146,0.8571428571428572,0.5,False,0.3796861808055647,7.409762907417683e-15,1.7763568394002505e-15,5.551115123125783e-17,1.3322676295501878e-15,2.220446049250313e-16,1.4432899320127035e-15,0.0,0.8310037334543195,0.23821305519289745,0.459504692083328,0.13172024645621908,0.1653049113536349,0.047385813548941245,0.025899963323204142,0.007424406346477141,0.00508175245723448,0.0014567200240363095,0.00044174120188734197,0.00012662821726293808,1.446356190181044e-05,4.1460815768901165e-06,0.08738217217845014,0.05962545873202624,-0.014403793195292218,0.0868664192381523,-0.010831262098770581,-0.01600500951305277,0.11550101216715385,0.06763673868953406,-0.0008047095620772838,0.001401240782767835,-0.13439647837431462,-0.08602485085784096,-0.7542260450820438,-0.41879777656224365,1.8638742904757049,1.4573929659994684
smooth_crossnet,20260841,45,6168,1.655,3.4884894649514435,True,True,32,4.705125178361413e-13,0.7928434050106286,0.28108076440894886,0.11016140191667856,0.1709193624922703,0.6080791862498175,0.08057377476209786,0.0315785393716853,0.04899523539041255,1.9678263111585537,0.142838198074231,0.08685693525036865,0.9989610909852429,0.880952380952381,1.0,False,0.0813746987471734,1.563289428463399e-14,2.220446049250313e-16,1.3877787807814457e-17,2.220446049250313e-16,1.3322676295501878e-15,2.220446049250313e-16,0.0,0.16799793874435368,0.048157788759924505,0.07937771148125107,0.022754178356779394,0.029039284586117105,0.00832431482963395,0.003969460148534134,0.0011378736236456958,0.0006579085474153738,0.0001885941047050091,3.726941290882775e-05,1.0683538902229852e-05,1.191488366869076e-06,3.415485065498572e-07,-0.036988476380214054,-0.03780182248212842,-0.014769041721713935,-0.02470154825159286,0.0012157832367420624,0.02008070927641955,-0.033886177889391675,-0.025885682259903935,-0.016770111147434763,-0.028819801891945246,0.024483663569367292,0.022683963136833338,1.3088521860737488,1.223286027965907,-0.43929442073047487,-0.35599844048296225
smooth_crossnet,20260841,46,14636,1.663,3.4884894649514435,True,True,32,8.344049895470107e-10,0.8097062726971018,5.1033049583629815,0.7684928063214027,4.334812152041579,0.8494127212480131,1.4628981998184176,0.22029385900183573,1.2426043408165819,26.282910046437525,0.19416818568972352,0.1649289269864976,0.9983242597491183,1.0,1.0,False,0.3559194879735561,1.2170819907453279e-14,6.661338147750939e-16,2.220446049250313e-16,1.2212453270876722e-15,1.3322676295501878e-15,1.27675647831893e-15,4.440892098500626e-16,0.9689075121260947,0.2777441416580517,1.24175737718065,0.35595847132590785,1.6256950472042586,0.46601690030526915,0.8343233609479439,0.23916464972313078,0.3240697895613523,0.0928968806749322,0.09773082507585205,0.028015227237388942,0.010821046266827358,0.00310192889373624,-0.4050836034008255,-0.36267328606033833,-0.3740735559633931,-0.24031247103112047,-0.26441115618884437,-0.08527540569604047,0.2772054781148934,0.18305316929054033,-0.006353039268632683,-0.03367396270917353,0.7181520495290816,0.5646870937044319,2.8235495718328485,2.3299949536009916,-1.9592794719580273,-1.546093818402188
smooth_crossnet,20260841,47,13286,1.664,3.4884894649514435,True,True,32,8.801848139228241e-13,1.0450603727920833,0.5605222310743292,0.1435186096694394,0.4170036214048898,0.7439555441104211,0.16067763331546456,0.04114061719588339,0.11953701611958116,3.221673879061382,0.17398478310214144,0.12943694397968725,0.9974176755521211,0.9761904761904763,1.0,False,0.10340611520170406,1.2008623262449447e-14,4.440892098500626e-16,1.1102230246251565e-16,8.881784197001252e-16,0.0,7.771561172376096e-16,0.0,0.2621624339487976,0.07515070249823634,0.18230889183309845,0.05226012394898719,0.08685830455126664,0.02489854288623332,0.022834700599676978,0.006545727263646707,0.005743212902605448,0.0016463323052303923,0.000603467053575111,0.00017298806822783704,1.1220185307747599e-05,3.2163449024214765e-06,0.14740590097132078,0.15270867412123332,-0.021565244372139938,-0.03339898245833728,0.1383197688114935,0.09694951469531918,0.036459371577107866,0.028358213722335747,-0.011469099008162892,-0.02699310345825131,0.08916956856312046,0.08235221703239697,1.375072718350315,1.3152006147188307,-0.7083326121009708,-0.5701167755814439
smooth_crossnet,20260841,48,14542,1.683,3.4884894649514435,True,True,32,6.256115625546954e-10,1.106739855165471,1.607299090904429,0.4486364710718882,1.1586626198325407,0.7208755522785495,0.46074357026238033,0.12860479459069624,0.3321387756716841,10.574826655974572,0.15199294921740736,0.10956800120954406,0.9983560893342849,1.0,1.0,False,0.3529810983511388,2.7290778144284378e-14,4.440892098500626e-16,9.71445146547012e-17,8.881784197001252e-16,1.9984014443252818e-15,6.661338147750939e-16,6.661338147750939e-16,0.7956029481027929,0.2280651715007736,0.454408737191651,0.13025945520462562,0.24908894025164974,0.07140309373275314,0.08463699837398153,0.024261789873331205,0.02158507420970843,0.006187513084551876,0.0018297571251203338,0.0005245127277876994,0.0001466356495231886,4.203413855665166e-05,0.08504426887603785,0.08607276895355241,0.011158124080062407,0.05612434036121755,0.17240256121370856,0.11381160742824728,0.18410688440340653,0.1201951250071421,-0.0005562554858983065,0.012094615060724375,-0.24066900331701133,-0.18053262329518294,2.3181693637997807,1.9920356059096178,-1.4229160884046161,-1.0930615842598497
smooth_crossnet,20260841,49,14720,1.772,3.4884894649514435,True,True,32,1.0168221820094914e-09,1.1893742821465794,1.1456271031745482,0.4656311597906555,0.6799959433838927,0.5935578352673525,0.32840205329113537,0.1334764414422953,0.19492561184884002,7.305269264911348,0.15682202279349533,0.09308294037155448,0.9963133688771122,0.8571428571428572,1.0,False,0.4003852010281379,1.3656393724192917e-14,4.440892098500626e-16,4.440892098500626e-16,1.1102230246251565e-15,2.220446049250313e-16,1.1102230246251565e-15,8.881784197001252e-16,0.7134382133753928,0.20451207336104804,0.2951053707862044,0.08459402665569236,0.11312845991214365,0.03242906737965978,0.022504019764677922,0.006450935280376762,0.0013530166107940107,0.0003878517118620117,9.577160567838368e-05,2.7453603240196896e-05,2.25111965497331e-06,6.452992556205537e-07,-0.026574082907735882,-0.02544180781997294,0.015207724272086913,0.005960881473958174,0.1798976080861763,0.09911180128141703,0.048990193514510005,0.03586702288922301,0.002698927410056405,-0.09317788921040013,0.38674835065011903,0.3144527696621513,2.7869856949726537,2.5926827530185985,-2.2045801338512883,-1.740081249148396
smooth_crossnet,20260841,50,7158,1.819,3.4884894649514435,True,True,32,3.1752378504279477e-13,0.380107377935301,1.215900411001289,0.15360786452968828,1.0622925464716007,0.8736673964908089,0.34854639041262325,0.04403277294455764,0.3045136174680656,7.188266208978703,0.1691507208626379,0.1477814699106044,0.9949799055218136,0.9761904761904763,0.5,False,0.07418332270274997,4.739698217237631e-15,4.440892098500626e-16,2.220446049250313e-16,4.440892098500626e-16,7.771561172376096e-16,2.914335439641036e-16,0.0,0.3214559928330967,0.09214761748967217,0.4549031301398413,0.13040117641466722,0.27926550302581615,0.0800534173405346,0.12256595244032556,0.03513439087941507,0.03149907743896721,0.009029431722651238,0.005931583446553123,0.0017003300443206829,0.00027917167668846474,8.002652136211927e-05,-0.7275997099425755,-0.799800106540977,-0.0008644028230814001,-0.006626840325908371,0.1478353133194325,0.2216887011870461,0.07312387594465264,0.05806056408468456,0.04647675441156318,0.048371765393857555,-0.08472197108535945,-0.08671216887722868,1.185156695672021,1.126565174895399,-0.25929917756135235,-0.18143971188157162
smooth_crossnet,20260841,51,730,1.828,3.4884894649514435,True,True,32,1.198528679080546e-09,1.1843767966961591,2.476669931942916,1.1525049499780688,1.324164981964847,0.5346554116422193,0.7099548262437962,0.33037363637103906,0.37958118987275724,6.911873800038661,0.3583210578771075,0.19157829269936041,0.9513952157127903,0.9047619047619048,1.0,False,0.6658758848552286,8.909539772616881e-15,1.7763568394002505e-15,2.220446049250313e-16,4.440892098500626e-16,0.0,1.3322676295501878e-15,0.0,1.4836406120180194,0.42529599900588216,0.7846203795476511,0.22491694110894275,0.1554239233837662,0.04455335896676688,0.04324966502416552,0.012397820162190891,0.008882680136856884,0.0025462826320963314,0.0008238281500775569,0.00023615612383367878,2.884368237681767e-05,8.268244082892521e-06,-0.04927867393242846,-0.03159992508197263,0.14371223284392995,-0.23754613178224165,0.03199590032944805,0.049756247245793514,0.07244226388297167,0.024850217742128568,-0.027051263308327494,0.005594834063802192,0.12040948568065504,0.05548234199103924,-1.7183293217871043,-0.6339095649479655,2.610476172987015,1.9517487774655755
smooth_crossnet,20260841,52,738,1.869,3.4884894649514435,True,True,32,5.003160108429938e-10,1.3930063412781695,1.8816281958103933,0.9590649132957474,0.9225632825146459,0.49030051982044714,0.5393819344203133,0.27492269159227534,0.26445924282803795,5.891358327795349,0.3193878374250123,0.15659602271381198,0.969877493455463,0.8095238095238096,0.5,False,0.6670082056559576,1.0701847936479825e-14,4.440892098500626e-16,5.551115123125783e-17,8.881784197001252e-16,6.661338147750939e-16,1.3322676295501878e-15,0.0,1.241229218897134,0.3558070710454075,0.5175036518520872,0.14834605552099336,0.08700082898348553,0.02493939851548226,0.03153441718604678,0.009039562109294116,0.003920981033603136,0.0011239767449484652,0.00043771043917848786,0.00012547277082993293,1.387418856415791e-06,3.977133571292303e-07,0.22091267223575073,0.15443072955471226,0.02667707805789174,-0.1973018552192231,0.04924529624271972,0.07595372186250007,0.05197401129722553,0.02497028042568878,0.004218122806979741,-0.004891112696114662,-0.0076767874964420646,-0.003858923921831108,-1.5884961980435353,-0.6599575739421786,2.6361521461775803,2.0036610752146164
smooth_crossnet,20260841,53,3461,1.894,3.4884894649514435,True,True,32,7.327471962526033e-15,1.1952588344463502,0.10252014578646385,0.055744732457554985,0.04677541332890886,0.4562558214298288,0.02938811964790922,0.01597961897767431,0.013408500670234911,0.8162411978928175,0.12560030791281623,0.0573058716586014,0.9996114319261591,0.9523809523809524,1.0,False,0.042897320916726045,8.939843223337851e-15,2.220446049250313e-16,2.7755575615628914e-17,2.220446049250313e-16,0.0,4.163336342344337e-17,0.0,0.07530915810936245,0.02158789896486349,0.02133704330331045,0.006116413283652396,0.005107136201702433,0.001463996452623233,0.0007018942853013921,0.00020120292532147918,6.276615462794519e-05,1.7992358944623854e-05,2.090950493408123e-06,5.993856408097902e-07,5.678166418443e-08,1.6276862738130798e-08,0.015950428564931153,0.016263410689259763,-0.007407384608564543,-0.007915429193856655,-0.007653228971535116,0.00273633962837248,-0.026149534094446727,-0.023519602230534523,0.030470066765999143,0.03279131362119084,0.02492181834460575,0.024148616657451223,1.3162513933721653,1.261787907187057,-0.1511247249268048,-0.11103372191258994
smooth_crossnet,20260841,54,15343,1.898,3.4884894649514435,True,True,32,6.265454821630101e-11,1.2373587340528833,2.288824380609216,0.3504095029465359,1.9384148776626802,0.8469041548512046,0.656107579972604,0.10044734446443664,0.5556602355081675,11.25814041356281,0.2033039468802364,0.17217895731052082,0.9979930781411745,0.9761904761904763,1.0,False,0.2690146472173687,7.002211310780382e-15,9.71445146547012e-17,5.551115123125783e-17,0.0,6.661338147750939e-16,1.6653345369377348e-16,4.440892098500626e-16,0.8123944603280852,0.23287857638388854,0.8299549541268154,0.23791241523453122,0.44029372475506556,0.12621328777932658,0.16529382155270206,0.0473826345796354,0.03592082293042334,0.010296956115624482,0.004797522967283627,0.0013752436449884489,0.00016907394883948436,4.846623460903521e-05,-0.04451795012657271,-0.050786476509091655,-0.03492751011754801,0.04052705096298995,0.21646154455411337,0.17574489840667595,0.018607396427097515,0.0007366885867614811,0.061023916282337665,0.04874319424840917,-0.11950255569574582,-0.07689392996647584,2.0965838961949537,1.8233109956526383,-0.9563700034657524,-0.7240236873290249
smooth_crossnet,20260841,55,8280,1.986,3.4884894649514435,True,True,32,1.9049206656518436e-12,1.4765922942806955,1.6341219221350667,0.20011093298336066,1.434010989151706,0.8775422260280891,0.46843252317455747,0.0573632040440019,0.4110693191305556,11.739573124075664,0.13919772932661317,0.12215188525133154,0.9991156612211235,0.9523809523809524,1.0,False,0.09915944492270473,1.0950441942103595e-14,4.440892098500626e-16,1.1102230246251565e-16,2.220446049250313e-16,4.440892098500626e-16,3.0531133177191805e-16,0.0,0.4051084670981181,0.11612718661420891,0.48607901037793766,0.13933796139031868,0.4099198860788411,0.11750641364902238,0.23129719917803787,0.06630296622703354,0.08748907375604537,0.02507935730780919,0.013353917028010743,0.003827994082303074,0.0008743686180748196,0.00025064390386140667,-0.1851794089563716,-0.19504208012501487,-0.32337757151600743,-0.30455669174899647,-0.09337976533401728,-0.03825363130497139,0.19088512043172895,0.16640056254020197,0.04207856718911682,0.0767308706641111,0.39754266653502934,0.38214834580744644,2.0062304052619004,1.855861022066293,-0.558207719330684,-0.4666961036183747
smooth_crossnet,20260841,56,15471,1.99,3.4884894649514435,True,True,32,2.1322299481596474e-10,0.6966112708719858,2.0568798326876863,0.3738747988301408,1.6830050338575455,0.8182320654378697,0.5896190466828072,0.10717383629402613,0.4824452103887811,14.42080385026168,0.14263281395720268,0.11670674196341736,0.9984395911318072,0.9523809523809524,1.0,False,0.3114563928313274,1.042568809062061e-14,6.661338147750939e-16,8.881784197001252e-16,0.0,7.771561172376096e-16,5.551115123125783e-16,6.661338147750939e-16,0.671034964324128,0.19235688428070635,0.540305218308348,0.15488228464977422,0.49660547787282117,0.14235544721065496,0.252258543739665,0.072311682828366,0.08419116125476887,0.024133987532606965,0.01238007189138577,0.003548834535912262,0.00010439529656730529,2.9925644785846696e-05,-0.3460782881765625,-0.35295655632546186,-0.15911702361020308,-0.08533421257618293,-0.011055128621961416,-0.005955872432017758,0.1676268691970409,0.11251839197780066,-0.0003563759921431666,0.042237820611951714,0.16333699315763225,0.1319183279680454,2.1381016110164754,1.8576322227440618,-1.2558473860982926,-1.0034488510962105
smooth_crossnet,20260841,57,11110,2.013,3.4884894649514435,True,True,32,4.1673331452329876e-12,0.7385526482979539,1.6480858773817744,0.19802608145717465,1.4500597959245998,0.8798448040997912,0.47243538899571086,0.056765566714971,0.41566982228073984,9.89970743637539,0.16647824069285758,0.14647501506928517,0.996822052215638,0.9761904761904763,1.0,False,0.11383612064944443,8.105495441501631e-15,1.1102230246251565e-15,5.551115123125783e-17,1.3322676295501878e-15,2.220446049250313e-16,1.27675647831893e-15,0.0,0.5138082638478075,0.14728674660193056,0.5607355352041381,0.1607387784420163,0.3488713105553797,0.10000641081489854,0.1646610289677401,0.047201240141922576,0.04979577634853298,0.014274308937672568,0.009772614130897632,0.002801388460272635,0.00044134832727718315,0.0001265155969973171,-0.15308982552666467,-0.16422602251595844,-0.049157716652416646,-0.042294909386926316,0.05605289020237628,0.13351249215853364,0.08775212699122778,0.059715884444492474,0.0018898816016778095,0.00444330910272481,-0.18538864397899127,-0.1837037625620427,1.4431018904023303,1.284248248481186,-0.4626079547415871,-0.3531425914240557
smooth_crossnet,20260841,58,14292,2.032,3.4884894649514435,True,True,32,4.442767403967096e-09,0.7555128765677765,5.522475350537061,0.5357978794784718,4.986677471058589,0.902978674331907,1.583056335993243,0.15359022432533836,1.4294661116679046,20.55318972772524,0.26869188791107756,0.2426230447496822,0.9919204239194493,0.9761904761904763,1.0,False,0.3773235234560892,2.6145752229922437e-14,1.7763568394002505e-15,2.220446049250313e-16,2.220446049250313e-15,6.661338147750939e-16,1.5543122344752192e-15,0.0,1.1945282273044278,0.34241990388841675,1.6834600592459705,0.48257564661139163,1.479613672839419,0.42414164861467163,0.8286069580858296,0.23752600270425728,0.2613122672267081,0.0749069962377958,0.07097430416108808,0.020345282642863297,0.003979861673615465,0.0011408552938458885,-0.6263540176389182,-0.559738082239397,0.18631565469633896,-0.11266674404118746,-0.09372038127820298,0.003350547953278246,0.10421703160035206,0.08281491918420886,0.057333751721489475,-0.05613881322679531,0.5172281493342221,0.5314072642868061,2.593504755679189,2.4915639523026725,-1.9830120675466958,-1.6250801676518098
smooth_crossnet,20260841,59,1456,2.041,3.4884894649514435,True,True,32,9.43088496185851e-10,0.8077532507287093,1.3726801127691248,0.7675455110089117,0.6051346017602132,0.44084167617134595,0.3934883927729537,0.22002231014895587,0.17346608262399785,4.723409060726663,0.2906121606494839,0.12811395201649495,0.9860502595187036,0.9285714285714287,1.0,False,0.6774039168129689,5.645948931900374e-15,2.220446049250313e-16,1.1102230246251565e-16,3.3306690738754696e-16,6.661338147750939e-16,3.3306690738754696e-16,0.0,0.9997903102837661,0.28659691259743625,0.3144873236836875,0.09014999954659884,0.04623294484645824,0.013252998270729122,0.010179743761814271,0.002918095027687281,0.001961719298953019,0.0005623406115059958,2.80465608826853e-05,8.039743609509706e-06,2.4333561376936445e-08,6.975386229889373e-09,-0.17450009404195077,-0.10487159726513116,-0.012709060258521136,0.05465125676705025,0.007799219067512603,0.012354579877358138,0.054225830846472534,0.018622792136809938,2.2547116382261012e-05,-9.451564419161985e-05,0.08845692657075176,0.05274741480773275,-1.0687782403717856,-0.44277690397511105,1.913236121799848,1.2171202240241914
smooth_crossnet,20260841,60,15570,2.109,3.4884894649514435,True,True,32,7.651166367139695e-10,1.0166737728301407,1.5134553396986525,0.4584823924944278,1.0549729472042246,0.6970624897423684,0.4338426000434312,0.1314271971008545,0.30241540294257674,10.133641972469327,0.14934959650344343,0.10410600158070839,0.9986674169202958,1.0,1.0,False,0.4086971422781276,8.743765260443848e-15,4.440892098500626e-16,5.551115123125783e-17,4.440892098500626e-16,8.881784197001252e-16,4.440892098500626e-16,6.661338147750939e-16,0.7988483105862717,0.2289954774443875,0.43677163483312215,0.12520365597239996,0.20105360468395364,0.0576334275060659,0.06082163564125704,0.01743494892340276,0.0143460573418501,0.004112398069704299,0.0015741307334474928,0.0004512356277015167,3.996587874767504e-05,1.1456499768512651e-05,0.20713201223573222,0.2143097832587679,-0.025769478883640742,0.03456901104907789,0.15104619926427776,0.10784948981831174,0.18420757036407018,0.11595855679588117,0.0007652056147306322,0.0030114370838980075,-0.1270091351193228,-0.09397121730729244,2.2428591705657674,1.8958225010854948,-1.6165577712114736,-1.2608757889539974
smooth_crossnet,20260841,61,15883,2.173,3.4884894649514435,True,True,32,3.466884646030621e-08,1.6450252766516535,3.889544761334375,1.0424653715819094,2.8470793897524658,0.7319826777814806,1.1149653167688478,0.2988300185669099,0.8161352982019381,11.669074496132684,0.33332075843919173,0.2439850213224736,0.9820171220855031,0.523809523809524,0.5,False,0.821156576427893,1.305552888020145e-14,8.881784197001252e-16,2.220446049250313e-16,2.220446049250313e-16,6.661338147750939e-16,3.3306690738754696e-16,0.0,1.8743526882893295,0.5372963591035006,1.3418241052239943,0.3846433015507677,0.4736635968334608,0.13577899592139195,0.17545886138104969,0.05029651462154893,0.022309877523698785,0.006395283043805699,0.0018686185205709326,0.0005356526196638355,6.701356226965411e-05,1.9209908168831714e-05,0.05003422758663635,0.036923749065782205,0.26535714223142204,-0.0256031372513586,-0.013023520046547122,-0.02984535582324017,0.03461135723869525,0.014898705574686817,0.03127238932602926,0.09534982244474816,-0.10537389535860725,-0.037452367574625084,-1.8141200374558466,-0.9036536267766382,3.196267613129872,2.494407486992299
smooth_crossnet,20260841,62,16663,2.193,3.4884894649514435,True,True,32,9.190384564483622e-12,0.3168660697367518,0.5246351623966864,0.13884683766088723,0.38578832473579916,0.7353459172911812,0.1503903530934094,0.039801420946191636,0.11058893214721775,2.2111764001096565,0.23726517810640016,0.1744719800359063,0.9735482880583712,0.9285714285714287,1.0,False,0.05901125219308312,7.841817473153156e-15,2.7755575615628914e-16,5.551115123125783e-17,5.551115123125783e-17,2.220446049250313e-16,5.551115123125783e-17,0.0,0.23663662358055143,0.06783354972346038,0.16945210351257395,0.048574635301337384,0.08068040658151938,0.02312760505431034,0.031209142113034043,0.008946319725654796,0.0056689498157417,0.0016250442699332064,0.0009688676430748799,0.00027773271291457535,1.906915018983998e-05,5.466305798376663e-06,-0.315126081446379,-0.2215181930920802,-0.1154730590875819,-0.19375041615843064,-0.012798143294711179,0.0010260227467047938,-0.02016185722931312,-0.018368744345863337,-0.02409873840255944,-0.017483728586945836,0.16056057184101694,0.1537412882322699,0.2904273842771392,0.23667718729584794,0.3535359930791402,0.3765426536452494
smooth_crossnet,20260841,63,11025,2.223,3.4884894649514435,True,True,32,4.030553668599168e-12,0.6900326682871158,1.4520402154675944,0.2869358272350323,1.165104388232562,0.8023912670058992,0.4162375234485065,0.08225216963326165,0.33398535381524486,6.6579348051949125,0.21809168427642567,0.17499486287001173,0.990711912710542,0.9761904761904763,1.0,False,0.28416952125230377,4.5297966766444375e-15,2.220446049250313e-16,8.326672684688674e-17,4.440892098500626e-16,0.0,4.440892098500626e-16,0.0,0.6249161813493753,0.1791366113121037,0.5566008861003873,0.15955355224446252,0.2247051404137413,0.0644133062952704,0.041528372486863946,0.011904399570099313,0.004223170824894464,0.0012106015704861093,6.646429233120185e-05,1.905245608420577e-05,6.787105599759258e-17,1.9455714766946352e-17,-0.012655389396204298,-0.011750048398564656,0.0,0.0,0.03460552179958584,0.08569493864021088,0.04034953006050739,0.023677903041863638,0.05238641129725223,0.08810331774047898,-0.40271147400019214,-0.39822853882033865,1.3546965803181978,1.0844323801018088,-0.37663851179203056,-0.18189728401834315
smooth_crossnet,20260841,64,17449,2.231,3.4884894649514435,True,True,32,1.0769163338864018e-14,2.003817124696839,0.9356899734825254,0.06521748796452637,0.870472485517999,0.9303001102792684,0.2682221009647077,0.018695050857903087,0.24952705010680468,5.27575368427874,0.17735664503647985,0.16499490643619827,0.9985083192676573,0.9761904761904763,1.0,True,0.036684457714720585,4.211908599671688e-15,5.551115123125783e-17,2.220446049250313e-16,0.0,4.440892098500626e-16,1.0061396160665481e-16,0.0,0.1642339735613616,0.04707882171106043,0.3704099361711468,0.10618060908385245,0.22034881504206422,0.0631645350389875,0.13002052745057138,0.037271297149346884,0.041005072945716536,0.011754392082215242,0.008710088604713765,0.002496808057534151,0.0009615597069501467,0.0002756378417108193,0.32792893387411265,0.31268091844498214,-0.05253921944589121,-0.003206432807646601,0.14219298260529248,0.11906382918390723,0.19133185028258493,0.19416101508384054,-0.11797178738499807,-0.13022342208974075,0.16344959140064086,0.1490747292864125,0.9332931213923411,0.9330792990973015,0.41613165197275603,0.4291871884977819
smooth_crossnet,20260841,65,11267,2.256,3.4884894649514435,True,True,32,3.7099698313447504e-12,1.4000277749354275,1.0044466447705784,0.283492588681171,0.7209540560894074,0.717762421571011,0.28793168357312476,0.08126514112466066,0.20666654244846414,5.48622250601556,0.18308529113961708,0.13141174192240512,0.9960200440653181,0.9761904761904763,1.0,False,0.11071375745163481,9.284240043427872e-15,4.440892098500626e-16,4.440892098500626e-16,6.661338147750939e-16,0.0,3.3306690738754696e-16,0.0,0.4138894672601359,0.11864432196755878,0.3424251274632194,0.09815856716883782,0.16002403022302314,0.04587201189247408,0.06786424305342709,0.01945376178866336,0.016715245058128513,0.004791542364127843,0.0032646082318231575,0.000935822872513275,0.0002639234808200381,7.565551894929161e-05,0.4061794259894391,0.43750697280641804,-0.005555237948282639,0.006449471809960349,0.13841621699009748,0.08486179620514567,0.09582345328543057,0.07537437227105162,0.006391882193133615,0.010972488934059712,-0.30912083537896584,-0.24498686075294346,1.613868650480164,1.4043795635983236,-0.5459757806755883,-0.37453002993658785
smooth_crossnet,20260841,66,8013,2.262,3.4884894649514435,True,True,32,1.1091128016005314e-12,1.423895526707271,1.138838461717167,0.25943961841138075,0.8793988433057862,0.7721892725503916,0.32645604155006913,0.07437018830584081,0.25208585324422833,5.54836849284537,0.20525645749479346,0.15849683459917496,0.9961816280038914,0.9761904761904763,1.0,False,0.09682869835731678,2.397561316147545e-14,4.440892098500626e-16,1.1102230246251565e-16,2.220446049250313e-16,4.440892098500626e-16,6.938893903907228e-17,0.0,0.3919459185103742,0.11235404963902614,0.38916494529599954,0.11155686414016915,0.22058029979801974,0.06323089176968176,0.09867315023360915,0.028285351360515743,0.032714579508180935,0.00937786392559345,0.005417244353995876,0.0015528911319419101,0.0003423240169859827,9.812958314057787e-05,0.32168086544851604,0.3499110750601716,-0.023528615902259218,-0.028741107557538708,0.19394745579320172,0.14223452494039235,0.057098869240149175,0.04553538686683654,0.002788890008512324,-0.002405498377638155,-0.2854116221142982,-0.21198073032446915,1.605698742222423,1.4199424170785941,-0.4483790579889739,-0.2906005409790779
smooth_crossnet,20260841,67,10222,2.296,3.4884894649514435,True,True,32,2.5941471193391408e-12,1.4007200344984665,1.0510995150514741,0.22204752695167473,0.8290519880997994,0.7887473795087797,0.30130505641819516,0.06365148273559869,0.23765357368259646,5.394346985964775,0.19485204006829118,0.1536890359958044,0.9965249445400337,1.0,1.0,False,0.10846614540144028,1.2412813832352043e-14,2.220446049250313e-16,5.551115123125783e-17,0.0,8.881784197001252e-16,1.6653345369377348e-16,0.0,0.35168595442100414,0.10081324824235904,0.3609367819320025,0.10346506290424655,0.21058272784204116,0.060365017569279734,0.08960865154362624,0.02568694916350378,0.03251329450356589,0.00932016416567233,0.005364889458562875,0.0015378832335494954,0.0004072153506700536,0.0001167311395838547,0.3319553102606311,0.35988335049679315,-0.009923180179492045,-0.023794463397859827,0.1623357858295683,0.12062706645149035,0.0982114113895623,0.07731292726496981,-0.020273386726121063,-0.03872441093525415,-0.1465655950153224,-0.11867806273907529,1.5944153432832553,1.4672973272617513,-0.6094356543436148,-0.4432036999043499
smooth_crossnet,20260841,68,13255,2.305,3.4884894649514435,True,True,32,9.212630658339549e-13,1.2306125350954837,0.45794263613634023,0.11428634614460159,0.34365628999173864,0.7504352354940459,0.1312724721508409,0.03276098359843903,0.09851148855240187,3.6278017096039266,0.1262314406335999,0.0947285208786282,0.9983405189306882,1.0,1.0,False,0.09837679627743989,7.894726539170449e-15,1.1102230246251565e-16,8.881784197001252e-16,0.0,6.661338147750939e-16,1.5265566588595902e-16,0.0,0.2321241227243574,0.0665400096679347,0.14627373031796714,0.04193039187521328,0.058821739106786196,0.016861664539269273,0.016263326255773203,0.004661996666227448,0.003980368890502336,0.0011410006911279976,0.0004712480869818622,0.0001350865730616221,8.100753970765413e-06,2.3221380061923643e-06,0.223047223691621,0.2224969459900333,-0.02009393419122062,-0.022023693818021817,0.06107159979902723,0.0442282460479826,0.16899981857574123,0.11896260993759245,0.02098453241182455,0.02579565994805264,0.045701821254193316,0.04371182907986859,1.464277123420374,1.4213413691676795,-0.7333756498660768,-0.6239004312577029
smooth_crossnet,20260841,69,6618,2.306,3.4884894649514435,True,True,32,8.477116231198067e-11,0.7500446981621833,0.5764214100077211,0.16116331500772507,0.415258094999996,0.7204071323347162,0.16523524459482475,0.04619859587564164,0.1190366487191831,3.2427828867842887,0.17775516589682339,0.12805608932141227,0.9975662430267789,0.880952380952381,1.0,False,0.0625134853144208,8.558258268731578e-15,6.661338147750939e-16,2.7755575615628914e-17,6.661338147750939e-16,3.3306690738754696e-16,6.661338147750939e-16,0.0,0.2638833493680899,0.07564401498680257,0.18170180003480246,0.05208609682223351,0.10050235666930298,0.028809706229312598,0.024569375145111372,0.007042983902333027,0.005345460243917591,0.0015323137127467273,0.0004039952988050778,0.00011580808910675641,1.5073247689878586e-05,4.320852289026016e-06,-0.22183524172375926,-0.18628588069746438,0.07753512866486018,0.033507774245391836,0.00847348644354865,0.04378884207021007,0.06550712465061972,0.054408259554573,0.014302531318206715,0.014631271997464964,-0.10099843612787641,-0.10685031512075305,1.2389204670678016,1.1387352505684687,-0.3318603621312185,-0.24189050445570817
smooth_crossnet,20260841,70,15039,2.414,3.4884894649514435,True,True,32,1.0900857994045055e-09,1.3675250565463033,1.9785853706393417,0.5367281852139689,1.4418571854253728,0.7287313485793461,0.5671753893821438,0.15385690299667845,0.4133184863854654,9.254546651092863,0.21379603401812147,0.1557998721909414,0.995683155194491,0.9285714285714287,1.0,False,0.4091754217168033,1.6176296413483726e-14,2.220446049250313e-15,1.3322676295501878e-15,1.3322676295501878e-15,4.440892098500626e-16,1.0547118733938987e-15,4.440892098500626e-16,0.9471715190427994,0.27151336661869013,0.5827491281142486,0.16704912942093691,0.2791308723532327,0.0800148245129122,0.13830337777029267,0.03964563435258008,0.029006965434680523,0.008315050317941629,0.0020607536605098736,0.000590729506628611,0.00016275426357578986,4.6654652453724766e-05,0.38186372545162384,0.3836772117323061,0.03774216008389429,-0.0371413575996132,0.2636640398324408,0.16908039400156327,0.048971205097342534,0.03869031415795149,0.05661135440686043,-0.026635177806837534,0.1569941256645165,0.13024093990826666,2.693530828716424,2.446550415926178,-2.271852382706798,-1.7369376837735113
smooth_crossnet,20260841,71,19348,2.446,3.4884894649514435,True,True,64,1.4874768083927847e-12,1.2170440505454398,3.7584519764997903,1.9100832632688611,1.8483687132309292,0.4917898977526106,1.0773866495113822,0.5475387793081519,0.5298478702032304,12.103026444042001,0.3105381942175278,0.15271954678251837,0.9891829303237105,0.8333333333333335,0.5,False,1.6827636583585273,1.8038955745813823e-14,1.7763568394002505e-15,2.7755575615628914e-17,4.440892098500626e-16,2.6645352591003757e-15,6.661338147750939e-16,4.440892098500626e-16,2.587118909328984,0.7416158011430297,0.8272870154621916,0.23714763188304674,0.2187455744440716,0.06270495486421551,0.10229560077293699,0.02932375224311043,0.021251943654812387,0.006092018871872441,0.001495710842560769,0.00042875601534361746,0.00025722199423174015,7.373449076341712e-05,0.1640863138212012,0.09417222364865328,-0.287244262021016,0.05728843508636047,0.08269398094118598,0.14139542526148025,0.04154823630577078,0.01043019255686002,0.0051808829578662875,-0.009978309633048195,0.08275336174662387,0.0488569671458836,-2.5586890703065994,-1.0518399484654075,3.6867146071004067,1.9267190649446606
smooth_crossnet,20260841,72,11032,2.48,3.4884894649514435,True,True,32,4.050759727647346e-12,1.8791370744515157,0.3697585086367309,0.12936302853971254,0.24039548009701833,0.6501418479410701,0.10599387280703099,0.03708282046983712,0.06891105233719386,4.460964885817502,0.0828875631395987,0.05388867347091082,0.9993894394712918,0.9285714285714287,1.0,False,0.12478987463402036,7.263991925327007e-15,4.440892098500626e-16,1.1102230246251565e-16,2.220446049250313e-16,2.220446049250313e-16,5.551115123125783e-16,2.220446049250313e-16,0.23687436763242864,0.06790170072528103,0.08267815411215365,0.02370027341140457,0.04230032305775391,0.01212568462159386,0.006615278098717706,0.0018963159170124612,0.0012524896603236964,0.0003590349556469507,3.706227829066862e-05,1.0624162309512519e-05,8.337970606005289e-07,2.3901378203305957e-07,0.0192186942077404,0.018698951290823586,-0.02617956295629927,-0.02246027186045422,-0.011689872374116004,-0.006830325266722914,0.21466368966436253,0.16498110400090324,0.01774787525283962,0.03423998398456674,0.4591585517627726,0.4543483203050309,2.156976268694045,2.0826258001924507,-0.9507585697998296,-0.8464664881950825
smooth_crossnet,20260841,73,19241,2.542,3.4884894649514435,True,True,64,8.29558643999917e-13,1.4175128102519907,6.908080452264713,1.7353329486142135,5.172747503650499,0.7487966504435671,1.9802497676056094,0.49744537458087684,1.4828043930247325,19.955476242307984,0.34617467247505523,0.2592144352177203,0.9909508531623247,0.8571428571428572,0.5,False,1.5524674037660433,1.4096362965787534e-14,2.220446049250313e-15,4.440892098500626e-16,1.3322676295501878e-15,3.3306690738754696e-15,1.1102230246251565e-15,6.661338147750939e-16,3.1302628289854204,0.8973118194665354,2.071468796255672,0.5938010755278301,0.912633109317909,0.2616126889552215,0.5911262601616875,0.16945049314343147,0.18226677175165706,0.05224804993189052,0.019550634242209555,0.005604326582789804,0.0007720515501550122,0.00022131399790991155,0.47582011194413737,0.31737290069900637,-0.4917268370158596,-0.040217543692660285,0.18114522593600194,0.24211719381997857,0.05135252222465096,0.021407475378606513,-0.005151112457391537,0.02057281398757449,0.08181664713973542,0.06015616289965649,-2.3438815304860388,-1.1467537695239667,3.4681377829667563,1.9428575766837985
smooth_crossnet,20260841,74,16647,2.589,3.4884894649514435,True,True,32,2.220446049250313e-15,1.185979288127732,0.20171435341774296,0.08956809706667473,0.11214625635106823,0.5559656734928401,0.057822835770137734,0.025675323937927225,0.032147511832210506,1.5130550196007762,0.13331594079834974,0.0741190868132861,0.9911054428319037,0.9761904761904763,0.5,False,0.05957449712888252,5.715046491605591e-15,1.1102230246251565e-16,1.3877787807814457e-17,2.220446049250313e-16,6.661338147750939e-16,8.326672684688674e-17,0.0,0.12421692663894535,0.035607654225974374,0.04581642305664516,0.013133599375018574,0.023846460175778336,0.006835755250334476,0.007072519190793887,0.0020273872866324767,0.0006962506765590577,0.00019958514524817374,6.498814481685727e-05,1.8629308034261713e-05,7.855342032668002e-07,2.2517889509456612e-07,0.011775533365795203,0.010584955940650733,-0.012536858939077878,-0.016210197721027282,0.12357105328137535,0.12614739752242488,0.07301567492742608,0.07635644277334093,-0.04687631879514571,-0.041465455021073586,0.1303701826435354,0.11032797912554071,0.31764068494017433,0.25297870759858854,0.5890193367036491,0.6672594579092878
smooth_crossnet,20260841,75,20365,2.593,3.4884894649514435,True,True,32,7.610578833805448e-14,2.3107252968970755,0.9495228479541467,0.128074556156068,0.8214482917980787,0.8651169306436186,0.2721873915612823,0.03671347081389299,0.2354739207473893,4.4683318228586355,0.21250052269992006,0.18383779995831942,0.9982543445289174,0.9761904761904763,1.0,False,0.054832926203280785,8.44810332800705e-15,6.661338147750939e-16,1.1102230246251565e-16,4.440892098500626e-16,4.440892098500626e-16,5.828670879282072e-16,0.0,0.28105138455149675,0.0805653528196648,0.3380845173357714,0.09691430079765977,0.21815761633822497,0.06253641254475209,0.08807357481962487,0.025246908641832683,0.019844989421485434,0.005688705561781497,0.003930814067061695,0.0011267954530332538,0.00037995142048012544,0.00010891574255776461,0.5887357558729516,0.5997368864325224,-0.07057247830157223,-0.019122014488553614,0.30456253346255036,0.2267905894062471,0.10252291232960685,0.08813660889546857,-0.019133600844202882,-0.020211804736789223,-0.15741868867077788,-0.13830524595476007,1.6334236763976988,1.5985855716246589,-0.07139481334917949,-0.024885294281719098
smooth_crossnet,20260841,76,18638,2.624,3.4884894649514435,True,True,32,1.0059952870733468e-11,1.5758797942352487,2.4036144590523127,0.5098832791295956,1.893731179922717,0.7878681095425635,0.689012961971427,0.1461616221726766,0.5428513397987504,8.041134856012402,0.2989148300696781,0.2355054620812339,0.9950130442019921,0.9285714285714287,1.0,False,0.3441886878810059,6.521692907934806e-15,4.440892098500626e-16,5.551115123125783e-17,8.881784197001252e-16,0.0,7.771561172376096e-16,0.0,1.0297931980717066,0.2951974510509351,0.7973441845216356,0.22856430914654743,0.40195459935373906,0.11522310827999989,0.12356887212778883,0.03542188484995433,0.04535863047453996,0.013002369916909383,0.0052073986073484565,0.0014927373752068758,0.0003875758955517554,0.00011110135187326703,-0.20381058695358487,-0.1411931317526542,-0.09607211480688899,0.08608095887370239,-0.03717457791765949,-0.06397151259848982,0.10008340962919686,0.0623075738432773,0.00987406381415781,0.05632022950889623,0.11166261869459375,0.1023814794367541,-0.671473268080863,-0.452806683527528,2.3627902498562974,1.9267608804512906
smooth_crossnet,20260841,77,8396,2.625,3.4884894649514435,True,True,32,4.856115509710435e-13,0.8943718627110564,1.1987407030026114,0.2176842851722966,0.9810564178303147,0.8184058615620209,0.34362743962573405,0.06240072884248385,0.2812267107832502,6.528029653061697,0.18362978826856163,0.15028369507638367,0.9903202291051765,0.9761904761904763,1.0,False,0.16127085690932885,9.91112573955899e-15,2.220446049250313e-16,1.1102230246251565e-16,3.3306690738754696e-16,7.771561172376096e-16,4.163336342344337e-16,0.0,0.4482422317406065,0.12849178311818282,0.4403293308367389,0.12622349451265089,0.23371810262829584,0.06699693519973092,0.06588676883904787,0.01888690492002531,0.009873510503805529,0.0028303111140233752,0.0006718004407782403,0.00019257631348116772,1.895801333712721e-05,5.434447639185027e-06,-0.38235574053682836,-0.4586822353834634,-0.04107283078343223,-0.03770765379134869,0.4315471840296596,0.549627822578736,0.00981316061968304,0.007271778821784048,-0.0026123063407589003,-0.003248640111614092,-0.23405875524205635,-0.22795503336049674,1.3507995694811459,1.2126194947242377,-0.23768841851635583,-0.1475536707667792
smooth_crossnet,20260841,78,19315,2.698,3.4884894649514435,True,True,64,1.3953282973488967e-12,1.5483401360054563,3.8643390532108612,1.8855636947420453,1.978775358468816,0.51206049242099,1.107739923550163,0.5405100728226767,0.5672298507274863,13.226655597564067,0.2921629753421984,0.1496051170209077,0.9897590652657005,0.4761904761904762,0.5,False,1.556247158920624,1.2689502226770344e-14,2.6645352591003757e-15,4.440892098500626e-16,1.1102230246251565e-15,2.6645352591003757e-15,1.7763568394002505e-15,2.220446049250313e-16,2.453628668703854,0.7033498863491642,0.7549465635256818,0.21641073338777875,0.42465621546377835,0.12173068594022232,0.17136741329779587,0.049123672299862066,0.05364091001696047,0.015376543502821529,0.004941504817563502,0.0014165170533580165,0.0011577773852237722,0.00033188501695529337,0.20433700922018505,0.1172765173611543,-0.216691274592445,0.03559493515910925,0.05203971675444034,0.12457444221602516,0.11622415967166744,0.019685729221414667,-0.061498054235184015,-0.026627835900865655,0.07430076390968811,0.0386055934173377,-2.7514958825286504,-1.225623341334061,4.131123697805756,2.4648540958653444
smooth_crossnet,20260841,79,17995,2.83,3.4884894649514435,True,True,32,1.0752460921636953e-08,3.169031144125769,2.804795656906398,0.5460195090800577,2.2587761478263406,0.8053264565867518,0.8040143692810143,0.1565203262231029,0.6474940430579115,8.662662378317348,0.3237798651747994,0.26074849153535745,0.9902566400790668,0.9047619047619048,1.0,False,0.4460756714291766,1.3586354263850353e-14,4.440892098500626e-16,4.440892098500626e-16,4.440892098500626e-16,4.440892098500626e-16,2.42861286636753e-16,0.0,1.2622772365516255,0.36184063309739567,0.9527728767458752,0.27311903513492103,0.39951083788821273,0.11452258689672538,0.15275447622637928,0.0437881431952398,0.03413597544725079,0.009785317052039867,0.0032214948634925154,0.0009234641227553071,0.00012275918356008907,3.518978193669212e-05,1.3307627288612407,1.2730304147776317,0.08401669656676317,0.014920985391944842,0.17470229518511202,0.209173541315119,0.04470484387617376,0.04025539728691188,-0.030067433749880204,-0.04594874080109698,0.08841815700684708,0.06024098143622957,-1.1617249339683242,-0.6501766710182738,2.638218790347837,2.267535235737302
smooth_crossnet,20260841,80,14381,2.868,3.4884894649514435,True,True,32,8.991452027373725e-10,1.8921380577433458,4.552509779955279,0.42414295272606134,4.128366827229217,0.906833159459961,1.3050088944495768,0.12158355557251625,1.1834253388770604,21.739581124784937,0.20941110842126748,0.18990093707567043,0.9970040904129549,0.9047619047619048,1.0,False,0.3461389225224034,1.7492951531750123e-14,1.3322676295501878e-15,5.551115123125783e-17,1.3322676295501878e-15,3.1086244689504383e-15,1.8318679906315083e-15,8.881784197001252e-16,0.9864491436831225,0.2827725735146667,1.3705972148235759,0.3928913154515298,1.2821011137936216,0.3675232867046847,0.678637096393871,0.19453608881783366,0.16801470647477484,0.04816259534758648,0.06493818293411387,0.018614986109759615,0.0017723218521978827,0.0005080485035154181,-0.6000618589598532,-0.6105094279761485,0.26046633266635766,0.16395479175635172,-0.21702329078253543,-0.0887960538551618,0.12852057513790371,0.10366683881383018,0.04889504025926125,-0.13974721918001914,1.1969447650153735,1.1960993852500235,3.337111127399652,3.2342686601285933,-2.2627146329928123,-1.9667989171941267
smooth_crossnet,20260841,81,15735,2.875,3.4884894649514435,True,True,32,1.5393243124606215e-08,1.6091579920656387,3.4941812926546163,1.1381409210119982,2.356040371642618,0.6742753664772431,1.0016316023770053,0.3262560866090619,0.6753755157679434,13.693577158853738,0.25516935802237867,0.1720544123943022,0.9883295738943408,1.0,1.0,False,0.8676064400721357,5.566727634409574e-15,2.220446049250313e-16,2.220446049250313e-16,8.881784197001252e-16,8.881784197001252e-16,8.881784197001252e-16,4.440892098500626e-16,1.8781230732827967,0.5383771664361149,0.901828896738154,0.2585155855560844,0.49450905629424835,0.14175449324486677,0.17783965148339714,0.050978984821406795,0.03724660498479232,0.010677000850656362,0.004634009871225351,0.0013283714678753809,8.673617379884035e-16,2.4863533248493743e-16,-0.8050614542044996,-0.45926854219996555,-3.96508223080413e-18,0.0,0.10570406748004388,-0.017772409328212082,0.18639397414054687,0.08499483669874885,0.00793066998063039,-0.003581987784949983,0.49961690973433726,0.316285481980472,-1.6503636337971204,-0.8580156247896565,3.2649374587317013,2.546516237489201
smooth_crossnet,20260841,82,19114,2.911,3.4884894649514435,True,True,64,4.6407322429331543e-14,2.275996555039995,2.9676309670458023,1.4622038047624237,1.5054271622833786,0.5072824684067747,0.8506922543012779,0.4191509876848019,0.431541266616476,9.841254435913982,0.3015500703056654,0.1529710640128944,0.9864799379502142,1.0,1.0,False,1.2412842057330113,1.5797259333982794e-14,4.440892098500626e-16,2.220446049250313e-16,4.440892098500626e-16,1.3322676295501878e-15,4.440892098500626e-16,6.661338147750939e-16,2.099509716567225,0.6018392022280188,0.6225551952837514,0.17845981807842917,0.1701454749412651,0.04877339508996722,0.06352603942089179,0.018210185256149543,0.011276939130091902,0.00323261378410064,0.0006006729284592993,0.00017218711264408535,1.692877411579955e-05,4.852751967830633e-06,0.7887129654737488,0.5483815718163051,-0.08788362250937778,0.02565750958741071,0.12508200421785817,0.19131144772271372,0.0549010085357715,0.024896814739297318,-0.007226569608269987,-0.005161255578184068,0.034380680390531965,0.02056794644652887,-2.398031581093139,-1.117663665962445,3.7660616696328715,2.5880061862683696
smooth_crossnet,20260841,83,282,2.93,3.4884894649514435,True,True,32,2.1707071695686864e-09,2.841705025337177,2.618143853441597,0.8405153395924092,1.7776285138491876,0.6789651804321077,0.7505093192184942,0.24093962387933093,0.5095696953391632,7.095882814453642,0.368966613725453,0.25051548346152597,0.9831006028697218,0.9047619047619048,1.0,False,0.7033845278789679,1.3103233775790812e-14,4.440892098500626e-16,3.469446951953614e-18,0.0,8.881784197001252e-16,1.1102230246251565e-15,2.220446049250313e-16,1.4910545980772603,0.4274212701680079,0.6867668851406512,0.19686654984644203,0.2905355719525616,0.08328406173260597,0.13159867140528964,0.03772368319510501,0.01714505155575012,0.004914749414611967,0.001003451419797012,0.0002876463953463535,3.962389028508233e-05,1.1358466374395044e-05,1.0085779914502315,0.863276547021,-0.026962537277321088,0.006407702095154445,0.4491778321152832,0.4961334312994845,0.006647950520989732,0.004900508248876281,0.0026341938274737973,-0.01599767112271302,0.03818874146776155,0.02640714096132285,-1.40794241966618,-0.6477529186304488,2.7713832728989383,2.1083302854644996
smooth_crossnet,20260841,84,4634,3.0,3.4884894649514435,True,True,32,2.6248045403853837e-11,1.286373717657035,2.463317696586759,0.18387659289123442,2.2794411036955244,0.9253540892650514,0.7061273142245381,0.05270951646511388,0.6534177977594242,13.115035647357075,0.18782394213950637,0.17380365292067462,0.9961972623792876,0.9761904761904763,1.0,False,0.16157148952159672,8.161873954470877e-15,1.1102230246251565e-16,2.220446049250313e-16,0.0,4.440892098500626e-16,1.3877787807814457e-16,0.0,0.5520900675229189,0.1582604944259459,0.8049239362011638,0.2307370981876729,0.6764228458422126,0.1939013583495594,0.3307513300362475,0.09481219116734563,0.08648007007392647,0.024790119317482356,0.011759856987513964,0.00337104557879972,0.0008895899227741499,0.00025500719773179314,-0.6498748214941833,-0.6710633696201154,0.017693094788438557,0.03006888159831162,0.5641638187039328,0.6440548266355183,0.11402778864506723,0.09469907544094396,-0.07747636342212048,-0.1394028113140338,0.16731742208153233,0.19224255165939927,1.4308811250444258,1.3494482413751603,-0.28035834669005805,-0.21367367811814886
smooth_crossnet,20260841,85,9293,3.109,3.4884894649514435,True,True,64,7.549516567451064e-15,2.297271808421526,2.2154011844415993,1.277144455566868,0.9382567288747312,0.4235154948295392,0.6350603052408632,0.3661024258201808,0.2689578794206824,8.19288657758576,0.27040545032107877,0.11452089809733605,0.9839996191445334,0.9285714285714287,1.0,False,1.0550443678071715,1.039576411066001e-14,8.881784197001252e-16,4.440892098500626e-16,4.440892098500626e-16,8.881784197001252e-16,2.220446049250313e-16,2.220446049250313e-16,1.6423610324152462,0.47079432198832977,0.39103378157803714,0.11209257918268645,0.1397680996080048,0.040065507152090604,0.03405498445154246,0.009762100414431514,0.007645523322773976,0.002191642944485829,0.0005114746709495624,0.0001466178058120298,2.6288395042508433e-05,7.535753026238347e-06,0.5388018315727846,0.3564318541346979,0.018498419844598418,-0.012102929907152574,0.07608458829714922,0.1395001701995887,0.10741610855860442,0.04406295632467555,-0.0057266848342488914,-0.003104796964412211,0.1402422358612555,0.08436164558951068,-2.318315858896299,-1.1072088731017071,3.7402711680176823,2.795331782146326
smooth_crossnet,20260841,86,1661,3.204,3.4884894649514435,True,True,32,5.842014316748134e-09,2.5730512326405983,3.33104031885349,0.7468148518320086,2.5842254670214815,0.7758013172025926,0.954866096721853,0.2140797211329413,0.7407863755889117,9.02515599009234,0.36908396071051275,0.2863358228775657,0.9812379923263644,0.7857142857142858,0.5,False,0.6404651633119094,9.916546750421418e-15,6.661338147750939e-16,1.1102230246251565e-16,4.440892098500626e-16,1.3322676295501878e-15,5.828670879282072e-16,0.0,1.638797473545164,0.46977280281623973,1.0507613962587665,0.3012081322921215,0.4492896331157881,0.12879202807684037,0.16482705661533323,0.047248833132889356,0.02502121492632201,0.007172506948267445,0.0022615085522460026,0.0006482773059707321,8.203583986856429e-05,2.351614952338867e-05,1.142579391568072,0.9854586822121151,-0.10209546152037831,-0.0013678287124702128,0.5294596238189087,0.5296209168834551,0.017271723466715728,0.013453797473436491,-0.0008813327162588215,-0.004132771833795661,-0.05985260944870259,-0.05003037103237557,-1.1503326808272407,-0.5142289932840143,2.196902578299482,1.6142778009342462
smooth_crossnet,20260841,87,17862,3.205,3.4884894649514435,True,True,32,5.1139315004888886e-11,1.6105214009116477,1.7353135980275418,0.648645275696511,1.0866683223310307,0.6262086135705968,0.4974398275993348,0.1859387228235587,0.3115011047757761,5.235561133725069,0.3314474902889496,0.20755527336529694,0.9879211212224684,0.9761904761904763,1.0,False,0.465196038866999,1.0384922088935156e-14,5.551115123125783e-17,5.551115123125783e-17,0.0,4.440892098500626e-16,2.220446049250313e-16,0.0,1.0219858420959995,0.2929594176401575,0.5077092247882203,0.1455384142303228,0.15299589467659092,0.043857347489143265,0.046571452561754316,0.013350033884193641,0.005638704167951414,0.0016163741426204648,0.0004059809339704538,0.00011637728536930085,6.498803053540134e-06,1.8629275274679927e-06,0.411471936062288,0.2717882550967393,-0.03782856147492786,0.08743886953321071,0.14003206501889168,0.16369494963343786,0.0038299653718094962,0.0019019783099821711,0.001509152274965299,5.182742069323313e-07,-0.101949520836932,-0.06378393846986537,-0.9013603859964333,-0.4398110082896737,2.0948167504919866,1.5892917768236101
smooth_crossnet,20260841,88,18118,3.401,3.4884894649514435,True,True,32,1.6297097005235628e-10,2.4645396401525423,1.8903924243000638,0.6473742223806302,1.2430182019194336,0.6575450609836596,0.5418942620560203,0.18557436646569925,0.3563198955903211,6.281479629618664,0.3009469958935178,0.1978862107676523,0.9864798686459847,0.9285714285714287,1.0,False,0.4689416727444784,6.9611742585518055e-15,8.881784197001252e-16,1.3877787807814457e-17,1.3322676295501878e-15,0.0,6.106226635438361e-16,0.0,1.1341206754038833,0.32510365497683086,0.5475807240367614,0.15696785945271105,0.14911965527662585,0.04274619624763621,0.053043746354516766,0.015205362345921571,0.006168609766678766,0.0017682753032950975,0.00035557520752378256,0.0001019281299531549,3.438254071861372e-06,9.855996718365407e-07,0.8084927608913344,0.6856206935227317,0.04219981226496077,-0.061043809248884986,0.10687083581681793,0.13280233922732454,0.06411194334267584,0.043220758069731274,-0.007716403568557203,-0.007738130182363764,-0.01068167389317336,-0.006168659161521103,-1.2498098236090867,-0.6328801193706151,2.7110721889075693,2.3107265672961397
smooth_crossnet,20260841,89,11610,3.591,3.4884894649514435,True,True,32,1.0339951117543933e-11,2.4959259867875794,0.8543204211168414,0.19191796071646453,0.6624024604003769,0.7753559952768392,0.244896947432442,0.055014631015701185,0.1898823164167408,3.3539020876708374,0.25472431776031235,0.19750202691826083,0.997213037507969,1.0,1.0,False,0.10638481757959961,1.7396240697964416e-14,1.1102230246251565e-16,5.551115123125783e-17,4.440892098500626e-16,8.881784197001252e-16,3.0531133177191805e-16,2.220446049250313e-16,0.36332781474538156,0.10415046924914212,0.3169853657766361,0.09086608085286227,0.13109116176912283,0.03757820199435445,0.03503436062271486,0.010042845470712209,0.007354226460742113,0.0021081406536064963,0.0005097067211600444,0.00014611101059098055,1.778502108231209e-05,5.0982011730282355e-06,0.7606229064071,0.7883980381325325,-0.01160046645034814,-0.003900469839733831,0.34424009926067967,0.26478565476905624,0.05732198207162539,0.049189114597922655,-0.03356525897743959,-0.04681228721058811,0.027106832708076053,0.024764580746002216,1.9543653086105386,1.8656239400546217,-0.6025654168426521,-0.446122584462235
smooth_crossnet,20260841,90,1571,3.866,3.4884894649514435,True,True,32,1.2417933348274346e-09,2.6337156812148885,2.561179227275752,0.8748198631331308,1.6863593641426213,0.658430829901877,0.7341800091437001,0.250773256425846,0.483406752717854,7.605591393897969,0.33674951685290483,0.22172626385051422,0.9784566910041309,0.9761904761904763,1.0,False,0.6532481590201049,9.683226442902537e-15,4.440892098500626e-16,6.938893903907228e-18,0.0,8.881784197001252e-16,2.220446049250313e-16,2.220446049250313e-16,1.4337078967447965,0.4109824355639132,0.7481520720692307,0.2144630447034027,0.25380065747135744,0.07275374055770299,0.10503025826592835,0.030107661015221176,0.01864997833553761,0.005346147243072497,0.0017454300931479842,0.0005003397919598645,9.293429575196245e-05,2.664026842725638e-05,0.9123965843672805,0.7635415324237793,0.03224372274159694,-0.0360570845181843,0.3230928178112599,0.3728116587789773,0.029898006633479315,0.020339527474981387,-0.0003595544693525795,-0.0019007838531976576,0.24305693340893592,0.15925108570595145,-1.495161696368561,-0.670060674203148,2.5885488670902492,2.0257904194057277
smooth_crossnet,20260841,91,18148,4.473,3.4884894649514435,True,True,32,1.6668815328024778e-08,3.496950376203047,2.7889973713647307,0.5812257491209458,2.2077716222437846,0.791600467218606,0.7994856798008277,0.16661244213590765,0.63287323766492,8.330310153401433,0.3348011442558267,0.2650287422182363,0.9914010413754408,1.0,1.0,False,0.48804412530918273,6.801850749305061e-15,1.3322676295501878e-15,8.881784197001252e-16,8.881784197001252e-16,8.881784197001252e-16,1.2212453270876722e-15,0.0,1.2826466535248926,0.36767966949923003,0.8826434889711176,0.253015953706887,0.4179995255135332,0.11982249902519093,0.16696658817526977,0.04786214487753764,0.034864381059537326,0.009994119635394285,0.0036056361911018502,0.0010335809316116245,0.0002710979292758304,7.771212497544517e-05,1.3297394907034932,1.1634638424522379,-0.017370136563884177,-0.00335343119357141,0.3294286185406959,0.37580771748369995,0.024005456308072215,0.025142871615927865,-0.038291348805814314,-0.07418004104462252,0.17371910707914268,0.13871466311584957,-1.1442252672701885,-0.6245327377704158,2.839944456211529,2.4958874915439404
smooth_crossnet,20260841,92,9313,4.878,3.4884894649514435,True,True,64,6.8833827526759706e-15,2.707140252449118,4.523548700303575,1.3874690564322247,3.1360796438713505,0.6932786295991217,1.2967069976135182,0.39772774731642685,0.8989792502970915,14.618977859788425,0.30942988926375203,0.21452112958578198,0.979285621143265,1.0,1.0,False,1.0258893726399936,1.431667284723659e-14,8.881784197001252e-16,5.551115123125783e-17,8.881784197001252e-16,2.220446049250313e-15,4.440892098500626e-16,2.220446049250313e-16,2.273680663087213,0.6517665270113867,1.2643982517575956,0.3624486369991646,0.5490736711947297,0.15739582323846069,0.350388831145347,0.10044141874747617,0.07522853256673284,0.021564787086946226,0.010596505424720746,0.0030375626847043494,0.00018224512723462598,5.2241845379103834e-05,0.7868579539411258,0.6933618833738583,0.1530617434221421,-0.09460125080927613,0.22192475053570832,0.31899419715148764,0.045218024986437975,0.02681757317100364,-0.016562750109998838,-0.013457248428733302,0.14511032335415375,0.08756756394152752,-2.4409569603063206,-1.1536628521711403,3.8124871666258704,2.8421203862203925
smooth_crossnet,20260841,93,6702,4.932,3.4884894649514435,True,True,32,1.1357199902750637e-12,0.8783283490423148,0.524507269836474,0.21523246657136388,0.30927480326511014,0.5896482681003316,0.15035369179301067,0.061697897824770906,0.08865579396823976,3.4999978931734814,0.14985931016115506,0.0883642826952355,0.9969270461377301,0.9047619047619048,0.5,False,0.08951675996563269,7.435892179774584e-15,4.440892098500626e-16,5.551115123125783e-17,6.661338147750939e-16,5.551115123125783e-16,7.494005416219807e-16,0.0,0.24446241343028585,0.07007686733366372,0.19573077927363655,0.05610760222730411,0.060261352072970335,0.017274339704451167,0.021654415887229845,0.006207390363304782,0.0021636383436794276,0.0006202221234770286,0.00023005680093740247,6.594739736174168e-05,4.614027733266049e-06,1.3226434477222284e-06,0.18481807790763616,0.17924860139816512,-0.0030211956405829304,0.03110319582132433,0.004244422884683453,0.00036840328505656587,0.05958970028234464,0.04386434206666598,0.005728276613732621,0.005612562247175574,-0.3124958420532456,-0.2512281351530054,1.2241414006224471,1.034195502742418,-0.2846764915747013,-0.1648361233654847
smooth_crossnet,20260841,94,9850,5.0,3.4884894649514435,True,True,32,5.652598389360719e-10,1.5095820589495426,8.236747173689206,0.8680869386698239,7.368660235019383,0.8946080387846831,2.3611214127040094,0.2488432163523552,2.1122781963516544,28.628283848808696,0.2877136197611077,0.2573909171061266,0.9931841256522446,0.9523809523809524,1.0,False,0.4769869075830945,6.2727600891321345e-15,6.661338147750939e-16,1.1102230246251565e-16,1.3322676295501878e-15,4.440892098500626e-16,6.661338147750939e-16,0.0,2.0271146363683052,0.5810866441577518,2.1787867382064827,0.6245645171345843,1.9288010117471197,0.552904353338492,1.4062797098900193,0.403119953211495,0.5510902843211452,0.15797389955105276,0.13614617390337375,0.03902725671704695,0.008528619252756666,0.002444788593585555,-1.0882255044839095,-0.6518254518108412,-0.07797702283875824,0.04450760943179037,0.022132531391318884,0.049386325137884685,0.2107487696315341,0.1623649865505316,0.09255387858023469,0.1717953941502298,0.5628846178809908,0.3421239018231341,-0.4895028683646897,-0.28679592395504316,2.2769676571528206,1.6780252176218566
smooth_crossnet,20260841,95,10805,5.00001,3.4884894649514435,True,True,32,7.550404745870765e-12,1.4024242406968126,0.9324773712072987,0.23257797938383115,0.6998993918234675,0.7505805646707464,0.2673011859648193,0.066670110866185,0.20063107509863426,6.764907366943495,0.13784037542979816,0.10346030682452559,0.9974003076970237,0.9523809523809524,1.0,False,0.13268037875589467,1.2871214510878914e-14,4.440892098500626e-16,1.6653345369377348e-16,2.220446049250313e-16,8.881784197001252e-16,1.6653345369377348e-16,2.220446049250313e-16,0.32545143821718564,0.09329293996354827,0.3225491033922762,0.09246096530687553,0.2148528419438014,0.0615890757596976,0.053084751004217334,0.015217116616677592,0.015583185913298025,0.004467029661365174,0.000920341180900279,0.00026382226179751106,3.5709555618844234e-05,1.023639485732008e-05,-0.17174851107318057,-0.16435690377708928,-0.018814112783288886,-0.013422182952473372,-0.046451444447863574,0.004919618365890298,0.10468125933848783,0.08039567161582883,-0.14075555479197732,-0.21716824826563566,0.3765628759892634,0.33213230410089367,2.1598436885404686,2.072394562241324,-0.8608939600750969,-0.6924705806319268
smooth_crossnet,20260841,96,14807,5.00001,3.4884894649514435,True,True,64,1.177807851249213e-13,2.6768747571658174,4.4460372890261,0.4622555386887838,3.9837817503373167,0.8960297656905077,1.274487807314615,0.13250879595109166,1.1419790113635235,15.902146054280637,0.27958725028998765,0.250518498367391,0.9952100093881816,0.9285714285714287,1.0,False,0.36853149411246644,1.9588497490730106e-14,4.440892098500626e-16,2.220446049250313e-16,8.881784197001252e-16,2.220446049250313e-15,5.551115123125783e-16,0.0,1.1018732052258415,0.31585969122058927,1.568464749363884,0.44961143357952366,1.0438074819706586,0.29921474393364333,0.5621507606989493,0.16114446276728944,0.14238297831923968,0.04081508049536894,0.025090578711753863,0.007192390564408111,0.0022675347357722798,0.0006500047537921522,0.3591393295305917,0.3420250554447822,0.3147311735264414,0.07183445499820214,0.19347969461051567,0.12212944041031813,0.13522157860228498,0.12134067460643193,0.04723869807970937,-0.06977468979897364,0.7974987645921034,0.8666361478822757,3.33147971073279,3.4319962415573624,-2.50191419250862,-2.2093125679345795
smooth_crossnet,20260841,97,15672,5.00001,3.4884894649514435,True,True,64,1.08815456645317e-10,4.093553971300313,14.51892934952203,1.4335269081870416,13.085402441334988,0.9012649711506286,4.161953044546207,0.4109305539229986,3.7510224906232086,36.07998022067936,0.40240957064606314,0.36267765007906094,0.971006786799906,0.9285714285714287,1.0,False,1.2921632494979438,1.9761969838327786e-14,6.661338147750939e-16,2.220446049250313e-16,0.0,3.552713678800501e-15,3.3306690738754696e-16,4.440892098500626e-16,3.552231992579684,1.0182722431208855,4.804760596701231,1.3773183622809388,3.101964129024186,0.8891997984197331,2.1426638560519278,0.614209639323578,0.718376039743898,0.20592753596115476,0.17516037271380008,0.05021095074920576,0.023772362707302035,0.006814514690710962,1.0547055931735525,1.3775595239054133,0.358448916837524,-0.02470923902220136,0.428103001726006,0.6309578958694692,0.0049454738797787764,0.008939993809881964,-0.05553159061146707,-0.05144601096093086,0.4751522316496547,0.2931368593773114,-1.9855556586174317,-1.0858176748863513,3.8132860032626956,2.944932623207725
smooth_crossnet,20260841,98,15698,5.00001,3.4884894649514435,True,True,128,5.935585356553474e-11,3.749748785387648,16.648685124977924,1.464722925978446,15.183962198999478,0.9120217053188825,4.772462491931205,0.41987311146970413,4.3525893804615015,36.77309204027918,0.4527409636030032,0.4129095856929251,0.9213278448957867,0.9523809523809524,1.0,False,1.713841997077148,3.802897753646395e-10,2.220446049250313e-15,1.1102230246251565e-16,2.220446049250313e-15,1.4654943925052066e-14,1.887379141862766e-15,4.440892098500626e-16,4.246921733040986,1.2174099350763266,5.446886735328801,1.561388328688737,4.0306569847282985,1.155416126442108,2.1335866838426973,0.6116076041732851,0.6632816725391449,0.19013434874981833,0.1200556832771448,0.03441480459761568,0.00729563222083461,0.0020913442033101163,1.0811119277740588,1.9590092450543612,0.09761956652856196,-0.21398042706332215,0.5229286151476744,0.6039019636378251,0.03640440224203758,0.017839970272639345,-0.03840670491788905,-0.21949028060882517,0.023511561078860495,0.007061142298438127,-1.1945140809263481,-0.6886618207183628,3.221093498460694,2.2840689925148796
smooth_crossnet,20260841,99,17110,5.00001,3.4884894649514435,True,True,128,1.554312234475219e-14,3.835338064034049,8.842440032904632,0.9131426748711992,7.929297358033432,0.8967318215929995,2.5347475237474195,0.2617587594990513,2.272988764248368,22.047764266507684,0.4010583534012564,0.3596417878105976,0.9593142813948836,0.9761904761904763,1.0,False,0.7718348873841392,2.193384363025075e-14,6.661338147750939e-16,1.1102230246251565e-16,4.440892098500626e-16,1.9984014443252818e-14,6.661338147750939e-16,4.440892098500626e-16,2.9812412319705897,0.8545937323081713,3.0749330340984606,0.8814511452570091,1.7726694317393248,0.5081481396315464,0.8360365686378097,0.23965575273693612,0.15930212477673217,0.045665072627344025,0.017289074353800213,0.004956034560947387,0.0009685673279002441,0.0002776466254610649,1.4044072546688307,1.874087341437949,-0.017199547785643886,0.08385738774276649,0.5075005460052588,0.5142658117346021,-0.014740891964042456,-0.008133513098135653,0.019894876751934937,-0.1340747904705397,0.016726049035530488,0.004562863233776792,-0.8527640134230743,-0.5237310054446638,2.771513790745254,2.0245039688982738
smooth_crossnet,20260842,0,18834,0.557,3.479879939195637,True,True,64,6.2260012700932066e-09,-0.03226267609558753,9.245996177815785,2.1807381211034103,7.065258056712375,0.7641424375303415,2.6569871200651156,0.626670505651836,2.0303166144132794,26.091595301165004,0.35436684001468266,0.2707867409087442,0.4429837809778376,0.2380952380952381,0.2,False,2.30761551703172,2.2512373909489014e-14,4.440892098500626e-16,3.0531133177191805e-16,6.661338147750939e-16,1.2212453270876722e-15,8.881784197001252e-16,2.220446049250313e-16,3.8514949362586997,1.1067896029622677,2.899627486812113,0.8332550368051929,1.6021125327492185,0.460393048249688,0.6267522100971954,0.1801074235457868,0.2281563182655227,0.0655644224088548,0.03352459222922798,0.009633835883710713,0.004328101403803816,0.0012437502096133359,-0.5659321541208913,-0.17405583967641247,-0.0653782870018627,0.10979633543509304,-0.08008139740942277,-0.09585398636113981,0.021584452291795335,-0.03957840953184988,0.022777159418144628,-0.011796555326242337,0.22958043780642898,0.1183047285263575,-1.6340967241716098,-0.02040953994963462,2.0392838370918307,0.08133059078823984
smooth_crossnet,20260842,1,12797,0.598,3.479879939195637,True,True,32,6.7406313863926925e-09,-0.1675344413157418,1.4732707024871,0.3585950253447544,1.1146756771423454,0.7565993644349319,0.42336825644267534,0.10304810269622189,0.3203201537464534,5.142818635912074,0.2864714482053316,0.2167441156409084,0.9235678527773873,0.9047619047619048,0.5,False,0.31746111695767965,9.288088961140195e-15,2.220446049250313e-16,8.326672684688674e-17,1.6653345369377348e-16,7.216449660063518e-16,8.326672684688674e-17,2.220446049250313e-16,0.6700375233071484,0.1925461610787714,0.44764170447616625,0.12863711171013478,0.2389679142787654,0.0686713100607724,0.09653246765715295,0.027740171886351375,0.017648335038080228,0.005071535612277354,0.0023662352699006994,0.0006799761230979845,7.652245988513091e-05,2.1989971269761344e-05,-0.2425152712021487,-0.1735120177579673,-0.0683444957101286,-0.09032802247787633,-0.03337120686275917,-0.059658819249658955,0.0014161294040128784,0.0006104134499570426,0.004143754505224134,0.019621271660603422,-0.06788983736632587,-0.0413826578896672,-0.3133751236886428,-0.06576804842010811,0.5524016096050265,0.24288343936897494
smooth_crossnet,20260842,2,19817,0.656,3.479879939195637,True,True,32,8.118505867571457e-16,-0.2677374052141481,0.08259569109949724,0.018484625070215754,0.06411106602928149,0.7762035183173343,0.023735212864438353,0.0053118571310504506,0.0184233557333879,0.6553035300103189,0.12604188336692865,0.0978341533247531,0.9971286552856075,0.9761904761904763,0.5,False,0.015614522227858474,2.8613179534064948e-15,1.0408340855860843e-17,8.326672684688674e-17,2.220446049250313e-16,1.6653345369377348e-16,1.734723475976807e-17,2.220446049250313e-16,0.05102328430975986,0.014662369162527406,0.022508179878110077,0.006468090931698284,0.00701615004376606,0.0020162046295734617,0.0017261962855604591,0.0004960505292488522,0.00028482032590808836,8.184774500407725e-05,3.5245232090193715e-05,1.0128289684137935e-05,1.8150243014018828e-06,5.215767018161608e-07,-0.21402431666774716,-0.19748708380595126,0.02323771059100575,0.024387631345867637,-0.025658169665831385,-0.026863875062968064,0.006051301144103999,0.004420942716140823,0.002372823743407494,-0.0013624161284988274,-0.026390948748969096,-0.026018926012842822,-0.04156620785715225,-0.05347952923036203,0.008240402247034744,0.00866585096446625
smooth_crossnet,20260842,3,2319,0.682,3.479879939195637,True,True,32,4.996003610813204e-16,-0.21504741630709678,0.1238387217463291,0.032112493253335525,0.09172622849299357,0.7406910148902,0.03558706734432741,0.009228046316091648,0.026359021028235757,0.5437862251115655,0.2277342014702962,0.16868067681224294,0.994063676845127,0.9523809523809524,0.5,False,0.027612847317601066,3.636630926950879e-15,5.551115123125783e-17,6.938893903907228e-18,3.3306690738754696e-16,3.3306690738754696e-16,1.0061396160665481e-16,2.220446049250313e-16,0.07691588414659205,0.0221030281189445,0.03615554687928135,0.010389883418690182,0.008624238454402546,0.002478314943358652,0.0019169783491267095,0.0005508748527599526,0.00020810296178233888,5.980176483630099e-05,1.709587788143184e-05,4.9127780785975895e-06,8.750772615183713e-07,2.514676588872898e-07,-0.25045720495414636,-0.225213300653012,0.006653266327119594,0.006970102616542007,-0.030233584952897987,-0.028844642358134307,0.019663725923337008,0.00843303954661182,0.00039633337354458785,-0.00041536123570145634,-0.01123205662600775,-0.010255079929237866,-0.024121906962604727,-0.0441920192299693,0.07428401156455919,0.078469844935804
smooth_crossnet,20260842,4,2961,0.699,3.479879939195637,True,True,32,3.086420008457935e-14,0.1543899749185067,0.40818174951040653,0.04980286581858759,0.3583788836918189,0.8779885041937234,0.11729765297729106,0.014311662094324828,0.10298599088296621,2.693618319881577,0.15153659540314973,0.1330473887286209,0.9958301534957141,0.9523809523809524,1.0,True,0.03708469156652924,4.148591192798534e-15,1.1102230246251565e-16,5.551115123125783e-17,2.7755575615628914e-16,1.1102230246251565e-16,9.367506770274758e-17,2.220446049250313e-16,0.12136992973510455,0.03487761987649459,0.12040408593590962,0.03460006897931675,0.10608708819436671,0.030485847226927144,0.04736893631151873,0.013612232933090187,0.011244438198716865,0.0032312718815569194,0.0016570587452106125,0.00047618273450940844,5.021238957872258e-05,1.4429345395844033e-05,-0.4226299442666981,-0.42034799170511983,-0.049776620510222254,-0.05417982605013983,0.027406566626240133,0.043501840233385616,0.04585689517001511,0.048447259677212036,0.22319585693250849,0.18150737993891877,0.14909123596403273,0.16948221406636174,0.21278662835872894,0.2212309253990667,-0.03154064335609813,-0.035251826641178576
smooth_crossnet,20260842,5,9528,0.7,3.479879939195637,True,True,64,4.454498991890432e-10,0.21324010431798968,10.477664312416671,3.2503655012516934,7.227298811164978,0.6897814814128171,3.010926955956575,0.9340452998510647,2.0768816561055106,30.93006433005226,0.33875339542169547,0.23366581892759894,0.9774933070318448,0.880952380952381,1.0,False,2.3442788676245265,2.1320618881492948e-14,2.6645352591003757e-15,1.3877787807814457e-16,3.164135620181696e-15,6.106226635438361e-16,3.552713678800501e-15,1.1102230246251565e-15,4.6500627407489015,1.336271027161859,2.6405817198094237,0.7588140297793681,1.71130255082229,0.49177057275655667,1.1174800272131664,0.32112602927084555,0.30865802824077465,0.08869789579927861,0.047941481529425706,0.013776763097323185,0.0016377640526858564,0.0004706380913430077,-0.5581992758022464,-0.2417409009646297,0.2592997817392312,-0.12788148492818224,-0.01171314336630112,-0.09919307147572871,-0.011684559201168792,-0.0009654447676146203,-0.09026127137373706,0.17140279767710545,-0.09604584463245319,-0.03338223583155184,-3.5617167992114824,-0.962856465082703,4.283561216166144,1.5078569096912948
smooth_crossnet,20260842,6,2903,0.725,3.479879939195637,True,True,32,3.236855228294644e-13,0.38102599644193935,2.3939297873461793,0.18504759657753234,2.208882190768647,0.9227013266823214,0.687934592335254,0.05317643131685327,0.6347581610184008,9.367894236591853,0.25554620140727785,0.235792819067123,0.9634475358126738,0.9761904761904763,1.0,False,0.15034775294664365,4.119968255444917e-15,2.7755575615628914e-16,5.551115123125783e-17,1.1102230246251565e-16,1.1102230246251565e-16,1.5265566588595902e-16,2.220446049250313e-16,0.5706755629073477,0.163992888513061,0.654756352953974,0.18815486867208378,0.6413868008658792,0.18431291081097861,0.370543462291718,0.10648168004823978,0.1393636011647468,0.040048393507782984,0.016740307777373207,0.00481059923614568,0.00046369938513915335,0.00013325154696180005,-0.44191111990723686,-0.5126718759733983,0.40042049932739704,0.3261808872641261,0.07760045451388291,0.23440074157468838,-0.014670235656214326,0.008697299309697018,-0.043207301870727605,-0.05147166557842725,0.15254438846089866,0.14800587298573592,0.26953223225115364,0.24228788298591608,-0.01928292067721399,-0.014403146126398541
smooth_crossnet,20260842,7,2561,0.741,3.479879939195637,True,True,128,4.263256414560601e-14,-0.20957157905587143,21.856354954690513,8.177075562961432,13.67927939172908,0.6258719452574328,6.280778456897722,2.349815426348168,3.930963030549554,60.80257399633094,0.3594643041922766,0.2249786233154297,0.9637381676339474,0.880952380952381,0.5,False,5.894286390136552,3.197442310920451e-14,5.329070518200751e-15,8.881784197001252e-16,8.132383655379272e-15,1.9984014443252818e-15,7.993605777301127e-15,4.6629367034256575e-15,9.511207205921275,2.73319981496826,5.8638478177676525,1.6850718761070422,3.887037373421063,1.117003299349327,1.8520642042503956,0.5322207192810492,0.644392429934247,0.1851766271232898,0.0915600870076066,0.0263112775749299,0.006245836388254716,0.0017948424938184564,-0.9163184693678188,-0.22139023807370298,0.9003616484016705,-0.2890160992613537,0.023099927416095203,-0.06737594226788672,0.0736512172948342,-0.0006612807408633754,-0.11613541315328617,0.03594266909531798,0.30412186005852093,0.08872873130896483,-8.500625512767485,-1.1705562633487703,8.02227316306159,1.4147568442324248
smooth_crossnet,20260842,8,9579,0.797,3.479879939195637,True,True,32,1.5154544286133387e-13,-0.10597618510283202,0.7063463315704885,0.1193618998291252,0.5869844317413633,0.8310150495667807,0.20298008664452893,0.03430057988055626,0.16867950676397267,2.7773637308729144,0.2543225878983041,0.21134589798826112,0.9703251100320988,0.9761904761904763,1.0,False,0.08703373762814487,4.562322741819003e-15,5.551115123125783e-17,1.3877787807814457e-17,1.942890293094024e-16,1.6653345369377348e-16,5.551115123125783e-17,2.220446049250313e-16,0.2475598811414827,0.07114035123829741,0.2534917050209271,0.07284495713938938,0.14192970039119468,0.04078580378379412,0.05009057406045184,0.01439433972886723,0.011862296293277818,0.0034088234365981457,0.0013192036367312289,0.00037909458365858404,9.297102642224814e-05,2.671673392379683e-05,-0.3265054160907773,-0.29661242922583286,0.02470291274601475,0.0313304683187415,-0.011127882051309048,-0.01205048986483392,0.005176905787793125,0.002357349050689916,0.048492982797809614,0.10924382355581423,-0.045797026337943386,-0.05837488482455092,-0.11082434557974385,-0.21386622237163344,0.3099056836253243,0.3319962002587737
smooth_crossnet,20260842,9,12279,0.819,3.479879939195637,True,True,32,1.8911539001464917e-12,-0.25751828995988735,1.1219398657013668,0.20855162547407502,0.9133882402272918,0.8141151483696485,0.3224076362705489,0.059930695632643305,0.2624769406379056,8.451528975314462,0.13274992832401927,0.10807372759356916,0.9922711459904837,0.9523809523809524,1.0,False,0.10295751513045859,4.632145361727069e-15,1.5543122344752192e-15,2.220446049250313e-16,9.43689570931383e-16,6.661338147750939e-16,5.828670879282072e-16,2.220446049250313e-16,0.32877027203367615,0.09447747559637655,0.4686609639962903,0.13467733720279434,0.23130410166863688,0.06646898907727893,0.06791500061847597,0.01951647809842954,0.02206960125535147,0.006342058243668253,0.0031066074889439564,0.0008927341009535055,0.0001133186399905374,3.2563951047325684e-05,-0.6743312905295779,-0.763838371875883,0.01053255904405891,0.002635235320308944,0.04807750827175878,0.1388841163791538,0.03639678683437789,0.016889112036722703,-5.7208180328674626e-05,0.002575644693543994,0.03403837579291358,0.019990419052555712,1.0609085447784523,0.9833169559124461,-0.7730835659715433,-0.6579714014787362
smooth_crossnet,20260842,10,5210,0.904,3.479879939195637,True,True,32,5.995204332975845e-14,0.1680548397556374,1.868808449257446,0.17909303842372443,1.6897154108337216,0.9041672577545947,0.5370324499440676,0.05146529235290836,0.4855671575911592,8.074574519602315,0.2314435819151357,0.20926370878510916,0.9937299099232274,0.9285714285714287,1.0,False,0.11743554159057212,6.390721285498557e-15,4.440892098500626e-16,2.220446049250313e-16,4.440892098500626e-16,8.881784197001252e-16,5.412337245047638e-16,2.220446049250313e-16,0.40113622312594,0.11527300657926184,0.695351684143225,0.19982059619676226,0.4619294764960584,0.13274293497689804,0.21636040526027725,0.062174675287874515,0.08287370016176297,0.023815103282246845,0.009737486959466258,0.0027982249760366866,0.001419473110714836,0.00040790864498702864,-0.7672638641450038,-0.9033478710739729,-0.04728118919394092,-0.033777619275740745,0.031064094825269468,0.10999421000464227,0.022070382399777683,0.018871370119872725,0.01717079200708395,0.014445362992039197,-0.12618569983386624,-0.10392011851483937,1.281605878762598,1.2445212885627923,-0.2431255550662813,-0.1787317830591571
smooth_crossnet,20260842,11,7482,0.932,3.479879939195637,True,True,32,2.5091040356528538e-14,0.2883909250424994,1.8914697340743571,0.2935770812562531,1.597892652818104,0.8447889088746519,0.5435445380657483,0.08436414082840814,0.4591803972373402,8.122133090104882,0.23287844622722534,0.19673312848872196,0.9951610923320379,1.0,1.0,False,0.2927422368310545,5.456030592598804e-15,4.440892098500626e-16,2.220446049250313e-16,5.551115123125783e-16,7.216449660063518e-16,3.3306690738754696e-16,2.220446049250313e-16,0.5906139986601735,0.1697225217478888,0.7437287575736811,0.21372253369913433,0.38881268473585545,0.11173163773740086,0.13839481121008318,0.03976999598499731,0.026694026903097263,0.007670962035910785,0.003191481802885696,0.0009171241130874753,3.397318857979541e-05,9.762747328474844e-06,-0.5433485861905148,-0.498116854559504,-0.018126181582502204,-0.02741513099545127,0.0005721050157427762,-0.0012454337396192517,0.13673047585835538,0.06639939058830872,0.008317414647033922,0.018160423865618076,-0.31605654282685863,-0.1824995601818093,1.2981558622689797,1.0860163544510837,-0.27785362214773607,-0.17290826438612789
smooth_crossnet,20260842,12,13055,0.961,3.479879939195637,True,True,32,1.903190473273586e-09,0.14793619152528747,0.6868188851463626,0.2321844496999178,0.4546344354464448,0.6619422460254004,0.1973685578661425,0.06672197137743392,0.13064658648870858,2.7312328097814786,0.2514684514211419,0.16645759153823994,0.9839726826839866,0.9761904761904763,1.0,False,0.21954578112352507,4.049495114233359e-15,1.6653345369377348e-16,5.551115123125783e-17,8.326672684688674e-17,7.494005416219807e-16,9.71445146547012e-17,2.220446049250313e-16,0.391816034109551,0.11259469894243478,0.19317135922152454,0.05551092641034491,0.07869499737670331,0.022614285191371687,0.02034321504275642,0.005845953135802349,0.00253233792286487,0.0007277084172766637,0.00025123490206984084,7.21964281698503e-05,9.706570891518797e-06,2.7893407419574475e-06,-0.22880479051534713,-0.17117311143189068,0.030178955297993162,0.03186837105003425,-0.026232120341035836,-0.029504075515765723,0.0057273025663296465,-0.003492362004755744,0.0015375696949442067,-0.001972921388925857,0.04924871654713761,0.03606268120438717,-0.27902439405056056,-0.10616103918614067,0.5953049523258265,0.392308648798344
smooth_crossnet,20260842,13,12827,0.962,3.479879939195637,True,True,32,9.146349497224371e-09,0.4184887475768915,0.7460668848308113,0.3157030088261984,0.4303638760046129,0.5768435575346684,0.21439443252839988,0.09072238535309127,0.12367204717530861,3.2774159859574556,0.2276387520007953,0.13131194753689088,0.9657959376323665,1.0,1.0,False,0.3025770064245511,5.099653338502819e-15,2.220446049250313e-16,1.1102230246251565e-16,2.7755575615628914e-16,1.1102230246251565e-15,1.3877787807814457e-17,2.220446049250313e-16,0.4405638604982274,0.12660317832691154,0.18828008387917938,0.054105339025776765,0.08958590627887522,0.025743964689650387,0.025157582875744676,0.007229439898883342,0.0022843125211709395,0.0006564342911494098,0.00019218674279614749,5.522798089424051e-05,2.9520348163346923e-06,8.483151338310383e-07,-0.016726633774900655,-0.010758107582698323,0.10355231912851949,0.10889564949500195,0.0819047619283038,0.08610819457791473,-0.026526639974138837,-0.02246085476156305,-1.3677793360174456e-05,-0.0016212449192833105,-0.07779440123973093,-0.06002427835841008,-0.3948388645660129,-0.11648705304200757,0.748931883868212,0.43483644216793604
smooth_crossnet,20260842,14,2997,1.002,3.479879939195637,True,True,32,1.304512053934559e-15,-0.039619619528206806,0.11459691853828376,0.022898308509649794,0.09169861002863397,0.8001839071964219,0.03293128514220305,0.0065802007281155405,0.026351084414087518,1.1117123878481698,0.1030814442574464,0.08248411282537363,0.9994596457738948,0.9761904761904763,1.0,False,0.008652391232295734,6.119670742377181e-15,1.6653345369377348e-16,1.3877787807814457e-17,1.3877787807814457e-16,0.0,1.491862189340054e-16,2.220446049250313e-16,0.043020135943194045,0.01236253453995255,0.04706797790988168,0.01352574765000694,0.019955250500720483,0.005734465225640248,0.0036930164852584726,0.0010612482470047807,0.0008043599164832772,0.00023114588162176722,5.183032321254623e-05,1.4894284894359499e-05,4.3474595320329e-06,1.24931308205932e-06,-0.27918507863075215,-0.2647354008819001,0.0073220912481609165,0.012122659448117825,-0.007688845225109344,-0.005740254100144793,0.01555886289730728,0.016216865662884834,-0.0016353553321649694,-0.0005938866618661693,0.06463408408077087,0.052330358506744744,0.1917730288156175,0.18187281474001687,-0.03039840738203675,-0.031092776242059972
smooth_crossnet,20260842,15,5030,1.01,3.479879939195637,True,True,32,3.652633751016765e-13,0.5910499438919865,1.673582852057997,0.12004401690388358,1.5535388351541133,0.9282712434844406,0.4809312048980748,0.03449659729686863,0.4464346076012061,7.020726889966511,0.2383774327484173,0.22127891591600193,0.997897479629975,0.9047619047619048,1.0,False,0.1390708981425447,6.764554194571559e-15,2.220446049250313e-16,2.7755575615628914e-17,0.0,6.661338147750939e-16,5.134781488891349e-16,2.220446049250313e-16,0.4722292412011869,0.13570273959231513,0.6215019918545379,0.17859868809100238,0.3391393370267604,0.0974571947747,0.1903194321419008,0.05469137886001105,0.04243913467188795,0.012195574391482488,0.0077501446110655025,0.0022271298856525847,0.00020357055065626725,5.849930291081304e-05,-0.7481622203293476,-0.810303541978365,0.11462687254318915,0.11998012028534599,0.009538903175428735,0.06977365103426177,0.04850622905262719,0.03669408018656704,-0.005108853123103285,-0.03314449098487565,0.04228656560238663,0.040677746420599924,1.4416119990784864,1.425165909733239,-0.31224955210768063,-0.25779353080478745
smooth_crossnet,20260842,16,9116,1.026,3.479879939195637,True,True,32,1.9984014443252818e-15,0.05099420787675557,1.2889791979926728,0.06014727805676264,1.2288319199359101,0.9533372779402258,0.3704091004618441,0.01728429690326198,0.3531248035585821,7.576814011171626,0.17012153077693853,0.16218319706991094,0.9989149506377193,0.9761904761904763,1.0,True,0.04866249544102397,4.007211229506424e-15,3.3306690738754696e-16,2.220446049250313e-16,2.220446049250313e-16,2.220446049250313e-16,4.0939474033052647e-16,2.220446049250313e-16,0.22897408211394848,0.06579942012794703,0.4516049913157699,0.12977602653158113,0.35484180530666476,0.10196955398084374,0.18591177875250225,0.05342476809572779,0.056399550627363,0.01620732657816912,0.010653333136928636,0.003061408244846263,0.0005936567394950274,0.00017059690272884794,-0.48842687059057155,-0.48816177365057517,0.0015109753504645995,-0.0158771445084929,0.029306775075063195,0.05075640487086225,0.11034064371408497,0.09219359928815477,0.006755390860907489,0.0058750650628072035,-0.0860781553119837,-0.07597566091478704,0.7246210997693476,0.7008893117955733,-0.2470356509905573,-0.21870559406678666
smooth_crossnet,20260842,17,20015,1.034,3.479879939195637,True,True,32,4.85722573273506e-16,-0.15694358394759966,0.051034786977703736,0.012488712863844892,0.038546074113858846,0.7552901931519572,0.014665674640918865,0.003588834408675495,0.01107684023224337,0.5711647668173525,0.08935212734160768,0.06748678551838114,0.9980171896916246,0.9047619047619048,1.0,False,0.004535166972782091,5.3594281790303455e-15,2.7755575615628914e-17,1.734723475976807e-18,2.498001805406602e-16,8.326672684688674e-17,1.9081958235744878e-17,2.220446049250313e-16,0.025896651286039924,0.00744182320612643,0.019094356431058605,0.005487073337211801,0.005005214941904282,0.0014383297784294309,0.0008517620313638092,0.0002447676489553519,0.0001786414026858155,5.133550749084403e-05,7.825322864212783e-06,2.248733577291629e-06,3.3556178634071634e-07,9.642912749980689e-08,-0.1260914434583824,-0.12191539444074805,0.007190308718762496,0.007593542855329292,0.054095750441194905,0.04603836670834571,-0.010743297229891344,-0.005843195460465392,-0.006921372604971025,-0.01135270173596689,-0.011965039006494689,-0.01148800244522624,-0.03720590253802758,-0.035307357398125926,-0.025302588269789757,-0.024668842030742245
smooth_crossnet,20260842,18,1857,1.059,3.479879939195637,True,True,128,3.907985046680551e-14,-0.03473829003022311,12.456162129977052,6.855765666238148,5.600396463738904,0.44960850744395553,3.579480426803533,1.9701155746835437,1.6093648521199893,35.75310728536548,0.3483938341514621,0.15664083177551585,0.9857095676729022,0.9523809523809524,1.0,False,6.983920791958976,3.197442310920451e-14,1.7763568394002505e-15,7.771561172376096e-16,1.7763568394002505e-15,1.8596235662471372e-15,4.440892098500626e-15,8.881784197001252e-16,8.598263417839517,2.4708505948705164,2.7789419685061656,0.7985740936649983,0.7315567549325115,0.21022471111506463,0.3116602085307387,0.089560621049121,0.033247528805875094,0.009554217210597257,0.0024060247585755102,0.0006914102786924468,8.62266036476822e-05,2.4778614536803012e-05,-0.6704108778293425,-0.15772432708728942,-0.29907553870573683,0.059090203496310806,-0.01683603191886776,-0.03970420704024524,0.10768207139385597,-0.016330263035783246,-0.016628605294773592,0.002079370119034101,0.215250091690966,0.06569770107492116,-6.539618088937043,-0.5734126910568071,7.184898689570721,0.625565923499634
smooth_crossnet,20260842,19,19048,1.075,3.479879939195637,True,True,32,1.7997691337257038e-08,0.16051350767169614,1.3262620471333815,0.6787526147924466,0.6475094323409348,0.48822133886774427,0.3811229324882808,0.19505058411565143,0.18607234837262934,4.413492514114527,0.30050170990251873,0.14671134714065417,0.9766312670386529,0.9047619047619048,1.0,False,0.5876845289309678,8.143984618624867e-15,6.661338147750939e-16,5.551115123125783e-17,8.049116928532385e-16,1.5543122344752192e-15,1.2212453270876722e-15,2.220446049250313e-16,0.8596004383558904,0.247020142469221,0.3279102338136012,0.09423032965022252,0.10261177902039371,0.029487160710525,0.02886938942088579,0.008296087774671576,0.006729307463262141,0.0019337757568778646,0.0005167952534754235,0.0001485095067949037,2.4103805870830987e-05,6.92661996735511e-06,-0.16952052546302987,-0.10391910808491904,-0.04391415693729844,-0.07355429618454269,-0.020953697755124286,-0.03117075351118709,0.03022588758827674,0.007860843116678522,-0.00579990852108192,0.005181463685827669,0.027730666242285745,0.018378520690118413,-0.8839216178212412,-0.28175179261381594,1.2266668603389086,0.6194886305735348
smooth_crossnet,20260842,20,9519,1.089,3.479879939195637,True,True,64,3.0651525761982157e-10,0.25484852380376366,9.033848543682192,3.306781583252743,5.727066960429449,0.6339564951456558,2.5960230529592168,0.9502573769878666,1.6457656759713502,28.59180977578455,0.3159593119332127,0.2003044580018125,0.9916308555684648,1.0,1.0,False,2.394832167772076,2.4015511801422917e-14,2.6645352591003757e-15,4.440892098500626e-16,0.0,6.661338147750939e-16,1.3322676295501878e-15,8.881784197001252e-16,4.262902848555678,1.2250143461963903,2.3218746459963904,0.6672283775781885,1.3905776551691384,0.39960506668818174,0.8558167533196046,0.24593283914198025,0.17275053235216825,0.04964267025606032,0.028952074336939825,0.008319848627775359,0.0009740339522685535,0.0002799044706392078,-1.2315049012135524,-0.5122453518886074,0.13667519742566933,-0.03862778357686588,0.0263072446241817,-0.01833361534792561,0.13424064026364516,0.020547083076427622,-0.005219812485531461,-0.0023964938555721127,0.3482176278659471,0.1833637959442079,-3.680949805368731,-1.0962510900708908,4.527082332692135,1.7187919795229907
smooth_crossnet,20260842,21,2993,1.098,3.479879939195637,True,True,32,8.638922910364499e-16,0.11244589683478412,0.058607604276527,0.01927121285815296,0.03933639141837404,0.6711823816031447,0.016841846644305193,0.005537895902985503,0.01130395074131969,0.5378743900350029,0.10896150730045547,0.07313304397298814,0.9988441087759666,0.9761904761904763,1.0,False,0.00718624026914047,2.9689792291343053e-15,2.7755575615628914e-17,1.3877787807814457e-17,2.0816681711721685e-16,2.3592239273284576e-16,2.0816681711721685e-17,2.220446049250313e-16,0.02472649467182022,0.0071055597043200485,0.02680726249362602,0.007703502121346874,0.006182305790589986,0.0017765859450941304,0.0007738023017365464,0.00022236465488961906,0.00011353735456615417,3.26268022316879e-05,4.0858972197240144e-06,1.1741489048810276e-06,1.1576696776942688e-07,3.32675177857389e-08,-0.06510265396703448,-0.056786485887004336,-0.06059012056028856,-0.050520120999458656,0.016681563692084966,0.017257227770600563,0.0079350070915912,0.007989856126246746,-0.0012590020836064316,-0.001004469979484874,0.028205681370604998,0.020165675481595147,0.2101345858586518,0.199400947282899,-0.02355916456721918,-0.024056732960609728
smooth_crossnet,20260842,22,11936,1.16,3.479879939195637,True,True,32,4.23538981664251e-12,0.5931783073968562,3.538619378309582,0.2129570697312202,3.325662308578362,0.9398191647746668,1.016879731525313,0.06119667156690599,0.955683059958407,15.906761095344581,0.22246008204305193,0.2090722485014049,0.9973023513434308,0.9285714285714287,1.0,False,0.11684315159200594,4.907532713538387e-15,4.440892098500626e-16,5.551115123125783e-17,2.220446049250313e-16,8.881784197001252e-16,2.7755575615628914e-16,2.220446049250313e-16,0.6096485531826283,0.1751924100357171,0.9371748345895761,0.26931240472802087,0.8472907609410685,0.2434827568036491,0.7456854610269954,0.214284824205561,0.3153453551651973,0.09061960776672322,0.07871464363564391,0.022619930862855728,0.00475976976847136,0.0013677971227856686,-0.14440420943758228,-0.198033799007858,0.0038467798278304863,0.02977398853638401,-0.004066347968996296,0.0766360408008918,0.00045019146529919497,0.009212323561775829,0.05275130757789495,0.015348491614546877,0.21804372921151705,0.20158855898324057,1.3949588263505914,1.2894893323812713,-0.9284019696296986,-0.8308366294733971
smooth_crossnet,20260842,23,9470,1.162,3.479879939195637,True,True,64,1.3411307620003754e-09,0.7250052270104412,6.905222212458729,3.7809355411240158,3.1242866713347133,0.4524527343519412,1.9843277162185222,1.086513215165109,0.8978145010534133,22.79333699717607,0.3029491562957296,0.13707017413561648,0.9950870077340694,0.6190476190476191,0.5,False,3.21681809891217,2.0621308480239797e-14,8.881784197001252e-16,8.881784197001252e-16,2.55351295663786e-15,1.3322676295501878e-15,2.220446049250313e-15,2.4424906541753444e-15,4.495683385178733,1.2919076128292792,1.5607294098782942,0.448500935994663,0.6842903917316888,0.19664195423071415,0.1316189710100699,0.0378228482907066,0.03157358777820414,0.009073183078121445,0.0012887952643628798,0.0003703562441469692,3.767161737035387e-05,1.0825550889281983e-05,-0.410781886717114,-0.18897976995809077,-0.5043535334136364,0.004853692469490414,0.001069898932023976,-0.06198674195528317,0.07018716074910805,0.0021497356729622353,-0.02508664674080219,-0.00022219719053864648,0.033006173462060834,0.014465307457156821,-4.772587520010271,-1.7475257710786687,6.3335515807490745,2.7022509715934144
smooth_crossnet,20260842,24,16444,1.167,3.479879939195637,True,True,32,1.2729864384830591e-10,0.42289958908724046,0.9252199044888683,0.2803132531111209,0.6449066513777474,0.6970306715720971,0.26587696146285145,0.08055256445885152,0.1853243970039999,3.6831624856047354,0.2512025760755861,0.17509590030260658,0.9702378766582822,0.880952380952381,0.5,False,0.20595421126420754,3.463483840004944e-15,1.1102230246251565e-16,2.0816681711721685e-17,4.440892098500626e-16,1.1657341758564144e-15,2.7755575615628914e-17,2.220446049250313e-16,0.4920797967748556,0.14140711903083594,0.28086509994441483,0.08071114660620615,0.10813598492098853,0.031074630967292453,0.038474076651892626,0.011056150592593657,0.005205905377006701,0.0014960014333741725,0.0004527213305230488,0.00013009682472772145,6.3194891856952254e-06,1.8160078209927997e-06,-0.14148558521937726,-0.10954364504719005,-0.008171886945570288,-0.008863767384320344,-0.0286661558996225,-0.032395960722221125,-0.008483619971128467,-0.0028815954268408663,0.011025302244927994,0.03633497432907475,0.08265523584803369,0.053333376466581324,-0.262143027212009,-0.044683410901510436,0.7781693262419866,0.531599617773666
smooth_crossnet,20260842,25,12155,1.172,3.479879939195637,True,True,32,3.6510239276310585e-12,0.5268964897337169,1.2795222900745173,0.2323642939965753,1.047157996077942,0.8183976193310061,0.3676915044288208,0.06677365255603776,0.300917851872783,8.42553927343323,0.1518623613931763,0.12428379503016038,0.9978114429214776,0.6190476190476191,1.0,False,0.129917154929162,8.574738141753357e-15,4.440892098500626e-16,3.3306690738754696e-16,1.1102230246251565e-15,6.661338147750939e-16,7.771561172376096e-16,2.220446049250313e-16,0.38000087380481934,0.1091994207974472,0.3976757568041092,0.11427858539741191,0.3076230164938675,0.08840046836931205,0.14663204392943463,0.042137098546948186,0.04167350866495439,0.011975559327655162,0.005606722039902345,0.0016111826091328657,0.00031036833742894643,8.918938091314928e-05,-0.15722518694531362,-0.17551898082443687,0.022496256702602007,0.03699150999822042,0.042050456663681166,0.016511511331011405,0.014295901477620297,-0.03361480566206848,0.029787936618547745,0.047220393804844864,-0.03942242607572049,-0.02191698425852707,1.5709191269617475,1.4302982793166528,-0.9560055756694466,-0.7730744339719807
smooth_crossnet,20260842,26,13083,1.18,3.479879939195637,True,True,32,5.925820618923883e-09,0.5722877071983883,1.6131058297222434,0.33056240201856285,1.2825434277036805,0.7950770520273418,0.4635521506225032,0.09499247324462903,0.36855967737787415,6.592773169643591,0.24467789020101366,0.19453777563729158,0.9770659999779019,0.9285714285714287,0.5,False,0.2658925339139674,9.055256544598933e-15,3.3306690738754696e-16,8.326672684688674e-17,2.220446049250313e-16,1.2212453270876722e-15,4.996003610813204e-16,2.220446049250313e-16,0.5497584673887954,0.157982021504992,0.49583440850735383,0.142486067672198,0.330427075469076,0.09495358496346662,0.168910227046849,0.048539096175223805,0.05671195449784747,0.016297100902554772,0.010593866181419014,0.0030443194496726665,0.0008698306309017605,0.0002499599543950987,-0.1754627899047878,-0.12686318100022834,0.06248091587949101,0.06451565925877761,0.16521299804928805,0.1609431658005626,-0.03462837009980046,-0.0260728333582015,-0.033684709837093124,-0.018890541064026527,0.1405723913268871,0.1027961754998641,-0.3917723900515856,-0.13519404583153513,0.8395696618359889,0.5510533078931743
smooth_crossnet,20260842,27,12928,1.216,3.479879939195637,True,True,32,2.082852598728202e-09,0.22211892317165716,0.5410911348008285,0.2741952778576763,0.2668958569431522,0.49325490620243584,0.15549132276267552,0.07879446493807933,0.07669685782459619,2.3738592627999964,0.22793732690058668,0.11243120480038284,0.9167920606204579,0.6666666666666669,0.5,False,0.23117967719359345,4.973235365191009e-15,2.220446049250313e-16,5.551115123125783e-17,5.273559366969494e-16,6.661338147750939e-16,2.498001805406602e-16,2.220446049250313e-16,0.35928652270728856,0.10324681569052536,0.136236403560353,0.03914974250285301,0.034639802776525126,0.00995430974108032,0.009649623433395328,0.0027729759652644244,0.0012376045903985126,0.00035564577284944517,4.1115870131008575e-05,1.181531284108393e-05,6.186273575578571e-08,1.7777261525317186e-08,-0.07003424123929522,-0.04735164582680293,-0.07793237639711575,-0.09703155775040473,0.0006976017226277474,0.0009763587033513358,0.0002455069552245554,9.012155897987416e-05,-0.0002979248734660961,0.027506469385434818,0.026312385609699267,0.017617124424293567,-0.22209632789753112,0.0013332033080278582,0.5652242992915143,0.3189788493687767
smooth_crossnet,20260842,28,15342,1.256,3.479879939195637,True,True,32,2.0604407069413355e-11,0.5593115282643579,0.7676982149582856,0.21828097872225205,0.5494172362360336,0.7156682476666788,0.22061054644768477,0.06272658325468176,0.15788396319300302,5.3042211634613405,0.14473344743742056,0.10358113270629613,0.9993414932831025,0.880952380952381,0.5,False,0.17065585159244878,1.6710591244084583e-14,6.661338147750939e-16,2.220446049250313e-16,0.0,1.5543122344752192e-15,2.498001805406602e-16,4.440892098500626e-16,0.3969783381157186,0.11407817081398469,0.23388084051857097,0.06720945682184419,0.1046531165983887,0.030073772206801744,0.026146661791079107,0.007513667783930161,0.005385294725346911,0.0015475518751924826,0.0006483277582453369,0.00018630750760763193,5.635450933994337e-06,1.6194383232936918e-06,-0.08050250966989313,-0.09427408168241107,-0.058551228503190264,-0.03634458892273172,-0.023167978995826805,0.04205618140524318,0.06111997462883893,0.028108158095878605,-0.00034927835745522683,0.0015684417321502517,-0.0973011512867097,-0.08033786041756746,1.930743018124299,1.7592454279475245,-1.1726793176757049,-1.06071014989373
smooth_crossnet,20260842,29,13936,1.286,3.479879939195637,True,True,32,1.4266276160412872e-08,0.9674666114540564,9.275453436582064,1.2414944496948226,8.03395898688724,0.8661526945088838,2.665452141640856,0.35676358707415345,2.3086885545667024,31.612782689015244,0.2934083192810825,0.25413640633663254,0.9441611043512718,0.7619047619047621,1.0,False,0.6870616848586276,2.1163626406917047e-14,1.1102230246251565e-15,3.3306690738754696e-16,1.3322676295501878e-15,6.661338147750939e-16,4.440892098500626e-16,2.220446049250313e-16,1.429517316870888,0.41079501070410956,2.9584113908864653,0.8501475460588138,2.987025285916989,0.8583702133721975,1.2427382764807806,0.35712102089592074,0.5249111088761967,0.15084172961367404,0.12114283826609085,0.034812361455807184,0.011707219284648818,0.003364259540331987,-0.0008473677349550707,0.2224679238964345,-0.007242629386056795,-0.13389223569026323,1.8430662638343234,0.9402544625097335,-1.070917056299793,-0.5191057556579992,0.012641816163132345,-0.1479640771447663,0.04952473449532515,0.055970049277758144,1.2174173461337991,1.1659901973756703,-1.0761764957517175,-0.616253953112512
smooth_crossnet,20260842,30,243,1.375,3.479879939195637,True,True,64,1.687538997430238e-14,0.6254188725951122,5.370388860613331,1.1880245730793946,4.182364287533936,0.7787823928743001,1.543268432949063,0.3413981498896202,1.2018702830594425,15.653105742589709,0.3430877519725254,0.2671907004470277,0.9423236885403978,0.880952380952381,0.5,False,0.6454116503319205,1.3560333411710701e-14,2.220446049250313e-16,2.220446049250313e-16,6.661338147750939e-16,8.881784197001252e-16,4.440892098500626e-16,2.220446049250313e-16,1.975736221224933,0.5677598813025767,1.6318803810519338,0.4689473227714682,1.0636870466546133,0.3056677429223265,0.5607313868032379,0.16113526805549766,0.12168417647937127,0.03496792378058255,0.016235717775111458,0.0046655971064519805,0.0004339306241284272,0.00012469701015855415,-0.20644650857113592,-0.08594401829712904,0.19907509583870478,-0.25122046683453253,-0.024088952998818528,-0.05183057401843111,0.02005956165952997,0.0018829108044590554,-0.08846994481274242,-0.024767565749344623,-0.06922534260091733,-0.026866763341662096,-1.4870580568764908,-0.5255969323937566,2.281573020956982,1.5897622824255082
smooth_crossnet,20260842,31,12361,1.375,3.479879939195637,True,True,64,2.7919888623273437e-12,-0.07943206507661538,31.748515862193273,1.2557869417243934,30.492728920468878,0.9604458064378433,9.123451503195204,0.36087076671233215,8.762580736482871,89.91370324812607,0.3530998581448702,0.339133278009038,0.9788015613649412,0.880952380952381,1.0,False,1.1175554470323075,1.3433698597964394e-14,6.661338147750939e-16,4.440892098500626e-16,3.3306690738754696e-16,7.632783294297951e-16,5.551115123125783e-16,4.440892098500626e-16,1.449636735143857,0.4165766522045401,7.183190432555295,2.0642063973665903,10.469662495105467,3.0086275038343695,8.23532387229856,2.366554023758109,3.4599172109899867,0.9942633859344397,0.8790872807299397,0.2526200030145689,0.07169783537016519,0.02060353708258622,-0.22420300037573748,-0.26209303989880467,0.14804174080448904,-0.01719206639551699,1.1283834915423625,0.6107132395212731,-0.6166669950294347,-0.4042149699137567,0.007821173263489368,-0.08862044981995745,0.10186321154953447,0.03944201842949595,1.5027226655277894,1.1265926387510439,-2.1273943523591083,-1.0840594357503932
smooth_crossnet,20260842,32,6134,1.385,3.479879939195637,True,True,32,9.237055564881302e-14,0.41930714823156134,1.6235126812283363,0.19274959213806697,1.4307630890902692,0.8812762016787979,0.46654272836884303,0.05538972479108587,0.41115300357775714,7.987960114617847,0.20324496591530702,0.17911495157217852,0.9918510764845108,0.9761904761904763,1.0,False,0.10249500298049768,3.408731630294426e-15,1.1102230246251565e-16,5.551115123125783e-17,4.996003610813204e-16,8.326672684688674e-16,2.3592239273284576e-16,2.220446049250313e-16,0.4203478581345736,0.12079378181987957,0.5748081867647348,0.16518046507593012,0.3773750276444584,0.10844484126992249,0.17923941011373132,0.051507354634528546,0.06141017557636131,0.017647211009974118,0.009523239736924085,0.00273665755811258,0.0008087832575513747,0.0002324170004952304,-0.4150325953144024,-0.48820879222313707,-0.008428124113055376,0.010317135337040042,0.15104070386376645,0.2602678093753967,0.04742070097056455,0.03385766404649471,0.013022152961950301,0.019669088232212306,-0.18434577810127203,-0.170162202858667,1.1792977099872635,1.073287351682,-0.36366762202325315,-0.31972090535977926
smooth_crossnet,20260842,33,1951,1.426,3.479879939195637,True,True,32,1.0559077223692981e-10,0.3941270585195771,0.524561280772851,0.09435767607342313,0.43020360469942787,0.8201207760999757,0.15074120082835435,0.027115210214762063,0.12362599061359227,2.5862235837854435,0.20282905316525385,0.16634432049751122,0.9895753825611482,0.7380952380952381,0.5,False,0.0640733201286558,4.879777137922758e-15,1.8041124150158794e-16,4.163336342344337e-17,1.6653345369377348e-16,5.551115123125783e-17,1.249000902703301e-16,2.220446049250313e-16,0.19320262952992862,0.05551991244117082,0.17519897574137536,0.05034627021697537,0.10302481638938923,0.02960585370459737,0.0433002866356476,0.012443040389967108,0.008418429856952387,0.002419172501364596,0.001371157510024674,0.000394024372674654,4.4985109532091015e-05,1.2927201604113151e-05,-0.15767981791268149,-0.12482049631054537,0.06515266587103258,0.0611722934451868,0.048636939476685744,0.05040989817173579,-0.025097631069000106,-0.01927665525181927,-0.00932861263107921,0.0004637272000016764,0.07186448831139908,0.051340620533999654,0.020336491583756652,0.064448571711732,0.38024253488946397,0.31038909901928585
smooth_crossnet,20260842,34,10023,1.444,3.479879939195637,True,True,32,2.4828016417094423e-08,0.2191964875994079,0.9476849992940702,0.1872241613943178,0.7604608378997524,0.8024405139537072,0.2723326711993186,0.05380190255575141,0.21853076864356716,4.392782003512496,0.21573686072659545,0.1731159974002086,0.9702466399090908,0.7380952380952381,0.5,False,0.16476572289024027,5.626575594330774e-15,3.3306690738754696e-16,2.220446049250313e-16,5.551115123125783e-17,3.608224830031759e-16,1.3877787807814457e-16,2.220446049250313e-16,0.34824020844308756,0.10007247793829983,0.2919645951043411,0.08390076675226552,0.19463002132515766,0.05593009664872109,0.08955800395314292,0.025735946503327917,0.02008734742561063,0.0057724254217384734,0.003125180781729581,0.0008980714381921914,7.964226099971142e-05,2.2886496773253753e-05,-0.19695393341454212,-0.14100025083621665,0.08625993442664959,0.09265760389709321,0.04689782060409856,0.04884814527589147,-0.04670702132848675,-0.04742163103776305,0.007972141236395494,-0.013379009767406252,0.0536674526381739,0.03964552663477192,-0.16385735815898078,-0.04093487348522525,0.43191745159610007,0.28078097691826215
smooth_crossnet,20260842,35,9457,1.458,3.479879939195637,True,True,64,9.756327745691351e-09,-0.003675350366097785,25.442395385304987,4.732156599632684,20.710238785672303,0.8140050679989871,7.311285397732979,1.3598620303913433,5.951423367341635,69.17727457854134,0.3677854546931973,0.29937922405657447,0.9910528846921883,0.6190476190476191,1.0,False,3.9012121662411516,3.480549182199866e-14,1.7763568394002505e-15,4.440892098500626e-16,2.6645352591003757e-15,1.609823385706477e-15,2.6645352591003757e-15,1.7763568394002505e-15,7.422498897755484,2.132975570263832,5.364185030555692,1.5414856616563632,5.4682895383916925,1.5714017822280586,4.790997318065067,1.3767708661731848,1.9085366357115874,0.5484489893501151,0.4460069405034345,0.128167335740476,0.041881024322023244,0.01203519232094654,-1.1631538479402108,-0.4740585356927895,-0.22352906612063436,0.022858584151946696,0.05699230590260307,0.1646076211357203,-0.05821417910428059,-0.1612706662302999,-0.10280981168579134,0.011769815576212234,0.29711629137046536,0.13256626535030533,-4.879551107275638,-1.305072412658074,6.069474064487387,1.6049239780008826
smooth_crossnet,20260842,36,2358,1.487,3.479879939195637,True,True,32,2.6614127568436174e-14,0.29037445079985447,0.32156615642010333,0.09362423387052675,0.22794192254957657,0.7088492305508253,0.0924072560085025,0.026904443689562373,0.06550281231894012,1.7036126341685975,0.18875544238789652,0.13379915009894108,0.9755210766033193,0.880952380952381,0.5,False,0.043280436624369964,5.158959197337776e-15,2.220446049250313e-16,6.938893903907228e-18,5.551115123125783e-17,1.1102230246251565e-16,1.8735013540549517e-16,2.220446049250313e-16,0.1435397815471252,0.04124848674529385,0.08324379984930877,0.0239214574364167,0.0718599160837125,0.020650113607173094,0.01935273112806897,0.005561321501379812,0.003234064287496937,0.0009293608814114662,0.00032760857659037236,9.414364354940877e-05,8.254947799389814e-06,2.372193277822659e-06,-0.008773291253582914,-0.0014147334925751467,0.043235070271550116,0.058186742569973436,0.33509378762398195,0.3080853566398368,-0.043171689380211556,-0.030057447197239264,-0.08674285326200216,-0.13913290230653466,0.01481553763292167,0.007643304062675266,-0.09737875978556777,-0.03917899815744443,0.13329664895276505,0.12624312868116255
smooth_crossnet,20260842,37,15340,1.516,3.479879939195637,True,True,32,3.5776270834730894e-11,0.5116564958177132,3.112362171429671,0.24822753156523839,2.8641346398644325,0.9202446508816117,0.8943878023990343,0.07133221142756303,0.8230555909714712,16.386619381947206,0.18993314599462138,0.17478496162666654,0.9958642034978119,0.9285714285714287,1.0,False,0.32398439594577855,6.235029853529639e-15,2.220446049250313e-16,1.1102230246251565e-16,5.551115123125783e-16,2.220446049250313e-16,4.718447854656915e-16,2.220446049250313e-16,0.8539994773151859,0.24541061537674344,1.0367555413241911,0.2979285376046145,0.7478090132222613,0.21489506140695042,0.35856179619746964,0.10303855376123983,0.10102110430078626,0.029030054503586394,0.013788924915893664,0.003962471452127434,0.0004263141538809773,0.00012250829377162892,-0.24360236344998012,-0.2810264169096678,-0.009974157602561417,-0.029766653295290966,-0.0025168075926609787,0.004293623416974534,0.03916517756163309,0.02702306676997995,-0.03031478711412672,0.11661108163671595,-0.13648260361260534,-0.13634012986791522,1.7318322249136489,1.5529633532924811,-0.8364501872856347,-0.7421014292255642
smooth_crossnet,20260842,38,7011,1.556,3.479879939195637,True,True,32,5.131450819817474e-13,0.5972319739076586,2.164825999855668,0.1991560837938193,1.9656699160618487,0.9080036530385827,0.62209789926145,0.05723073418442522,0.5648671650770247,10.320248902572558,0.2097649020185972,0.1904672973121666,0.9931487795218346,0.9761904761904763,1.0,False,0.11474213479808767,4.350686477749832e-15,2.220446049250313e-16,5.551115123125783e-17,1.1102230246251565e-16,6.661338147750939e-16,2.3592239273284576e-16,2.220446049250313e-16,0.5113950554638249,0.14695767221843642,0.7299888103469273,0.20977413678118498,0.5536421475199299,0.15909806004626195,0.26548950108746133,0.07629271863581258,0.08481610698475034,0.024373285419828392,0.018685392511686334,0.005369550915025362,0.0008089859410870316,0.0002324752448999795,-0.39515667098161356,-0.457883947761189,0.01993815305305704,0.04476369700951572,0.1131954466315657,0.20747551828769037,0.028192673018082235,0.024367630497571475,0.10371511017801749,0.1517440486800467,-0.22064600330643774,-0.22843823315106732,1.2842539912409139,1.15944245659181,-0.3362607259259262,-0.30423919624672
smooth_crossnet,20260842,39,4943,1.563,3.479879939195637,True,True,32,3.363620493246344e-11,0.6851463830219968,3.6711129861143594,0.2445228794661747,3.4265901066481845,0.9333927121308825,1.0549539208996173,0.07026761949801502,0.9846863014016023,14.397236043953189,0.2549873444393669,0.23800332898531212,0.9813627670759031,0.9761904761904763,1.0,False,0.16648809070208803,8.978928711655954e-15,8.881784197001252e-16,2.220446049250313e-16,6.661338147750939e-16,6.661338147750939e-16,8.881784197001252e-16,2.220446049250313e-16,0.8745631601363544,0.2513199235081963,1.1815437002789606,0.3395357658667013,0.9587364974594449,0.2755084986297124,0.5116535896613146,0.14703196621765682,0.12749723831382292,0.03663840147982045,0.01632247693764549,0.004690528760431424,0.0007963233268148172,0.00022883643709813872,-0.44251172123031096,-0.4354193029826198,0.04482019101334686,0.02188632549358227,0.31994043109002024,0.5296929704298142,0.10748556544930239,0.06407096482032813,0.009685119417719875,0.01597113490362625,-0.29803007104863255,-0.3143827606659114,1.205795739815215,1.0439740161150586,-0.26203887148466465,-0.24064696509188202
smooth_crossnet,20260842,40,10139,1.595,3.479879939195637,True,True,32,1.901367951973043e-12,0.8326988388129384,1.0134364448042676,0.2248122019441536,0.788624242860114,0.7781684257589796,0.2912274166098156,0.06460343628870087,0.22662398032111472,6.678767879740338,0.15174003095368374,0.11807930101184692,0.9979702335464246,0.9047619047619048,0.5,False,0.07880997673763165,4.2674197509029455e-15,1.1102230246251565e-15,1.1102230246251565e-16,3.3306690738754696e-16,1.3322676295501878e-15,7.216449660063518e-16,2.220446049250313e-16,0.34393331482034784,0.09883482212890565,0.31482364780072647,0.09046968668508056,0.21202870457688922,0.0609298907668346,0.11214552374090381,0.03222683704623036,0.027590470547504943,0.007928569671826778,0.0027242248091672258,0.000782850229538931,0.00019055850872691862,5.476008139837307e-05,-0.10924132031226567,-0.11274711369678077,-0.13474516037253578,-0.08254472436576707,-0.02591028868127157,0.04273826196571305,0.08256689725306393,0.03445941947933161,-0.0005113284353112329,-0.0021502491047313194,0.05257508483184784,0.03272219344758991,1.5852426938615325,1.4335355751293042,-0.617277739332122,-0.5133145240417225
smooth_crossnet,20260842,41,13689,1.6,3.479879939195637,True,True,32,6.001865671123596e-13,0.2958841991881387,1.597536893555559,0.32201410897060334,1.2755227845849557,0.798430878016274,0.45907816403712604,0.09253598244686449,0.3665421815902616,12.475404891746301,0.1280549134411249,0.10224299697309533,0.9942476869002701,0.9523809523809524,0.5,False,0.07842821704118258,5.753860929380572e-15,2.220446049250313e-16,4.440892098500626e-16,3.3306690738754696e-16,6.661338147750939e-16,1.6653345369377348e-16,4.440892098500626e-16,0.2524944008924843,0.07255836560581097,0.464825121774753,0.13357504566154538,0.43492266958488024,0.12498209052735629,0.3388505576308246,0.09737420932664384,0.08953551756587182,0.025729484674855668,0.01651866773979263,0.004746907372790242,0.00038995836695083206,0.00011206086812321739,-0.18499341946839198,-0.17190445476000102,-0.0960123433848571,-0.010256770081126493,0.007517449078981152,0.0008524600168695195,0.02364143164266405,-0.028237161964031292,-0.018276478150317098,0.0014625636944527566,0.2404286212623716,0.11637029039639611,1.2806500566818275,1.1412378612460063,-0.9570711184741392,-0.7536405893604279
smooth_crossnet,20260842,42,12306,1.611,3.479879939195637,True,True,64,6.3815619455454e-13,0.5229628181949544,12.779377809643925,1.363120644661548,11.416257164982378,0.8933343496869721,3.672361700098721,0.39171484892568703,3.2806468511730347,46.593865342019384,0.2742716818155715,0.2450163145122657,0.9867569332331811,0.7857142857142858,0.5,False,0.8463246710124075,2.4605317783255032e-14,4.440892098500626e-16,4.440892098500626e-16,3.3306690738754696e-16,1.1102230246251565e-16,6.661338147750939e-16,2.220446049250313e-16,2.1915719133392866,0.6297837717487061,3.969827124485692,1.1407942784955116,4.099098457090568,1.1779424947741333,1.9639271435895918,0.564366351111397,0.46828834377705536,0.13457025873292017,0.07420331430425253,0.021323527133354028,0.01246151305747863,0.003581018102698988,0.009080280484317305,-0.080268483400952,0.04116771773366076,-0.027656343273457302,2.66399269074743,1.9097461350495926,-2.119774281053532,-1.617002057885804,0.025489393174376693,-0.15782009802725508,0.06317338090786782,0.06527809219253891,1.508738383528491,1.2413466106588,-1.6689047473276568,-0.8106610371185089
smooth_crossnet,20260842,43,14526,1.634,3.479879939195637,True,True,32,5.273936842797866e-11,0.5547968062429762,1.5349972284843698,0.359264472364751,1.175732756119619,0.7659510612149557,0.44110637588237583,0.10324047916658693,0.3378658967157889,9.813936152359329,0.1564099464938283,0.11980236450152223,0.9992334822004476,0.8095238095238096,0.5,False,0.21562478868434387,9.863637684404125e-15,8.881784197001252e-16,4.163336342344337e-17,1.1102230246251565e-16,1.6653345369377348e-15,4.440892098500626e-16,4.440892098500626e-16,0.5488879245162777,0.15773185687640456,0.532906628166278,0.15313937189725504,0.29760602044082873,0.08552192191711631,0.11587955856233641,0.033299872578110144,0.03428506164355643,0.009852369116930312,0.0052003090852090796,0.0014943932480645048,0.00023172606988089298,6.659024849416376e-05,-0.08113789112451106,-0.08434439993306714,-0.015904883527735798,0.014762305000019467,-0.04858346416002561,-0.011649374924538726,0.05595299437901347,0.0016540677203815276,0.002950961757477148,0.008524709160917708,-0.11691289152318933,-0.06864934847264763,2.0603367823301544,1.7585777454325908,-1.3019048018882071,-1.0640788977406814
smooth_crossnet,20260842,44,17733,1.645,3.479879939195637,True,True,32,1.9814372365090094e-11,1.1058021091169683,1.070965140298367,0.3900978775536687,0.6808672627446983,0.6357510969544827,0.3077592212982834,0.11210095876004232,0.19565826253824106,3.509434517944025,0.3051674378941778,0.1940105333960125,0.9928796372262846,0.8571428571428572,0.5,False,0.29943227449027987,9.051895517864228e-15,1.9984014443252818e-15,1.1102230246251565e-16,1.5543122344752192e-15,2.220446049250313e-16,1.6653345369377348e-15,2.220446049250313e-16,0.5878661807823741,0.16893289166702039,0.2998279745599722,0.08616043650898957,0.13603926190217153,0.03909309064657459,0.03960069384519934,0.011379902334892885,0.006968117359394068,0.002002401657858554,0.0006299912687700551,0.0001810382196449213,3.292058048455797e-05,9.460263302120547e-06,0.0659067367634103,0.04268020822416769,0.03245258878476897,0.07279614319639607,-0.010793250806763485,-0.015549435602104828,0.05385145202557593,0.03997346277543611,-0.0008938668666894742,0.0004549448246336338,-0.10052295545032554,-0.05620626907323578,-0.6538386552998295,-0.3497498302262007,1.7196400599668227,1.371402884997876
smooth_crossnet,20260842,45,6168,1.655,3.479879939195637,True,True,32,1.1324274851176597e-14,0.8536741224869902,0.2954277613185632,0.08752321654933334,0.20790454476922984,0.7037407176675043,0.08489596379202966,0.025151217305952243,0.059744746486077416,1.642363554066833,0.17987963784694486,0.12658862543217975,0.9996372654827727,0.6904761904761906,0.5,False,0.053271067616458945,6.646159317336142e-15,1.1102230246251565e-15,5.551115123125783e-17,5.551115123125783e-16,0.0,9.71445146547012e-16,2.220446049250313e-16,0.1539358401685209,0.04423596298098223,0.10874466702542891,0.031249545652590787,0.025161876873351138,0.007230673848813078,0.006700120864307491,0.001925388513793439,0.0008170983936057008,0.00023480648984532796,6.74891963454781e-05,1.9394116327208118e-05,6.687970026491002e-07,1.9218967732653742e-07,-0.02486992153587854,-0.029319082076082983,-0.007139359336633079,0.0054538463901781685,0.014765306959363877,0.04489247232151793,-0.01799279312885369,-0.010732759636145535,-0.021489299494268355,-0.03244598010943319,0.022798354160119133,0.020554802925010034,1.4001917152310797,1.3303178910722255,-0.5125898803679394,-0.4750470684002799
smooth_crossnet,20260842,46,14636,1.663,3.479879939195637,True,True,32,3.076783272604189e-10,0.8110937237618485,7.748362313719134,0.8083289670469305,6.9400333466722035,0.8956774432687904,2.2266177135726535,0.23228645274289925,1.994331260829754,32.7569224111333,0.23654121765375766,0.2118646330558041,0.9955220686219527,0.9047619047619048,1.0,False,0.2156567386702397,1.1820405765305964e-14,2.6645352591003757e-15,1.1102230246251565e-16,1.7763568394002505e-15,4.440892098500626e-16,9.43689570931383e-16,6.661338147750939e-16,1.0276267021372476,0.2953052174480422,1.5910743331986987,0.45722104239218964,2.60301348297769,0.7480181869663493,1.5083806410289458,0.43345766732906393,0.7400171866304219,0.21265595352737213,0.2635860042549468,0.07574571791573759,0.014663963491182121,0.004213927993898447,-0.3759305021266747,-0.33461286866957113,-0.4046503724555942,-0.2747929693024403,-0.28649778354035627,-0.006722483115418242,0.274927416416919,0.13815346930134273,-0.011056482832495312,-0.028323669463120843,0.7443795329179144,0.5279491277962393,2.7795945572766154,2.34173712909756,-1.909672641894478,-1.5522940118827435
smooth_crossnet,20260842,47,13286,1.664,3.479879939195637,True,True,32,3.6637359812630166e-14,0.9846296699117965,0.6568860737322285,0.11131794613972597,0.5455681275925025,0.8305369064878313,0.18876687851594834,0.031989019185948334,0.15677785933,3.6150949252975346,0.18170645233559518,0.15091391481168379,0.9979551673603002,0.9047619047619048,0.5,False,0.06560880440262651,8.511854415749198e-15,2.220446049250313e-16,1.691355389077387e-17,6.661338147750939e-16,1.3322676295501878e-15,4.718447854656915e-16,2.220446049250313e-16,0.25555351260557835,0.07343745102443065,0.2527981514559787,0.07264565326193759,0.10082736125327163,0.02897437929326307,0.035939153772685764,0.010327699346142666,0.009956458116959875,0.0028611498933670907,0.0016683043290323168,0.00047941433560433116,0.0001431321987208484,4.1131361202631874e-05,0.11321441839032284,0.14034863963304728,-0.025471612529288944,0.0007081878239549697,0.1513767648452435,0.06450750699965957,0.034326751811289545,0.027019953631957267,-0.018440680189627814,-0.02495783845899973,0.08714426999089792,0.0765195381454594,1.465003799530033,1.4655934516516909,-0.8225240419370728,-0.7651097695149744
smooth_crossnet,20260842,48,14542,1.683,3.479879939195637,True,True,32,6.199929458716724e-11,1.0458613461240311,1.576811853056767,0.34605849637782876,1.2307533566789381,0.7805327910828621,0.4531224871571983,0.09944552755398195,0.35367695960321627,10.682227147676386,0.1476107773461602,0.11521505203590933,0.9976427571521971,1.0,1.0,False,0.2134905645089311,7.129279805395683e-15,4.440892098500626e-16,2.220446049250313e-16,4.440892098500626e-16,8.881784197001252e-16,3.3306690738754696e-16,8.881784197001252e-16,0.6542936958450831,0.18802191664012435,0.5208055848774447,0.1496619406351781,0.2571520368509151,0.07389681292003279,0.11611249856668757,0.033366811670383835,0.02617435311243322,0.007521625334718685,0.002142835513612667,0.0006157785760010952,0.0001308482905882447,3.760138075869647e-05,0.06141686912515364,0.07416325257955016,0.026658467695197426,0.019339903267728595,0.18290148587020474,0.09984216066352856,0.16866816742744795,0.07860597658024635,-0.00014228422261562375,0.005573556284998537,-0.21772344073201846,-0.1439289264767416,2.2766072593722932,2.1109888434758104,-1.4525251784116313,-1.1987234202510908
smooth_crossnet,20260842,49,14720,1.772,3.479879939195637,True,True,32,8.08810796115722e-11,1.1384697015535992,0.9977329342913162,0.36150515846945863,0.6362277758218575,0.6376734233733262,0.286714757901084,0.10388437669864535,0.1828303812024387,7.279767356440296,0.1370556070598379,0.08739671814635626,0.9974803688456143,0.9761904761904763,1.0,False,0.23524587087565463,1.1924922854733566e-14,8.881784197001252e-16,1.7763568394002505e-15,6.661338147750939e-16,1.9984014443252818e-15,2.7755575615628914e-16,2.220446049250313e-16,0.5119753711575411,0.14712443535505496,0.3574372517887174,0.10271539766723614,0.09726937145709667,0.02795193315766525,0.02865366455685471,0.008234095732474583,0.002295922317888522,0.0006597705547333385,9.653621907803628e-05,2.7741249918050424e-05,4.816794138075032e-06,1.3841840012412664e-06,-0.01791802941460105,-0.021227944298245687,0.009933397558929066,0.006456511629134016,0.17604198817243444,0.08395977699555278,0.05390482132633499,0.03352350301423006,-0.03268293735455302,-0.07261587023688643,0.3660169160561019,0.28549638749092376,2.788452617765958,2.6666512510464364,-2.2052790725570057,-1.8437739140875478
smooth_crossnet,20260842,50,7158,1.819,3.479879939195637,True,True,32,9.85878045867139e-14,0.4208585218445269,1.6623306182564326,0.20978975588115956,1.452540862375273,0.8737978152016465,0.4776976928234699,0.06028649250745466,0.4174112003160152,8.975028702193388,0.1852173038566639,0.1618424754474924,0.9909784061821348,0.9523809523809524,0.5,False,0.108513735744455,7.052518291583709e-15,2.220446049250313e-16,2.220446049250313e-16,1.1102230246251565e-16,7.771561172376096e-16,3.608224830031759e-16,2.220446049250313e-16,0.36318125162739573,0.1043660292806952,0.6582802569631865,0.18916751970337972,0.4051608316294516,0.11642954317645315,0.18073401289102797,0.05193685300901618,0.045531003905621495,0.013084073215510372,0.008583606475195609,0.002466638684431073,0.0008596547645527996,0.0002470357539839452,-0.711173544201027,-0.844972508084733,-0.0029886084387341617,-0.023184039097338585,0.18019889974035347,0.31392229342405986,0.05769069337404937,0.05362705775283808,0.06391889039194219,0.08931257231353565,-0.07729856096479937,-0.07151035413573842,1.2208244207705734,1.1690926950529354,-0.3103136688278312,-0.26542919538103293
smooth_crossnet,20260842,51,730,1.828,3.479879939195637,True,True,32,3.3865326987125854e-08,1.1554252141190362,2.1451926962294565,1.0870963977539199,1.0580962984755367,0.4932406773225184,0.6164559506973424,0.3123948000358882,0.30406115066145417,6.2671962598900794,0.3422890567443441,0.16883088618866623,0.9420941312827776,0.8333333333333335,1.0,False,0.562086661278161,1.2191636589165e-14,8.881784197001252e-16,1.6653345369377348e-16,2.220446049250313e-16,2.220446049250313e-16,6.661338147750939e-16,2.220446049250313e-16,1.22841666494497,0.35300547329483856,0.670465466441345,0.1926691374864849,0.1810647533828878,0.05203189665926817,0.05628982266375387,0.01617579446627836,0.008032385413729387,0.0023082363627711954,0.0008578262065900167,0.00024651028816479814,6.5777176178603e-05,1.8902139535827543e-05,-0.03967236891209752,-0.024882477053862196,0.11309574473082198,-0.2516124362959039,0.03664248012582399,0.06356018658822456,0.06307888527679578,0.012686212380167726,-0.030662898301924275,-0.006721196294974431,0.10938545704630803,0.055930216346621056,-1.5076288367458985,-0.4861817393195648,2.4111867508992066,1.7926464477683282
smooth_crossnet,20260842,52,738,1.869,3.479879939195637,True,True,32,2.144747490717691e-09,1.4134694619419197,1.5584481840894635,0.7446475028303609,0.8138006812591027,0.5221865504207139,0.44784538872616786,0.21398655006542658,0.23385883866074128,4.990731419862845,0.3122684939299524,0.16306240765035349,0.9784815951586885,0.6428571428571429,0.5,False,0.5624303161171247,1.7920181397818036e-14,4.440892098500626e-16,1.1102230246251565e-16,8.881784197001252e-16,2.220446049250313e-16,7.771561172376096e-16,2.220446049250313e-16,0.9969325532868769,0.2864847554244399,0.39258418149967395,0.11281543856665885,0.13652999295992932,0.03923411018355069,0.02785151415590242,0.00800358479101443,0.004331355638698171,0.0012446853668461187,0.0002123768003769259,6.10299217466727e-05,6.209748003699393e-06,1.784471910584006e-06,0.1825395213532096,0.13597027236189108,0.000784928679447322,-0.14877617039371885,0.05824324747273121,0.09794714386822886,0.036087638985311636,0.01721204559047287,0.00847437433217095,0.007077416125441462,-0.0071313136110374995,-0.004234931881972638,-1.269342990821795,-0.5672957661159965,2.4038140555518823,1.8755694523875737
smooth_crossnet,20260842,53,3461,1.894,3.479879939195637,True,True,32,6.439293542825908e-15,1.1601432083081786,0.12124111381486917,0.0616301006422615,0.05961101317260767,0.49167325585305616,0.03484060253035444,0.017710410048372847,0.017130192481981592,0.7350692030505721,0.16493836677106427,0.0810957838054147,0.9997073267645499,0.7380952380952381,1.0,False,0.02939772228944411,4.517409666823791e-15,6.661338147750939e-16,5.551115123125783e-17,2.220446049250313e-16,0.0,5.967448757360216e-16,2.220446049250313e-16,0.08257231616013293,0.02372849569609555,0.03243115614595937,0.009319619272110787,0.005192820651596996,0.00149224132508356,0.0009819408959994174,0.00028217665929773135,6.0759786178247224e-05,1.7460311056677332e-05,2.033871128642266e-06,5.844658908296672e-07,8.630387219502424e-08,2.4800818908417024e-08,0.012402042087676389,0.01360737127319857,-0.01286437981750921,-0.02011993532807744,0.004662402807117173,0.02298455525599199,-0.01605849152087429,-0.014345602014071045,0.04239245488202215,0.05758095851649712,0.022380788000899144,0.02049975265175293,1.3217347057070294,1.269241195924483,-0.2145063138381825,-0.18930508797159631
smooth_crossnet,20260842,54,15343,1.898,3.479879939195637,True,True,32,1.2576162333743923e-10,1.356755542868522,2.366410605504183,0.413502058631552,1.952908546872631,0.8252619145342902,0.6800265086304015,0.11882653018400734,0.5611999784463941,11.09999372049079,0.21319026524634388,0.17593780645727092,0.9976292332374708,0.880952380952381,1.0,False,0.1712404705622923,9.019261032472414e-15,8.881784197001252e-16,4.85722573273506e-17,6.661338147750939e-16,8.881784197001252e-16,7.771561172376096e-16,6.661338147750939e-16,0.7202903096765946,0.2069871151483138,0.8759518033541629,0.25171897268290133,0.48663418007839065,0.13984223265785273,0.2172587042136261,0.062432816076937625,0.054631245104459394,0.015699175275882427,0.011348704150761224,0.0032612343957431015,0.00029565892618608753,8.496239276991497e-05,-0.027660048302994608,-0.03604664145881725,0.08260373466101506,0.1748932654418459,0.2902620191348172,0.2207624085314307,-0.008630785899904908,-0.05090217661558171,0.09019947096776496,0.13381182745841408,-0.1080227130058491,-0.054427392124233386,2.2052446506168186,1.9119001864601513,-1.1672407853031443,-0.9432359348246884
smooth_crossnet,20260842,55,8280,1.986,3.479879939195637,True,True,32,2.4140689447449404e-12,1.3729472799948013,2.2019246705386495,0.2573029654163435,1.944621705122306,0.883146336085421,0.6327588046177297,0.07394018469379098,0.5588186199239388,14.204339395185773,0.15501774558308146,0.13690335403992035,0.9976053721773408,0.9523809523809524,0.5,False,0.09503871435004273,1.189326415129699e-14,8.881784197001252e-16,2.220446049250313e-16,2.220446049250313e-16,1.1102230246251565e-15,2.220446049250313e-16,2.220446049250313e-16,0.44528399365143984,0.12795958522476086,0.6022171533907252,0.17305687664900465,0.5742420588606431,0.1650177790310137,0.406842813110157,0.11691288786365353,0.13904137468166478,0.039955796496187086,0.029596365266746836,0.008504996087189128,0.004700911577271143,0.0013508832659203016,-0.16701488174093007,-0.1794118218565174,-0.33337438253054763,-0.3334705322642554,-0.07548232737299668,0.03997942463153088,0.14999110925901418,0.12422921681825441,0.0382734851850266,0.09445453465898491,0.38240509611665896,0.3273909794823484,1.9953764129960074,1.8313425465040287,-0.6172272319174317,-0.5315670679795746
smooth_crossnet,20260842,56,15471,1.99,3.479879939195637,True,True,32,8.847833576908215e-11,0.5821893046397029,2.24539888041652,0.3295815462535798,1.91581733416294,0.8532191544548902,0.6452518246751744,0.09471060841534709,0.5505412162598273,15.212499925731699,0.14760222786384136,0.12593704805364475,0.9976559147440386,0.9761904761904763,1.0,False,0.19097251228830936,8.96873721123459e-15,8.881784197001252e-16,1.6653345369377348e-16,1.1102230246251565e-15,1.1102230246251565e-15,8.326672684688674e-16,1.3322676295501878e-15,0.5446833719295432,0.15652361042531973,0.5658360365287778,0.16260217203343197,0.624177950226158,0.1793676681760563,0.3831160504453564,0.11009461738324007,0.11393438099775492,0.032740894222945655,0.013098442816130818,0.003764050210065144,0.0005526474727969935,0.00015881222411504695,-0.31107983574314313,-0.330543650387484,-0.17037690006818637,-0.13518980905249245,-0.012304959994874588,-0.002313866490827401,0.14301239772061264,0.06980595134873817,-0.011691199708722805,0.024693786116007414,0.1596258165175385,0.1020174701588616,2.0811391037571743,1.9018361648784852,-1.2961351178406946,-1.0481167419315867
smooth_crossnet,20260842,57,11110,2.013,3.479879939195637,True,True,32,1.7557066911422226e-12,0.7440979935807106,2.0743219016266794,0.23128187233670358,1.8430400292899758,0.8885024199207785,0.5960900772071326,0.06646260111783156,0.529627476089301,11.399623058334523,0.1819640781990678,0.1616755238185255,0.9945248812305709,0.8333333333333335,0.5,False,0.14685974565978516,5.873773689657469e-15,4.440892098500626e-16,1.1102230246251565e-16,7.771561172376096e-16,5.551115123125783e-16,6.106226635438361e-16,2.220446049250313e-16,0.5631301226996259,0.16182458376129827,0.6636761304898886,0.19071811156889945,0.46797319638502044,0.13447969601307305,0.26387969652665133,0.07583011515841154,0.0952435837757692,0.02736979017666467,0.018457412215794913,0.005304037075503611,0.0019617595339277,0.0005637434532816539,-0.13875975711768646,-0.15324012522182817,-0.028546325478562715,-0.046580499063309015,0.06687465140790422,0.19382055431036477,0.07468970505842143,0.05001111487884143,0.006973836526099172,0.01110069669769557,-0.16326024188043894,-0.1373067339526053,1.4297429422331493,1.2556542017649128,-0.5036168171681746,-0.42936121583336206
smooth_crossnet,20260842,58,14292,2.032,3.479879939195637,True,True,32,1.0812220008205031e-09,0.9099917658371095,6.243048000211969,0.356438452251959,5.88660954796001,0.9429063412230921,1.7940412052419914,0.10242837640379875,1.6916128288381926,25.322744087586834,0.24653915778710178,0.23246333523725873,0.9965116111662999,0.9523809523809524,1.0,False,0.22481560946286527,9.596490269103697e-15,1.3322676295501878e-15,1.1102230246251565e-16,6.661338147750939e-16,1.3322676295501878e-15,1.8041124150158794e-16,4.440892098500626e-16,1.0133811802683057,0.29121153544812967,1.742674150436403,0.5007857112562384,1.808486067097184,0.5196978340336678,1.145967616842639,0.3293124006765376,0.45027096152734314,0.12939267141251481,0.07417253986809372,0.021314683599468795,0.008095484171998872,0.002326368815433936,-0.5394919312464486,-0.5831832022784295,0.15106819246326658,-0.03698726766577732,-0.08173590857662565,0.012195846722849232,0.09150442783273095,0.059125309855904196,0.07421599613633284,-0.01809660697777533,0.5237286341607081,0.5827296568609267,2.4832609218278323,2.653877403809389,-1.7925585667606865,-1.759669374489979
smooth_crossnet,20260842,59,1456,2.041,3.479879939195637,True,True,32,2.9813473911843857e-09,0.8081241526789085,1.0918212861318246,0.6707563361304791,0.4210649500013455,0.38565372863641606,0.3137525734247589,0.1927527236142297,0.12099984981052916,3.816357817564108,0.28608986324786195,0.11033162248662035,0.9854204436844252,0.9047619047619048,1.0,False,0.582670067453968,1.2102034055872651e-14,6.661338147750939e-16,1.1102230246251565e-16,1.1102230246251565e-16,7.771561172376096e-16,3.3306690738754696e-16,2.220446049250313e-16,0.8150421468662874,0.23421559395945185,0.21653474686475752,0.0622247751785393,0.04983351018294522,0.01432046824996614,0.008399558568250434,0.0024137495301610793,0.001997248539512946,0.0005739417952375114,1.3801529995568343e-05,3.966093726428539e-06,2.735800728531874e-07,7.8617675791546e-08,-0.11553833243021164,-0.06916725547368816,0.004254553228773083,0.03070146504795823,0.013962869717068739,0.017713054801340816,0.028095556872170385,0.012103818535515646,0.0002115851267968054,0.00013771889602361948,0.0937578479777198,0.06653074913387039,-1.0124773751320484,-0.4182892128615505,1.7958574473186395,1.1683938145994377
smooth_crossnet,20260842,60,15570,2.109,3.479879939195637,True,True,32,1.0027134678125549e-10,0.9375754432478334,1.4481528207156704,0.34049552214754175,1.1076572985681286,0.7648759735320817,0.41615022530070567,0.09784691658823326,0.31830330871247237,10.284242403874163,0.14081278560393895,0.10770431647457711,0.9978574987743063,0.8333333333333335,0.5,False,0.2384863550915366,1.6135964092667265e-14,6.661338147750939e-16,2.220446049250313e-16,2.220446049250313e-16,1.5543122344752192e-15,3.885780586188048e-16,4.440892098500626e-16,0.621166935972668,0.17850240434336614,0.45438240938204455,0.13057416270719774,0.25948370619267314,0.07456685596246516,0.09284963042764316,0.02668184881375679,0.018238173803135464,0.00524103535806214,0.001994834234018079,0.0005732480053547991,3.713070348668852e-05,1.0670110502510945e-05,0.15418475833122486,0.1818366323199999,-0.0028691250193278797,-0.0061222809143048305,0.16123342209543998,0.0991508613430464,0.17489176894783207,0.06980219355543547,0.00104166628610879,0.002121757238917728,-0.11440890911874779,-0.07427423379082294,2.194240161516206,2.024169931408431,-1.6307382997909028,-1.3591094179128709
smooth_crossnet,20260842,61,15883,2.173,3.479879939195637,True,True,32,2.1629290802849255e-08,1.6679762923599013,3.6453010273659743,0.9643901376409085,2.680910889725066,0.7354429358779847,1.0475364354692576,0.2771331639285878,0.7704032715406698,11.492957195510954,0.31717694283154524,0.23326554202883534,0.9758792609028674,0.9047619047619048,0.5,False,0.700650951005451,1.7295951997009507e-14,8.881784197001252e-16,4.440892098500626e-16,4.440892098500626e-16,2.220446049250313e-16,7.771561172376096e-16,2.220446049250313e-16,1.7632913283748983,0.5067103920782041,1.270227671899074,0.36502054498830866,0.4515387301184935,0.12975698530072424,0.136137385448479,0.03912128804074393,0.021758041934817222,0.006252526614422945,0.002255575206180939,0.0006481761571068191,9.229438402920344e-05,2.652228974616204e-05,0.03333825583443878,0.023357625970431457,0.2909311212148775,-0.1097513974545707,0.001453194956463416,-0.01866940647615053,0.020195132082727964,0.0017510718818762642,0.0539589416893482,0.17855844819482386,-0.12007528230524414,-0.07329717499512993,-1.6275102614012043,-0.834497737575886,3.0156851902884934,2.5005248628145065
smooth_crossnet,20260842,62,16663,2.193,3.479879939195637,True,True,32,1.0685896612017132e-15,0.4519557671880803,0.41235716483273777,0.08520065591309227,0.3271565089196455,0.7933814101480405,0.11849752636237582,0.024483791797939476,0.09401373456443633,2.8008220485744415,0.14722719176058285,0.11680731701114719,0.9941335386281325,0.9285714285714287,1.0,False,0.048715505266077874,3.728354430743153e-15,1.1102230246251565e-16,7.45931094670027e-17,5.551115123125783e-17,3.3306690738754696e-16,9.71445146547012e-17,2.220446049250313e-16,0.14978336730985825,0.04304268248532741,0.12363585294068345,0.03552876969923895,0.09194294459686009,0.026421297919293273,0.03209605810964124,0.009223323410709432,0.013380338561536469,0.0038450575293782377,0.001427537414201124,0.00041022605352617267,9.106589995606994e-05,2.6169264902029785e-05,-0.2628376337952898,-0.1978305227825593,0.033152003928240276,0.007072423020287452,0.015518993742794057,0.03218055513307508,-0.010813850080791223,-0.007281866570710376,-0.061946707760257326,-0.06449851757645625,0.13668482744107574,0.12562591430403247,0.28562971299262574,0.25823919909632725,0.3165684207196828,0.29844858256408413
smooth_crossnet,20260842,63,11025,2.223,3.479879939195637,True,True,32,7.973621762857874e-13,0.7348733483571939,2.096443776577022,0.28954585264260235,1.8068979239344198,0.8618871367419356,0.6024471571457745,0.08320570183508398,0.5192414553106905,8.240012001553307,0.25442241785349656,0.2192834092467105,0.9966051738824241,0.9761904761904763,1.0,False,0.3298377492048199,6.0641595911459234e-15,3.885780586188048e-16,1.3877787807814457e-17,3.3306690738754696e-16,5.551115123125783e-16,4.440892098500626e-16,2.220446049250313e-16,0.8833608194592867,0.25384807375379526,0.8126207418053654,0.23351976390116494,0.32382086759288126,0.09305518387158247,0.06889699927176056,0.019798671355220916,0.00761467736601465,0.0021882011733355255,0.000129671081712248,3.726309067496767e-05,1.231653667943533e-16,3.539356786625879e-17,-0.011273441251421745,-0.011582616903190193,5.551115123125783e-18,0.0,0.02630530194771719,0.08580318804792691,0.029563588811385464,0.020424735609072184,0.11363813465470765,0.14865977081101753,-0.35233670313439963,-0.2705975689898652,1.3250846700534562,1.0449868462649348,-0.39610820272425096,-0.2828210064827027
smooth_crossnet,20260842,64,17449,2.231,3.479879939195637,True,True,32,2.1094237467877974e-15,1.743436943938187,1.1885650803839645,0.1253862074510675,1.063178872932897,0.8945062331710422,0.34155347343928694,0.036031762486624784,0.3055217109526622,6.886619684639361,0.1725904921154663,0.1543832709833422,0.9962354565194349,0.880952380952381,1.0,False,0.03226072485021386,3.559652572704408e-15,4.440892098500626e-16,2.220446049250313e-16,4.440892098500626e-16,2.220446049250313e-16,4.85722573273506e-16,2.220446049250313e-16,0.20709701838008748,0.059512690667126084,0.41444650189405846,0.11909793128950777,0.3191518394135618,0.09171346281772373,0.17019290814956609,0.04890769541575208,0.06354381820432078,0.0182603478610267,0.013135876603727347,0.0037748074167075034,0.0009971177386412294,0.00028653797144269003,0.22077111167918045,0.24132398215416628,-0.09126604430813745,-0.04276084942333371,0.18989978317973646,0.13948409907458123,0.1226564893994119,0.155872856401164,-0.1557264627816556,-0.1944796554291276,0.1476286354616252,0.12716681182870043,0.9266336598270242,0.9497454349165505,0.3828397714810014,0.36708426441548586
smooth_crossnet,20260842,65,11267,2.256,3.479879939195637,True,True,32,1.290079154614432e-13,1.3888126180259934,1.2293156017915106,0.27752071614334417,0.9517948856481664,0.7742477881685494,0.3532637973928672,0.07975008362141717,0.27351371377145,6.186815199056767,0.1986992599971194,0.15384246256349723,0.9956303043979796,0.9285714285714287,1.0,False,0.09482504872671704,5.972652927788147e-15,2.220446049250313e-16,1.3877787807814457e-17,6.661338147750939e-16,4.440892098500626e-16,2.0816681711721685e-16,2.220446049250313e-16,0.4385871182471884,0.12603512934660796,0.4425264702427092,0.127167166102,0.23224111517506452,0.0667382551217403,0.08601022114888124,0.02471643351257751,0.023123478041195765,0.006644906848866941,0.006493732741884722,0.0018660795358893122,0.000333466194586139,9.582692518501619e-05,0.3820948415417464,0.4524356943487372,0.024798340327569432,0.07143332731718091,0.1590781410362805,0.06432107393616651,0.09180453422914783,0.07171266868669574,0.00740612007755453,0.013584347679669491,-0.28409749808907436,-0.21242908191845192,1.610813012881268,1.4481412293804896,-0.6030848739784984,-0.5203866414044945
smooth_crossnet,20260842,66,8013,2.262,3.479879939195637,True,True,32,1.5656365093263958e-12,1.4446649972864536,1.4178826683479957,0.2819267435134281,1.1359559248345676,0.8011635590116164,0.4074516055504302,0.08101622712265026,0.3264353784277799,6.483788190325623,0.21868121331656085,0.17519941914967438,0.9961657073424063,0.9761904761904763,1.0,False,0.09551863174960773,5.421010862427522e-15,8.881784197001252e-16,5.551115123125783e-17,8.881784197001252e-16,6.661338147750939e-16,4.440892098500626e-16,2.220446049250313e-16,0.4250291727995848,0.12213903359488572,0.5238629813396374,0.1505405331486024,0.2852435887651555,0.08196937645816844,0.12942344410577244,0.03719192798809267,0.04216576219785699,0.012117016372583092,0.010701237098418928,0.0030751742259511644,0.0014564820415690263,0.0004185437621464858,0.2725203970467456,0.33650448944762645,-0.0022707187060760454,0.030298120046024182,0.22256828270203327,0.12622442886949062,0.047298472099076026,0.035047271917424815,0.003173321064191025,0.007834351016268296,-0.2512770091022658,-0.16602901953805566,1.6781618438756223,1.5048301543763871,-0.5255095916928719,-0.43004479884871294
smooth_crossnet,20260842,67,10222,2.296,3.479879939195637,True,True,32,1.935562821131498e-12,1.4086750480848231,1.3040804026673651,0.20113447130620826,1.102945931361157,0.8457652834174888,0.37474867680888985,0.05779925595729025,0.3169494208515996,6.393181001930077,0.2039798970612076,0.17251911544944243,0.9976373473888632,1.0,1.0,False,0.08343628860177099,5.427082394593441e-15,6.661338147750939e-16,1.1102230246251565e-16,8.881784197001252e-16,8.881784197001252e-16,6.106226635438361e-16,2.220446049250313e-16,0.36131164921007775,0.10382876867113805,0.48983557642810777,0.14076220587694518,0.25855252533406214,0.07429926602405304,0.13353927079416167,0.03837467761173072,0.04873235851041395,0.014004034438520966,0.010740244159776802,0.0030863835383525833,0.001368778230763114,0.00039334064814876995,0.2827520518806992,0.3460708150976338,0.00847398000608021,0.023362321120908122,0.19600292955583115,0.11728292400320402,0.08006820214231677,0.058662653199230495,-0.03078997458934581,-0.04094760409754701,-0.13565564355272636,-0.10289762750584408,1.7007639774938534,1.6099126901915586,-0.6929404748518846,-0.6027711239243218
smooth_crossnet,20260842,68,13255,2.305,3.479879939195637,True,True,32,5.795364188543317e-14,1.121352082883636,0.46246348955123673,0.11372349254584613,0.3487399970053906,0.75409195511585,0.1328963922985612,0.03268029200229619,0.10021610029626501,3.96923260346648,0.1165120656187672,0.08786081135704238,0.9983627869854937,0.8333333333333335,1.0,False,0.05366285234017282,7.344819197285801e-15,2.220446049250313e-16,1.1102230246251565e-16,0.0,6.661338147750939e-16,3.469446951953614e-16,2.220446049250313e-16,0.19142229654130963,0.05500830485133239,0.1652343515765633,0.04748277367717366,0.07608286965555067,0.021863647880086625,0.02387224991836525,0.006860078604862225,0.005056996297997475,0.001453209991827012,0.0007444073816635578,0.00021391754734952873,5.031817978550478e-05,1.4459745929376994e-05,0.17266928757081582,0.1899069824016455,-0.025629477266604826,-0.05210638230442151,0.06807101871746044,0.03600484053012318,0.13042717174021012,0.07997811838526306,0.028024948800643427,0.035145517010048755,0.04291810633700608,0.03818675037126045,1.502145944331642,1.5231833344096501,-0.7972749173475371,-0.7289470779199343
smooth_crossnet,20260842,69,6618,2.306,3.479879939195637,True,True,32,2.327027459614328e-13,0.8407732475400047,0.7340959876947619,0.14839492702357038,0.5857010606711915,0.7978535102888027,0.21095440087638362,0.04264369162628966,0.16831070925009395,3.7525031768618016,0.19562834542586116,0.1560827621100138,0.9973941988033092,0.9761904761904763,1.0,False,0.12293546239106723,5.10702591327572e-15,8.881784197001252e-16,1.1102230246251565e-16,3.3306690738754696e-16,5.551115123125783e-16,6.661338147750939e-16,2.220446049250313e-16,0.36093230220016775,0.10371975714874694,0.23155518171591785,0.06654114100541098,0.10027883527649653,0.028816751447946695,0.033034577854427996,0.00949302229721863,0.006918578584373757,0.001988165886542903,0.0013225054340915594,0.0003800434087381912,5.40066292848587e-05,1.5519681778832336e-05,-0.18822358465632216,-0.1726605579457662,0.19993757807537443,0.24741385109200148,0.028943923768888956,0.07691074543210089,0.04172065661638245,0.023755050108808014,0.014361532558262368,0.021730431166384265,-0.0980046775925487,-0.09615862946459611,1.2334153919926498,1.1029860714766542,-0.3913775732226828,-0.3632037143255824
smooth_crossnet,20260842,70,15039,2.414,3.479879939195637,True,True,32,1.6005374803285122e-10,1.3310276689106242,1.9647786289035467,0.22845726834134455,1.736321360562202,0.883723659764746,0.5646110392411121,0.06565090529937986,0.4989601339417322,9.827484149006754,0.19992691914971172,0.17668014867647372,0.9980291459511778,0.9761904761904763,1.0,False,0.23925057225470425,1.2879454447389804e-14,2.220446049250313e-15,2.220446049250313e-16,1.5543122344752192e-15,1.5543122344752192e-15,1.7208456881689926e-15,2.220446049250313e-16,0.6676431937803533,0.1918581116148153,0.7834523931082097,0.22513776532454224,0.31774030478050125,0.0913078354231801,0.15612317538677206,0.04486452926961021,0.031721847488056426,0.009115787912898176,0.007939063102519935,0.0022814186814603217,0.0001586512571318964,4.5591014605109654e-05,0.3158710658822502,0.3641242587572438,-0.008115034150151069,-0.0094026395922456,0.25452891192486904,0.1250747884528679,0.05587448195719055,0.04195689256196154,0.026436037122679362,-0.03787044451687378,0.14810029437466504,0.12860882598219758,2.626020526921345,2.628955599978216,-2.087688615122222,-1.9104196127127449
smooth_crossnet,20260842,71,19348,2.446,3.479879939195637,True,True,64,1.2487566536378836e-11,1.3148184820331956,3.7025391707334654,1.7653593110387154,1.93717985969475,0.5232030696682674,1.0639847452867282,0.5073046604725024,0.5566800848142257,12.67238259954083,0.2921738782466703,0.15286626997554048,0.9901176072409902,0.8095238095238096,0.5,False,1.5877595082242775,1.7215395775593834e-14,1.3322676295501878e-15,2.220446049250313e-16,2.4424906541753444e-15,2.220446049250313e-16,1.9984014443252818e-15,2.220446049250313e-16,2.390703527092313,0.6870074740696129,0.82501122303919,0.23708036985606135,0.32047672541653127,0.09209419032158,0.13603591455710362,0.039092128732621696,0.027278713345145422,0.007838981178026162,0.002828890410235452,0.000812927589360839,0.0002041768729427595,5.867353946410988e-05,0.0960166448260447,0.05353434890313802,-0.1802745871455557,0.021499890522774935,0.156855159224258,0.23550844372691088,0.021895335346372533,-0.001416074022579597,0.015617444119743569,0.017214846177933618,0.0915118642555974,0.06217708551093952,-2.577573301236868,-1.094239154427326,3.6907699226436055,2.0205390956414044
smooth_crossnet,20260842,72,11032,2.48,3.479879939195637,True,True,32,1.9673151996357774e-13,1.9340408196077685,0.36452125262375507,0.11742812317511347,0.2470931294486416,0.6778565794726973,0.1047511003233097,0.033744877762149635,0.07100622256116007,4.637910810253807,0.07859600314388254,0.05327681785133759,0.9993535700525967,0.9761904761904763,1.0,False,0.08950519820642061,1.1755028374305088e-14,4.440892098500626e-16,1.1102230246251565e-16,8.881784197001252e-16,6.661338147750939e-16,1.3322676295501878e-15,2.220446049250313e-16,0.20269577478156386,0.058247921860320365,0.10379583983369055,0.029827419809685334,0.04505669970691686,0.012947774203190345,0.011427405012488888,0.0032838503661509356,0.0014942418654764406,0.00042939466061631706,5.067180057435494e-05,1.4561364604454589e-05,6.196230423532325e-07,1.780587414451018e-07,0.015662758697537242,0.017404774019210967,-0.0333572700899787,-0.040196714536173905,-0.012904524805502523,-0.0046758258445317325,0.20135353939162165,0.1432522382704375,0.02673320221450742,0.04275515825128894,0.4844508203567892,0.468424732129828,2.2660683446405647,2.22960705525979,-1.0139660507977695,-0.9225305979420823
smooth_crossnet,20260842,73,19241,2.542,3.479879939195637,True,True,64,6.95266066941258e-12,1.5205027037840482,7.66408936202955,1.5967154929479088,6.067373869081641,0.791662725012241,2.2024005126455823,0.45884212123622414,1.7435583914093584,22.93424092063574,0.33417671805887267,0.2645552512541345,0.9894804433570782,0.9285714285714287,0.5,False,1.449659010442202,1.7446981359636737e-14,8.881784197001252e-16,2.220446049250313e-16,6.661338147750939e-16,1.5543122344752192e-15,6.661338147750939e-16,2.220446049250313e-16,3.050603380560539,0.8766404111245504,2.279052072651824,0.6549226158585861,1.3369904754051856,0.3842059205393812,0.7024996377067863,0.20187467670771617,0.25989698310288173,0.07468561779259432,0.03272528380875918,0.009404141631485,0.0023215287935712836,0.0006671289912685601,0.29598235882265417,0.19997309155788706,-0.2763303232892236,-0.07503327310027831,0.2626326179705686,0.3311879192808406,0.018886643252002344,0.006826739908945303,-0.023635609486449053,0.05361317947549157,0.08970563588434805,0.06819521451240308,-2.250177138686971,-1.0005627862002195,3.4034385193171195,1.93630261834898
smooth_crossnet,20260842,74,16647,2.589,3.479879939195637,True,True,32,1.27675647831893e-15,1.0900889716581867,0.19164113454551523,0.05810086069332257,0.13354027385219266,0.696824688336817,0.055071191504903604,0.016696225648161984,0.03837496585674161,1.8746356096873746,0.10222847232560275,0.07123532336743707,0.9977542633452103,0.9523809523809524,1.0,False,0.023935254064916756,5.482701966041947e-15,1.6653345369377348e-16,1.1102230246251565e-16,2.220446049250313e-16,0.0,1.3183898417423734e-16,2.220446049250313e-16,0.08808463487983517,0.025312549978432776,0.06884214722637871,0.019782908729400403,0.024765048375536648,0.007116638737042465,0.008129048399042015,0.0023360140410249378,0.001761538580928331,0.0005062067116417542,5.469047971528085e-05,1.571619730303752e-05,4.02660407802731e-06,1.1571100579286211e-06,0.0027215566235195016,0.0031449521944079714,-0.007680475430336207,-0.00820163278238612,0.2291579253454858,0.24247504862332753,-0.002770536556284193,0.01743812850944169,-0.12046178828940428,-0.13796897878995773,0.13139124479737618,0.12127590347188516,0.2846284027113646,0.25467123119613627,0.5731026424564656,0.5972543192353319
smooth_crossnet,20260842,75,20365,2.593,3.479879939195637,True,True,32,1.2490009027033011e-14,2.264386553155644,1.4458922098515246,0.2150464040836882,1.2308458057678364,0.8512707914058333,0.41550060206552347,0.06179707571560514,0.35370352634991836,5.838911124723011,0.247630453515443,0.21080057214027656,0.9914776430061857,0.9285714285714287,1.0,False,0.13806508593298678,7.941564073021823e-15,3.885780586188048e-16,1.3877787807814457e-17,0.0,8.881784197001252e-16,3.5388358909926865e-16,2.220446049250313e-16,0.4489200110090317,0.12900445384699052,0.5148877104326484,0.14796134333061586,0.3128674523983769,0.08990754217534734,0.13293018575586,0.038199647136845295,0.03185153887002848,0.009153056837182393,0.003996432658187211,0.0011484398105731696,0.0004388787273905707,0.00012611892796853677,0.474527269295726,0.5425142313810908,-0.0941453779721836,-0.02960924257688224,0.40851599231634506,0.20228578015911625,0.07784906366371916,0.07280676966469428,-0.02086959982593329,-0.024643497753368274,-0.14517527966884866,-0.10551827938899326,1.6664863439578117,1.668242203274654,-0.10280185861099236,-0.06169141160466854
smooth_crossnet,20260842,76,18638,2.624,3.479879939195637,True,True,32,1.6501644495292567e-10,1.5225928627827658,2.336140146416784,0.4116973367411915,1.9244428096755923,0.823770274496305,0.6713278007392333,0.11830791404727428,0.553019886691959,7.915829181865353,0.2951226072145074,0.24311323115515998,0.9968895937279928,0.6428571428571429,0.5,False,0.25503174255302496,8.179221189230645e-15,4.440892098500626e-16,5.551115123125783e-17,2.220446049250313e-16,0.0,2.220446049250313e-16,2.220446049250313e-16,0.881091807721504,0.2531960363911766,0.8386495376818257,0.2409995610008536,0.4076268362723975,0.11713818964875526,0.14703384816378798,0.042252563517399505,0.046793401001176994,0.013446843517248798,0.013448374722043625,0.0038646088247378365,0.0014963408540465723,0.0004299978390612081,-0.15081559414998508,-0.0956430843378165,-0.06486523157011136,0.012627839770536178,-0.0607553851180396,-0.07131941516287381,0.030517653856654683,0.02067790039363117,0.03444353080514448,0.12381255384189882,0.12846201919629294,0.1229079137344638,-0.5961269671985674,-0.4064642346469463,2.2017328369613773,1.8159933891898725
smooth_crossnet,20260842,77,8396,2.625,3.479879939195637,True,True,32,2.83550960489265e-12,0.9031546301264832,1.7142993242427769,0.26747217751313496,1.4468271467296419,0.8439758018155434,0.4926317442546686,0.07686247289754493,0.41576927135712366,7.079752828627868,0.24214112635554066,0.20436125126843624,0.9811117317469262,1.0,1.0,False,0.18692106552613497,4.105656786768108e-15,2.220446049250313e-16,1.1102230246251565e-16,2.220446049250313e-16,8.881784197001252e-16,2.0816681711721685e-16,2.220446049250313e-16,0.5859999525189271,0.16839660067536097,0.5853139080810493,0.1681994546674914,0.3967588444698128,0.11401509575112591,0.12833354135219605,0.03687872673614709,0.016530861585066756,0.00475041147220953,0.001347211945924874,0.00038714322604942446,1.500428979907335e-05,4.3117262840227596e-06,-0.32962759941802555,-0.4401878504820476,-0.011117487131226705,0.02330966599414407,0.38463405436610143,0.592079502272997,0.007817240889687846,0.006360392256198084,-0.0032788234849947004,-0.005978613277271565,-0.25104623599431264,-0.24752491635445686,1.33138140333168,1.1786261153083328,-0.2256079224324261,-0.20352966559141372
smooth_crossnet,20260842,78,19315,2.698,3.479879939195637,True,True,64,1.6286527682041196e-11,1.6078148677202668,4.241930016604822,1.8290568105063172,2.412873206098505,0.5688149490098691,1.21898746241956,0.5256091711397083,0.6933782912798517,14.066534432878248,0.30156184075375364,0.17153288307166864,0.9897188198987916,0.5952380952380953,0.5,False,1.4558120915524566,2.2081728806577772e-14,8.881784197001252e-16,4.440892098500626e-16,2.220446049250313e-16,8.881784197001252e-16,8.881784197001252e-16,4.440892098500626e-16,2.3384527474060333,0.6719923641809777,1.027576966501665,0.29529092510564775,0.5675297332523206,0.16308888328587084,0.2199553966553537,0.06320775443367614,0.0787698360876117,0.02263579131003557,0.008448480023643946,0.002427807904659143,0.0011968566781891282,0.00034393619869131967,0.1413891028370839,0.09125864842964758,-0.15781282032012495,-0.00023590680621887218,0.09093265767508595,0.18201736585335668,0.08246931125919987,0.020641167358724323,-0.0824837579581036,-0.04481378264312945,0.07720411509772152,0.04440474349650297,-2.75576405717418,-1.213038843675014,4.211880316303584,2.5275814757063984
smooth_crossnet,20260842,79,17995,2.83,3.479879939195637,True,True,32,3.779660584513067e-09,3.2647347148852655,2.561076686274114,0.404418062361306,2.156658623912808,0.842090608013125,0.7359669675460407,0.11621609636761948,0.6197508711784213,8.431075711936153,0.30376630145170125,0.2557987494833613,0.993801592875373,0.9285714285714287,1.0,False,0.35305528284500953,1.4795456526606188e-14,2.220446049250313e-16,4.440892098500626e-16,0.0,1.7763568394002505e-15,4.718447854656915e-16,2.220446049250313e-16,0.9054357329318838,0.26019165854933846,0.942907927900823,0.2709599021737437,0.5031428442022685,0.14458626532919072,0.15084330326849565,0.04334727229220517,0.052884353232558405,0.015197177533884243,0.005563936373830114,0.0015988874533171967,0.0002985883642517553,8.58042143605601e-05,1.430936807597216,1.2342589857474402,0.10437712114153812,0.06426524107972995,0.23092292256839755,0.2659493274932094,0.025134601614813276,0.037267162736557176,-0.067083875447321,-0.08969078139151612,0.07263840344826024,0.05061915749369001,-0.9692316059768575,-0.611972509662108,2.437040339939219,2.314038131388261
smooth_crossnet,20260842,80,14381,2.868,3.479879939195637,True,True,32,3.697322448203977e-10,2.223568685905774,5.829155619339843,0.34666090303881003,5.482494716301033,0.940529825299454,1.6751025096248673,0.09961863888871395,1.5754838707361534,25.273950000627913,0.23063888387826284,0.21692274916128362,0.9979027846590909,0.9047619047619048,1.0,False,0.22157575949472158,1.2465722898369336e-14,1.7763568394002505e-15,8.881784197001252e-16,0.0,2.220446049250313e-15,4.163336342344337e-16,6.661338147750939e-16,0.9053833886132501,0.2601766165595145,1.7271305574560738,0.49631900744693347,1.7150855861242285,0.4928576893720836,1.0271054103429769,0.29515541578724375,0.3764246077923651,0.10817172269436813,0.0691747253983428,0.019878480466867,0.008851343612604194,0.002543577297856475,-0.5227087541519274,-0.6406484780903136,0.28414642745781404,0.24974927092199228,-0.2106181064432873,-0.07395264224100434,0.13903676718104263,0.10445037153693781,0.03813995950746636,-0.12159766741303205,1.2602700197023855,1.315524446089361,3.3903563232016065,3.442702461237683,-2.155053950549326,-2.0526590761358516
smooth_crossnet,20260842,81,15735,2.875,3.479879939195637,True,True,32,2.0358242203144528e-08,1.511956615390304,4.076684933943676,1.150079960083513,2.9266049738601634,0.7178884366295738,1.1715016049910012,0.3304941492749747,0.8410074557160264,14.344390485257524,0.2842006384400576,0.20402435201885974,0.9905547270600994,0.9761904761904763,1.0,False,0.7457595446028022,8.271161533457416e-15,8.881784197001252e-16,2.220446049250313e-16,1.3322676295501878e-15,4.440892098500626e-16,6.661338147750939e-16,2.220446049250313e-16,1.8265811178697584,0.5248977406651468,1.2171325302890796,0.34976279399179955,0.6192535439952452,0.1779525600927438,0.33919209274406886,0.09747235498661255,0.06977198969645643,0.02005011406013737,0.004753659349066004,0.0013660411945605217,1.325979256949772e-15,3.8104166813762766e-16,-0.7244728040636206,-0.3938159384256626,-2.3261815754050896e-17,0.0,-0.017271292473444944,-0.006272287890838106,0.13309277790248342,0.05820472546097732,0.006834589316090323,0.018633455107763902,0.513864385374768,0.31316480285233317,-1.5825517785784533,-0.7859265545071792,3.182460737912482,2.307968412792909
smooth_crossnet,20260842,82,19114,2.911,3.479879939195637,True,True,64,6.692424392440444e-13,2.324060686738675,3.3140090310026094,1.188433427159183,2.1255756038434264,0.6413910112973837,0.9523343014439262,0.34151564074761886,0.6108186606963073,9.467528094961473,0.35003952433648367,0.22451220450823242,0.9885680865005048,0.8571428571428572,1.0,False,1.124125549609732,1.478851763270228e-14,1.3322676295501878e-15,4.440892098500626e-16,8.881784197001252e-16,0.0,6.661338147750939e-16,2.220446049250313e-16,1.94710512024287,0.5595322695796617,0.9009372832292102,0.25889895599026297,0.3826082343451667,0.10994868818192773,0.06669625678899235,0.01916625227145307,0.015456160475236506,0.004441578659408907,0.0011559995602982347,0.0003321952425075447,4.9976360833676277e-05,1.436151870378268e-05,0.6595447921745248,0.5243667124558492,-0.07122800734278971,-0.005370792161753669,0.18528692238642158,0.22848478932174607,0.050700430002057345,0.035486961645574314,-0.01153478338547454,-0.009970447106663291,0.03263510917240434,0.020601641561999392,-2.1370741690068127,-1.059260160242802,3.615730392738345,2.589721981264725
smooth_crossnet,20260842,83,282,2.93,3.479879939195637,True,True,32,1.318192621724279e-08,2.784214748735301,3.2505647965976205,0.7504976723499002,2.50006712424772,0.7691177628160345,0.9341025706044841,0.21566769126045632,0.7184348793440277,9.037776214641156,0.3596642270619315,0.276624145682831,0.98103131686803,0.9523809523809524,1.0,False,0.6003063040114098,1.3994014280704903e-14,8.881784197001252e-16,4.440892098500626e-16,8.881784197001252e-16,1.3322676295501878e-15,8.881784197001252e-16,2.220446049250313e-16,1.6004895814246027,0.45992666683625605,1.046037619829572,0.3005958935673396,0.4483730674129365,0.1288472807244541,0.13015447624448787,0.03740200194222006,0.023934069545590755,0.006877843478451454,0.001556952937568708,0.00044741570536154543,1.9029202859536945e-05,5.468350400599017e-06,0.7963977666110618,0.8577688486355521,-0.029435440310511093,-0.019550265731455563,0.6224781221929827,0.4874374940669314,0.004361594068212217,0.009062082135358907,-0.03519844984845477,-0.05291493712799707,0.03634906343524484,0.02393614796864225,-1.2435338169759191,-0.5689928892967122,2.6327959095626854,2.04746826808498
smooth_crossnet,20260842,84,4634,3.0,3.479879939195637,True,True,32,9.067101236492903e-10,1.3259618154965265,3.933688562667288,0.21523227943325474,3.7184562832340333,0.9452848704201144,1.1304092760098348,0.061850490015182814,1.068558785994652,16.71386224065215,0.2353548513221323,0.2224773801347871,0.9893075630481912,0.880952380952381,1.0,False,0.2031952702041052,4.5597206566050374e-15,4.440892098500626e-16,4.440892098500626e-16,2.220446049250313e-16,1.1102230246251565e-15,4.440892098500626e-16,2.220446049250313e-16,0.8068205830702937,0.23185299411702912,1.2822532166270557,0.3684762805131272,1.1263353687247346,0.3236707554298794,0.5425002509002902,0.1558962551523221,0.1485227934170904,0.0426804361105116,0.024858374118142075,0.007143457404420684,0.002397975809679706,0.000689097282544176,-0.6117017412459912,-0.6548303500987928,0.022474461017710067,0.0440645352786165,0.533285327960256,0.7159874397503837,0.06254393103725459,0.02974485009282471,0.04388018128262955,0.03409302170494628,0.20206203205570775,0.21300212543792763,1.3024911502738452,1.1788203365963017,-0.22907352688488555,-0.2349201432656823
smooth_crossnet,20260842,85,9293,3.109,3.479879939195637,True,True,64,7.149836278586008e-14,2.352356672069676,2.4390223592353255,1.0720519004096782,1.3669704588256473,0.5604583548197629,0.7008926749924302,0.30807151946095,0.3928211555314802,7.929620974592936,0.3075837252562417,0.1723878686264472,0.9871145121124446,0.9523809523809524,1.0,False,0.9339774045165847,1.4679230053715742e-14,1.1102230246251565e-16,4.440892098500626e-16,4.440892098500626e-16,8.881784197001252e-16,4.440892098500626e-16,2.220446049250313e-16,1.526547364649731,0.43867817031715967,0.5922837955419714,0.17020236499276348,0.2459359388581426,0.07067368505678673,0.06351827713139598,0.01825300821903586,0.009896055973371483,0.002843792356715308,0.000814920440899298,0.00023418061977381442,2.6006639810114687e-05,7.4734301942974605e-06,0.42558076054484584,0.3285183158043331,0.012960038649150254,-0.005206245548008192,0.12513161473109122,0.19263006369474175,0.09537874425422718,0.052566479806770545,-0.007697674688364305,-0.00681436245154156,0.14019112302532316,0.08956957791319005,-2.0049440641068013,-1.0012739248975964,3.5657561296602034,2.702366767747786
smooth_crossnet,20260842,86,1661,3.204,3.479879939195637,True,True,32,1.0332292577075464e-08,2.425654917069987,4.395667724876839,0.7973985139506374,3.5982692109262016,0.818594451660247,1.2631664889832042,0.22914540957839868,1.0340210794048055,12.107404259307437,0.36305616222384884,0.2971957600375052,0.9666266975629256,0.9285714285714287,0.5,False,0.5476143084163918,9.670432857267208e-15,8.881784197001252e-16,1.6653345369377348e-16,4.440892098500626e-16,2.220446049250313e-15,3.3306690738754696e-16,2.220446049250313e-16,1.886724173626388,0.5421808242219122,1.499115390353407,0.4307951471164613,0.7330404340034897,0.21065107038518394,0.2370926838263565,0.06813243214395485,0.036528938270653656,0.010497183497398822,0.003119236284821303,0.0008963631904905041,4.6868511720923704e-05,1.3468427802068713e-05,0.878622564657553,0.986091477217818,-0.09022415056393213,-0.08453421059357832,0.7275227986635064,0.47117870078613194,0.011848062446383763,0.026936893960850083,-0.0056963512584556585,-0.00791015107061886,-0.06246398885727679,-0.04520303887393474,-1.1068414871221417,-0.45495160719993255,2.07288746910435,1.5340468528432492
smooth_crossnet,20260842,87,17862,3.205,3.479879939195637,True,True,32,1.0093970104207983e-10,1.599088852800081,1.4638459053056634,0.48170649020889345,0.9821394150967699,0.670930875672799,0.4206598879511994,0.1384261809676797,0.28223370698351974,4.775194189768424,0.30655212063253356,0.20567528273533928,0.9907109645527071,1.0,1.0,False,0.37731220215300487,9.031404096804252e-15,1.3322676295501878e-15,5.551115123125783e-17,1.3322676295501878e-15,6.661338147750939e-16,1.27675647831893e-15,2.220446049250313e-16,0.8285063178740476,0.2380847421033595,0.4262580931990325,0.12249218382446857,0.1614272780287781,0.04638874928141673,0.039470799376180296,0.011342575050248384,0.0074105540777101644,0.002129543032287226,0.0007640855459628538,0.0002195723873564068,8.77720395099177e-06,2.522272062357586e-06,0.28864299236958174,0.21788001361338097,-0.015342497559038859,0.04610478599917519,0.17384338981773256,0.17949922420943676,0.0022623086005185565,0.0016826855849336735,0.0039720655198655615,0.0032164289890774106,-0.08803023064654458,-0.05260115438099829,-0.7494090240374298,-0.3702347280440012,1.9831498487353971,1.573541596829076
smooth_crossnet,20260842,88,18118,3.401,3.479879939195637,True,True,32,6.651568185134238e-11,2.5832525897783407,1.641191902474473,0.4547107326997079,1.186481169774765,0.722938717882944,0.47162313963447516,0.13066851174319905,0.3409546278912761,5.664723251457204,0.2897214620418199,0.2094508623116853,0.9911727902633342,0.9047619047619048,1.0,False,0.37270060379517067,1.6295341812022635e-14,8.881784197001252e-16,1.1102230246251565e-16,1.7763568394002505e-15,1.3322676295501878e-15,1.2212453270876722e-15,2.220446049250313e-16,0.8632093215500256,0.24805721364902997,0.49055188325050764,0.14096804827234846,0.22248847323687296,0.06393567511651004,0.05697027827859918,0.01637133443510918,0.007245041982689,0.0020819804445217924,0.0007129963493280379,0.00020489107721711935,1.3907826449106972e-05,3.996639738186405e-06,0.8242111598939588,0.6810945106780184,0.05799899884080903,-0.013379286572692158,0.14376591764826524,0.1743176735634397,0.042601709816107516,0.03513084112380121,-0.013268538715695955,-0.017126258586586302,-0.009286504510891632,-0.005764511863930174,-0.9573116865613132,-0.5366747024237419,2.4945415333671024,2.265654323860031
smooth_crossnet,20260842,89,11610,3.591,3.479879939195637,True,True,32,4.224398608698721e-12,2.428546047770851,1.096052502565139,0.22982706653057755,0.8662254360345616,0.790313816178784,0.3149684821650738,0.06604453904915504,0.24892394311591876,4.229974349077291,0.25911563808991595,0.20478266877044216,0.9942812543709738,0.9761904761904763,1.0,False,0.11137349514672207,8.766641926283292e-15,4.440892098500626e-16,1.1102230246251565e-16,0.0,1.7763568394002505e-15,2.636779683484747e-16,2.220446049250313e-16,0.4278900586941265,0.12296115560614194,0.442758993475002,0.12723398542805597,0.1717028133980038,0.04934159120377364,0.0438181825890212,0.012591866200748762,0.009115217040276699,0.0026194056115578664,0.0007519879472812098,0.0002160959459581325,1.5249421426213319e-05,4.382168837048491e-06,0.6534666120362758,0.7533506305750992,-0.015248705599809004,-0.010857881693454348,0.40807131148132125,0.2259339839564079,0.05835354583798513,0.04904707517024031,-0.04068787014132808,-0.04689850889607044,0.02543313056121648,0.022197473461337127,2.0117592500215005,1.982822277538202,-0.6726012264263108,-0.5470490023409122
smooth_crossnet,20260842,90,1571,3.866,3.479879939195637,True,True,32,5.897043964253612e-09,2.658811761161246,3.116232110298702,0.6744770873690438,2.441755022929658,0.7835600611584761,0.895499892165535,0.19382194189289959,0.7016779502726354,8.249119281066768,0.3777654321778353,0.2960019051408228,0.9802027431815461,0.9523809523809524,1.0,False,0.5576397444493637,1.021925599697937e-14,1.7763568394002505e-15,2.220446049250313e-16,1.7763568394002505e-15,1.3322676295501878e-15,1.3877787807814457e-15,2.220446049250313e-16,1.4213597169692975,0.408450791925264,0.9419922080227011,0.2706967551991002,0.5063118231988788,0.14549692289553848,0.20611391857704778,0.05923018097707426,0.036168623222658486,0.010393641118267644,0.0041491295431808,0.0011923197396689089,0.00013669076493492667,3.92803106208665e-05,0.7655286619550381,0.7190475016235929,0.03633598473721569,0.00944951777992,0.47665564711908176,0.4453756588869063,0.026992930804888675,0.029851973441892485,-0.007230337530942658,-0.008412167014454016,0.2439796889292087,0.17347116719500175,-1.2081165730849923,-0.5364985283529528,2.3246657582317463,1.8265266376013383
smooth_crossnet,20260842,91,18148,4.473,3.479879939195637,True,True,32,3.2868232580085532e-09,3.5717231262204017,2.994707524140434,0.4761407929463497,2.5185667311940847,0.8410059115595887,0.8605778292548366,0.13682678749440078,0.7237510417604359,9.682727716429234,0.3092834593561011,0.26010921766608075,0.9918265383712592,0.9523809523809524,1.0,False,0.39011759708186167,1.053497566960715e-14,4.440892098500626e-16,2.220446049250313e-16,8.881784197001252e-16,0.0,5.273559366969494e-16,2.220446049250313e-16,1.1244262610315934,0.32312214233790515,1.0361043256719658,0.29774140021378376,0.529363830691633,0.152121291521912,0.24164346551525107,0.06944017314893518,0.058245617496856625,0.016737823865934844,0.004731445267610613,0.0013596576175855858,0.00019257846552160791,5.534054877942766e-05,1.2530037320728185,1.169956418500963,-0.020014139395193156,-0.01587917315983456,0.49240557574297406,0.42304344548875455,0.014270082872814699,0.03706558936936091,-0.1012515014422114,-0.14880876859793896,0.15476114711126046,0.10568513855713646,-0.9520599201718181,-0.5028495999573732,2.7306081494297576,2.503510076019334
smooth_crossnet,20260842,92,9313,4.878,3.479879939195637,True,True,64,5.284661597215745e-14,2.6483689007774034,5.468996306626598,1.1936569497980054,4.275339356828592,0.781741130753427,1.5716048835554763,0.34301670478721036,1.228588178768266,15.586160804197705,0.3508879688417993,0.27430355753016145,0.9814164407812167,1.0,1.0,False,0.9047453415798514,1.7181568667812286e-14,3.3306690738754696e-16,2.220446049250313e-16,8.881784197001252e-16,0.0,6.661338147750939e-16,6.661338147750939e-16,2.223907901345482,0.639076042910702,1.613663255003477,0.46371233582744525,1.0642637000027588,0.30583345362448333,0.41972040420799106,0.12061347274670862,0.1252073799929736,0.03598037351309163,0.02067400958359923,0.005941012317907141,0.00155965649031363,0.00044819261513779105,0.7105913690390288,0.6546376602521808,0.12312503557618029,-0.06443806979353525,0.29329724096088866,0.38029141247816856,0.03703971618527433,0.02500679920932129,-0.007865065835629424,0.0025186155490373383,0.14637937441590848,0.09679459733366282,-2.1263005750870767,-1.0300214781910182,3.47210180552283,2.5835793639395863
smooth_crossnet,20260842,93,6702,4.932,3.479879939195637,True,True,32,5.10702591327572e-15,0.8858557487658429,0.603230995173587,0.2180373070081137,0.38519368816547334,0.6385508888757103,0.1733482205460864,0.06265656023136025,0.11069166031472615,3.3761446719536963,0.17867451006609597,0.11409276722213765,0.9964582836282183,1.0,1.0,False,0.11536291011743963,4.7661527502462775e-15,6.661338147750939e-16,5.551115123125783e-17,4.440892098500626e-16,4.440892098500626e-16,5.828670879282072e-16,2.220446049250313e-16,0.29293513817735134,0.0841796680620718,0.2060481302694892,0.059211275638755674,0.07818591244813974,0.022467991371625355,0.023076851542205207,0.006631507967352271,0.002687413159043913,0.0007722718042005494,0.00028733696153591406,8.257094111193131e-05,1.0212615820626592e-05,2.93476096850261e-06,0.15973156676427,0.1681810506486477,0.06257330093468988,0.12869051641418838,0.003972120208076919,-0.0013853049533414953,0.045879211226756526,0.029741661789432654,0.006019514872260112,0.00783017211982427,-0.267840511865325,-0.18096560766526928,1.244438308168496,1.0478959757591249,-0.36891776154338196,-0.3141327153467646
smooth_crossnet,20260842,94,9850,5.0,3.479879939195637,True,True,32,1.029380930495094e-08,1.1284708579371732,11.055883579610619,0.7735937082416849,10.282289871368933,0.9300287758394674,3.1770876503762797,0.22230471216213815,2.9547829382141417,33.562997211334746,0.32940692125901305,0.30635791573156773,0.9949313352966361,0.9285714285714287,1.0,False,0.3544756663895672,1.519617764955683e-14,1.3322676295501878e-15,1.1102230246251565e-16,1.1102230246251565e-15,0.0,1.2212453270876722e-15,2.220446049250313e-16,1.8379910977537657,0.5281765836377135,2.7672531809369905,0.7952151307773658,2.8442722124266115,0.8173477999600341,2.2927067169422912,0.6588464995928115,1.0287239572452105,0.2956205315183939,0.2388911705309424,0.06864925649882085,0.04604524377480555,0.013231848391139828,-1.0108003916172337,-0.7185952911758012,-0.07559663741064779,0.004035818315415665,-0.06498213870948212,0.06699755659569097,0.15867188716077213,0.15041723558541853,-0.12005921733655063,-0.024276398080338882,0.48213866811758244,0.28074351087202937,-0.3800760610635894,-0.20608242355078518,2.1391747487963233,1.575230849375544
smooth_crossnet,20260842,95,10805,5.00001,3.479879939195637,True,True,32,1.6078249842621517e-12,1.477710922744807,1.0963119525172669,0.2324889460236909,0.8638230064935759,0.7879354088132782,0.31504303932125766,0.06680947333988481,0.24823356598137283,7.25540407637104,0.15110281122558966,0.11905925533587058,0.9980480147887206,0.9761904761904763,1.0,False,0.10359316468333846,5.0121582231832384e-15,4.440892098500626e-16,1.6653345369377348e-16,4.440892098500626e-16,1.7763568394002505e-15,9.020562075079397e-16,4.440892098500626e-16,0.3425478185514388,0.09843667728106091,0.41183474039342716,0.11834739921763548,0.24072331654705048,0.0691757534033467,0.07435975407382178,0.021368482641102207,0.023913552379329187,0.006871947537608647,0.0027630751578626824,0.0007940145080124109,0.0001696954143354668,4.8764732490940864e-05,-0.12777385062772362,-0.1325999621508917,-0.019871413396274025,-0.016042940046892565,-0.0537616130919908,0.012419845063812012,0.07892942217174714,0.0417901958323218,-0.13938608853087148,-0.17532316849631557,0.3731948613665851,0.3148561969303005,2.2877487517101476,2.1915008879507787,-0.9213691468568131,-0.7588901323383077
smooth_crossnet,20260842,96,14807,5.00001,3.479879939195637,True,True,32,1.3158629741383265e-09,2.852184670628713,4.582148816728276,0.35449359729735697,4.227655219430919,0.922635948443405,1.3167548584413016,0.10186949075584975,1.2148853676854516,19.89813340919418,0.23028033446650012,0.21246491479836388,0.9986487560330024,0.9761904761904763,1.0,False,0.23114045544860085,9.478529072737274e-15,8.881784197001252e-16,8.881784197001252e-16,1.7763568394002505e-15,4.440892098500626e-16,1.4432899320127035e-15,1.3322676295501878e-15,0.9164280974792892,0.26335049297451296,1.5359752678947751,0.4413874313864434,1.2458945753848094,0.3580280346317907,0.6564382318910001,0.188638183891693,0.1918160952070981,0.055121469291677855,0.031970760326899654,0.009187317058498744,0.0036257885444019103,0.0010419292066840672,0.3626825535560725,0.3618151111408171,0.32965215712677054,0.23165735617471322,0.18244986634852584,0.1058637963331203,0.14277127704652262,0.12251624875608691,0.03629626721514355,-0.06858667431712352,0.811291340813516,0.9377474206839103,3.1666141316509586,3.3946516490779195,-2.179572923128795,-2.233480237220731
smooth_crossnet,20260842,97,15672,5.00001,3.479879939195637,True,True,64,1.0685408113886297e-10,4.238438249759782,21.637630159499935,1.2847125520202132,20.35291760747972,0.9406260046710261,6.217924335775044,0.36918301046822044,5.848741325306824,50.455798434955064,0.4288432812612017,0.4033811422827373,0.9760223592481007,0.9523809523809524,1.0,False,1.2743202740812936,2.525757381022231e-14,1.3322676295501878e-15,4.440892098500626e-16,0.0,3.552713678800501e-15,4.440892098500626e-16,2.220446049250313e-16,3.772935347203166,1.084214229550479,6.1638459084633626,1.7712811982496486,5.445396238303604,1.5648230207511957,4.063857827910535,1.1678155278109632,1.7921502197444286,0.5150034630673719,0.35047704271108726,0.10071526858254164,0.048967575163747085,0.014071627762843387,1.1026076998863936,1.4956017284235723,0.502527395940362,0.2867232783217355,0.5853594202057715,0.6332069963055186,-0.0324229965452837,0.020972116719979436,-0.10736628033724988,-0.10236802439352222,0.48572404351911574,0.3043573668303895,-1.9943223177386784,-1.2088447395643804,3.696331284829351,2.808789527116493
smooth_crossnet,20260842,98,15698,5.00001,3.479879939195637,True,True,64,3.0555273422550044e-08,4.305434500872928,20.45408690153114,1.3008630065568019,19.15322389497434,0.9364008272371511,5.87781396454127,0.3738241057987455,5.503989858742524,49.377505391360955,0.4142389685224918,0.3878937127983256,0.9509627607405561,0.9047619047619048,1.0,False,1.2219050648073524,2.380214081387777e-14,2.6645352591003757e-15,2.220446049250313e-16,2.6645352591003757e-15,4.440892098500626e-15,2.886579864025407e-15,2.220446049250313e-16,5.326024133826586,1.530519508399384,6.5518073588173396,1.8827682199667406,4.933676615468069,1.4177720788288093,2.6777147682738747,0.7694848141493121,0.8725305694218137,0.2507358255651476,0.08389123424474917,0.02410750822171766,0.008442221478703795,0.0024260094101566008,1.4160319796233276,2.341194735900044,0.1680114420125598,0.22407275862394901,0.5816502924610809,0.39389241775094597,0.0954975954134494,0.051053757183488334,-0.03674337793271652,-0.37898582061687097,0.01282888529886093,-0.010099815634334743,-1.4469080230945601,-1.127269089425862,3.515065707090924,2.8115755570915733
smooth_crossnet,20260842,99,17110,5.00001,3.479879939195637,True,True,64,2.0509156595238665e-08,4.119249598994866,10.458057689422905,1.0413344224865733,9.416723266936332,0.9004275503720198,3.0052926745053883,0.2992443534495257,2.706048321055863,25.659608144062652,0.40756887754120996,0.3669862460123054,0.9667608570190979,0.8571428571428572,1.0,False,0.7637743414388852,4.378095108670266e-14,8.881784197001252e-16,4.440892098500626e-16,8.881784197001252e-16,8.881784197001252e-16,6.661338147750939e-16,4.440892098500626e-16,3.5979288888523024,1.0339232823313875,3.770526132557915,1.0835219026060594,2.0905749899045634,0.6007606660095844,0.776943579983068,0.2232673521956783,0.20079801061325703,0.05770256851438123,0.02051339378675079,0.005894856760918135,0.0007726937250419567,0.00022204608737753242,1.6413315222712876,2.2593566572342287,-0.06824790025472766,0.17740771792489196,0.6984751643268171,0.38683416387484465,-0.039255124937671276,-0.01217372544407548,0.007303491202081552,-0.22411468196022202,0.012207244891613317,-0.007011369357101646,-1.0673947809831879,-0.9168225111327706,2.934829982478654,2.4557733478550716
smooth_crossnet,20260843,0,18834,0.557,3.415132902899408,True,True,64,1.4654943925052066e-14,0.04162698177039981,5.358885268330617,2.0087041271925954,3.350181141138022,0.6251638117607358,1.569158630336461,0.5881774397380638,0.9809811905983973,17.09255277469839,0.31352164530176085,0.1960023868463462,0.5305404457927667,0.4523809523809524,0.5,False,1.7783367576060056,3.9343528435153985e-14,1.3322676295501878e-15,8.881784197001252e-16,1.6653345369377348e-16,1.8318679906315083e-15,6.661338147750939e-16,4.440892098500626e-16,2.5551648142690726,0.7481889832456499,1.1025937315323007,0.3228552922775601,0.8402326283237362,0.246032190316924,0.6063670353676142,0.17755298332689062,0.2191554370482774,0.06417186190974207,0.03313288333900597,0.00970178446375441,0.00223873845060765,0.0006555347959392699,-0.531598532869475,-0.3440605720697456,0.06342256315493047,0.11508073357917215,-0.03158151745658121,-0.04885976941302884,0.03925078191882928,-0.007641027491559391,0.03990727204206389,0.003285455735570284,0.24435256257544244,0.1295001807837734,-1.7757848749769636,-0.006276879008338232,1.9936587273821538,0.20059885965455784
smooth_crossnet,20260843,1,12797,0.598,3.415132902899408,True,True,32,4.101363693109761e-11,0.02457877259290142,1.399769304974206,0.43361959626373314,0.9661497087104728,0.6902206708470981,0.40987257151422074,0.12697005024185007,0.2829025212723707,4.902812313028408,0.2855033428986364,0.1970603088645859,0.46218024708402794,0.8571428571428572,0.5,False,0.3510974216794983,4.503342143635791e-15,1.1102230246251565e-16,2.7755575615628914e-17,4.996003610813204e-16,8.326672684688674e-16,1.1102230246251565e-16,4.440892098500626e-16,0.6977964513128706,0.20432483043938043,0.38142631637744284,0.11168710771215268,0.18494528525843973,0.05415463775990192,0.10338466746955492,0.030272516592775217,0.029113471445072266,0.008524842889819974,0.0030235973125303218,0.0008853527515615345,7.951579829320254e-05,2.3283368628405223e-05,-0.16754323989495884,-0.11937453747200788,-0.12370712087555344,-0.14117437828901122,-0.04250807845014389,-0.07623539418035126,0.00039822419515979216,-0.001947399413321303,0.010877124045932395,0.016820986508549175,-0.06694361297306742,-0.06419145260763123,-0.12761637764620243,0.24913849336652605,0.5416218541917357,0.1615424546801483
smooth_crossnet,20260843,2,19817,0.656,3.415132902899408,True,True,32,1.0443035325380379e-15,-0.17664098543303086,0.093894844219438,0.015372459941316982,0.07852238427812101,0.8362800421140206,0.02749375994700598,0.004501277220651045,0.022992482726354933,1.051034683590199,0.0893356286765964,0.07470960331194654,0.9964929690409752,0.880952380952381,1.0,False,0.015313552389635665,5.682520426431026e-15,8.326672684688674e-17,2.0816681711721685e-17,3.885780586188048e-16,1.1102230246251565e-16,9.020562075079397e-17,4.440892098500626e-16,0.056203659611932695,0.016457239354935923,0.02603506842475501,0.0076234422392907585,0.008770921886944694,0.002568251993794527,0.002300043715809907,0.0006734858587369167,0.0005608796703464543,0.00016423362905445757,2.3159075451166887e-05,6.781310159702746e-06,1.111834196284786e-06,3.2556103317116937e-07,-0.1490421497500176,-0.13876413800998882,0.03369756620731589,0.03762117987186464,-0.04176791364051535,-0.0415085609785065,0.004494827003200586,0.001378848798562813,0.0059821682105105495,0.004831691202397218,-0.041048568490799305,-0.04053056552404068,0.007243353211716108,-0.003862651516849929,0.0037997318155586343,0.004193210723530506
smooth_crossnet,20260843,3,2319,0.682,3.415132902899408,True,True,32,1.7486012637846216e-15,-0.0912027975971581,0.13431649671964224,0.04247307212354107,0.09184342459610118,0.6837836515927393,0.03932980078333382,0.012436725987290839,0.02689307479604298,0.9765372992256052,0.13754364203615707,0.09405009380484809,0.9929318587214006,0.9761904761904763,1.0,False,0.030163007949894266,7.0056807577323355e-15,5.551115123125783e-17,1.3877787807814457e-17,3.608224830031759e-16,3.191891195797325e-16,2.0816681711721685e-17,4.440892098500626e-16,0.09645412339084136,0.028243153673156596,0.02927463927338792,0.008572035146431371,0.00657849811854757,0.001926278802491845,0.0016434225944930397,0.00048121775673731266,0.0003536785843365148,0.0001035621729497689,1.148255877202971e-05,3.3622582483630876e-06,6.521992620657437e-07,1.9097331805507015e-07,-0.2017647697274175,-0.17128002745931545,0.00895955699400934,0.009672652198710137,-0.03626540486576425,-0.03635700076467646,0.02887751336559911,0.011082393848089015,0.0016781807262628398,0.0011949865002213722,-0.020548762461212323,-0.018354381845908468,0.09103006665963277,0.06692690417855512,0.03683082171173229,0.04591167574716631
smooth_crossnet,20260843,4,2961,0.699,3.415132902899408,True,True,32,1.7763568394002505e-14,0.40728221568824696,0.455121615315751,0.03379739868646083,0.4213242166292902,0.9257398516152368,0.13326615047085227,0.009896364108631683,0.1233697863622206,2.9531889300980056,0.15411191972084468,0.14266754569451404,0.9981790628971527,1.0,1.0,True,0.036976289499112996,5.262283664375644e-15,2.220446049250313e-16,1.1102230246251565e-16,3.885780586188048e-16,3.885780586188048e-16,2.0383000842727483e-16,4.440892098500626e-16,0.17204235917298594,0.05037647554709335,0.1578259372877846,0.04621370288511824,0.0892875735082035,0.026144684862015002,0.027783672425369055,0.008135458623522687,0.007048661389256774,0.0020639493658570485,0.0010849680603023846,0.00031769424240598644,4.8443471847659045e-05,1.4184944839637458e-05,-0.36722661245325905,-0.36945297170932245,0.00032200994799874575,-0.005251758571087349,0.029546447999115124,0.03395980040395541,0.05584980702123064,0.06229833841345146,0.2595662399961284,0.23360124469800408,0.17357112490530563,0.19247792032548314,0.278880591948537,0.2829093114177591,-0.02322739367680907,-0.023259669289996017
smooth_crossnet,20260843,5,9528,0.7,3.415132902899408,True,True,64,2.120081887824199e-12,0.39055910347363554,5.7297458778479,1.388061921640945,4.341683956206954,0.7577445926515849,1.677751947218046,0.40644448140290435,1.2713074658151415,15.691307304503406,0.36515414341566443,0.27669357765754105,0.9778560448124788,0.9285714285714287,1.0,False,1.0930004444232062,2.3392746073547244e-14,8.326672684688674e-17,1.1102230246251565e-16,8.881784197001252e-16,1.1102230246251565e-15,4.440892098500626e-16,4.440892098500626e-16,2.020485968099626,0.5916273320971659,1.4831914214335884,0.43429976624756716,1.2773450225582934,0.37402498200694984,0.6990931576937119,0.2047045247053753,0.2226353197161482,0.06519082157158025,0.025955186781773207,0.00760005174607921,0.001039801564755485,0.00030446884332750436,-0.2685877615310949,-0.2167542459440337,-0.025157859183030568,-0.14498005400956196,-0.07391793806407512,-0.11492820932525653,0.0035285121559602214,0.0046684704154698565,0.10651870905114759,0.14737445384962666,-0.058900599188646825,-0.038814254364477885,-2.0164309857544103,-0.742284627582683,2.7235070259877845,1.4962775704345532
smooth_crossnet,20260843,6,2903,0.725,3.415132902899408,True,True,32,2.0534650368997376e-12,0.11929615996988585,1.7997864093279636,0.1644996936568127,1.635286715671151,0.9086004356937908,0.5270033291530077,0.0481678746725067,0.4788354544805011,8.241086888635268,0.21839187399054472,0.1984309518597924,0.9190368705805844,0.8333333333333335,1.0,False,0.09029895981223283,7.771561172376096e-15,1.3877787807814457e-16,1.1102230246251565e-16,6.661338147750939e-16,3.3306690738754696e-16,1.1796119636642288e-16,4.440892098500626e-16,0.5434419059580793,0.15912760100689008,0.5648780269098767,0.165404405324988,0.46028911783094256,0.13477926948030705,0.16934630387374744,0.049587031804816266,0.05254603550180095,0.015386234444109036,0.008710775593707398,0.002550640294646235,0.0005742436598077526,0.00016814679725062133,-0.1148815977063273,-0.17211107955791619,-0.08189000097905529,-0.07766098075837928,-0.11337051908389437,0.023089562297401063,-0.04020767076354071,-0.026837454002459776,-0.04280685236996337,-0.09985457640066481,0.1965633581500886,0.17462810009928215,0.3090422469902969,0.28075501726658075,0.006847195732282013,0.017287571026042305
smooth_crossnet,20260843,7,2561,0.741,3.415132902899408,True,True,64,1.0743406164692715e-10,-0.22416849237637715,11.620832098989487,3.887980458918473,7.732851640071013,0.6654301150038506,3.4027466659126313,1.1384565606854196,2.2642901052272117,31.311022367445894,0.37114189254553626,0.24696899223932298,0.9421494218462212,0.9523809523809524,1.0,False,2.9889662690134866,3.3736902160796944e-14,1.7763568394002505e-15,4.440892098500626e-16,1.2212453270876722e-15,1.609823385706477e-15,4.440892098500626e-16,1.1102230246251565e-15,4.3127779363803285,1.2628433677409245,2.1682143848369173,0.6348843358324734,2.7643029567552597,0.8094276373280813,1.8185822531342946,0.5325070223739579,0.48110537205231385,0.14087456791033257,0.07259748300416344,0.021257586474168845,0.0032517128262060943,0.0009521482526918435,-0.6087146984150252,-0.3294602454974987,0.20551996180917384,-0.22019479412836523,-0.036385237591687186,-0.06542949266849057,0.023316635985524962,-0.002486065696390164,-0.041089621010542636,0.01430679171459654,0.22126748838547206,0.11610943052442622,-4.193353629083589,-0.6400240358077814,4.205270607544297,0.9030099191831278
smooth_crossnet,20260843,8,9579,0.797,3.415132902899408,True,True,32,6.716294187469884e-13,0.19428141604955784,0.7972087983164907,0.13020272023078847,0.6670060780857022,0.8366767645995068,0.23343419450518887,0.03812522789969546,0.1953089666054934,3.394189704042532,0.23487455558745074,0.1965140832556553,0.9534750490996806,0.9047619047619048,1.0,False,0.0890367661533954,6.8512903683704e-15,1.1102230246251565e-16,1.1102230246251565e-16,4.163336342344337e-16,5.828670879282072e-16,6.938893903907228e-17,4.440892098500626e-16,0.33197081149327107,0.09720582505337691,0.2655468858612848,0.07775594491091066,0.14757927080442487,0.043213331662475506,0.04135787872657136,0.012110181331877011,0.009155580243927191,0.0026808854894502672,0.001484788062106267,0.0004347672855851962,0.00011358312490381494,3.325877151292829e-05,-0.26087536201005945,-0.2766983499864456,0.06220423592747255,0.06229898048062921,-0.004522403449852068,-0.003547188786992523,0.009588354736849705,0.010595414460453036,0.1587403993447212,0.25304755595614153,-0.04201066045456375,-0.05465573310352264,0.07390815982376504,-0.02782649978167885,0.19724869213122506,0.23106723681097308
smooth_crossnet,20260843,9,12279,0.819,3.415132902899408,True,True,32,1.5026982436161518e-10,-0.19615054584607128,0.8494636932094578,0.2587148328025452,0.5907488604069127,0.6954374449777077,0.2487351787944396,0.07575542157756125,0.1729797572168784,5.884858361920514,0.14434734720314266,0.10038455032826359,0.9849252611277691,0.880952380952381,1.0,False,0.12785427131244143,7.108896804552955e-15,3.3306690738754696e-16,2.220446049250313e-16,0.0,3.885780586188048e-16,3.3306690738754696e-16,4.440892098500626e-16,0.4679772605478322,0.13703046817022113,0.2293929294269985,0.06716954682268633,0.09872083102107013,0.028906878246892614,0.04119061223059917,0.01206120329771905,0.011192549200279938,0.0032773392774195094,0.0009509095575095431,0.00027843998595259117,3.8601225166306694e-05,1.1302993547786882e-05,-0.5888295553056045,-0.7595353139026598,0.007890157836246879,0.00915637090011284,0.01549100710788365,0.09660393153294007,0.03383327393396481,0.01671580580101901,0.0014392812425079577,-0.00043825974184839075,0.031037451587793218,0.020725557540385017,1.136231138250633,1.0775289672098536,-0.8332433004994962,-0.6569076051858731
smooth_crossnet,20260843,10,5210,0.904,3.415132902899408,True,True,32,1.8895995879120164e-13,0.1950145075370835,1.0596440492766372,0.18189545112865824,0.877748598147979,0.8283428748995206,0.31027900799322095,0.05326160249114496,0.25701740550207597,6.33821824401869,0.16718326956895374,0.13848507014984868,0.9928830159384446,0.8333333333333335,1.0,False,0.1285957535227048,6.1825544683813405e-15,2.220446049250313e-16,1.1102230246251565e-16,7.771561172376096e-16,1.1102230246251565e-15,1.6653345369377348e-16,4.440892098500626e-16,0.45181465729016523,0.13229782562973752,0.3000727678552202,0.08786561940253099,0.17628631692856042,0.051619167376735296,0.10001759943517735,0.02928659067711935,0.027077841361965498,0.007928781143180907,0.004183593387393544,0.0012250162750157458,0.00019127301815361148,5.600748890071684e-05,-0.6841936094477757,-0.8529073378208692,-0.0889028837420093,-0.06945202324502815,-0.007531055552886556,0.07033601686530278,0.019080337236230694,0.01612226576014935,0.025516340038938337,0.015292688759454281,-0.12180260377131598,-0.11168428347162287,1.3188883311056447,1.3226250827633466,-0.2660403483297421,-0.1953179020736503
smooth_crossnet,20260843,11,7482,0.932,3.415132902899408,True,True,32,2.3314683517128287e-14,0.5054355363066441,1.2078921253931552,0.22477608246841696,0.9831160429247382,0.8139104662220934,0.3536881754638799,0.06581766767483183,0.28787050778904805,6.443148213679459,0.1874692441233429,0.15258317988673345,0.9959264336220711,0.9523809523809524,0.5,False,0.1607518674749197,6.8508566875014054e-15,4.440892098500626e-16,1.1102230246251565e-16,5.551115123125783e-16,4.440892098500626e-16,8.326672684688674e-17,4.440892098500626e-16,0.5509456213120764,0.16132479671415714,0.38504882564157955,0.1127478304913632,0.1989417020885031,0.058252989779578976,0.06108425082678879,0.01788634661184898,0.011092956537320443,0.0032481771142501225,0.0007634928807128058,0.00022356168922872937,1.5276106171256053e-05,4.473063451875275e-06,-0.4234319954711883,-0.3976394536516565,-0.03249928365048892,-0.050488617602503505,0.0014647213527190746,0.00017765555489104412,0.09571983883737381,0.024689371716546518,0.005433762580863339,0.008641549018210128,-0.26570998397145046,-0.1857678871624044,1.4001069590663862,1.2656377434686386,-0.2756484824375699,-0.15981482503507813
smooth_crossnet,20260843,12,13055,0.961,3.415132902899408,True,True,32,2.099431739566171e-12,0.25580333965938773,0.7612523451479754,0.32679845511684225,0.4344538900311331,0.5707094274326107,0.22290562821191556,0.09569128476358685,0.12721434344832871,3.3942337216921863,0.2242781162307394,0.12799763529970978,0.821615363502816,0.9285714285714287,1.0,False,0.24005445564221173,4.852888924045118e-15,1.1102230246251565e-16,5.551115123125783e-17,7.771561172376096e-16,9.992007221626409e-16,2.7755575615628914e-16,4.440892098500626e-16,0.447844770391442,0.1311353856862282,0.2139001361558191,0.06263303427348915,0.060669990052802575,0.017765045103016186,0.031333716303295664,0.009174962496098968,0.007101087335002965,0.0020793004362946533,0.0003837543106985392,0.00011236877790985419,1.8890598911981346e-05,5.531438877808664e-06,-0.2603555199949682,-0.20879884519011657,0.03685590672233307,0.040385897692853716,-0.016876957536948768,-0.023728946854850864,0.046775897901449495,0.015816043981621494,0.00270262661449377,0.0005513574835778678,0.057019354908159424,0.04624165817315176,-0.1592287785312455,0.11248301081022366,0.5489108095761153,0.2728531635629257
smooth_crossnet,20260843,13,12827,0.962,3.415132902899408,True,True,32,2.4416246802161368e-11,0.5660922233687953,0.8061798101289311,0.48409095652987005,0.3220888535990611,0.3995248324905952,0.23606103570508014,0.14174878995745158,0.09431224574762856,3.813641972445911,0.21139367983510027,0.08445702452568896,0.7437376894142533,0.9761904761904763,1.0,False,0.3387377016297569,4.115197765885981e-15,5.551115123125783e-16,1.1102230246251565e-16,3.3306690738754696e-16,7.771561172376096e-16,1.6653345369377348e-16,4.440892098500626e-16,0.45874280834303893,0.13432648783699505,0.24357565850825816,0.07132245374739743,0.07275190906092274,0.021302804643168416,0.025516485859804785,0.0074715938106366475,0.005190575191819539,0.001519875020797229,0.00038319268667182544,0.00011220432632255668,1.9180478413183136e-05,5.616319762226277e-06,-0.018735253841527924,-0.014748645865406097,0.15290321557250025,0.1175126942216801,0.07531374886194565,0.07977040129544277,0.018202467633449727,-0.002473123874216766,0.0012915940107601008,0.0004846435647521409,-0.0741407990088868,-0.07414705472497754,-0.366545907189999,0.10910178893025141,0.7778031573305536,0.35059151982126846
smooth_crossnet,20260843,14,2997,1.002,3.415132902899408,True,True,32,1.1102230246251565e-15,0.1396442519561507,0.12579006442595403,0.0401231625037599,0.08566690192219413,0.6810307500289239,0.036833138856517046,0.011748638675143742,0.0250845001813733,1.654451706816503,0.07603127000183,0.05177963283499791,0.9942378983883584,0.9761904761904763,1.0,False,0.018643224380902206,3.7732404006840525e-15,5.551115123125783e-17,4.163336342344337e-17,4.440892098500626e-16,3.608224830031759e-16,3.0357660829594124e-17,4.440892098500626e-16,0.06844827908619494,0.02004263993008388,0.040389678677437535,0.011826678441458946,0.0113165289056612,0.0033136423171272775,0.0044261668448121886,0.0012960452698793725,0.0011439859752129917,0.00033497553616193413,6.272938430580406e-05,1.8368065340165107e-05,2.6955523280666792e-06,7.892964650887193e-07,-0.2180991543648134,-0.21193524228598737,0.026965342679246617,0.05578707339370409,-0.015859859132373953,-0.012931107166912894,0.006973620701094373,0.00026137762320399137,-0.0020290319765755224,-0.001600258636674024,0.08800540279738736,0.06339690264119408,0.27173004052110805,0.26292762125143143,-0.018042109268922357,-0.016262114863808935
smooth_crossnet,20260843,15,5030,1.01,3.415132902899408,True,True,32,4.529709940470639e-14,0.6254686077325708,1.0178435878857686,0.2044734914203769,0.8133700964653916,0.7991110875443027,0.2980392320959548,0.05987277720488749,0.2381664548910673,5.623956164801725,0.1809835564252932,0.14462596660265173,0.9938578597075336,0.9761904761904763,1.0,False,0.1021825865866064,4.675079767757495e-15,1.1102230246251565e-15,1.1102230246251565e-16,2.220446049250313e-16,2.220446049250313e-16,4.718447854656915e-16,4.440892098500626e-16,0.4369620701782655,0.12794877464572163,0.2701797430595858,0.07911251208707173,0.2002238358759616,0.058628416980778086,0.08378652012416668,0.024533897364003875,0.022687813259493053,0.006643317816484203,0.003807102422695238,0.001114774309211525,0.00019650296559877312,5.7538892683193794e-05,-0.6273103306396345,-0.7731312054508619,-0.022774881458678002,0.041471011229126685,-0.017198528270011948,0.03928014130064271,0.03928035739243962,0.04493373092586223,0.005724536244175418,-0.027494477666823294,0.044008759309033495,0.04373266935892355,1.5378533460959014,1.5126958333478606,-0.3341146509406546,-0.25601909531216
smooth_crossnet,20260843,16,9116,1.026,3.415132902899408,True,True,32,1.887379141862766e-15,0.24907121740514193,0.8388159307578438,0.07391574720528386,0.76490018355256,0.9118808495464514,0.2456173609073014,0.021643593179794043,0.22397376772750735,6.972259772914589,0.12030761303765887,0.10970620838368611,0.9981638777793238,0.9761904761904763,1.0,False,0.03617983768180799,4.190658237090972e-15,4.440892098500626e-16,1.1102230246251565e-16,1.1102230246251565e-16,8.326672684688674e-16,1.7694179454963432e-16,4.440892098500626e-16,0.2404824444264123,0.07041671620517184,0.2614384732597375,0.07655294265057132,0.1855164463784088,0.054321881945182136,0.09923519623865354,0.029057491775621388,0.04342890054518596,0.012716606287361563,0.007513139617292058,0.0021999552670156674,0.0012013302921522649,0.00035176677637709195,-0.4023965607985135,-0.41939059212342644,0.018448121178761764,0.011817450520617098,-0.007562928565612989,0.010652600217403024,0.08225293197646809,0.04779912003674614,0.012927901236787515,0.02311010081891651,-0.08713833601853814,-0.08349784201860164,0.8768819781358745,0.8610447448533699,-0.24434188974008525,-0.2024643648998835
smooth_crossnet,20260843,17,20015,1.034,3.415132902899408,True,True,32,7.494005416219807e-16,-0.09243900866559862,0.04427636121348047,0.00540153163387016,0.03887482957961031,0.8780041655224008,0.012964754951671239,0.00158164609912672,0.011383108852544519,0.7791315865920483,0.056827834958080685,0.04989507581081434,0.9995848991683463,1.0,1.0,False,0.006586195143414672,5.159609718641267e-15,4.163336342344337e-17,2.7755575615628914e-17,4.163336342344337e-16,1.1102230246251565e-16,4.575333167888829e-17,4.440892098500626e-16,0.029202473008157745,0.00855090382671936,0.010318073810828561,0.0030212803144699396,0.003686539212456491,0.0010794716683870964,0.0009222558305667819,0.0002700497628609995,0.00013997468526733318,4.0986599715781576e-05,6.925091078081255e-06,2.027766202656984e-06,1.195751238626812e-07,3.501331493165707e-08,-0.09548149421804723,-0.09406235810496201,0.010237213094434098,0.01085276045466417,0.07453745118042053,0.07010154043966378,-0.030231461144681716,-0.031197082037795282,0.017540678261226843,0.01865085484317559,-0.02085174804045104,-0.020207491794122588,-0.038451506278997724,-0.0377531114219445,-0.00973814151950197,-0.00882412104427767
smooth_crossnet,20260843,18,1857,1.059,3.415132902899408,True,True,64,1.0976997089073848e-10,0.0020950245318489547,5.925066414651858,3.7875503606329985,2.1375160540188594,0.3607581593909365,1.7349446077549562,1.109049184416048,0.6258954233389081,15.957569565693678,0.37130130564430314,0.13394997560369032,0.877906657691957,0.9047619047619048,1.0,False,3.6355626841876862,2.7837974980737812e-14,1.7763568394002505e-15,2.220446049250313e-16,2.1094237467877974e-15,1.5543122344752192e-15,2.220446049250313e-15,1.1102230246251565e-15,4.218232979845877,1.2351592455639564,0.8627973866376218,0.25263947587665386,0.546720586104343,0.16008764567849867,0.26062340564794784,0.07631427913879475,0.03192006982165964,0.009346655233991003,0.004659125387028885,0.0013642588793757752,0.0001128612073773537,3.3047383684990955e-05,-0.4751269945167633,-0.31101435129086236,0.015453431125788493,0.07195125081053536,-0.015240774414885834,-0.023529917507878004,0.05180894993993329,-0.005250727779681891,-0.013396199183419381,-0.001184070686084711,0.14597137121152767,0.07790866357111778,-3.8326694301667557,-0.27794166094173783,4.125294670536426,0.47115583835644215
smooth_crossnet,20260843,19,19048,1.075,3.415132902899408,True,True,32,1.104324409695323e-09,0.3103304439696677,1.0850791040528112,0.6487971357577125,0.4362819682950987,0.4020738826004198,0.31772675761215374,0.1899771265729926,0.12774963103916115,4.184253604794295,0.25932441160104003,0.10426757302549951,0.8912530195118976,0.7142857142857144,0.5,False,0.5609732174208115,8.532237416591926e-15,4.440892098500626e-16,1.1102230246251565e-16,1.6653345369377348e-16,9.992007221626409e-16,5.551115123125783e-16,4.440892098500626e-16,0.7562303165791309,0.2214351060648621,0.19774059305293484,0.05790128779030983,0.08740925868832912,0.025594687285557666,0.03644587064822043,0.01067187476577509,0.006178100914710367,0.0018090367462610991,0.0010453065822376146,0.0003060807915704134,2.965758724595693e-05,8.684167816947325e-06,-0.17274693760276574,-0.13195796124649992,-0.06007089704891162,-0.08117013410727393,-0.01889134417066939,-0.02943548067212311,0.042641682981025254,0.017045805380170913,-0.009668758633373856,-0.006908479869263892,0.03281285188127549,0.027500821706556537,-0.6345886900342392,-0.02934080939690351,1.130842536597327,0.5445966821750037
smooth_crossnet,20260843,20,9519,1.089,3.415132902899408,True,True,64,1.2017054018542694e-12,0.259020054010332,5.336188549431319,1.6076534849897695,3.72853506444155,0.6987262593708204,1.5625127048206402,0.4707440473619315,1.0917686574587089,16.506937801169286,0.3232694406259485,0.2258768470174665,0.9820420574618693,0.9761904761904763,1.0,False,1.1196028341768463,1.8300465309817326e-14,8.881784197001252e-16,4.440892098500626e-16,3.3306690738754696e-16,1.5543122344752192e-15,6.661338147750939e-16,4.440892098500626e-16,1.919693822546754,0.5621139431841602,1.5091917352354007,0.4419130318337288,1.0985580913001969,0.32167359881295804,0.6612048897544245,0.1936102952810619,0.1267278495537561,0.03710773582081261,0.020228379557259174,0.005923160278794865,0.0005837814835247446,0.00017093960912300686,-0.8343054205183972,-0.6119198875000735,0.006839255310096531,-0.03200419265279902,0.02259378931894785,0.004575230942356763,0.08588778603209449,0.038689841132000864,-0.004480796598913675,-0.0024698814826899502,0.29238524631459667,0.2165417025856756,-2.19611792125677,-0.8128608844015475,2.8862181154086777,1.4584681253874103
smooth_crossnet,20260843,21,2993,1.098,3.415132902899408,True,True,32,1.1657341758564144e-15,0.26323127943887403,0.05938246501150727,0.03242792072030082,0.02695454429120645,0.45391420322452325,0.017388039265204658,0.009495361276502561,0.007892677988702097,0.7837133264947354,0.07577064597982969,0.03439337239774182,0.9957707945761918,0.7857142857142858,0.2,False,0.011461668130903283,4.138941793463413e-15,5.551115123125783e-17,1.0408340855860843e-17,4.996003610813204e-16,1.6653345369377348e-16,6.591949208711867e-17,4.440892098500626e-16,0.02976476910657285,0.008715552206270774,0.024557910835426893,0.007190909265808517,0.004154995121338194,0.0012166422916691328,0.0007509306725819078,0.0002198832941301864,0.00014685301546916147,4.3000673661773156e-05,6.85118857857247e-06,2.0061264885931353e-06,1.5507153820038628e-07,4.540717524308713e-08,-0.03594176278073758,-0.02924786955104964,-0.051961831779105155,-0.027137954034119748,0.036734261958070044,0.035894379545133595,-0.0074164208211202004,-0.014023190828721695,-0.000487152593822857,-0.0010813997824658445,0.038940088703354685,0.025064974249489554,0.2974269590308274,0.2869150523735723,-0.014062862278591784,-0.013152712532964609
smooth_crossnet,20260843,22,11936,1.16,3.415132902899408,True,True,32,9.506312403928519e-12,0.6619749614932833,2.1915102985282418,0.26181797650745975,1.929692322020782,0.8805308025778891,0.6417057141956833,0.07666406665614077,0.5650416475395426,11.296920851771205,0.19399182549682487,0.170815777798269,0.9964164655895943,0.8571428571428572,1.0,False,0.09953890964507639,9.478529072737274e-15,4.440892098500626e-16,6.591949208711867e-17,1.1102230246251565e-15,1.3322676295501878e-15,8.881784197001252e-16,4.440892098500626e-16,0.545922857377541,0.15985405924145993,0.5385345910841759,0.15769066867850628,0.48697492554814564,0.14259325753756452,0.3416452972628077,0.10003865353900424,0.21651165898874333,0.06339772569463621,0.059158209458632025,0.01732237401607633,0.002762758808194562,0.0008089754884353145,-0.12678639115163687,-0.19576283903247477,-0.026453240005621326,0.02812182401041104,-0.08173768692356484,-0.0012002836706738072,0.020210956268022898,0.01350228471089097,0.07466989042602291,0.03087232163330292,0.2445775707809885,0.2252648310361674,1.4623854255449324,1.339362877012982,-0.9048915634458593,-0.7781860542073238
smooth_crossnet,20260843,23,9470,1.162,3.415132902899408,True,True,64,2.5058177754999633e-11,0.8681150809860798,3.0182070690375893,1.4360692344167676,1.5821378346208217,0.5241979090338938,0.8837744107923785,0.4205017125973521,0.46327269819502637,10.744001642376,0.2809201980324831,0.14725778041401502,0.9952239657630961,0.6904761904761906,1.0,False,1.0386783815932294,1.97159996662144e-14,2.220446049250313e-15,4.440892098500626e-16,5.551115123125783e-16,3.3306690738754696e-16,8.881784197001252e-16,1.3322676295501878e-15,1.4605539488161616,0.42767118889463085,0.9810919556593066,0.28727782594533025,0.41223238855206923,0.12070756842349788,0.1349976641444444,0.03952925639580028,0.026190707053978808,0.007669015466936354,0.0030774878050928633,0.000901132662357038,6.291700653363605e-05,1.8423003825186495e-05,-0.2579026876675491,-0.2060977052468225,-0.006304611446633575,0.07236995625285915,-0.02993134665623777,-0.0463099583162859,0.031248087740650334,0.004041369229589804,-0.01678871044665664,-0.002154259817046413,0.020684463152779917,0.013854591909374606,-2.691307794762765,-1.4003525610958265,3.8184176810724924,2.432763648070238
smooth_crossnet,20260843,24,16444,1.167,3.415132902899408,True,True,32,9.670042544485113e-12,0.43236709226653813,0.9600931463866685,0.3116827742486075,0.648410372138061,0.6753619423056685,0.28112907277241267,0.09126519614624441,0.18986387662616824,4.405324301815572,0.21793926635344057,0.14718788622913204,0.8435862399567047,0.9761904761904763,1.0,False,0.21550709487699354,7.79888306712273e-15,4.440892098500626e-16,5.551115123125783e-17,2.220446049250313e-16,7.771561172376096e-16,1.6653345369377348e-16,4.440892098500626e-16,0.4548243858781562,0.13317911741941746,0.28288576255546866,0.08283301722029673,0.1420819984983632,0.04160365131844129,0.06735706833621966,0.01972311773841489,0.012208649822671724,0.003574868144167017,0.0006935616169137884,0.0002030848100596503,4.1719678873014835e-05,1.2216121614943686e-05,-0.15493513517146187,-0.11801050664196244,-0.010319187109285014,-0.011440609927204233,-0.02959392960099929,-0.03373546614610166,-0.002770895770792465,-0.0052356169315679515,0.06589688455604872,0.05705245604158656,0.10722526116423159,0.08145422500609541,-0.14960836110024367,0.1251497846188639,0.6064724552990404,0.3371328262468278
smooth_crossnet,20260843,25,12155,1.172,3.415132902899408,True,True,32,1.0028838870468348e-11,0.6334817175589078,0.7363460685560107,0.1765721244512328,0.5597739441047779,0.7602049742758941,0.21561271244549854,0.05170285592731256,0.16390985651818596,5.970010691028463,0.12334082913160734,0.09376431183716101,0.9979787433150472,0.9285714285714287,1.0,False,0.1249371942706693,1.0712351145025778e-14,2.220446049250313e-16,1.1102230246251565e-16,5.551115123125783e-16,1.1102230246251565e-16,8.326672684688674e-17,4.440892098500626e-16,0.3153957352938801,0.09235240450704357,0.21187648532409242,0.06204048022383309,0.12242919404757177,0.03584902770361611,0.0646964650131493,0.018944054844314478,0.019954892401613463,0.005843079308764819,0.0017320480909520613,0.0005071685759232307,0.00026124838475022056,7.649728200282446e-05,-0.12008658634915192,-0.16868293872431603,0.06302449959497436,0.07633677620864403,0.05061003906163099,0.032314694557675286,-0.017078668877975763,-0.028042075765447816,0.02621803503203308,0.018072912702617114,-0.03153184304850604,-0.022242122317103024,1.5980626359811232,1.507490737625898,-0.9357363938352196,-0.7817662667290598
smooth_crossnet,20260843,26,13083,1.18,3.415132902899408,True,True,32,1.6926460233435137e-11,0.5071997973153526,1.8012846785185266,0.4177046409901936,1.383580037528333,0.7681073702721235,0.5274420439067706,0.12230992259058711,0.40513212131618354,7.846010456116124,0.22957969385758192,0.17634185491682647,0.8173439561630366,0.7380952380952381,0.5,False,0.29309941467931644,7.192163531399842e-15,5.551115123125783e-16,1.249000902703301e-16,8.881784197001252e-16,1.3322676295501878e-15,4.440892098500626e-16,4.440892098500626e-16,0.6493714505961246,0.19014529421236162,0.5076860002630865,0.14865775789635216,0.3100032499984391,0.0907734073058328,0.22937639667446927,0.06716470579511895,0.08861011953288303,0.025946316600930545,0.014131197234249084,0.0041378176592342455,0.0021062642192737078,0.0006167444369399252,-0.2322044520896135,-0.1954291694531858,0.07484398775023282,0.0740407484443175,0.12180882274023042,0.1286389088133439,-0.0019252907959097128,-0.01078518295613904,0.026760455829780903,0.022262336792160747,0.1407415464732137,0.10799145343988971,-0.3096626090726411,0.0644366632080104,0.68683733648006,0.3160440390269539
smooth_crossnet,20260843,27,12928,1.216,3.415132902899408,True,True,32,4.290956479024999e-12,0.28249210090793375,0.6524326206299498,0.2938307738347735,0.35860184679517626,0.5496381319023133,0.19104164879675462,0.08603787383656859,0.10500377496018602,2.4553188649106215,0.2657221552581113,0.14605102902112474,0.720646888498529,0.9761904761904763,1.0,False,0.25563502669360566,7.053385653321698e-15,7.771561172376096e-16,5.551115123125783e-17,1.1102230246251565e-16,1.3877787807814457e-15,7.771561172376096e-16,4.440892098500626e-16,0.414761896861502,0.12144824481336407,0.15886775872565798,0.04651876317632649,0.05756541428808152,0.016855980696742184,0.019201432746932538,0.005622455492326739,0.0019421787911240074,0.0005686978651621787,9.381176384282033e-05,2.7469432818610146e-05,1.2745280689632874e-07,3.732001375059893e-08,-0.06901004173776289,-0.04840108213665032,-0.11546125462061249,-0.1435377910459408,0.0007619299008640461,0.0010115144831453322,-0.0004535450120318035,0.0006354106957401593,0.010086525179791212,0.013665633808275325,0.035216687358657815,0.027435593467206015,-0.08873223483743667,0.17957193047768596,0.5100840346764643,0.25211089115847074
smooth_crossnet,20260843,28,15342,1.256,3.415132902899408,True,True,32,2.021932621332212e-11,0.6107580762212839,0.46672192869200163,0.1749266390511109,0.29179528964089074,0.625201585146542,0.1366628889598294,0.05122103415143821,0.08544185480839118,3.863493172952496,0.12080309393567039,0.07552628581918774,0.9994362097700173,0.9761904761904763,0.5,False,0.12687952416630166,4.2483377926672006e-15,6.661338147750939e-16,5.551115123125783e-17,1.5543122344752192e-15,4.440892098500626e-16,6.938893903907228e-16,8.881784197001252e-16,0.2693105006627455,0.07885798541957298,0.12902857822404973,0.037781422244067275,0.04861099819535723,0.014233998962115666,0.016614601331345534,0.004864994073068118,0.002690594270098708,0.0007878446744530571,0.0004637062677568588,0.00013577986009363725,2.949740646093855e-06,8.637264580800236e-07,-0.0830015096502099,-0.11401200835455069,-0.03252674251399781,-0.030701278895720708,-0.02749398413102831,0.0202863670243157,0.0606541474830518,0.06092685590587067,0.0007073073219291503,0.001872344156983928,-0.08707144273637098,-0.08305983261921714,1.8788680400091966,1.7349518996624254,-1.0993777395612851,-0.9795062706588237
smooth_crossnet,20260843,29,13936,1.286,3.415132902899408,True,True,32,1.8753848474162282e-10,1.1809900510005928,5.3419415254140015,0.7916098462466992,4.550331679167302,0.8518123340585706,1.5641972588764423,0.2317947408648816,1.3324025180115606,16.31255430856525,0.3274742523069549,0.2789466072016725,0.9494995719886044,0.9047619047619048,1.0,False,0.26210351355229045,8.31279489688086e-15,6.661338147750939e-16,1.1102230246251565e-16,6.661338147750939e-16,6.661338147750939e-16,4.718447854656915e-16,4.440892098500626e-16,1.2683257006187452,0.3713839949074753,1.7487144857327923,0.5120487358627109,1.407459981666631,0.41212451218859275,0.6445656137254141,0.18873807610186574,0.2279602182881073,0.0667500284087251,0.04092683599581433,0.011983965824893058,0.003988689386495036,0.0011679455821788619,0.1400125958047969,0.30534684835063236,-0.040857115089217404,-0.15949397906877438,1.214485292158614,0.7751209981193642,-0.6571269984492492,-0.4297366765599767,-0.0008965887816840407,-0.2345052770095768,0.052715755126683195,0.0848438354517618,1.2610639648580217,1.4724827683941764,-0.7884068546273716,-0.6330684666770146
smooth_crossnet,20260843,30,243,1.375,3.415132902899408,True,True,64,3.774758283725532e-15,0.772303771468261,2.883704683774205,0.5700641826798586,2.3136405010943464,0.8023153390541516,0.8443901791716432,0.16692298627555044,0.6774671928960927,11.07208790754475,0.2604481384047889,0.20896153647026083,0.969046092884852,0.6666666666666669,0.5,False,0.3275597816302982,2.0139272194352742e-14,4.440892098500626e-16,1.1102230246251565e-16,2.220446049250313e-16,8.881784197001252e-16,3.608224830031759e-16,4.440892098500626e-16,0.9541102069826848,0.2793771821215673,0.8211171030050999,0.24043488975435803,0.5409274165221809,0.15839132235906248,0.3978101048698277,0.11648451646847816,0.13968326813890364,0.040901268592011215,0.029334734517328223,0.008589631897611767,0.0007218497381778798,0.00021136797855364218,-0.11915672935713068,-0.04054356102424694,-0.06060990132748999,-0.36184222926448045,-0.08711731231979145,-0.14871952913243844,0.010871925207759191,0.005412591777552841,-0.09262057009430959,-0.07215621935080949,-0.059795084460668224,-0.06277509839027175,-0.8823817759629133,-0.4113951123594383,2.0631132197828053,1.8643229292123944
smooth_crossnet,20260843,31,12361,1.375,3.415132902899408,True,True,64,4.182765245275277e-14,0.22741412850076692,20.667396991644633,0.9767336170080414,19.690663374636593,0.9527403660266016,6.051710893622399,0.28600164174542253,5.765709251876976,49.865814310997635,0.41446023247005415,0.3948729935869898,0.9331316524488108,0.880952380952381,1.0,False,0.8339478830887901,1.1213252548714081e-14,1.3322676295501878e-15,1.1102230246251565e-16,1.5265566588595902e-15,7.771561172376096e-16,9.992007221626409e-16,6.661338147750939e-16,2.3522243190142857,0.6887650893519472,5.42055671473995,1.5872169162546972,6.141964688188905,1.7984555397461834,4.126829099037927,1.208394875506689,2.1506736075164814,0.6297481441177837,0.43227916539320643,0.12657755281681907,0.042869397753875646,0.012552775828278902,-0.2720167039086443,-0.41143498452357447,0.21140962945925637,-0.026261790211015795,0.9503190923848466,0.5056786531061425,-0.709459722067137,-0.24498052229425182,0.0750139892517893,-0.07998948819234641,0.08741799711359813,0.09750028711891082,1.192656953609014,1.2996161208374,-1.3079271073419545,-0.9127141473404986
smooth_crossnet,20260843,32,6134,1.385,3.415132902899408,True,True,32,6.39349684306012e-14,0.4531575107773629,0.9468831677961534,0.18271158682115235,0.7641715809750012,0.8070389325365146,0.2772610011728272,0.053500578752303414,0.22376042242052377,6.333796783119858,0.14949692896994782,0.12064984197339385,0.9926851955508623,0.9523809523809524,1.0,False,0.07911471554475691,5.91107024439097e-15,2.220446049250313e-16,2.220446049250313e-16,2.7755575615628914e-16,4.440892098500626e-16,2.0816681711721685e-16,4.440892098500626e-16,0.400005755571219,0.11712743455214254,0.2526628643096783,0.07398331821732926,0.16501492741797308,0.048318742523278474,0.09485436031249167,0.027774720050268445,0.029128200333917317,0.00852915572017353,0.00493864858991656,0.0014461072907949513,0.0002784112609550103,8.152281883924411e-05,-0.36936013710314086,-0.4721446985549511,-0.0335260901595857,-0.01880909690290039,0.10445783830371015,0.1968691131274524,0.050144314310391985,0.039725646328255405,0.011456143514087622,0.018540323929869193,-0.18511297101647603,-0.18181336786166313,1.2556724567789797,1.186164099391774,-0.38057404385060367,-0.31537450868047384
smooth_crossnet,20260843,33,1951,1.426,3.415132902899408,True,True,32,3.6434744110636075e-13,0.383274264532359,0.6748023732302301,0.10559762626682373,0.5692047469634063,0.8435132559458326,0.19759183388070511,0.030920502735683458,0.16667133114502164,3.8512471879133163,0.17521658317544964,0.1477975105700273,0.9603174088905233,0.9523809523809524,1.0,False,0.04558448995883892,4.862104642511245e-15,2.220446049250313e-16,3.885780586188048e-16,6.661338147750939e-16,9.992007221626409e-16,1.3877787807814457e-16,4.440892098500626e-16,0.2434441984240091,0.07128396034524098,0.26600986620094813,0.07789151220882469,0.08971409278323633,0.02626957583614685,0.053380397900449204,0.015630547746803607,0.019814185485460975,0.00580187830132144,0.002257589478654878,0.0006610546478991229,0.00018204295746949636,5.3304794467865074e-05,-0.19255211946196626,-0.16424309902665207,0.07685451936737275,0.07559294444207984,0.03699867756722213,0.043358379057732585,0.01075639399995451,-0.0043285381505715655,-0.004559795332886433,0.0011985551194112125,0.08358204631906191,0.06448760276505903,0.11508480567505516,0.18025535956375588,0.2571097363985459,0.18695306076154314
smooth_crossnet,20260843,34,10023,1.444,3.415132902899408,True,True,32,5.135836200764743e-12,0.32518817550827106,1.1650669157731732,0.3126801165974779,0.8523867991756953,0.7316204654305422,0.3411483385563253,0.0915572323208904,0.24959110623543487,5.305811270333442,0.21958318085821302,0.16065154898020473,0.7609798103237103,0.9761904761904763,1.0,False,0.19988691069788853,5.056718932472393e-15,3.3306690738754696e-16,1.1102230246251565e-16,2.220446049250313e-16,1.27675647831893e-15,2.7755575615628914e-16,4.440892098500626e-16,0.4767417845812033,0.13959684678053236,0.38297745523248516,0.11214130346357583,0.17375605437521163,0.050878270133409675,0.09896110983828774,0.028977235338124296,0.029325834363454744,0.008587025804634852,0.0029714115883544717,0.0008700720214524529,0.0003332657941740669,9.758501459522356e-05,-0.2463542794263768,-0.20662409561867476,0.11269844940966797,0.10453694227839866,0.029744693102665226,0.035118835320745355,0.03410598516757041,0.005659417918310228,0.015665075640660827,0.0018994228700503117,0.056336208494011705,0.04486187591815471,-0.13825504832298396,0.12932074224871093,0.4612470914430559,0.21041503457257438
smooth_crossnet,20260843,35,9457,1.458,3.415132902899408,True,True,64,3.052469388364898e-11,-0.0016134596319352656,13.855949294637895,2.8740653101579294,10.981883984479966,0.7925753588554079,4.057221106351192,0.841567632029161,3.2156534743220315,36.08803776965829,0.3839485367167164,0.3043081492702603,0.9583709831689485,0.8571428571428572,1.0,False,1.688560288702179,1.955380302121057e-14,8.881784197001252e-16,2.220446049250313e-16,1.4432899320127035e-15,1.4432899320127035e-15,1.7763568394002505e-15,1.9984014443252818e-15,3.3362511614127848,0.9769022923179201,3.5251578516572994,1.0322168863953967,3.456018310895441,1.0119718351111087,2.309816390394258,0.6763474383187988,0.9412207427305631,0.2756029617270466,0.2702644490242595,0.07913731521101511,0.017220388523286268,0.005042377269905473,-0.7560140110024485,-0.6022688746309972,0.03355532876440809,0.05067910009574079,0.09459362032753602,0.11083623104567356,0.10747985749021158,0.013694775056375182,-0.017855390843623968,-0.03773682048093938,0.22127275779559016,0.15913129314216656,-3.529579361064709,-0.8426255693276996,3.8449337389010987,1.1466764054677463
smooth_crossnet,20260843,36,2358,1.487,3.415132902899408,True,True,32,1.2836953722228372e-15,0.6938523463759212,0.1842904563507387,0.029736111456640887,0.1545543448940978,0.8386454076599192,0.05396289444380869,0.00870716083447156,0.04525573360933713,2.0083007428336117,0.09176437194895129,0.0769577691217847,0.9982337232116879,0.9761904761904763,1.0,False,0.017779295896326257,6.10926240152132e-15,1.6653345369377348e-16,1.3877787807814457e-17,5.551115123125783e-16,6.661338147750939e-16,1.7607443281164592e-16,4.440892098500626e-16,0.09455091375407218,0.027685866536496885,0.04801879132855636,0.014060592279670572,0.03026346841651208,0.008861578532073745,0.009800736096457046,0.002869796395957632,0.0014210236303186462,0.00041609614346551895,0.00022393926259301394,6.557263478762192e-05,1.1583862227753077e-05,3.391921356243124e-06,-0.0036308958212397974,-0.0024760680362211416,0.06313610666634903,0.0674325554299438,0.44685190321884777,0.4449604469071274,-0.03628035944661999,-0.02996074267099018,0.03250274989041795,0.009726170278505818,0.02652048358500027,0.02145240805199115,0.08903417177930294,0.1003040249779997,0.07571818650386358,0.08241355143756394
smooth_crossnet,20260843,37,15340,1.516,3.415132902899408,True,True,32,5.339678699201045e-11,0.6205005582913306,1.2987080792856094,0.17112360518967343,1.127584474095936,0.8682355119529211,0.38028039206996056,0.050107451175440784,0.33017294089451976,8.801032333540762,0.14756315282881405,0.1281195695417125,0.9980756680815118,0.9523809523809524,1.0,False,0.13311980476822582,7.47427293668057e-15,5.551115123125783e-16,5.551115123125783e-17,8.881784197001252e-16,0.0,3.469446951953614e-16,4.440892098500626e-16,0.4663265428369852,0.13654711429856198,0.43688243424348727,0.12792545609940367,0.22815688022526104,0.0668076138505645,0.12688920733330417,0.03715498369787504,0.03334955374324126,0.009765228672338894,0.00683384003879805,0.0020010465867949675,0.0002696208645302544,7.894886442086908e-05,-0.1944415235027733,-0.24032042599040543,0.0504700247940124,0.027222957226419174,-0.003688801768116436,-1.225219723296499e-06,0.040623751168224816,0.043022398266168514,0.06068604258351425,0.14954279876111437,-0.12224321732329116,-0.1408515422070854,1.7193355173277558,1.6359462070771016,-0.9302412349879949,-0.8540606096222589
smooth_crossnet,20260843,38,7011,1.556,3.415132902899408,True,True,32,4.529709940470639e-14,0.6252149272071867,1.326640439006515,0.18111552376193707,1.145524915244578,0.8634780620003039,0.38845938847071304,0.05303322854819855,0.33542615992251446,7.542980519091689,0.17587748445706797,0.15186634942847763,0.9949274264051925,0.9285714285714287,1.0,False,0.07885738993505587,6.347353198599137e-15,8.881784197001252e-16,1.6653345369377348e-16,6.661338147750939e-16,6.661338147750939e-16,5.273559366969494e-16,4.440892098500626e-16,0.4604198656614737,0.1348175543243376,0.3755234242853783,0.10995865606476496,0.2822642545620466,0.08265103074682909,0.13948421377188586,0.040842982612321,0.05872796849861227,0.017196393279088174,0.009634940851478452,0.0028212491652370246,0.0005857713756373469,0.00017152227813448603,-0.3210443712585686,-0.39854034615623674,-0.034775892316426776,-0.0194275010329271,0.07486232169776308,0.1422110137013269,0.03440386567249016,0.03352982926192936,0.09215466194480276,0.14005206904302817,-0.19023987562369926,-0.2095930001999044,1.3217429684348696,1.2383505805573658,-0.3518887513440435,-0.3013677179673959
smooth_crossnet,20260843,39,4943,1.563,3.415132902899408,True,True,32,1.0052375598590402e-13,0.8414081551058834,2.2608351801426885,0.3390537687563865,1.921781411386302,0.8500316291367213,0.6620050359455311,0.09927981674403763,0.5627252192014934,10.905716720962904,0.20730734512816792,0.1762178003113051,0.9780158906393156,0.8333333333333335,0.5,False,0.12230193006625045,3.903995182685804e-15,1.5543122344752192e-15,1.1102230246251565e-16,6.661338147750939e-16,6.661338147750939e-16,1.1379786002407855e-15,4.440892098500626e-16,0.6558657550574682,0.1920469199019007,0.6175142094742285,0.18081703612470432,0.5457084919675601,0.15979128996832304,0.31883503854298034,0.09335948193181387,0.10388240368743454,0.03041826091138052,0.018271230203596778,0.005350078817748122,0.0007580512094186686,0.0002219682896601453,-0.2992083820929984,-0.4340052736601759,-0.0712364369385571,-0.015144850433438623,0.2703473009399203,0.49582455161924144,0.08481727555679859,0.06635302413101508,0.008307649191504732,0.012685563839945652,-0.27210792453655774,-0.30635811811548463,1.398563971717438,1.24702153953294,-0.2780752987316657,-0.22496828180816045
smooth_crossnet,20260843,40,10139,1.595,3.415132902899408,True,True,32,1.0408340855860843e-14,0.8849854117195031,0.6157073715464119,0.15459715167260527,0.4611102198738066,0.7489113192126988,0.18028796800958566,0.045268268049350024,0.13501969996023563,5.129474289666063,0.12003323084917839,0.08989424526462061,0.9990134923031121,0.9285714285714287,1.0,False,0.08265085877174794,1.0845491171806998e-14,4.440892098500626e-16,1.1102230246251565e-16,5.551115123125783e-16,4.440892098500626e-16,2.0816681711721685e-16,4.440892098500626e-16,0.24163532211841146,0.07075429536381027,0.16513909802539314,0.04835510146184706,0.11896789621188839,0.03483550994776397,0.06982658980418878,0.020446229118903928,0.017694220480431948,0.005181122077389656,0.002076776613704237,0.0006081100422010159,0.0003674682923919398,0.0001075999976691869,-0.09364684962428933,-0.1140327809479915,-0.13996821819839056,-0.11691798105817582,-0.064789656986528,-0.019826095591461805,0.03830954647396725,0.022968987210168088,-0.005929462261031968,-0.010702094345066046,0.052476741752915494,0.03878907604315596,1.6604701462403992,1.5600597829490885,-0.5619368356775385,-0.4753534825402148
smooth_crossnet,20260843,41,13689,1.6,3.415132902899408,True,True,32,4.5698167472352225e-12,0.3806206773320526,1.1567625401068264,0.23214705969469274,0.9246154804121337,0.7993131246511025,0.3387166980016352,0.06797599575044432,0.27074070225119085,9.249121415598518,0.1250672888947011,0.09996792547806566,0.99664961048641,0.9523809523809524,0.5,False,0.0938448275406153,7.305137397772832e-15,4.440892098500626e-16,4.440892098500626e-16,6.106226635438361e-16,6.106226635438361e-16,4.163336342344337e-16,4.440892098500626e-16,0.37685899255702715,0.11034972965095392,0.26628503400104164,0.07797208529570511,0.28081799264394447,0.08222754446994823,0.17306559595395976,0.05067609398364236,0.04611798075445368,0.013504007623041568,0.012927647552118135,0.0037854010135718913,0.0006892966442802585,0.00020183596477169416,-0.1988206511755072,-0.21302337021233353,-0.10613748406862579,-0.04389170648395324,0.010818928690594858,0.006257773407842873,0.021533458139094457,0.0005098866984168189,-0.02396135320473125,-0.02721296989432536,0.2695323322799015,0.17430801445385122,1.3789566777137283,1.2850729982949352,-0.9713012310424016,-0.8013999489323819
smooth_crossnet,20260843,42,12306,1.611,3.415132902899408,True,True,32,1.0625319291079904e-08,0.6364563005478561,7.760232524663836,1.3984434181492,6.361789106514636,0.8197936191081105,2.2723076217840568,0.4094843327947612,1.8628232889892957,26.540771040758635,0.29238911381837607,0.23969872980497978,0.9367570475612838,0.9047619047619048,1.0,False,0.36114830255742936,1.1969591984239969e-14,2.220446049250313e-16,2.220446049250313e-16,3.3306690738754696e-16,6.661338147750939e-16,4.440892098500626e-16,6.661338147750939e-16,1.668555047360822,0.48857690016814226,2.6675488860315792,0.7810966547646978,2.0792391650854882,0.6088311126399323,1.042706041975529,0.3053193160038614,0.2626003484055142,0.07689315639299706,0.03463966809969037,0.01014299269884393,0.004943367705211347,0.0014474891155815592,-0.039577727110026925,-0.14800762308650944,0.023699300033871332,-0.04357516733893048,1.9676286480609209,1.1462301061412892,-1.706778972995934,-0.9480085844091393,0.1640862978499306,-0.23725421503035377,0.0638735975062536,0.10514611110975998,1.3414994479487043,1.5794325135131844,-1.1779742907458635,-0.8175068403514452
smooth_crossnet,20260843,43,14526,1.634,3.415132902899408,True,True,32,5.4179993824732264e-11,0.6414898742247412,0.7311175991961507,0.22153154532478178,0.5095860538713689,0.6969960160056996,0.21408174146764256,0.06486762056513352,0.14921412090250905,6.229215933326165,0.11736912109350521,0.08180580980426365,0.9993777697402435,0.9523809523809524,0.5,False,0.1491144236814479,9.960782199058826e-15,6.661338147750939e-16,2.220446049250313e-16,0.0,5.551115123125783e-16,6.938893903907228e-16,4.440892098500626e-16,0.32133539994094473,0.09409162368707077,0.20535726415190486,0.06013155856322867,0.12423176916288631,0.03637684760596432,0.06281279908697596,0.018392490387020847,0.014305352950476326,0.0041888129561023085,0.002612097566655129,0.0007648597114441692,0.0004629163363054599,0.0001355485568109075,-0.059099829243957944,-0.090766958271766,0.03533440512608393,0.04809824428800119,-0.05848912638520357,-0.030174544408237143,0.012873241829723665,0.005160181232960033,0.006420252614696214,-0.004670709244188909,-0.08531845121116004,-0.07281421185533851,1.986658316979351,1.8155979231380261,-1.196888935484792,-1.0289400506547162
smooth_crossnet,20260843,44,17733,1.645,3.415132902899408,True,True,32,1.3753433947272242e-09,1.212286668758168,0.7612445520501929,0.31304776497778164,0.4481967870724113,0.5887684658830363,0.22290334628087394,0.09166488505088857,0.13123846122998536,4.258255217471083,0.17876912330827488,0.10525362247746836,0.9893244186534869,0.9761904761904763,1.0,False,0.21640483902894614,1.5380058338010372e-14,6.661338147750939e-16,2.7755575615628914e-17,4.440892098500626e-16,0.0,5.551115123125783e-17,4.440892098500626e-16,0.39503997327887336,0.11567338212328107,0.20324490934277512,0.05951303071403826,0.10573954787852273,0.03096205942344179,0.045910735146316085,0.01344332313021798,0.009851329271919677,0.002884610804913628,0.0014026647291724846,0.00041072039333568504,5.5392402611721334e-05,1.621969164499977e-05,0.05649116368416047,0.03722089990136801,0.09154465542627263,0.11298526705420266,-0.01928793182402819,-0.023328259146368303,0.06274910140452168,0.03215123986683832,-0.005905652655179657,-0.006457097582366669,-0.12412483796578233,-0.11582890601859251,-0.4826975102308626,-0.19938628882820092,1.6335176809190664,1.3749298135112875
smooth_crossnet,20260843,45,6168,1.655,3.415132902899408,True,True,32,3.1086244689504383e-15,0.8686625186594938,0.22728327011199978,0.1155215340377824,0.11176173607421738,0.491728828167352,0.06655180825292009,0.033826365568293396,0.0327254426846267,1.8377945875077866,0.12367174854955698,0.06081296399168107,0.9993845754025857,0.9523809523809524,0.5,False,0.07279856949512742,6.341823767519461e-15,6.661338147750939e-16,5.551115123125783e-17,1.1102230246251565e-15,7.771561172376096e-16,7.494005416219807e-16,4.440892098500626e-16,0.15912916685251874,0.04659530723311527,0.051000974533347725,0.014933818385237217,0.012848647738611767,0.00376226873270537,0.003680759928572445,0.0010777794109996489,0.000566015265244369,0.00016573740505496247,5.6812382726881814e-05,1.6635482232228432e-05,8.934109762756006e-07,2.6160357493469875e-07,-0.027529360959219297,-0.03527036361931603,-0.01806630341959896,0.0027031757126677837,-0.01221835387839639,0.014920988935242331,-0.0202501029788637,-0.021251272546841938,-0.024418540644606395,-0.04019303993369869,0.023616629928826596,0.022954790017162906,1.469243789426268,1.3789007668173152,-0.5217152388149149,-0.45410252672303847
smooth_crossnet,20260843,46,14636,1.663,3.415132902899408,True,True,32,4.899183836393206e-10,0.9681612779818187,4.152547990277524,0.43243049981530635,3.7201174904622176,0.8958638164260189,1.2159257365217206,0.126621865710754,1.0893038708109666,19.85209032190478,0.20917434501572896,0.18739172702420376,0.9979461663814523,0.9523809523809524,1.0,False,0.144091785127489,1.1367642938076017e-14,4.440892098500626e-16,8.881784197001252e-16,3.3306690738754696e-16,5.551115123125783e-16,2.220446049250313e-16,4.440892098500626e-16,0.8806512412523412,0.2578673411229995,0.7812703201366952,0.22876717900887716,1.2080569747959065,0.35373644573840163,0.658506620565074,0.1928202032799396,0.4715966661949693,0.13809028216576558,0.1463225101542655,0.04284533408056811,0.006143657178270055,0.0017989511251682657,-0.2918508265441844,-0.3212147498205598,-0.3257092231113893,-0.26922228048952757,-0.1846517541686219,-0.0023203670493349557,0.19465091000006277,0.1527394989407256,-0.021930843329483488,-0.032726029283166806,0.6965429507277334,0.6093331004925634,2.5193386412126353,2.256188511921895,-1.6182285768049331,-1.4246164067307756
smooth_crossnet,20260843,47,13286,1.664,3.415132902899408,True,True,32,2.3300805729320473e-14,1.16362005334608,0.4599437243434328,0.14301829721736636,0.3169254271260664,0.6890526174228723,0.13467813330279063,0.04187781304087624,0.09280032026191438,3.059560709070176,0.15032998789006322,0.10358527163279675,0.9981732074876065,0.9761904761904763,0.5,False,0.08066613190771688,4.372370521199542e-15,4.440892098500626e-16,4.440892098500626e-16,0.0,2.220446049250313e-16,3.95516952522712e-16,4.440892098500626e-16,0.25681688131637154,0.0751996741029718,0.12770443190698383,0.037393693170349025,0.04830224508203007,0.014143591612795516,0.021431115119074955,0.006275338538327509,0.004692632121169889,0.001374070132727748,0.0009371654518162949,0.00027441551426026563,5.9253345984651516e-05,1.73502313583012e-05,0.11674668094520772,0.14684806051217417,-0.012733202067958412,0.008175321546740085,0.18899945328510492,0.1176830451577051,0.025263418445307745,0.027300195221881034,-0.027765980658068956,-0.0504437767267265,0.09408556549112876,0.09260921663554784,1.5258615849026844,1.4783138407369565,-0.746837466997326,-0.6568658497381984
smooth_crossnet,20260843,48,14542,1.683,3.415132902899408,True,True,32,2.6256830043536183e-11,1.0799627376077368,0.8072060164701262,0.20795531212448362,0.5992507043456426,0.7423764096384435,0.23636152367154373,0.06089230435159112,0.1754692193199526,6.574617868668926,0.12277611149338939,0.09114608883983166,0.9991508902602667,1.0,1.0,False,0.14729238234870112,1.1554125711743524e-14,1.7763568394002505e-15,2.7755575615628914e-17,1.3322676295501878e-15,4.440892098500626e-16,1.1657341758564144e-15,1.7763568394002505e-15,0.35125756929313817,0.10285326494758801,0.22284212065599154,0.06525137585913601,0.14519690760457415,0.04251574147562564,0.06460321621587356,0.01891675025619828,0.01744767029424696,0.005108928639185342,0.005618250590026162,0.0016451045244114315,0.0002402818162743803,7.03579693986093e-05,0.05832801149610405,0.07535658082489353,0.028738728176376738,0.02192575033174518,0.1802538882826344,0.11769382068415635,0.09916342022262108,0.08204453524873895,0.009160153010435958,0.015851359161193217,-0.18110959629463996,-0.15965753634680857,2.1600590149977346,2.038595633290241,-1.2746308822835288,-1.1118474055864234
smooth_crossnet,20260843,49,14720,1.772,3.415132902899408,True,True,32,4.624922667062492e-11,1.2487241896341128,0.5555957369087183,0.21120797830294186,0.3443877586057765,0.6198531337225823,0.16268641739740905,0.06184473175952501,0.10084168563788404,4.565720288223394,0.1216885183137031,0.07542900941480672,0.9986471595658309,0.9761904761904763,1.0,False,0.16042137633572928,1.850743950454481e-14,8.881784197001252e-16,5.551115123125783e-17,4.440892098500626e-16,2.220446049250313e-16,2.220446049250313e-16,4.440892098500626e-16,0.3408497926001567,0.09980571833991561,0.1496997038038602,0.04383422492189598,0.04925635263737372,0.014422968018479062,0.013832711686657144,0.004050416800738072,0.001755417538028308,0.0005140114859184481,0.00019590157206889806,5.7362796013759794e-05,5.85707057099811e-06,1.7150344474223904e-06,-0.016361404453933658,-0.02140772749908636,0.004841409788546428,0.001514879883588654,0.1944046573933316,0.1239190237916501,0.030208334544864632,0.026701755158934498,-0.01798759840910666,-0.04668859331953111,0.288358497391909,0.2717111893674555,2.4132059977724616,2.32971138834212,-1.6479457043939596,-1.4367377260910181
smooth_crossnet,20260843,50,7158,1.819,3.415132902899408,True,True,32,4.0190073491430667e-14,0.47146027591985273,1.1038570513722619,0.21318138169992173,0.8906756696723401,0.80687591619322,0.32322521048451736,0.062422572638076025,0.2608026378464413,6.87732237414951,0.16050680647477591,0.12950907652958268,0.9919875302687955,1.0,1.0,False,0.10845338775158353,5.186823193170653e-15,6.661338147750939e-16,5.551115123125783e-17,4.440892098500626e-16,2.220446049250313e-16,7.563394355258879e-16,4.440892098500626e-16,0.4368171324783025,0.12790633480396907,0.3246716905684793,0.0950685375356364,0.20345018937667145,0.05957313965847262,0.10620131866477785,0.031097272546732856,0.026541921526183603,0.007771856112437036,0.005798842133110308,0.0016979843238859485,0.0003759566247344519,0.00011008550338268508,-0.6492329132170207,-0.8293226285922595,0.008417513166687589,-0.005729747292921515,0.11845417252154003,0.21276707213201354,0.060739857500282296,0.047293422291744006,0.08286034459212042,0.12859291331649927,-0.07579082308339395,-0.08128879373992974,1.2837229799398027,1.296937273561135,-0.3577108555001661,-0.29778923575642874
smooth_crossnet,20260843,51,730,1.828,3.415132902899408,True,True,32,2.0380134468922506e-08,1.3601859288371398,1.0351594044592365,0.46953290126711783,0.5656265031921186,0.5464148813752987,0.30310955207054996,0.13748598213220045,0.16562356993834948,4.798202058431974,0.21573901887690008,0.1178830104076447,0.9796881376848016,0.7619047619047621,0.5,False,0.29938938824920447,8.690964614643804e-15,4.440892098500626e-16,1.1102230246251565e-16,4.440892098500626e-16,2.220446049250313e-16,1.3877787807814457e-16,4.440892098500626e-16,0.6050065898941018,0.17715462533843362,0.24521615107165595,0.07180281354891645,0.13363376088930162,0.03912988591918286,0.042872036099907175,0.012553548373918132,0.007351172298594347,0.0021525289081292523,0.0010319143773256676,0.0003021593614847564,4.777982834782465e-05,1.3990620484274604e-05,-0.03480341411590672,-0.028141080903944876,-0.041210643308046774,-0.2724804398871105,0.04770856115333874,0.06400278015397516,0.0485858071263641,0.03572312353097412,-0.036391587591215274,-0.03726451239056983,0.1283710956016092,0.13705233269170106,-0.8889026562316618,-0.45100754426723433,2.1368287662026586,1.9123012699093487
smooth_crossnet,20260843,52,738,1.869,3.415132902899408,True,True,32,1.2822312100979616e-08,1.57753712290979,0.8092950537615403,0.33587346970914805,0.47342158405239226,0.5849802020313428,0.23697322381640207,0.09834857947226458,0.1386246443441375,3.5497693588078905,0.2279852497327668,0.13336685744884005,0.9917641553877009,0.9761904761904763,0.5,False,0.2919006929137944,1.0359768598533492e-14,4.440892098500626e-16,8.326672684688674e-17,1.3322676295501878e-15,0.0,7.216449660063518e-16,4.440892098500626e-16,0.5271191971444562,0.1543480772584101,0.196180820278744,0.05744456390326385,0.06252644694823618,0.018308642365031227,0.020034712880142896,0.005866451892145591,0.0032099009165507345,0.0009399051245781873,0.00021775161091753016,6.376080144133237e-05,6.223982491251087e-06,1.822471531332499e-06,0.16798418539418594,0.13853371545968846,-0.07944817076422328,-0.18226471918127485,0.07327215521561461,0.10301873248979782,0.04115129098795209,0.03287183452084381,0.018150461036040736,0.020730341381945832,-0.008135810134644891,-0.008018205635892717,-0.7349163639940792,-0.431486956403772,2.0994793751689453,1.9041523802784537
smooth_crossnet,20260843,53,3461,1.894,3.415132902899408,True,True,32,6.217248937900877e-15,1.2405599552241122,0.10960307283675819,0.0708272490790266,0.03877582375773159,0.3537840934029646,0.03209335506202598,0.020739236537147675,0.011354118524878304,0.837330354131052,0.13089585525715222,0.046308871482357274,0.999562565280902,0.9285714285714287,1.0,False,0.04871673076005811,7.284103875626613e-15,1.942890293094024e-16,2.7755575615628914e-17,2.220446049250313e-16,1.1102230246251565e-15,1.5265566588595902e-16,4.440892098500626e-16,0.08822569895311017,0.02583375272985938,0.018124087884535043,0.005306993431836255,0.0027339099736919904,0.0008005281350459108,0.0004716399552455068,0.0001381029578219606,4.451149984259323e-05,1.3033606921945405e-05,3.1568921325428664e-06,9.243833907203733e-07,6.767819830674293e-08,1.9817149209415813e-08,0.012461572868024275,0.014246067308650034,-0.0045535811593309244,-0.011685029141446973,-0.013308500823433054,-0.00030965258127695116,-0.01814063539322401,-0.01867064677599642,0.054762698757675504,0.0657607081964417,0.02266658288343455,0.02238766904662794,1.406743225539061,1.3438563496617288,-0.22007140744809484,-0.17502551049061676
smooth_crossnet,20260843,54,15343,1.898,3.415132902899408,True,True,32,5.339118036573609e-12,1.3842237132667516,1.1005516588668849,0.19131124929459148,0.9092404095722935,0.826167860678559,0.3222573440502211,0.05601868352829562,0.2662386605219255,6.961514595712146,0.15809083551225409,0.1306095673680449,0.9987365966915291,0.9761904761904763,1.0,False,0.1281666342060238,1.150728817789215e-14,4.440892098500626e-16,2.7755575615628914e-17,6.661338147750939e-16,2.220446049250313e-16,1.3322676295501878e-15,1.1102230246251565e-15,0.3904383499665238,0.11432596067785421,0.3900040241388028,0.11419878383289093,0.19372659561480332,0.05672593164685676,0.09086792293373849,0.026607433888324723,0.031075372028314716,0.009099315579177633,0.0037652793789534544,0.0011025279208773328,0.0006741148057467236,0.0001973905042390614,-0.02104353104540948,-0.03368561479983982,0.13667137896682297,0.154798292461322,0.27812192287272686,0.2127187644421115,-0.02858156722529019,-0.03859973545775682,0.07544285224459661,0.074409437915252,-0.08049473645369519,-0.053916755708500415,2.0095500182516206,1.9073355937038872,-0.9854426243446213,-0.8388362692897241
smooth_crossnet,20260843,55,8280,1.986,3.415132902899408,True,True,32,9.547918011776346e-15,1.4546041972230543,1.410308128066454,0.17467561099654916,1.235632517069905,0.8761436543402533,0.4129584903911408,0.05114752952901236,0.3618109608621285,10.021357842956643,0.1407302433629458,0.12329990969620451,0.9989787457529627,0.9761904761904763,1.0,False,0.08044364770263157,7.702172233337023e-15,1.1102230246251565e-15,1.6653345369377348e-16,2.220446049250313e-16,0.0,1.1657341758564144e-15,6.661338147750939e-16,0.40509735471675623,0.11861832796399616,0.3124912901829786,0.09150194123270493,0.3368340752005048,0.0986298585670082,0.21452102555318697,0.06281483961314101,0.10029745429613171,0.029368536202787406,0.04033348405050022,0.011810223847000964,0.0007334440663934634,0.00021476296450155072,-0.14240137394218455,-0.16278358370925633,-0.3039087426694945,-0.30832772630669114,-0.09431362504426695,-0.031627696698957986,0.12413236359000593,0.11542094974678735,0.07787906028074781,0.11241135956897273,0.3879733592339862,0.35753779735376684,1.9726527107420422,1.8619252688732,-0.5674095549677821,-0.48995217160476723
smooth_crossnet,20260843,56,15471,1.99,3.415132902899408,True,True,32,5.3096971264210424e-11,0.6708243433671321,1.1911206926967104,0.22452779097663014,0.9665929017200803,0.8114987067613638,0.3487772589129585,0.06574496435731934,0.28303229455563916,9.274075253755866,0.12843552161325453,0.10422525969137722,0.9984591272198485,1.0,1.0,False,0.14075251928753407,5.509481759702339e-15,4.440892098500626e-16,2.220446049250313e-16,8.881784197001252e-16,1.887379141862766e-15,9.71445146547012e-16,4.440892098500626e-16,0.3941244943091312,0.11540531672267398,0.32226928205080374,0.09436507779161417,0.25902101227708607,0.07584507532845362,0.15764453706256276,0.04616058629189054,0.045376686474892056,0.013286946003292516,0.012125919185934394,0.0035506434246349913,0.0005587613362981569,0.00016361335039809873,-0.25431792693422617,-0.31391395343155803,-0.11395644259726075,-0.09559914060966729,-0.01157072533650958,-0.005881663759896456,0.09084429124531307,0.06975143858968226,0.018747015824462854,0.04973959080303426,0.1378062529120839,0.11008318497929022,2.0322618338870737,1.9161459899962,-1.2289899556338058,-1.0595011031999546
smooth_crossnet,20260843,57,11110,2.013,3.415132902899408,True,True,32,3.301525719479059e-14,0.7730217807588655,1.1668867969037877,0.162359428969875,1.0045273679339126,0.8608610283356716,0.3416812259086943,0.0475411744099428,0.2941400514987515,7.9655632884448835,0.14649143502462825,0.12610876739766969,0.9980540840608948,0.9285714285714287,1.0,False,0.10229311240377993,6.4770237784284035e-15,8.881784197001252e-16,1.1102230246251565e-16,1.1102230246251565e-15,4.440892098500626e-16,7.355227538141662e-16,4.440892098500626e-16,0.41357428620303055,0.12110049534292232,0.30631540056048867,0.08969355198458909,0.22829915261945372,0.06684927325247882,0.15176416508766416,0.04443872885849279,0.05739079716630932,0.01680485029369873,0.00921191888533209,0.00269738225341429,0.00033107638150728564,9.694392309775284e-05,-0.10101148471849015,-0.1377807201715427,-0.03215251010403087,-0.04133675264430668,-0.020385476376633023,0.04799976192523054,0.024311207529218903,0.015015704027719779,0.008311390908237699,0.014742767459274992,-0.16024995038173515,-0.15053219080279184,1.5215690837789808,1.4144586363039322,-0.46737047987668157,-0.3895454253386511
smooth_crossnet,20260843,58,14292,2.032,3.415132902899408,True,True,32,1.2044161779023455e-09,0.8463367461721041,3.814726125564614,0.35959573507674664,3.4551303904878674,0.9057348487832731,1.1170066389878872,0.10529479973428092,1.0117118392536062,16.757174110978347,0.22764734079270696,0.2061881297887967,0.9949083747749348,0.7857142857142858,0.5,False,0.19824306254664792,1.351783268654927e-14,4.440892098500626e-16,1.1102230246251565e-16,7.771561172376096e-16,1.5543122344752192e-15,3.0531133177191805e-16,6.661338147750939e-16,0.9124237641252193,0.2671707924896809,1.0628346457909248,0.31121326051135245,0.8397432694719638,0.24588889901152355,0.6411398843995273,0.18773497331691164,0.29122951888957277,0.0852761890005283,0.06103603937422976,0.017872229605591886,0.006319003513174446,0.0018502950522978727,-0.4172484191503638,-0.5877386384169417,0.13264484608592636,0.05355043704861995,-0.09533090108290858,0.008438883370262508,0.07171946289265704,0.08757683119581539,0.011793711102556684,-0.08479329976516908,0.46029822017634725,0.5139338436977796,2.3642121371665716,2.3507880412614344,-1.6817523110186818,-1.4954193522196986
smooth_crossnet,20260843,59,1456,2.041,3.415132902899408,True,True,32,5.4430713269937314e-09,0.8462435057091684,0.7607050589990992,0.5632792803421165,0.19742577865698274,0.25952999302613616,0.2227453749613286,0.16493626935101088,0.0578091056103177,3.4547606858076465,0.22019037733181315,0.05714600709334776,0.9708011589562414,0.9761904761904763,1.0,False,0.44708974061009665,9.620315611844066e-15,5.551115123125783e-17,2.498001805406602e-16,7.771561172376096e-16,9.992007221626409e-16,3.3306690738754696e-16,4.440892098500626e-16,0.5599696584406373,0.16396716448874643,0.13607177246917979,0.03984377075154424,0.04707037464426307,0.013782882242826004,0.016428359276328054,0.004810459722484173,0.0010525697294901477,0.00030820754547986355,0.0001121488117602426,3.283878400897065e-05,1.7562743883718478e-07,5.1426238401462836e-08,-0.13534607377739566,-0.11047371872573435,0.01849877911890993,0.031008259466950027,0.010993933596964624,0.014646977585284916,0.04987692622166364,0.03052851188700591,0.000296564336239553,0.00029071192160736196,0.10015007297363768,0.08932240761063875,-0.729361507281477,-0.2071171063273831,1.5311348105206264,0.9980374622907978
smooth_crossnet,20260843,60,15570,2.109,3.415132902899408,True,True,32,1.1478995531888359e-10,0.9830139042437025,0.8504969404516113,0.21838509124519997,0.6321118492064113,0.743226482238445,0.24903772843790334,0.06394629358634728,0.18509143485155605,6.555776340382194,0.1297324521602011,0.09642059405119362,0.9993068346979062,0.9523809523809524,0.5,False,0.1715111729810671,6.100588784141436e-15,4.440892098500626e-16,2.220446049250313e-16,1.1102230246251565e-15,9.992007221626409e-16,6.661338147750939e-16,4.440892098500626e-16,0.3589588691454189,0.10510831623585337,0.2298784627160572,0.06731171794833901,0.16794386842144393,0.04917637854704324,0.06743038164738305,0.01974458492966275,0.021636973315192654,0.0063356167769702655,0.004537909331548646,0.0013287650760812307,0.00011047587456418427,3.234892395267884e-05,0.14428070033376855,0.19155790768620684,-0.013438372022331838,-0.02519490220021297,0.15941709500649948,0.11110689142746874,0.10573011824181752,0.08659008935054678,0.002579161380726914,0.003948523803301674,-0.1043815087581336,-0.09491297528942177,2.142480121072226,2.0033017924752072,-1.4536534110108694,-1.293383423009395
smooth_crossnet,20260843,61,15883,2.173,3.415132902899408,True,True,64,6.661338147750939e-15,1.6459273651316242,1.4816512847869039,0.3656545728871129,1.115996711899791,0.7532114495215367,0.433848792100887,0.1070689145294101,0.3267798775714769,6.262097945734424,0.2366062137044927,0.17821450919016343,0.9890509657814067,0.6190476190476191,0.5,False,0.22977891784884363,1.0195837230053684e-14,1.1102230246251565e-16,1.1102230246251565e-16,8.881784197001252e-16,2.220446049250313e-16,3.0531133177191805e-16,4.440892098500626e-16,0.6191127385036863,0.1812851084003398,0.4574561302495953,0.13394972999768776,0.26200932275375566,0.07672009558729408,0.12016218454477064,0.03518521473725205,0.019838208526772726,0.005808912593102985,0.0029477079663998472,0.000863131260249719,0.0001249922419213859,3.659952496000052e-05,0.03181669632185314,0.024991657072155306,-0.02643103157380361,-0.23009436731324687,-0.019778770881388092,-0.042288877160187636,0.027912525406923936,0.017312127614239115,0.12110508388561447,0.0939535579339937,-0.09987336112731213,-0.11091336911608256,-0.9453487846552945,-0.579694211768182,2.556525007755032,2.472660847868935
smooth_crossnet,20260843,62,16663,2.193,3.415132902899408,True,True,32,3.982925100842749e-15,0.2357298432782413,0.4027844219804016,0.08562110744459558,0.31716331453580604,0.7874269639733941,0.11794106801478862,0.025071090900124052,0.09286997711466458,2.6803569555461495,0.1502726795947707,0.1183287598614569,0.9925678440619613,0.9761904761904763,1.0,False,0.03165801058178952,6.396792817664476e-15,1.1102230246251565e-16,1.3877787807814457e-17,5.551115123125783e-16,5.551115123125783e-17,9.020562075079397e-17,4.440892098500626e-16,0.15029434723885005,0.044008345066527836,0.13548996641649985,0.03967340957696564,0.07511259314198987,0.021994046872442403,0.033129470223491414,0.009700785054474711,0.007788563172237785,0.0022806032425928095,0.0009170881571373641,0.00026853659380540274,5.239363019416809e-05,1.5341607979498107e-05,-0.2832045009689151,-0.30323188367054255,-0.11527889151492841,-0.09027629842954098,-0.025638892538464998,-0.010331659207354627,-0.021955232753227753,-0.022965346808313625,-0.041131234373447165,-0.05680125268066335,0.2898706263484902,0.32468301671952715,0.3228986681585774,0.33339755881563776,0.11016930092015775,0.06125570853949144
smooth_crossnet,20260843,63,11025,2.223,3.415132902899408,True,True,32,1.2145839889399213e-13,0.7711104376188078,1.0934535964595717,0.21808123198992466,0.8753723644696471,0.8005573965863417,0.3201789293562316,0.0638573192290046,0.256321610127227,5.236159646785432,0.20882739836453643,0.16717831837061214,0.9958973049212109,0.9047619047619048,1.0,False,0.1725505239916109,5.147791914961175e-15,8.881784197001252e-16,5.551115123125783e-17,1.1102230246251565e-15,5.551115123125783e-16,8.604228440844963e-16,4.440892098500626e-16,0.5214727572367035,0.1526947184966006,0.39614234887658994,0.11599617354284213,0.14207321616138907,0.0416010797239459,0.029706913243125185,0.008698611177885453,0.0038920969796416892,0.0011396619371203225,0.00016626396211958183,4.8684477836404454e-05,1.885969679038535e-16,5.522390292446214e-17,-0.007547501007542341,-0.008212512414749037,7.930164461608261e-19,0.0,0.004809028865559092,0.048153722581459536,0.02203965508054628,0.014417129712343766,0.11215055279234015,0.1582038807571544,-0.32577611071729295,-0.3216198510400718,1.3517234734992087,1.141929778284692,-0.38628866089401,-0.2617617102620215
smooth_crossnet,20260843,64,17449,2.231,3.415132902899408,True,True,32,9.783840404509192e-15,2.061039553060919,0.931345339024915,0.1815391119402265,0.7498062270846885,0.8050786273002757,0.27271130158191315,0.053157261255075,0.21955404032683815,6.420602813598161,0.1450557472660392,0.11678128189095856,0.9965885381993123,0.8095238095238096,1.0,False,0.1054390879171263,7.008282842946301e-15,2.220446049250313e-16,5.551115123125783e-17,8.881784197001252e-16,0.0,9.71445146547012e-17,4.440892098500626e-16,0.2790904246450503,0.08172168772937234,0.28532623685861713,0.08354762317342862,0.16978326829143037,0.04971498126684509,0.11777237943153943,0.03448544545120105,0.05890584171441264,0.017248477113263227,0.018677092252717464,0.005468921059224615,0.0017900958311466535,0.0005241657885779154,0.263945111925016,0.29913221681906055,-0.10759107255468997,-0.1264403692210221,0.213440419495517,0.17180889561057044,0.2091884728375572,0.2257252030209868,-0.2078442313742652,-0.28235843305145536,0.24613040572700698,0.2630727465886891,1.1100848781369712,1.222957814138041,0.3336855688678063,0.2871414791560485
smooth_crossnet,20260843,65,11267,2.256,3.415132902899408,True,True,32,3.649858193455202e-14,1.5010771525474997,0.7768230679124131,0.21312010251990854,0.5637029653925045,0.7256516814148755,0.22746495963682684,0.062404629213396665,0.16506033042343016,4.745342684151371,0.16370220648276226,0.11879078138554157,0.9968464438688024,1.0,1.0,False,0.08514969852755094,4.105656786768108e-15,1.1102230246251565e-15,1.6653345369377348e-16,6.661338147750939e-16,4.440892098500626e-16,1.1934897514720433e-15,4.440892098500626e-16,0.3474274010319901,0.10173173662935,0.213119282875106,0.06240438920961765,0.13549754628789784,0.03967562907225719,0.05698801482573603,0.016686909835149862,0.019998983716214447,0.0058559898794086586,0.0033704509102447672,0.0009869164703321777,0.0004213882652220925,0.00012338854071076963,0.36235975099210527,0.43910345652241056,-0.005722652654047811,0.016334395763467888,0.17724540226073185,0.09513974737991171,0.07719816263086074,0.07893711585187102,0.014100407824960632,0.0221645455700686,-0.28357983078689225,-0.2665902760526998,1.6944704186644828,1.563455971025395,-0.534994506384702,-0.4474678035129258
smooth_crossnet,20260843,66,8013,2.262,3.415132902899408,True,True,32,3.3029134982598407e-15,1.5400497013422771,0.8850878977396605,0.23500497395197892,0.6500829237876815,0.7344840274597187,0.2591664579109736,0.06881283412205201,0.19035362378892157,5.051783683459773,0.17520304771511866,0.12868384010901762,0.9962279010785744,0.9047619047619048,0.5,False,0.09494774386670024,4.447830992404533e-15,2.220446049250313e-16,5.551115123125783e-17,2.220446049250313e-16,4.440892098500626e-16,3.885780586188048e-16,4.440892098500626e-16,0.36823379159628195,0.10782414683881139,0.2514063465587679,0.07361539175981317,0.152037064068842,0.044518637602584746,0.07913805523457015,0.02317276003150064,0.02658954158091002,0.007785799948908521,0.007035809694083016,0.0020601862047915313,0.0006472890062037833,0.00018953552456311217,0.2477745991770859,0.32981595668583724,-0.006269332363164669,0.02021003107097669,0.2532005661124772,0.1539062744402106,0.027428780284129237,0.03238484336536241,-0.011484410740644982,-0.04026311977981943,-0.24317377289444334,-0.21786090095825109,1.7387835554267819,1.6318515821862438,-0.4662102836599441,-0.36999496566828366
smooth_crossnet,20260843,67,10222,2.296,3.415132902899408,True,True,32,5.995204332975845e-15,1.4966592926029325,0.8493358981942246,0.21683930923216407,0.6324965889620605,0.7446954618388476,0.2486977585771694,0.06349366639525801,0.18520409218191136,5.215507414040917,0.16284818154177805,0.1212723017628709,0.9963549740798177,0.9523809523809524,1.0,False,0.08442403417947825,7.056855100273651e-15,8.881784197001252e-16,2.7755575615628914e-17,1.5543122344752192e-15,6.661338147750939e-16,1.0269562977782698e-15,4.440892098500626e-16,0.3406122640928636,0.0997361665789603,0.24982615144445852,0.07315268791804824,0.14835149438315864,0.04343944982557193,0.07598485120769996,0.02224945657113072,0.027959009183134306,0.008186799746328301,0.005937482791341428,0.0017385803013114291,0.0006646450915657283,0.0001946176358177605,0.2577884403018449,0.35002399002368223,0.0006616815819279163,0.016195101399485105,0.21239373983896737,0.1268109020843054,0.060319627612563764,0.0724148521889517,-0.05808782119132373,-0.11113759766406943,-0.13543410990976204,-0.1305881067948953,1.7732594814325346,1.6950527864277767,-0.6142417470638187,-0.5221126350623047
smooth_crossnet,20260843,68,13255,2.305,3.415132902899408,True,True,32,1.7263968032921184e-14,1.3392867320563158,0.34385558006075784,0.11447208661130945,0.2293834934494484,0.6670925433547342,0.10068585611084958,0.03351907227801412,0.06716678383283546,3.2848314206823153,0.10467982554469514,0.06983113106054056,0.9991155256169401,0.9761904761904763,1.0,False,0.07832540214528388,6.635317295611287e-15,4.440892098500626e-16,1.1102230246251565e-16,2.220446049250313e-16,8.881784197001252e-16,1.942890293094024e-16,4.440892098500626e-16,0.18484416577764073,0.05412502852252403,0.08093467691079301,0.02369883668131346,0.05327027127874509,0.015598301089108202,0.01724864286133699,0.0050506505461890205,0.006685820524424127,0.0019577043454876803,0.0007724079304848469,0.00022617214393884393,9.959477733133097e-05,2.916278228785069e-05,0.20179382897797596,0.2283787380931794,-0.051019883529697566,-0.07773216710610756,0.08003792100849065,0.056909224009908985,0.15211064611962405,0.1399599705751298,0.038264608262508236,0.04609877623766111,0.04859207659809557,0.048705249231146296,1.607457942678123,1.554977512186299,-0.737950408058804,-0.6580105711709021
smooth_crossnet,20260843,69,6618,2.306,3.415132902899408,True,True,32,1.2826545381372512e-14,0.8183513770190474,0.486805428081112,0.173553485928935,0.313251942152177,0.6434848998848522,0.1425436262430138,0.050818955180804266,0.09172467106220954,3.55275811509339,0.1370218327031576,0.08817148029903034,0.9978559485703143,0.9285714285714287,1.0,False,0.07022894738126839,7.716050021144838e-15,4.440892098500626e-16,2.7755575615628914e-17,1.3322676295501878e-15,5.551115123125783e-16,7.771561172376096e-16,4.440892098500626e-16,0.2560367236213489,0.07497123271658819,0.12501327348154653,0.03660568330310417,0.07334499460077157,0.021476468613711205,0.024959785870992186,0.007308584052410264,0.006758224912096207,0.0019789053908732374,0.0006514141468487709,0.00019074342503500461,4.101144750614551e-05,1.2008741291247339e-05,-0.14221380731574879,-0.17215342701655037,-0.019355269421886548,0.0335856554104007,0.0020834914737951392,0.04738268535198501,0.04777069565179238,0.05317011102561277,0.011081218619412433,0.01590676900335288,-0.11074829487197295,-0.11807091275268089,1.4237338287551768,1.28744258040775,-0.3940004858715198,-0.32891208441082326
smooth_crossnet,20260843,70,15039,2.414,3.415132902899408,True,True,32,1.1711026592919893e-10,1.478111354758789,1.1759905359474647,0.22645761961672822,0.9495329163307364,0.8074324472056424,0.34434693154959284,0.06631004592075124,0.2780368856288416,6.578997229966466,0.17874920673183792,0.14432790942755516,0.9980002726353912,0.9285714285714287,1.0,False,0.16261874838368295,9.43689570931383e-15,2.220446049250313e-16,2.220446049250313e-16,6.661338147750939e-16,8.881784197001252e-16,3.0531133177191805e-16,6.661338147750939e-16,0.46198545247658973,0.13527598064613225,0.4069508616386436,0.11916106143135662,0.19585222353803017,0.05734834605463053,0.08110509215113193,0.023748736713079206,0.02711203274264232,0.007938792870879058,0.002754296249265154,0.0008064975295476169,0.00023057715115976053,6.751630396697101e-05,0.29282444333521507,0.4146367436725303,0.03111007623976143,0.008902446903419332,0.2805383798119387,0.1761326244470923,0.034929376423494474,0.03849840669283208,-0.011340450821833324,-0.06830033752262166,0.11994812779572382,0.12558227517338375,2.4002734283696974,2.3573890801549453,-1.6701720263952078,-1.5747298847627933
smooth_crossnet,20260843,71,19348,2.446,3.415132902899408,True,True,64,7.016609515630989e-14,1.4024336501977548,1.8842069655746319,1.0241983058307422,0.8600086597438896,0.4564300395108721,0.5517228814067417,0.2998999848472104,0.25182289655953133,7.325155374513514,0.25722416375362794,0.11740483522521943,0.986725743230883,1.0,1.0,False,0.7082175030254674,2.4023318057064813e-14,3.552713678800501e-15,2.220446049250313e-16,2.886579864025407e-15,1.9984014443252818e-15,2.886579864025407e-15,4.440892098500626e-16,0.9939395150303115,0.2910397759883571,0.5781276083351065,0.1692840732037933,0.21290094419132424,0.06234045650480361,0.07493488800738357,0.021942012254856823,0.021543111124375736,0.006308132578408848,0.0025468016933394705,0.0007457401412335273,0.00021409719278825038,6.269073528777881e-05,0.11797637980350675,0.10270733031890525,0.032700031563047335,0.0231711426791993,0.13963037587524482,0.16431329012458062,0.03975880673016828,0.02327424224591642,0.04639025982163824,0.03628223197218211,0.07520501872795866,0.0706629447024713,-1.8025345690337569,-0.8030191774523499,2.7533073467099505,1.7850416456068516
smooth_crossnet,20260843,72,11032,2.48,3.415132902899408,True,True,32,1.0380585280245214e-14,1.9042352417127881,0.22786698339839842,0.11836173069697087,0.10950525270142755,0.48056656154512123,0.06672272789294438,0.03465801597252134,0.03206471192042303,3.3685673549510575,0.06764507263406319,0.03250795996122172,0.9996247439994316,1.0,1.0,False,0.08994391243480215,4.5406386983692926e-15,8.881784197001252e-16,1.1102230246251565e-16,1.1102230246251565e-15,4.440892098500626e-16,7.077671781985373e-16,1.1102230246251565e-15,0.1566645010180268,0.04587361765189884,0.04137643758596611,0.012115615632656052,0.025155574384628426,0.007365913743289943,0.003669403652439128,0.0010744541301229732,0.0009638919643347016,0.00028224142126836955,3.449197689678897e-05,1.009974659185465e-05,2.682816104239552e-06,7.855671156931762e-07,0.017495916382908327,0.019877760523648137,-0.03352626042887687,-0.03718594287998258,-0.01244485688021609,-0.007458449447174916,0.20157187672103444,0.18565467347614822,0.04024100705335065,0.049323921025545565,0.45245377077800325,0.46343439781244433,2.099758430003523,2.000973585002543,-0.8613146419169375,-0.770384703800384
smooth_crossnet,20260843,73,19241,2.542,3.415132902899408,True,True,64,5.972999872483342e-14,1.7200339534492441,4.287408386499698,1.2268291640615627,3.060579222438135,0.7138529728297789,1.255414798896915,0.3592332125698532,0.8961815863270619,14.311368259064588,0.29958060675184733,0.21385650673195514,0.9769776763502238,0.9761904761904763,1.0,False,0.6817563490911787,1.9132265216548205e-14,2.6645352591003757e-15,4.440892098500626e-16,2.4424906541753444e-15,1.9984014443252818e-15,2.6645352591003757e-15,6.661338147750939e-16,1.2700439905220091,0.3718871348882957,1.4177545324951781,0.41513890463575254,0.8967433291274983,0.26257933574595993,0.4691611230003734,0.13737712011209316,0.19728221386170497,0.05776706777478987,0.032198636257564806,0.009428223490285997,0.004224561235366371,0.0012370122497369774,0.3727608130677992,0.32800377849203094,0.06426546820958609,-0.08041311125624073,0.2599383854001318,0.2867384217889281,0.054592017215950056,0.040484443223037854,0.07883253781279981,0.08122186969177594,0.07836003199799903,0.08710137203985205,-2.019545835220317,-0.8306473794683785,2.8308305349652976,1.8075445589382406
smooth_crossnet,20260843,74,16647,2.589,3.415132902899408,True,True,32,1.6930901125533637e-15,1.1697085715306808,0.16424599613235719,0.047549382614727145,0.11669661351763004,0.7104989848494717,0.04809358839092741,0.013923142661405145,0.03417044572952226,1.8697448903787586,0.08784406737920566,0.06241312069797422,0.9983072362068932,0.9761904761904763,1.0,False,0.012690558926263612,3.610447444485354e-15,1.1102230246251565e-16,1.1102230246251565e-16,4.440892098500626e-16,4.440892098500626e-16,1.0495077029659683e-16,4.440892098500626e-16,0.06678645019053171,0.019556032543808412,0.071286808083879,0.020873802019053877,0.01699417406066417,0.004976138423847668,0.007846481779933412,0.0022975626433957637,0.0012008063970441881,0.0003516133723594527,0.0001246012148132895,3.648502660247996e-05,6.674405489631222e-06,1.9543618592309335e-06,0.010683338123851562,0.011214466058023802,-0.0029313946813145308,-0.0019877795694801716,0.18585348608053054,0.17038343904625786,0.10573330739057214,0.1181848510927327,-0.14100275994723466,-0.17308209552768916,0.29139207124747973,0.31214845521072154,0.33724620092171165,0.34122653832025845,0.3827343223950847,0.3916206968998562
smooth_crossnet,20260843,75,20365,2.593,3.415132902899408,True,True,32,4.2443826231419735e-13,2.4163365882975407,0.930662045188561,0.21827135212042809,0.712390693068133,0.7654665802168775,0.2725112233255812,0.06391298913583078,0.20859823418975043,4.552898849607486,0.2044108766591191,0.15646969471538985,0.9938497528219744,0.9285714285714287,1.0,False,0.0964068284068389,4.961309141293668e-15,4.440892098500626e-16,1.1102230246251565e-16,8.881784197001252e-16,4.440892098500626e-16,7.91033905045424e-16,4.440892098500626e-16,0.36892878275113833,0.1080276502381275,0.2900979435852967,0.08494484748719645,0.1751149591088178,0.051276176971076955,0.07627513941402911,0.02233445713028398,0.01633767591184241,0.004783906329962126,0.0037504461968703865,0.0010981845519646692,0.00015709822056411693,4.600061696888645e-05,0.49974722292011997,0.6151395893093441,-0.07116349993295938,-0.05168778771368171,0.40951809208987655,0.24291099717670636,0.10056874787010223,0.12283237924144946,-0.0433648499472758,-0.08335151467741339,-0.14209733528211382,-0.1537749277592341,1.7595208879022937,1.786846452886327,-0.09639267732250163,-0.0625786001659567
smooth_crossnet,20260843,76,18638,2.624,3.415132902899408,True,True,32,7.254300271597458e-09,1.7165656113480738,1.4295007505997097,0.32299375280457937,1.1065069977951303,0.7740513583717421,0.4185783661262729,0.09457721324120694,0.324001152885066,6.75513330728082,0.21161695640542943,0.1638023925601164,0.996256933855951,0.9047619047619048,0.5,False,0.12005142958162074,1.6273007247269433e-14,4.440892098500626e-16,2.220446049250313e-16,6.661338147750939e-16,1.1102230246251565e-15,1.1102230246251565e-16,4.440892098500626e-16,0.4883099441402782,0.14298417016969053,0.4036167153523177,0.1181847754767177,0.295103250773521,0.08641047337366631,0.15265410432815163,0.04469931585928913,0.07299322202384412,0.021373464547126037,0.014086467722402535,0.004124720215264035,0.002737046259192838,0.0008014464845186896,-0.1623523320252935,-0.14538700950645173,0.015874305694482886,0.022414214013742495,-0.03558595634011168,-0.05078325440969854,0.08978384356898307,0.08256774489247587,0.11581608800421184,0.20023226472237282,0.13010916954508062,0.1492956102717848,-0.5398498659917667,-0.34396396147015373,2.1027703588924878,1.8021900028340028
smooth_crossnet,20260843,77,8396,2.625,3.415132902899408,True,True,32,7.868705687030797e-15,1.001510516141749,1.0078884103016952,0.28296631721656396,0.7249220930851312,0.719248366858527,0.2951242130126209,0.08285660478288527,0.21226760822973562,5.436220872694033,0.18540240249697856,0.13335037520759913,0.9832614203862583,0.9047619047619048,1.0,False,0.13986211110927604,7.836504882507977e-15,4.440892098500626e-16,5.551115123125783e-17,0.0,1.1102230246251565e-15,5.551115123125783e-16,4.440892098500626e-16,0.4986848491561646,0.14602209147784176,0.27781183190864833,0.08134729739881845,0.16066549941945446,0.04704516749056862,0.061015640192401424,0.01786625643195316,0.008827306107351024,0.0025847621039452795,0.0008773062528181914,0.00025688788043164254,5.9772648555546436e-06,1.750229061504463e-06,-0.28396712805717905,-0.4475995927920303,-0.029427653071980787,0.002886909851720691,0.340054852806772,0.5465276953529092,0.005685764912706366,0.005297907566383972,-0.0029722563219349886,-0.005258898261365525,-0.23549828062567554,-0.2541122270486053,1.4614980734408305,1.3634526666678004,-0.2538628569417896,-0.2096839451950651
smooth_crossnet,20260843,78,19315,2.698,3.415132902899408,True,True,64,2.05613304160579e-13,1.6890928475799207,2.08662104703304,0.7857573265727369,1.3008637204603033,0.623430748151418,0.610992633774669,0.2300810389855218,0.3809115947891472,9.15515081516912,0.22791771420911264,0.14209091108634814,0.9935225170168694,0.9285714285714287,1.0,False,0.46403178432489667,1.1983469772047783e-14,8.881784197001252e-16,2.220446049250313e-16,1.5543122344752192e-15,1.9984014443252818e-15,1.3322676295501878e-15,4.440892098500626e-16,0.8003681528089441,0.2343592989102828,0.7406767334816539,0.216880793380787,0.3670851186841434,0.10748779890015185,0.12242844258624203,0.035848807664937934,0.05062467616805989,0.014823632815308633,0.004814037541258443,0.001409619384701363,0.0006238857627366918,0.00018268271849889648,0.13428989195789548,0.1178052987308994,0.018953383975103003,0.028633415644647747,0.13941859957965197,0.17719785332934437,0.09192376421719602,0.041939753565109,-0.06292666788838572,-0.05638212412998185,0.06295901660579192,0.05640186541480074,-1.7582127078958778,-1.0264592105007806,3.0626875670285445,2.349955995525884
smooth_crossnet,20260843,79,17995,2.83,3.415132902899408,True,True,32,5.4430713269937314e-09,3.2544395995719153,1.8129756605910239,0.4066982966134569,1.406277363977567,0.7756736036484491,0.5308653314931986,0.11908710676184076,0.4117782247313579,7.902853725241632,0.22940772075793311,0.17794551346508308,0.9892252492028659,1.0,1.0,False,0.1856370162635218,7.455841499748317e-15,8.881784197001252e-16,1.1102230246251565e-16,8.881784197001252e-16,0.0,2.220446049250313e-16,4.440892098500626e-16,0.7565825662560256,0.2215382498331751,0.5486346590286875,0.1606481137418995,0.32130151982261645,0.09408170310146209,0.13467795639939548,0.039435641372860035,0.04431429590893809,0.012975862775740227,0.00712743032689565,0.0020870140429511672,0.0003372328484635267,9.874662511002717e-05,1.203686081804612,0.9108428555170031,0.00493364267285686,-0.046384542411104616,0.24831851823116025,0.3050019317395299,0.04218808548439827,0.057385759539483806,-0.08214149210836388,-0.14467837735025077,0.07684431080358926,0.10303762346114644,-0.5507091287462087,-0.3192426830013789,2.311319581429872,2.3884770320774864
smooth_crossnet,20260843,80,14381,2.868,3.415132902899408,True,True,32,5.012928128156346e-10,1.7028595769134551,3.416601003788193,0.33111390900077325,3.08548709478742,0.9030867494818251,1.0004298810413903,0.09695491168723226,0.9034749693541582,17.305264733807824,0.19743130523241692,0.17829759568829745,0.9974994297812132,0.8333333333333335,1.0,False,0.13866096339395695,1.1296519275560968e-14,4.440892098500626e-16,2.220446049250313e-16,2.220446049250313e-16,1.9984014443252818e-15,4.85722573273506e-16,4.440892098500626e-16,0.8439852803892844,0.2471310207789427,0.8068842567225765,0.2362673077927776,0.8452374191608594,0.24749766500836987,0.550230708308205,0.1611154599111108,0.30137390534533154,0.08824661116100888,0.05967835017118259,0.01747467869274322,0.009211083690751895,0.0026971376964368774,-0.46380169968884444,-0.5663617164067735,0.1839569755593055,0.15620289783046384,-0.14599844783262247,-0.010860520225203195,0.10773290450309696,0.10497497342833884,-0.06566586411121152,-0.16363597603993058,1.011873298016572,1.0489606454384162,2.801742686434116,2.7016709148835902,-1.726980275966957,-1.5680916419954485
smooth_crossnet,20260843,81,15735,2.875,3.415132902899408,True,True,64,7.771561172376096e-15,1.7413043619925033,2.9976438274110073,0.43886071015166817,2.558783117259339,0.8535981139124519,0.8777531980866814,0.12850472371926744,0.7492484743674139,13.097592318205482,0.2288698376452229,0.19536286174541134,0.9974902611396137,0.9761904761904763,0.5,False,0.23888976902369463,9.860168237452172e-15,4.440892098500626e-16,1.1102230246251565e-16,1.7763568394002505e-15,1.1102230246251565e-15,1.609823385706477e-15,4.440892098500626e-16,0.8341185605768517,0.24424190340255714,0.8986672334680321,0.2631426825893288,0.7459710334145394,0.21843104049661397,0.3826081535298434,0.11203316661703372,0.12101465603503112,0.03543483064225439,0.015264190386707763,0.0044695743388928275,1.1553258350005535e-15,3.382960100966189e-16,-0.5678451203154892,-0.44880698582061423,-1.8503717077085946e-18,0.0,0.03640541930049764,0.029101840092639282,0.15163313290608973,0.10782116392568757,0.04737652839643382,0.051008662653526486,0.5619317476770996,0.5325742177762259,-1.0505009330892157,-0.7343104916895148,2.562303587117089,2.203915955054554
smooth_crossnet,20260843,82,19114,2.911,3.415132902899408,True,True,64,1.509903313490213e-14,2.3568619442616257,1.8091333840527994,0.48424942690983264,1.324883957142967,0.7323307218923667,0.5297402576973992,0.1417951923624145,0.38794506533498474,6.920342964817813,0.2614225036606155,0.19144773082468844,0.9959078187254699,1.0,1.0,False,0.44129241914123485,1.6917023337725823e-14,1.3322676295501878e-15,1.1102230246251565e-16,1.7763568394002505e-15,1.3322676295501878e-15,1.3322676295501878e-15,6.661338147750939e-16,0.8734294723752153,0.25575270339660394,0.7011838934262405,0.20531672217820385,0.1816557689324771,0.05319142009912805,0.04407632160528304,0.012906180479202656,0.007960315441977969,0.0023308947757844957,0.000819250121640878,0.0002398882107766126,8.362149962770973e-06,2.4485576990785938e-06,0.6262038829161551,0.5165531283980276,-0.0018185676051283963,0.009081386233279405,0.19675925600561078,0.2388963026361269,0.05938362606618882,0.04655645988047338,-0.015987439731472285,-0.019317553000599723,0.02803813585349058,0.030610244630852754,-1.3550321051047653,-0.9263917874412181,2.819315155861548,2.460873762924685
smooth_crossnet,20260843,83,282,2.93,3.415132902899408,True,True,32,1.2733885057514271e-08,2.8591887316500006,2.0362939682089287,0.3799462983765694,1.6563476698323594,0.8134128449485315,0.5962561417390635,0.111253737169057,0.4850024045700065,7.36216567091987,0.27658899014622457,0.2249810373562819,0.9930484575492116,0.9285714285714287,0.5,False,0.3438798715356127,1.4719128693663208e-14,8.881784197001252e-16,1.1102230246251565e-16,8.881784197001252e-16,8.881784197001252e-16,3.3306690738754696e-16,4.440892098500626e-16,0.9626980318724592,0.2818918206829198,0.7352216885752622,0.2152834778263146,0.2518813029165418,0.07375446580796241,0.07314319413017965,0.021417378535424473,0.012103510320598499,0.003544081786779882,0.0012210186794724773,0.0003575318191675196,2.522171441287778e-05,7.3852804941982904e-06,0.9002304277411279,0.8116585207359106,-0.00851617001285555,-0.0019861921831226597,0.5567033949370317,0.5804654666540311,0.007225976463735596,0.010074436901156293,-0.019551064513682055,-0.07909363137036673,0.03268617057136117,0.04103221649121076,-0.8162156502492814,-0.47775590777671495,2.2066256467125642,1.9747938221978956
smooth_crossnet,20260843,84,4634,3.0,3.415132902899408,True,True,32,3.860750608097874e-11,1.4163652075790265,2.57826418793531,0.2971012570710725,2.2811629308642374,0.8847669457376309,0.7549528118646257,0.08699551833512452,0.6679572935295012,11.197992540594075,0.23024342788127344,0.2037117744626768,0.9889890375756759,0.9761904761904763,1.0,False,0.16971722626025573,9.037909309839165e-15,2.7755575615628914e-16,2.220446049250313e-16,4.440892098500626e-16,6.661338147750939e-16,1.5265566588595902e-16,4.440892098500626e-16,0.7794076819417435,0.22822177177351882,0.8117205016928818,0.2376834298318934,0.6146163713373669,0.1799685074673272,0.2663244604458738,0.07798362992543202,0.08327948677816288,0.024385430712655302,0.021385081656919165,0.006261859278964951,0.00153060408235882,0.0004481828748331741,-0.4273791747142529,-0.34885330545317356,0.0006028547558409982,0.01195004095399282,0.44075662456227516,0.5687626868447665,0.05578662919290939,0.025722507709126565,0.08200003015867723,-0.014318176104297496,0.16243356573389361,0.16983151378942427,1.3747516438031706,1.2040327144788552,-0.27258696591348713,-0.20076277463966846
smooth_crossnet,20260843,85,9293,3.109,3.415132902899408,True,True,64,1.0436096431476471e-14,2.377482480415904,1.2391245771157413,0.365154121138849,0.8739704559768924,0.7053128249713173,0.36283348623526157,0.1069223750644777,0.2559111111707839,5.966025990363208,0.20769681176670574,0.14649122504471115,0.9974453030088749,1.0,1.0,False,0.33803630252598604,1.1996046517248615e-14,4.440892098500626e-16,8.881784197001252e-16,4.440892098500626e-16,3.1086244689504383e-15,2.220446049250313e-16,4.440892098500626e-16,0.6123442908155898,0.17930320963372076,0.4513603074065462,0.13216478545339966,0.12890415343915443,0.03774498887868062,0.03748446919414107,0.01097599134789665,0.008238810287219987,0.0024124420693043404,0.0007819023892210088,0.00022895225792155346,1.064358386703942e-05,3.1165943375155738e-06,0.41588815820723235,0.35737919752250547,-0.0010097106332478982,-0.005965851035715143,0.1377331297087552,0.18695166288576048,0.11422647236927812,0.08886480765842138,-0.014130855632282169,-0.017033322383387443,0.13352478323550915,0.13761978972588024,-1.192161024697147,-0.8803204432256733,2.783411527857807,2.5099866392681154
smooth_crossnet,20260843,86,1661,3.204,3.415132902899408,True,True,32,2.632212225961439e-09,2.546585436903868,2.6402589917310983,0.5591925745066604,2.081066417224438,0.7882054085383408,0.7731057814732625,0.16373962314377646,0.609366158329486,9.894174158743622,0.266849860268314,0.21033250313118554,0.9776567783766695,0.9761904761904763,0.5,False,0.431509445235704,1.0959982921221467e-14,2.220446049250313e-16,2.0816681711721685e-17,4.440892098500626e-16,8.881784197001252e-16,3.3306690738754696e-16,4.440892098500626e-16,1.193004786234305,0.34932894858102237,0.945631668753333,0.27689454426517424,0.3540505074658943,0.10367107738773783,0.11807215281782167,0.03457322340737597,0.02656094939265704,0.007777427745229799,0.002870196921740667,0.0008404349122998708,6.8730145344649e-05,2.0125174421849852e-05,1.0534664893561456,0.9264501348117427,-0.014211313326866749,-0.02480496222781877,0.6443586860758143,0.6606041135973376,0.022322910729633022,0.0266176485104971,-0.003311887953218509,-0.00976968162055978,-0.05178670552678441,-0.07683056872526352,-0.906112388587453,-0.36745997938318053,1.801859646136598,1.4117787319411126
smooth_crossnet,20260843,87,17862,3.205,3.415132902899408,True,True,32,2.2198700655451375e-09,1.6919841149105206,1.0352843110048027,0.36693045582418204,0.6683538551806206,0.6455751797609538,0.3031461265023854,0.10744251139177113,0.1957036151106143,4.735094056338254,0.21864070674984845,0.1411490135630954,0.9887251352085743,1.0,1.0,False,0.2495295671254696,6.820309291291626e-15,4.440892098500626e-16,1.1102230246251565e-16,6.661338147750939e-16,4.440892098500626e-16,3.3306690738754696e-16,4.440892098500626e-16,0.5134527283282212,0.15034633875955628,0.3175226919435149,0.09297520798500751,0.14645076021384387,0.042882887541363,0.045202588913608024,0.013235967735027693,0.011171067095459647,0.003271049008363786,0.001460862225793406,0.00042776145682446235,2.3612284360449037e-05,6.914016242355454e-06,0.3121207012164038,0.23254252255983446,0.06180361998231199,0.07491807620515553,0.19238297234839202,0.21418623004011839,0.0034128776393788883,0.002471568409093278,0.005852529428481208,0.008084827316226211,-0.10371032393547304,-0.10303239910616521,-0.582402588588223,-0.25330006939566396,1.8025243268192495,1.5161133588819216
smooth_crossnet,20260843,88,18118,3.401,3.415132902899408,True,True,32,8.352387670385042e-09,2.6315058116678482,0.9723172158530143,0.22812346502203637,0.7441937508309779,0.7653816457194954,0.28470845600987543,0.06679782939878041,0.21791062661109503,4.785366124060954,0.20318554330966992,0.155514485524765,0.9953628827988762,0.9285714285714287,1.0,False,0.18286689309047688,7.714315297668861e-15,4.440892098500626e-16,5.551115123125783e-17,8.881784197001252e-16,0.0,4.718447854656915e-16,4.440892098500626e-16,0.5489733378328222,0.1607472837636129,0.2635869086608357,0.07718203541567986,0.11592639068423354,0.033944913413417495,0.03643105031774155,0.010667535159996851,0.006800231321463014,0.0019912054712979683,0.0005857105666304398,0.00017150447238324995,1.358646928609447e-05,3.978313486587803e-06,0.6929135383484325,0.5636490474395399,-0.0102947242323706,-0.07734187226103305,0.1648604316761754,0.19657553462949925,0.05910581847541405,0.058172654648702034,-0.02294826879576168,-0.03494771649947097,-0.009986430269362192,-0.01128243754673585,-0.5392214478198971,-0.3428130857511847,2.297076894285219,2.279493687008532
smooth_crossnet,20260843,89,11610,3.591,3.415132902899408,True,True,32,1.6369128275073308e-12,2.589448525629188,0.809910023594503,0.23225004291494872,0.5776599806795544,0.7132396980541272,0.23715329582251363,0.06800615071752292,0.16914714510499074,3.5425008829110003,0.2286266257551278,0.16306558552072128,0.9947797006395555,1.0,1.0,False,0.1281556008376762,6.3091892821276474e-15,1.1102230246251565e-16,1.1102230246251565e-16,0.0,8.881784197001252e-16,5.689893001203927e-16,4.440892098500626e-16,0.4258770841874052,0.12470293142203648,0.2422725410615872,0.07094088222918078,0.1081653292833635,0.031672363084766744,0.028958987561080042,0.008479607788175447,0.004232137003347931,0.0012392305434892142,0.0003965319744916965,0.00011611026152307148,7.41252322599556e-06,2.1704933414750607e-06,0.6846364162614686,0.8191970620737382,-0.011291016371310011,-0.011780354223330926,0.41133499082130087,0.25580789749293564,0.04742858996372956,0.0597674879837529,-0.05029848331038368,-0.1066464401473854,0.022828723813727733,0.026454181842242,2.03006213065051,2.010176475752949,-0.5452528261998553,-0.46352778514571435
smooth_crossnet,20260843,90,1571,3.866,3.415132902899408,True,True,32,7.66501040416756e-09,2.7421517423922452,1.9538381836477776,0.41588995171066984,1.5379482319371078,0.7871420698032365,0.5721119028746998,0.12177855548684038,0.4503333473878594,7.023021609183485,0.27820478027475926,0.21898668657462864,0.9925781051356011,0.9523809523809524,1.0,False,0.39021689684758076,2.1913894310277016e-14,1.3322676295501878e-15,1.1102230246251565e-16,8.881784197001252e-16,8.881784197001252e-16,1.1657341758564144e-15,4.440892098500626e-16,0.9558288241954831,0.27988041794332386,0.6022398144667915,0.17634447372618997,0.260730043018777,0.07634550409368263,0.10714128689587898,0.03137250875505234,0.024460694235694164,0.007162442848103311,0.003399419979009626,0.0009953990300417175,3.8100856141177596e-05,1.1156478305377343e-05,0.7951724163419082,0.6649875272668933,0.006245479088250284,-0.01794592300803331,0.4260436445538532,0.4590235893696166,0.03851239893030893,0.04194288444201895,-0.008797187341684946,-0.01571520393711943,0.2701621579589213,0.32551750742498753,-0.8257330362719912,-0.5016088643548615,2.0405458691326785,1.7859502251887425
smooth_crossnet,20260843,91,18148,4.473,3.415132902899408,True,True,32,9.53916856616388e-09,3.6006933703006343,2.191097215015324,0.3990014512103132,1.7920957638050106,0.8178987913105796,0.6415847574058122,0.11683335980030693,0.5247513976055053,9.285258443359513,0.23597589968885774,0.19300440313394332,0.9903271390443045,0.9523809523809524,0.5,False,0.19077605743706794,1.755366685340931e-14,4.440892098500626e-16,5.551115123125783e-17,0.0,0.0,2.498001805406602e-16,4.440892098500626e-16,0.8510730714572579,0.24920642787714256,0.6878730595248145,0.20141911869398063,0.41764454751154056,0.12229232635630818,0.18408164604358634,0.05390175178462401,0.044656429594269645,0.013076044436325408,0.0056411762835969345,0.0016518174970021346,0.00012728460025563217,3.727076042855288e-05,1.1834980194763405,0.9149867970208885,-0.006574891932938308,-0.004978477312367978,0.4528768413039146,0.5037531153520911,0.025182439558367145,0.04270545696483133,-0.08616050015950585,-0.21665072891436707,0.1537740016050777,0.21450335690770733,-0.5483258684981935,-0.30457100700132683,2.426423328947572,2.450944857283178
smooth_crossnet,20260843,92,9313,4.878,3.415132902899408,True,True,64,9.992007221626409e-15,2.8489640002459735,2.555692131910397,0.34921121341712874,2.206480918493268,0.8633594363511652,0.7483433894302164,0.1022540625346242,0.6460893268955922,9.443742859207024,0.27062279966875274,0.2336447477857887,0.9969109419147589,0.9285714285714287,1.0,False,0.32705106942067097,1.773928226533883e-14,6.661338147750939e-16,3.3306690738754696e-16,4.440892098500626e-16,1.7763568394002505e-15,5.551115123125783e-16,6.661338147750939e-16,0.9605206544568475,0.28125425327997533,0.8524099299731449,0.2495978792653893,0.421370681313518,0.12338339188960383,0.23809294278280232,0.06971703577938773,0.07175862589946798,0.021011957056940814,0.010973360824113178,0.003213157770462439,0.0005659366605008744,0.00016571438845627379,0.6990823306651304,0.6293805013567727,0.008936116927999884,-0.1087707681126599,0.3077403230955756,0.3689894254887605,0.047620863278858734,0.0482050763649939,0.023072990950373864,0.028741349200398017,0.12997249033502312,0.15150516616376333,-1.2087006563562506,-0.9485237924972059,2.841239541349263,2.6794370422811524
smooth_crossnet,20260843,93,6702,4.932,3.415132902899408,True,True,32,3.9968028886505635e-15,0.9108071159714937,0.39464157106902376,0.18798783759493476,0.206653733474089,0.5236491759200522,0.11555672422996413,0.05504554081492269,0.06051118341504144,3.2531202625029447,0.12131170667677292,0.06352477523074723,0.9988552791160326,0.880952380952381,1.0,False,0.06636820446420366,4.478405493668625e-15,5.551115123125783e-17,5.551115123125783e-17,6.661338147750939e-16,4.440892098500626e-16,1.6653345369377348e-16,4.440892098500626e-16,0.23435146036838314,0.06862147595176207,0.10659026081697527,0.031211160399198926,0.036530808012201876,0.010696745646761697,0.014713976610854496,0.004308463837047894,0.0022589221174690675,0.0006614448636980625,0.00018813533853873532,5.508873121131263e-05,8.00780459931543e-06,2.3448002836190937e-06,0.1410252378799673,0.15805556691104367,-0.04026864605084133,-0.0015170212881112947,0.007135904769835367,0.001819568497399559,0.04332402674302748,0.03862601232211445,0.007006650679815798,0.009275518310204157,-0.309139295151332,-0.25706526115334566,1.3933886287769899,1.2154151418754033,-0.3316653916759682,-0.2538024095032149
smooth_crossnet,20260843,94,9850,5.0,3.415132902899408,True,True,32,8.217225566653497e-09,1.6795404057538466,8.763767523383775,0.6701540641890942,8.093613459194682,0.9235312823621843,2.5661570933135396,0.19623074218287118,2.3699263511306685,32.24121428930821,0.2718187796757396,0.2510331461640598,0.9933097763998806,0.9761904761904763,1.0,False,0.3096562517397843,1.3836154444391013e-14,1.3322676295501878e-15,1.1102230246251565e-16,0.0,2.220446049250313e-16,3.885780586188048e-16,4.440892098500626e-16,1.4721930787783175,0.4310792934378755,1.810721051544197,0.5302051495585768,2.413490623547907,0.706704743905832,1.9427867699901278,0.568875890112717,0.8232918056973901,0.24107167395986992,0.2741946998217353,0.08028814913438571,0.027089494004098137,0.007932193204281882,-0.8374376582930497,-0.6088743850639659,-0.015728005764012256,0.04734183679471461,-0.09003296490603507,0.057120236343963494,0.17635062231531756,0.14762809912919714,-0.027647279739528494,0.02766575439110102,0.6921204796725096,0.4413454917308412,-0.36802563838067337,-0.1919709253600182,2.1499408508493185,1.7592842977880134
smooth_crossnet,20260843,95,10805,5.00001,3.415132902899408,True,True,32,6.063205493234136e-14,1.4627916866682515,0.715572805053247,0.18348682712707495,0.5320859779261721,0.7435804912773042,0.20953000231579103,0.05372758025648044,0.15580242205931058,5.353666883247788,0.13366031556657978,0.09938720311327691,0.9985518102574898,0.9523809523809524,1.0,False,0.0912496515530522,1.598005582026385e-14,1.1102230246251565e-16,1.1102230246251565e-16,4.440892098500626e-16,6.661338147750939e-16,3.3306690738754696e-16,4.440892098500626e-16,0.29852163073201843,0.08741142415821564,0.2085286200657061,0.061060177156990796,0.1396151423262878,0.04088132037489849,0.04845542476923359,0.014188444826874966,0.015576337598263965,0.004560975528958137,0.004741384312890992,0.0013883454751835902,0.00013426524884416864,3.9314794668804546e-05,-0.11054977675889008,-0.1372118617829997,-0.011715145989993885,-0.011656532948658946,-0.07151653014834239,-0.012427937794498623,0.05709286897928748,0.05905635100383427,-0.1080272092186959,-0.1576619804216359,0.3419775528196355,0.3257032862521606,2.162655040150735,2.0717393358181844,-0.7971251131654841,-0.6747489734581353
smooth_crossnet,20260843,96,14807,5.00001,3.415132902899408,True,True,32,3.473726306602032e-10,2.703540979177033,2.9988388875449754,0.3304122801074567,2.6684266074375187,0.8898199294801223,0.8781031288706206,0.09674946466269016,0.7813536642079304,14.539616745127057,0.2062529528881863,0.18352798799403292,0.9979244638631596,0.9523809523809524,1.0,False,0.22979443902219598,1.1438766600591066e-14,4.440892098500626e-16,8.881784197001252e-16,0.0,0.0,1.3877787807814457e-15,1.1102230246251565e-15,0.8274189037341724,0.2422801475842136,0.9287415248328112,0.27194886736159535,0.6570879081247043,0.19240478388611007,0.39841891170273824,0.11666278385959306,0.15922097410312816,0.046622189715648084,0.026331987845490085,0.007710384513333152,0.0016186772019296152,0.00047397195012685366,0.3076978517226319,0.3728735383133824,0.33927146225626587,0.27943720020921026,0.19981205595558266,0.1094864732949535,0.09902492142818015,0.12405577175109841,-0.001538008662015554,-0.08320345026875266,0.6933646785041402,0.8604048116840533,3.1041114230143783,3.0055244292213446,-2.0382034050421307,-1.9650377950282565
smooth_crossnet,20260843,97,15672,5.00001,3.415132902899408,True,True,64,1.3199441539768486e-12,4.188737471873709,10.528066983861429,0.8425849549297666,9.685482028931663,0.9199677437252848,3.082769333785875,0.24672098535738443,2.8360483484284904,31.708469374631164,0.3320269691820749,0.30545410169437814,0.9792751720087675,0.9047619047619048,0.5,False,0.3018596415384901,1.4328815911568427e-14,1.7763568394002505e-15,2.220446049250313e-16,2.6645352591003757e-15,3.552713678800501e-15,1.3322676295501878e-15,8.881784197001252e-16,1.9595161598537434,0.5737744959179003,2.42545293830252,0.7102074816014741,2.794229471158536,0.8181905508820074,2.191527657397181,0.6417107971220094,0.9467683001654742,0.2772273662795609,0.18278235790506736,0.053521301542873274,0.027790099078905093,0.008137340440048943,1.1051704678738863,0.7961244939530219,0.11824441906228023,-0.3420563007593499,0.649232253127017,0.8397114622727474,-0.029434934031674236,-0.01930177849330043,-0.12437570759794135,-0.159699040998383,0.42809977663222115,0.5831935638970194,-1.28664960092298,-0.7997707979421143,3.328450797730902,3.290535869944071
smooth_crossnet,20260843,98,15698,5.00001,3.415132902899408,True,True,64,1.0161845143130677e-08,4.1774891337280025,11.610144503893716,0.949770125075549,10.660374378818167,0.9181948058650757,3.399617184454766,0.27810634375874665,3.1215108406960193,28.36452465055124,0.40931919878544776,0.3758347622656526,0.9739462808371753,0.880952380952381,0.5,False,1.0083612540370515,5.333394628714849e-10,8.881784197001252e-16,2.220446049250313e-16,1.7763568394002505e-15,7.105427357601002e-15,1.1657341758564144e-15,4.440892098500626e-16,2.1013023280473626,0.6152915238711154,4.2681969322461955,1.2497894089634245,3.0488887481271885,0.892758447420514,1.5924335462263397,0.4662874305343673,0.48481723937644794,0.14196145601386223,0.11105792879057469,0.03251935779608688,0.0034477810796034293,0.0010095598553942961,1.9512634479900894,2.184552356593053,-0.04112310577349171,-0.37191235463447014,0.6709876140340314,0.8959209537812501,0.1094872304284028,0.04988765333739961,0.019095415786128153,-0.4609860671427544,0.002470549892303846,-0.009459171047901109,-1.2414110202577189,-0.7498631435323493,2.7067190016282594,2.6393489063737814
smooth_crossnet,20260843,99,17110,5.00001,3.415132902899408,True,True,64,9.129611289182549e-09,4.080393165263736,6.327200220696436,0.5774729252241922,5.749727295472243,0.90873168145758,1.8526951660723705,0.1690923725790948,1.6836027934932758,16.3087386003437,0.3879638012324934,0.3525549974386781,0.9849456380870659,0.9523809523809524,0.5,False,0.6116185339642051,2.8189256484623115e-14,1.3322676295501878e-15,2.220446049250313e-16,0.0,7.105427357601002e-15,3.885780586188048e-16,8.881784197001252e-16,1.533385192627081,0.44899722389288416,2.6622257550742487,0.7795379655105223,1.478696619876728,0.4329836237475068,0.4963396524225565,0.1453353841665049,0.12902568650592472,0.03778057550743733,0.02669840086146366,0.007817675510899453,0.0008289133284272044,0.00024271773661384207,2.1759448183751684,2.208693504648261,-0.025287625853198187,0.011104471373125334,0.6427744382166715,0.7580445225816149,-0.032005492206433284,-0.010446517247350056,0.054898475853932815,-0.30479305347133434,0.010460088340684535,-0.0046220117125594,-0.8874374140407392,-0.5159343316399871,2.1410458765776497,1.9383465807319717
smooth_crossnet,20260844,0,18834,0.557,3.4090380383330845,True,True,32,1.1771403851668083e-08,-0.19041121203222966,11.170080549910153,1.829605412916139,9.340475136994014,0.8362048147512369,3.276607777416289,0.5366925778894389,2.73991519952685,26.098189979433904,0.4280021165725472,0.3578974306016841,0.8827653836961782,0.8333333333333335,1.0,False,1.787042391805051,2.067269966321561e-14,1.3322676295501878e-15,9.43689570931383e-16,2.220446049250313e-16,5.551115123125783e-17,2.220446049250313e-16,1.1102230246251565e-15,3.894586298166163,1.1424296984584241,3.400642073768093,0.9975371455317944,2.292892389811432,0.6725921987460681,1.2172215556247024,0.35705719382934387,0.28819155356584025,0.08453750011741058,0.07258295728688843,0.02129133100620352,0.003963721687031876,0.0011627097270437072,-0.8328589827230465,-0.3939321420594324,-0.07700996400963978,0.1530993290497551,-0.09524526832967256,-0.05838832018046563,0.03709986844597867,-0.010405765919208885,0.019229553412556315,-0.008768157755664838,0.31845904358787125,0.1451715359558489,-1.456527124903174,-0.3328147938592508,1.8964416624868972,0.31562710273618894
smooth_crossnet,20260844,1,12797,0.598,3.4090380383330845,True,True,32,2.3085977574055505e-12,-0.12664250734048665,2.1835347859166365,0.09866461248852376,2.0848701734281128,0.9548142703634076,0.6405134707691084,0.028942068518768346,0.61157140225034,5.830189488812441,0.37452209574090595,0.3575990415798274,0.9925318443540105,0.9761904761904763,0.5,False,0.1661118618400625,5.602723146536093e-15,5.551115123125783e-16,4.163336342344337e-17,2.7755575615628914e-17,6.38378239159465e-16,2.220446049250313e-16,2.220446049250313e-16,0.5479921867908235,0.16074686777586528,0.8286136011546865,0.24306375928848634,0.5549874292415644,0.1627988373849112,0.19376543564997223,0.05683874262216142,0.051277478406135564,0.015041626942716275,0.006827438030453697,0.0020027462157013965,7.12166429987651e-05,2.0890539265906186e-05,-0.20347456444678022,-0.15599480899858648,-0.08165366616853294,-0.10693044157599596,-0.0606039957767731,-0.06268407839918282,-0.0019733625515504062,-0.002840845534977287,0.0072725563865598765,0.009452108819248222,-0.058272316124314515,-0.03827637484173654,-0.10473753988239257,-0.07572817655732896,0.3768003812232972,0.3063601097480725
smooth_crossnet,20260844,2,19817,0.656,3.4090380383330845,True,True,32,6.453171330633722e-16,-0.3117625079979047,0.10663452486766423,0.030046358690610765,0.07658816617705347,0.7182304818453596,0.03127994574088274,0.008813735239311825,0.02246621050157092,0.8069292564152597,0.1321485421676027,0.09491311111619911,0.9886636946399247,0.9761904761904763,1.0,False,0.027683384432410113,4.3680337125096e-15,5.551115123125783e-17,3.469446951953614e-18,2.220446049250313e-16,1.1102230246251565e-16,1.2576745200831851e-17,2.220446049250313e-16,0.06015507745346124,0.017645763050175657,0.02800139970682418,0.00821387130092453,0.013809549044930829,0.004050863877037663,0.003943372683019492,0.0011567405932929047,0.0006316575711272511,0.00018528909446728037,8.95129671301096e-05,2.6257544246669277e-05,3.955441170338039e-06,1.1602807378095814e-06,-0.2084528728089216,-0.18951452253868656,0.013780088455256946,0.020333448202358415,-0.01445349087164582,-0.013171562723714796,0.007638642362475804,0.005747899211835274,0.012517078450450303,0.012946749241662439,-0.05565246994473533,-0.05363721133692685,-0.07632631221212449,-0.10448192775209456,0.009186828571339274,0.010014619697662049
smooth_crossnet,20260844,3,2319,0.682,3.4090380383330845,True,True,32,1.1102230246251565e-15,-0.21736587908910465,0.17023743719913445,0.055432215109054106,0.11480522209008034,0.6743829323263806,0.04993708937386201,0.016260368610072407,0.033676720763789594,0.8710609108267782,0.19543689205104095,0.1317993043461353,0.9737125825395107,0.9523809523809524,1.0,False,0.05350032918793196,1.3083284455817079e-14,2.7755575615628914e-17,3.469446951953614e-18,2.220446049250313e-16,1.942890293094024e-16,4.85722573273506e-17,2.220446049250313e-16,0.10627631277350472,0.031174868563646357,0.041083923011390217,0.012051470986659627,0.01782612058430564,0.005229076467865424,0.004526303793786372,0.001327736371049587,0.0004560052241287312,0.00013376360691818616,6.689248381803165e-05,1.96220995676364e-05,1.8793281997865618e-06,5.512781549089127e-07,-0.2348112094146851,-0.19867818543723087,0.008920972365041304,0.010071373457140445,-0.018035006072153973,-0.014268525758134186,0.016844672989685748,0.005215281188119366,0.001829578237949864,0.0018856615119925819,-0.020386203136699785,-0.017075160537598458,-0.055609895765791874,-0.09941271907327959,0.08388121170754893,0.09489639555988588
smooth_crossnet,20260844,4,2961,0.699,3.4090380383330845,True,True,32,1.2712053631958042e-14,0.42822142164936006,0.45335107392062746,0.05195154162933984,0.4013995322912876,0.8854054956127985,0.1329850441159355,0.015239355221375752,0.11774568889455975,3.0045674379604,0.15088730184348173,0.13359644627040587,0.9967537267768297,0.9761904761904763,1.0,True,0.03690903600884135,3.3133218391157016e-15,1.1102230246251565e-16,5.551115123125783e-17,3.885780586188048e-16,1.1102230246251565e-16,1.3530843112619095e-16,2.220446049250313e-16,0.1337513227819205,0.039234329824996854,0.15337557949389308,0.04499086773724856,0.10033991300215822,0.02943349762422169,0.04552178959639989,0.013353265374140165,0.01608979742763546,0.004719747109510952,0.004013867439183842,0.0011774193758032987,0.00025880417943541234,7.59170700136745e-05,-0.33060307352543084,-0.32500076559517266,-0.054368191738301146,-0.0677824408108831,0.03343228462598509,0.04460348301098475,0.05050400408512728,0.045330100474430195,0.28963364818495685,0.2595587030735484,0.2163002359830536,0.2430495332227594,0.26477395524169023,0.2732026933160666,-0.04145144120772143,-0.04473988504237367
smooth_crossnet,20260844,5,9528,0.7,3.4090380383330845,True,True,64,1.3855583347321954e-13,0.01424518124230012,10.8862872081475,1.5596248190338233,9.326662389113677,0.8567349189660759,3.1933604394366224,0.4574970421264153,2.735863397310207,26.103207019314404,0.41704788228099593,0.35729948363098263,0.9932753587882501,0.8571428571428572,1.0,False,1.3350202545292704,2.2548369421615533e-14,4.440892098500626e-16,2.220446049250313e-16,3.3306690738754696e-16,1.1102230246251565e-15,6.661338147750939e-16,4.440892098500626e-16,3.2062755075002816,0.9405220685270066,3.051688308852899,0.8951757869927088,2.979120824615694,0.8738889948181373,1.3456907309533752,0.3947420697046187,0.2683159428288659,0.07870723054767209,0.034824693083269534,0.010215401732594848,0.0003712003131116166,0.00010888711388304784,-0.5427581339593082,-0.23056461097979328,-0.010593658533176644,-0.17516937730029045,-0.1557764758223568,-0.1367972899745255,-0.00021669385516100213,0.004324085676281069,0.14088822726709652,0.11354932894730323,-0.11108521947600039,-0.04010517734107899,-2.1619860286263077,-1.009054740086194,2.855773164247514,1.4880629623005992
smooth_crossnet,20260844,6,2903,0.725,3.4090380383330845,True,True,32,1.1282641487753153e-14,0.38736168171483465,2.1572237116830624,0.1655772962010943,1.9916464154819682,0.923245189961355,0.6327954359634775,0.04857009348069831,0.5842253424827792,8.204279100029721,0.26293885000514516,0.2427570285212205,0.9446821225802662,0.8333333333333335,1.0,False,0.1031643605278178,4.413136522884997e-15,5.551115123125783e-17,1.0408340855860843e-17,2.220446049250313e-16,1.1102230246251565e-16,3.469446951953614e-17,2.220446049250313e-16,0.5566987099154597,0.16330082083439243,0.6067535000742842,0.17798378699551506,0.518617345030662,0.1521301138910876,0.3298045061577082,0.09674415552106086,0.10668082468285876,0.03129352723063848,0.036947187935880046,0.01083800987857152,0.0017216378862088648,0.0005050216122113713,-0.2671907467181732,-0.29711884904357627,0.28420228401719494,0.27258045981734025,0.0036869796025990583,0.152337974754369,-0.02146006395173369,-0.01237717575183153,-0.04322931950341461,-0.126140947950467,0.1963456161801832,0.1647893633029564,0.25681597954691404,0.24725649119535675,-0.021809047458735298,-0.01396563460931307
smooth_crossnet,20260844,7,2561,0.741,3.4090380383330845,True,True,64,3.490052691290657e-11,-0.3677357602729985,20.963987295108787,5.013976591018064,15.950010704090722,0.7608290579250685,6.14953164481542,1.4707892768101074,4.678742368005313,46.69894839415089,0.4489177597355609,0.341549676225439,0.9810066675809721,0.9285714285714287,1.0,False,4.255863239794133,2.6423307986078726e-14,1.1102230246251565e-15,8.881784197001252e-16,2.220446049250313e-16,8.881784197001252e-16,1.7763568394002505e-15,1.5543122344752192e-15,7.038639501505918,2.06469960803007,6.074673095061249,1.7819317434285886,5.09098211325659,1.4933779136550571,2.0540764088964316,0.6025384245641366,0.6275227728582073,0.18407620149790022,0.0707788467565971,0.02076211704320137,0.0073145567737861435,0.002145636596464244,-0.9907890656349785,-0.26685382745430025,0.15491695175684683,-0.23790697382600798,-0.13357901808734704,-0.0705446395552508,0.04731239038218468,-0.006222407492073615,-0.017478881968253368,-0.005327696350865872,0.34499701525065934,0.05461151165050939,-5.170960842549851,-0.9561050538619512,5.397845690577741,1.120613326616941
smooth_crossnet,20260844,8,9579,0.797,3.4090380383330845,True,True,32,2.904898543931722e-13,0.05865340221421467,1.613599804373606,0.1570436762299578,1.456556128143648,0.9026749533531818,0.4733299500414513,0.04606685946712034,0.42726309057433093,5.791359375111414,0.2786219434608241,0.25150504981667227,0.9520862633205616,0.9761904761904763,0.5,False,0.09395759179887929,6.2117195068212006e-15,5.551115123125783e-17,5.551115123125783e-17,1.3877787807814457e-16,3.608224830031759e-16,8.326672684688674e-17,2.220446049250313e-16,0.4736681519421002,0.13894481276416307,0.5715898361998701,0.16766895228876944,0.36140094353963864,0.10601258756160804,0.14932096622712604,0.043801496066655635,0.05050457799227673,0.014814905971824216,0.00689709408213326,0.0020231789744140634,0.0002182343904599191,6.401641401649747e-05,-0.26197601630964357,-0.25746174428351326,0.028336157601182955,0.029810829532921596,-0.014875768463760741,-0.0074370839714408415,0.00048166280844675474,0.004691639577808182,0.11399437439093225,0.19212914101597237,-0.0570756447401686,-0.0568266414682439,-0.061803756897018405,-0.21884743312697635,0.31157239382424384,0.3725946949376865
smooth_crossnet,20260844,9,12279,0.819,3.4090380383330845,True,True,64,1.9040324872321435e-14,-0.2084209295928241,1.247494497154308,0.2067394807412552,1.0407550164130528,0.834276238321809,0.3659373943988888,0.060644521538499606,0.30529287286038914,9.079713712049593,0.13739359375381752,0.11462421056644967,0.9904019010610067,0.880952380952381,1.0,False,0.15837417369639617,1.1492543028346347e-14,5.551115123125783e-16,1.1102230246251565e-16,2.220446049250313e-16,3.3306690738754696e-16,1.3877787807814457e-16,2.220446049250313e-16,0.4645236181445726,0.13626237458227672,0.37332887338035214,0.10951150124534796,0.2619613817641782,0.07684319705985719,0.11088742738699145,0.03252748316097171,0.03395386490322745,0.009959954838119041,0.0026272135177108852,0.0007706612505255331,0.00021211805727382443,6.22222617901746e-05,-0.5954464216679153,-0.6972430557708158,-0.008553181918931565,0.0021015331649911835,0.03432367560705964,0.10761029364957889,0.03424150822505284,0.021783539558814406,-0.0018935795900010522,-0.006440215817189293,0.04319447672350878,0.020580741487429978,0.9780419258979598,0.9127174193891109,-0.6923293328695574,-0.569531185254744
smooth_crossnet,20260844,10,5210,0.904,3.4090380383330845,True,True,32,4.595657188133373e-12,0.177335284531551,1.770986778608472,0.17653383030318856,1.5944529483052836,0.9003189451013872,0.5194975118184456,0.05178405999526723,0.46771345182317836,8.26627624866624,0.21424238984200658,0.19288648241855552,0.9949513401557748,0.8571428571428572,1.0,False,0.14169703627172225,3.62383734131555e-15,4.440892098500626e-16,4.440892098500626e-16,4.440892098500626e-16,8.881784197001252e-16,8.326672684688674e-17,2.220446049250313e-16,0.4817177915501863,0.14130607700280504,0.4670548130699278,0.1370048699422267,0.3910669245552276,0.11471474361912588,0.2865616278625604,0.08405938116275179,0.11729912480339169,0.034408276905219685,0.025477474835707822,0.00747350852329167,0.0018090219314695877,0.0005306546630245711,-0.7447263943233204,-0.8986684074888616,-0.03545031423860104,-0.040209096444874796,0.004601662058273485,0.07038395599336549,0.025936704197399994,0.022290804985643477,0.01502899181235135,0.0008418560927340472,-0.15078387178856903,-0.12048211594304052,1.2964413089220117,1.3190091977549634,-0.23371280210799544,-0.17583091041837923
smooth_crossnet,20260844,11,7482,0.932,3.4090380383330845,True,True,32,1.0832446051267652e-11,0.408688389365242,1.806097811306112,0.26952266012018045,1.5365751511859314,0.8507707287872353,0.5297969078072354,0.07906120644285002,0.4507357013643854,7.535637134320823,0.23967420128024688,0.20390779489469416,0.9963653812622028,1.0,1.0,False,0.31178955816107745,5.387698750677905e-15,1.5543122344752192e-15,5.551115123125783e-17,9.992007221626409e-16,7.216449660063518e-16,9.992007221626409e-16,2.220446049250313e-16,0.6972341207189199,0.20452518067526348,0.6836112205946333,0.20052906799740444,0.30940909799409316,0.09076140967479047,0.09327038344312419,0.027359736792121732,0.020051172182487323,0.005881768392438277,0.0024764530101997894,0.0007264374824666666,4.5363362653155e-05,1.3306792750055761e-05,-0.517644112654891,-0.4810501446258868,-0.010152092735570887,-0.02046685565569603,0.0009227643618109147,-0.0005930128998239049,0.14832417667066677,0.07690616420889664,0.00541956964794516,0.006224975793025826,-0.4238312510623958,-0.3279656980759143,1.4931250259628637,1.306850918486214,-0.28747569082518787,-0.15121795786557404
smooth_crossnet,20260844,12,13055,0.961,3.4090380383330845,True,True,32,1.3641865415081611e-14,0.11210464982688073,1.0265508190474282,0.07213877184798845,0.9544120471994397,0.9297270329832005,0.30112624368057217,0.02116103459005758,0.2799652090905146,3.2380693373307188,0.3170255828720637,0.29474725454341355,0.993601392180196,0.9523809523809524,1.0,False,0.14594520913636957,1.342502498058451e-14,1.1102230246251565e-16,1.1102230246251565e-16,2.498001805406602e-16,3.3306690738754696e-16,1.3877787807814457e-16,2.220446049250313e-16,0.3299548689411648,0.09678826262158773,0.4259677886684257,0.1249524892003584,0.21230475858436115,0.06227702835729334,0.04557484691860923,0.013368829096695543,0.011843804923590082,0.003474236658673759,0.0008818133221383913,0.00025866925279882506,2.2937689136858473e-05,6.728493164034715e-06,-0.23974119465716903,-0.2061369214896895,0.04437703661975724,0.05820128930834618,-0.026670277165172354,-0.022102506044779043,0.0004132979026708009,-0.01037224704840193,0.002040921317201877,-0.00029589869209731425,0.05876310745530147,0.03908864297478422,-0.15587095579742766,-0.195212898204527,0.42879271415171816,0.44893518902324475
smooth_crossnet,20260844,13,12827,0.962,3.4090380383330845,True,True,32,4.6851411639181606e-14,0.40000601287546544,1.0022685835502128,0.07150925619620646,0.9307593273540062,0.9286526013387468,0.2940033441340806,0.020976373801675826,0.2730269703324047,3.7269253849179385,0.26892638838603455,0.24973919014332513,0.996403476136169,0.9761904761904763,1.0,False,0.08116877517812623,5.145840351050701e-15,4.440892098500626e-16,2.220446049250313e-16,0.0,1.2212453270876722e-15,3.191891195797325e-16,2.220446049250313e-16,0.22491552337001566,0.06597624339797407,0.43118998532595465,0.12648435731060173,0.2794728142158787,0.08197996357721264,0.05758982497934105,0.01689327732098311,0.008370949686382426,0.0024555166566799483,0.0007146329788824342,0.00020962892488928282,1.485299375697619e-05,4.3569457395197764e-06,-0.02319362853992973,-0.017673321933717415,0.05567915302904881,0.04583519887650908,0.08115460392938825,0.06551058043696367,-0.0005836761227224025,-0.006200125730165722,0.0029198564816356664,0.0018881548302026956,-0.0870252680990675,-0.08114750030139425,-0.18466991658899146,-0.12455873479667101,0.5557248887861038,0.5163517614937372
smooth_crossnet,20260844,14,2997,1.002,3.4090380383330845,True,True,32,9.159339953157541e-16,-0.024265497819011994,0.11965394117798472,0.027024839557130587,0.09262910162085414,0.7741416681216438,0.03509903375454615,0.007927409214343912,0.02717162454020224,1.374864996453206,0.08702959307761908,0.0673732343610559,0.9978895776543575,1.0,1.0,False,0.007450201414804829,3.946062226978242e-15,5.551115123125783e-17,5.551115123125783e-17,2.220446049250313e-16,1.6653345369377348e-16,3.382710778154774e-17,2.220446049250313e-16,0.05053931954832426,0.01482509698631478,0.046204574711289546,0.013553552114039236,0.016479072604115307,0.004833936265543423,0.0051460293005835284,0.0015095253390307664,0.0010949184174553893,0.00032118105023866823,0.00018287639410287458,5.3644574230769085e-05,7.150202112710666e-06,2.0974251481825345e-06,-0.2763432121878944,-0.27214810532776246,-0.07363343847791626,-0.051350330909071644,0.00033279822757955544,0.000879423355733624,0.03801578493015708,0.034519246311438864,-0.010287014794767835,-0.012007146477245845,0.10406019281853103,0.09029136186026171,0.23266710402052018,0.22952909434053503,-0.039077712355221575,-0.04397904097290142
smooth_crossnet,20260844,15,5030,1.01,3.4090380383330845,True,True,32,2.3516744107610066e-12,0.5847131596299375,1.3010280916065327,0.11998794059973783,1.181040151006795,0.907774519724955,0.3816408256455524,0.035197008437725816,0.34644381720782663,5.989356535216628,0.21722335011393273,0.19718982232272103,0.998000989074116,0.6904761904761906,1.0,False,0.10390798968392195,9.637256270789152e-15,6.661338147750939e-16,1.1102230246251565e-16,5.551115123125783e-16,3.3306690738754696e-16,1.1934897514720433e-15,2.220446049250313e-16,0.45685681981193993,0.13401341219276303,0.3735831067630112,0.10958607752751329,0.24752462915784218,0.07260835061813337,0.17151399685051805,0.05031155267906109,0.04052889476464036,0.01188866017595326,0.010631776763703063,0.003118702884553813,0.0003888674948764417,0.00011406956757413772,-0.6915095980967305,-0.7276486890945315,0.06793892042235974,0.025084197370692438,-0.00664533897152631,0.04745391291236006,0.04489825124210187,0.03522502504808947,-0.0038104073339107203,-0.0292651715082152,0.046180974297141617,0.04031483811518904,1.4664508771712692,1.4675569685402077,-0.3387905191007668,-0.2740079217538549
smooth_crossnet,20260844,16,9116,1.026,3.4090380383330845,True,True,32,5.232619892936441e-14,0.1663624303543214,1.2682918794216473,0.04067511247257506,1.2276167669490723,0.9679292179248807,0.3720380544776213,0.011931551368803132,0.36010650310881814,8.057107367236172,0.1574128060622716,0.1523644542632155,0.9992625848435648,0.9761904761904763,1.0,True,0.047213916189273286,4.842480583189257e-15,2.220446049250313e-16,2.220446049250313e-16,3.885780586188048e-16,5.551115123125783e-16,2.0122792321330962e-16,2.220446049250313e-16,0.2808705290248743,0.0823899662798164,0.39181080343611496,0.11493295147498515,0.3274208367488788,0.0960449349837638,0.17544207026639536,0.05146380541772458,0.06990784499893453,0.020506619231833896,0.021303346486651262,0.006249078551516529,0.001536448459797522,0.0004506985379807608,-0.43723270103566914,-0.4442090343499364,-0.056380223590253825,-0.05694933416864826,0.029378896932084682,0.04694443307071846,0.1394882435259378,0.11563236969422713,0.01470021614922156,0.03153180461564551,-0.13602116945805443,-0.13119694299179074,0.7774049596380249,0.7681311648898222,-0.16497579180697053,-0.16352203040571714
smooth_crossnet,20260844,17,20015,1.034,3.4090380383330845,True,True,32,4.163336342344337e-16,-0.23209040587552243,0.0445863600660736,0.01205355028997965,0.032532809776093956,0.7296583468101635,0.013078868456356378,0.003535762920343789,0.00954310553601259,0.5531793669946174,0.08060018635240862,0.05881059872648957,0.998281373986762,0.9285714285714287,1.0,False,0.006327478076649365,3.606273266121285e-15,5.551115123125783e-17,3.469446951953614e-18,2.7755575615628914e-16,4.996003610813204e-16,3.859759734048396e-17,2.220446049250313e-16,0.029499889605541854,0.00865343515497011,0.01076265938238418,0.003157095714791963,0.0034318259913231858,0.0010066845698797904,0.0007677341650669292,0.00022520551441025508,0.00011153759661767036,3.271820242645601e-05,1.1989814584505095e-05,3.5170668234513887e-06,7.235105542387514e-07,2.1223305404727193e-07,-0.1383473442409825,-0.1288607493738776,0.005949938172700135,0.007095328629032428,0.03673490222476446,0.030828553330209972,-0.023710757477567852,-0.02313316527357167,-0.0072688121109650596,-0.008467643677151884,-0.02354088085731191,-0.022696908094765243,-0.058714121290275395,-0.06261804215455265,-0.023193330295884582,-0.02423777926084529
smooth_crossnet,20260844,18,1857,1.059,3.4090380383330845,True,True,64,1.573852159708622e-12,-0.17751078080493676,10.709838128447936,5.209958283543925,5.499879844904012,0.5135352914713989,3.141601240003975,1.5282781315316256,1.6133231084723492,27.634867935392084,0.38754801193501653,0.19901958126820987,0.9729535937647291,0.9523809523809524,1.0,False,5.1174247001129585,3.399971276740743e-14,2.6645352591003757e-15,3.3306690738754696e-16,4.440892098500626e-15,1.8318679906315083e-15,1.7763568394002505e-15,1.7763568394002505e-15,6.5635249006110365,1.9253304969927527,2.7871361799673915,0.8175726256578281,1.0836867485115818,0.3178863762521909,0.23015396412623967,0.067512876517734,0.04220476611713215,0.012380256730068342,0.003082562666393701,0.0009042324056615632,4.900644815583957e-05,1.4375447737685622e-05,-0.9218939578518806,-0.32870273385158344,-0.14392053787480416,0.08376534258159288,-0.04561905853130412,-0.024634834296625406,0.08161618738913683,-0.007079175872116208,-0.00917356776992238,-0.00044136730801236444,0.28965475055978745,0.07607795024720508,-5.036893686215633,-0.6775289318249891,5.608719089489679,0.7010329695195936
smooth_crossnet,20260844,19,19048,1.075,3.4090380383330845,True,True,32,3.817279825568676e-12,0.17202902612242532,1.1750993241729395,0.1376758260831889,1.0374234980897505,0.8828389879467523,0.34470114764325926,0.04038553531380019,0.3043156123294591,4.134647774854951,0.28420784264124255,0.2509097641639244,0.9952854080779918,0.9761904761904763,0.5,False,0.15424204940051944,2.302064788795022e-14,4.440892098500626e-16,1.1102230246251565e-16,6.661338147750939e-16,2.220446049250313e-16,3.8163916471489756e-16,2.220446049250313e-16,0.48436958200591096,0.14208394760028928,0.45176992131223853,0.13252123215766176,0.15778287326465024,0.04628369396012995,0.07021835557728698,0.020597703747424773,0.010102583163850225,0.002963470354466939,0.0008161685863689845,0.00023941316500183908,3.98402626320458e-05,1.168665828426088e-05,-0.17893998828492266,-0.1094247245670775,-0.07257871999952667,-0.12061234336660606,-0.03231028091917698,-0.024798334122112343,0.010973697775930925,-0.009258036681281253,-0.0023845473066516232,0.00036093803558384034,0.031482009769376415,0.016248544628186923,-0.419158754321502,-0.36125562409545836,0.8349456094088973,0.7807686062911898
smooth_crossnet,20260844,20,9519,1.089,3.4090380383330845,True,True,64,3.6415315207705135e-14,0.08454798996009849,9.925303004060405,1.689531050702402,8.235771953358004,0.8297753680657185,2.9114673677603125,0.4956034610656709,2.415863906694642,26.563983012922705,0.373637605446141,0.31003528158226534,0.9978739619026769,0.9285714285714287,1.0,False,1.3793183204580035,1.6209256159527285e-14,8.881784197001252e-16,6.661338147750939e-16,1.3322676295501878e-15,9.992007221626409e-16,8.881784197001252e-16,2.220446049250313e-16,3.7645213198820358,1.1042767131230873,2.9619480007886945,0.868851555037795,1.9052944079814829,0.5588950274409709,1.0821195963879475,0.31742667116647105,0.1943303906257917,0.05700446531855459,0.016873447811747423,0.004949621453915493,0.00021584058270168564,6.331421951725276e-05,-1.1160119774744424,-0.5432841878682239,0.012699201843347432,-0.07182561639901298,-0.14111286083134505,-0.030176049042724737,0.08932888478278864,0.01359641291198373,-0.00021213037993807464,-0.0009965747415370055,0.38199484465066413,0.16908502950611043,-2.262083924639338,-1.2562174753317765,3.119945952008363,1.8043664509252784
smooth_crossnet,20260844,21,2993,1.098,3.4090380383330845,True,True,32,1.6930901125533637e-15,-0.03314809568714461,0.06081908986894553,0.02199902419203751,0.038820065676908024,0.6382875140117757,0.01784054304617974,0.0064531471766136,0.01138739586956614,0.6341972967211791,0.09589932057954556,0.06121133892813647,0.9996424249782687,1.0,1.0,False,0.007699818498273336,2.925611142234885e-15,5.551115123125783e-17,4.163336342344337e-17,2.220446049250313e-16,1.6653345369377348e-16,3.122502256758253e-17,2.220446049250313e-16,0.027783392962373504,0.008149921664106375,0.026946404138214856,0.007904401134635279,0.0051938183840072654,0.001523543687575538,0.0007986273204631883,0.00023426764720222738,8.953781931454453e-05,2.626483433383037e-05,7.034295026498381e-06,2.0634252089301815e-06,2.749495448847554e-07,8.065311732901559e-08,-0.06207770034131123,-0.05949911965502234,-0.26780503099086483,-0.2502344098210944,0.009244042021340123,0.01068881752393675,0.025331953268803335,0.025737000102185072,-0.00256478952482416,-0.004483762115259911,0.041642905838051796,0.03696201921899151,0.2491981212313277,0.23946080838605963,-0.026117597189667576,-0.031779449326940754
smooth_crossnet,20260844,22,11936,1.16,3.4090380383330845,True,True,32,2.307141361290732e-08,0.6376771943516226,3.1567271201076386,0.2209163395451828,2.9358107805624556,0.9300172833635205,0.9259876494810781,0.06480313128251398,0.8611845181985641,15.013444290075224,0.210260021559105,0.1955454540503541,0.9957404138688789,0.880952380952381,1.0,False,0.11232043459437013,9.200973316580985e-15,2.220446049250313e-16,1.1102230246251565e-16,6.661338147750939e-16,1.1102230246251565e-15,3.885780586188048e-16,2.220446049250313e-16,0.46814813440403635,0.137325582507418,0.7266643400486238,0.2131581788990364,0.863333023424202,0.2532482811034709,0.6288164043189757,0.18445567261151702,0.3361495608385949,0.09860540042638002,0.12562395514960228,0.03685026501230493,0.00799170192360275,0.002344268920950629,-0.1455102438896621,-0.18825307588751683,0.04677340716588793,0.00474133200458215,-0.08224614724540022,-0.011618951882538978,0.032778329323039916,0.04199658561040347,0.07323057028482712,0.04425428428546221,0.24745494349270156,0.1963237929199788,1.3018930337763774,1.2458590379624428,-0.8366966985561497,-0.6956258106611921
smooth_crossnet,20260844,23,9470,1.162,3.4090380383330845,True,True,64,4.0589753780295723e-13,0.6571740080817687,5.524002777341469,2.2622016417215627,3.261801135619906,0.5904778232551342,1.6203992783965935,0.6635894396847828,0.9568098387118107,19.47682827801242,0.28361921656297445,0.16747085762943165,0.9968328529573035,0.9761904761904763,1.0,False,2.0480448226289205,5.257144546078063e-14,1.7763568394002505e-15,2.220446049250313e-16,1.9984014443252818e-15,1.1102230246251565e-16,3.1086244689504383e-15,8.881784197001252e-16,3.011826541075732,0.8834828204347122,1.4673490596288703,0.43042906624367244,0.8545034072016763,0.2506582201762414,0.1630466246317583,0.0478277516408949,0.025989874670222325,0.007623814805812663,0.0012588337447651332,0.0003692636252837661,2.8436388441599805e-05,8.341469975355374e-06,-0.4427078255498854,-0.21059689380225197,-0.28549740393773726,0.06422848713665393,-0.08746440094574762,-0.05290752226860798,0.05052821035411923,0.006404051244812351,-0.005157709630815478,-0.0009199813291337355,0.042160429348995075,0.015180952752575227,-3.2224139005466035,-1.5808436886258868,4.6077266089894415,2.4166286029736077
smooth_crossnet,20260844,24,16444,1.167,3.4090380383330845,True,True,32,1.709743457922741e-14,0.326038102214826,1.1466716599797384,0.14320270998003343,1.003468949999705,0.8751144595458443,0.3363622368204568,0.042006779733691435,0.29435545708676536,4.438013153160269,0.2583750025984497,0.22610770075909842,0.985692811776871,0.9285714285714287,1.0,False,0.1373156362239346,7.457088332246675e-15,1.1102230246251565e-16,1.3877787807814457e-16,1.6653345369377348e-16,4.440892098500626e-16,4.163336342344337e-17,2.220446049250313e-16,0.4154929138239613,0.12187981159257602,0.3824016447429648,0.11217288878652334,0.24037386131263241,0.0705107595191774,0.08685353282679989,0.025477431419119224,0.020105024305808957,0.005897565260269052,0.0013778566238710366,0.00040417754462627423,6.68263436987267e-05,1.9602698165082004e-05,-0.14067619471725612,-0.11571225787691017,-0.011529499209375155,-0.015418047563998487,-0.033617699850205546,-0.030174238075618278,-0.015674692578578793,-0.011651899556569834,0.029711013679648318,0.05014363121412416,0.10027289016498768,0.06315534477924277,-0.11843115768217777,-0.2206277739218431,0.5159834424077832,0.6063233432163985
smooth_crossnet,20260844,25,12155,1.172,3.4090380383330845,True,True,64,1.3128387266192476e-14,0.5091422637232865,1.1018944195419715,0.22705631964022333,0.8748380999017482,0.7939400403401583,0.3232273759200306,0.06660422004303798,0.2566231558769926,8.319560136030066,0.13244623532077435,0.10515436941347768,0.9984120528092961,0.9285714285714287,1.0,False,0.19125602718492152,8.329708450771633e-15,6.661338147750939e-16,5.551115123125783e-17,1.1102230246251565e-16,2.220446049250313e-15,3.885780586188048e-16,2.220446049250313e-16,0.41219114158586545,0.12091127671529718,0.3432503737963474,0.10068833786442181,0.21349428497555528,0.06262596151022928,0.10011075325507716,0.029366276389226877,0.02688942161933084,0.007887686003198412,0.005385648171093192,0.0015798146311463892,0.000572796138700315,0.00016802280651007193,-0.16231623783089125,-0.1927108506959334,-0.09533654302947944,-0.018921336224553463,0.039278861842651586,0.01994015430806628,0.023257380354361132,0.010624243112735377,0.007927258082969568,-0.0012845142050182182,-0.04830892655036646,-0.030297120803448,1.6414308148087298,1.485952725097749,-0.8967903439546885,-0.7641610368663088
smooth_crossnet,20260844,26,13083,1.18,3.4090380383330845,True,True,32,2.1194157540094238e-13,0.3919371922602102,2.5672768481591772,0.10527883321811161,2.4619980149410656,0.9589920217238744,0.7530795547868093,0.03088227002289178,0.7221972847639175,8.552411278229531,0.3001816405502238,0.2878717983556485,0.9943679316791175,0.9523809523809524,1.0,False,0.1398160148138962,9.315898746864448e-15,3.3306690738754696e-16,1.1102230246251565e-16,3.885780586188048e-16,5.551115123125783e-16,2.5673907444456745e-16,2.220446049250313e-16,0.5166645847222477,0.15155729531691614,0.8427248391617799,0.24720311996690028,0.6741905782165871,0.19776563670913033,0.34903307881541373,0.10238462431063991,0.1526399231842668,0.04477507187303286,0.029993924574380652,0.008798354326678843,0.002029919484498728,0.000595452283510247,-0.22313823467854882,-0.18235601929403997,0.049018277553935945,0.08136986144915759,0.1275315602510228,0.10234323102083316,-0.016921658190990174,-0.018285620206466933,-0.029476311661140682,-0.0017929097947011244,0.1450552117712597,0.09710795362148922,-0.22508159705912562,-0.22061996498718428,0.5649499442737966,0.5341706604511219
smooth_crossnet,20260844,27,12928,1.216,3.4090380383330845,True,True,32,4.274358644806853e-15,0.16156868525311374,0.5622469157617677,0.06976955378388275,0.49247736197788494,0.8759094059424861,0.16492831978979303,0.02046605317962305,0.14446226661016998,2.5861226671062503,0.21740922150104178,0.19043078205139588,0.9870430503290345,0.880952380952381,1.0,False,0.0678680021832834,1.4472960590400374e-14,1.5265566588595902e-16,8.326672684688674e-17,1.3877787807814457e-16,5.273559366969494e-16,1.0755285551056204e-16,2.220446049250313e-16,0.2340742479906561,0.06866284428586525,0.21235419842389422,0.06229153093513997,0.08782366788248348,0.025762008782227192,0.025381090525077546,0.007445235353691778,0.0025136892477784284,0.0007373602815554225,9.991965782409758e-05,2.9310220860121362e-05,1.0203405250774151e-07,2.993045291968436e-08,-0.08282344741313528,-0.05261859805734585,-0.1106692997579626,-0.15175937958464333,0.0009416981755012969,0.0009574918918207406,0.0023913364154982816,0.0028873681524820803,-0.0036116926839023684,0.018769940922501893,0.029229979883627057,0.014236391798262183,0.01582787629308434,0.0021419904212469365,0.31028223434040286,0.3269534797087886
smooth_crossnet,20260844,28,15342,1.256,3.4090380383330845,True,True,64,3.68594044175552e-14,0.5613484718627548,0.8687832365264736,0.25226037462049833,0.6165228619059753,0.7096394543372253,0.25484703507482187,0.07399752416486556,0.18084951090995632,6.035107959283566,0.14395487908216437,0.10215606184104838,0.9990002059388657,0.9047619047619048,0.5,False,0.2652555087155195,1.2065354141124751e-14,4.440892098500626e-16,2.7755575615628914e-17,3.3306690738754696e-16,1.6653345369377348e-15,2.220446049250313e-16,2.220446049250313e-16,0.45455868453989,0.13333928205804219,0.2275671278578054,0.06675405944401805,0.13313724931767779,0.039054198815211175,0.04382922897722371,0.012856773225873086,0.008783499865989818,0.0025765332528482673,0.0008855122863870725,0.0002597542991394901,2.1933681498426995e-05,6.433979689223971e-06,-0.07680261390520611,-0.08890966049793368,-0.026640970970205978,-0.07849511876154694,-0.03525591165976734,0.025867991453883934,0.043786732878466364,0.03509066175534784,-4.332554089652894e-05,0.0014031086476646278,-0.10399670862794551,-0.0833685121627598,2.0171260923827323,1.8375229832694222,-1.2568248226944227,-1.0877629818413217
smooth_crossnet,20260844,29,13936,1.286,3.4090380383330845,True,True,32,5.799622448954267e-09,1.1022159412337826,6.85746636078662,0.4269251972549276,6.430541163531692,0.937743012536491,2.0115546625404366,0.12523333340794313,1.8863213291324934,26.481710168229974,0.2589510389330332,0.24282952734851665,0.9767188878850291,0.9761904761904763,1.0,False,0.31027080781992206,1.0047518372857667e-14,4.440892098500626e-16,3.3306690738754696e-16,8.881784197001252e-16,8.881784197001252e-16,2.7755575615628914e-16,2.220446049250313e-16,0.9326394492606216,0.27357848131159423,2.024204220096852,0.5937757799518794,2.192350619784052,0.643099488809472,1.108022760634092,0.325025050520082,0.49523943545303845,0.14527248739506451,0.09314295350639881,0.027322356764297905,0.011866922051563701,0.0034810177880462323,0.18878819961311843,0.24507139970146513,-0.11424432148937802,-0.15634042624882502,0.9242922993440729,0.6797819334115617,-0.42890767134676544,-0.4097459329110197,-0.0560527237968203,-0.1963714503597897,0.051548939179995305,0.08867580077665163,1.2072963316889882,1.4347049649008343,-0.6705051119594292,-0.5835603480370967
smooth_crossnet,20260844,30,243,1.375,3.4090380383330845,True,True,32,3.0772520531741065e-08,0.6052681108746494,5.815283013240491,0.6416454203925459,5.173637592847945,0.8896622195460445,1.705842806049764,0.18821890902287816,1.5176238970268856,15.520690631508295,0.3746793974125728,0.33333810432024397,0.9708305869151787,0.6428571428571429,0.5,False,0.5401957281576275,1.8243219435110092e-14,4.440892098500626e-16,1.1102230246251565e-16,3.3306690738754696e-16,8.881784197001252e-16,2.220446049250313e-16,2.220446049250313e-16,0.9058502720293087,0.2657202007849234,2.025759181982449,0.5942319091789845,1.6011716966847984,0.4696843152468086,0.9659613148309449,0.28335304680357,0.2722932316826678,0.07987392003868952,0.04308070402856545,0.012637202502331303,0.001166612001755335,0.00034221149445600574,-0.22497650156114882,-0.062910897412917,0.051168052844399,-0.26239168870221824,-0.18033365490554296,-0.030315221595854452,0.012765035255532624,0.006763068711010095,-0.06880090131159955,-0.11642090839626482,-0.061895275520268876,-0.03052357073360004,-0.4295131920221723,-0.7039768972389128,1.5068545480954498,1.8050442262434074
smooth_crossnet,20260844,31,12361,1.375,3.4090380383330845,True,True,64,8.828493491819245e-13,-0.33711093229718836,33.87004045498536,0.3749211619952345,33.495119292990125,0.9889305959792544,9.935365951958333,0.10997857981618753,9.825387372142147,89.97928226400303,0.37642043371283207,0.3722536838504004,0.989311108985858,0.9285714285714287,1.0,False,1.3202871001980532,1.787459069646502e-14,1.27675647831893e-15,3.469446951953614e-16,4.440892098500626e-16,2.220446049250313e-16,8.465450562766819e-16,6.661338147750939e-16,3.487386910647504,1.022982692311855,8.136973390967857,2.3868825455953515,9.979813669816611,2.927457411034473,8.396429193651763,2.4629907613930175,3.25539284594646,0.9549300445876655,0.5431791606582035,0.15933502488103696,0.0708652832969607,0.020787472154934258,-0.577974989290089,-0.6953154308050222,0.07208836504535457,-0.03944648921324884,0.07572569635220583,0.06300169035106357,0.12628146885658126,0.09376085647392553,0.04140568431647503,-0.059395563521423715,0.11800146498675068,0.21496189582735795,1.3554878961302956,1.405227824786741,-1.548126518694762,-1.3199057161965817
smooth_crossnet,20260844,32,6134,1.385,3.4090380383330845,True,True,32,4.6378519080736424e-11,0.40007633103238827,1.6165060333476777,0.16578402915971982,1.4507220041879578,0.8974429876909323,0.4741824570951692,0.04863073608905319,0.42555172100611605,8.94163758782319,0.18078411448357645,0.1622434358292004,0.9934654361596957,0.9523809523809524,1.0,False,0.09616361834307963,6.361230986406952e-15,6.661338147750939e-16,1.1102230246251565e-16,4.440892098500626e-16,5.551115123125783e-17,5.551115123125783e-16,2.220446049250313e-16,0.45177463301968057,0.13252261427994644,0.4490590788428624,0.13172603936752744,0.3666207739847264,0.10754376157210402,0.23664197555041794,0.06941605605143926,0.09632489715247125,0.028255741376113006,0.015319120564245867,0.004493678390205482,0.0007655542332720986,0.0002245660578332623,-0.38659625069197834,-0.47858693195734014,-0.017654830323271677,-0.013649059273882809,0.11121623795020011,0.1994441595413305,0.04735213703882768,0.039287936285327105,0.011787801920540674,0.021444827111288617,-0.21324386147887503,-0.1903438381302474,1.183461255790888,1.117732108650031,-0.3362461591739435,-0.2952528711941186
smooth_crossnet,20260844,33,1951,1.426,3.4090380383330845,True,True,32,2.403632848313464e-14,0.2806346811020104,1.0769549591389436,0.07003379618351495,1.0069211629554287,0.9349705430211224,0.31591168741125036,0.020543565485634574,0.2953681219256158,4.2940159591654155,0.25080366942750265,0.2344940429963222,0.9889021950107058,0.9047619047619048,0.5,False,0.10689518712223162,5.887217796596289e-15,4.440892098500626e-16,8.153200337090993e-17,5.551115123125783e-16,6.661338147750939e-16,2.42861286636753e-16,2.220446049250313e-16,0.3146440765947094,0.09229702721315504,0.3955070547717711,0.11601720201548762,0.24143533467210887,0.07082212986692381,0.09547230416089805,0.02800564355321218,0.026070571959630466,0.007647486377822343,0.003557474535386706,0.0010435420477520406,0.0002681424444375697,7.865633689692803e-05,-0.2095339847303507,-0.1713912061068278,0.07076221560758537,0.09220508261519667,0.039497855807273816,0.03816475890686937,-0.009569911069475263,-0.016768412432489235,-0.014839792582496613,-0.004391642030116047,0.08966745358603907,0.06295569839588178,0.015650320524975614,-0.013904122755168643,0.29900052395845855,0.29376452450866364
smooth_crossnet,20260844,34,10023,1.444,3.4090380383330845,True,True,32,8.625600234068997e-13,0.20772422764673548,1.6169155334367242,0.15038050775414938,1.4665350256825749,0.9069954461786149,0.47430257898423056,0.044112299734760614,0.43019027924946995,5.899650580111708,0.27406971166860333,0.24857998041890922,0.9834116232632361,0.9523809523809524,0.5,False,0.11588522984358754,6.681721148593667e-15,2.220446049250313e-16,9.71445146547012e-17,5.551115123125783e-16,6.661338147750939e-16,2.7755575615628914e-16,2.220446049250313e-16,0.3280429832990504,0.09622743413548222,0.5788390382990246,0.1697954178833567,0.486159026982626,0.14260885960085765,0.1773978355862868,0.05203750547560007,0.04101201036085133,0.0120303762820156,0.004997956218393163,0.0014660898946252331,0.00046668269049089455,0.00013689571229281094,-0.2612845465625986,-0.21589423823745987,0.08424662178101455,0.12173209892199098,0.039036230917078536,0.03335799051920989,-0.001986463357214141,-0.018055954440001198,0.01623626231330866,0.0005903258876654677,0.0640188733517763,0.04595863487828047,-0.1304071368123439,-0.06290241452430988,0.3978643860157135,0.30293778464135895
smooth_crossnet,20260844,35,9457,1.458,3.4090380383330845,True,True,64,3.717026686445024e-13,-0.10997105646823213,24.73206438038837,3.3982724184010857,21.333791961987284,0.8625964914964481,7.254851398631384,0.9968420358438527,6.258009362787532,56.44334495895059,0.438175030171851,0.37796824368758897,0.9952206659038635,0.9285714285714287,1.0,False,2.6588619853320146,2.1094237467877974e-14,8.881784197001252e-16,6.661338147750939e-16,1.1102230246251565e-16,2.3314683517128287e-15,1.7763568394002505e-15,1.7763568394002505e-15,6.387527952313993,1.873703924828395,5.990920005859511,1.7573637895776864,5.768139479454334,1.6920138216688183,4.423479597526141,1.297574139034567,1.693763535738593,0.4968450092644879,0.3965517205705439,0.11632364206896488,0.07168208892524798,0.02102707218846356,-1.2023172502985953,-0.5395604640726746,-0.11721850205449431,0.07781269629768597,0.12296706446650618,0.10327100203490516,0.09621819679596186,-0.10401367885730495,-0.08366462409817431,-0.0608580224440322,0.354742518275867,0.14093008638442842,-3.9273907657977967,-1.409712933628952,4.646692306242493,1.6821602578177144
smooth_crossnet,20260844,36,2358,1.487,3.4090380383330845,True,True,32,8.049116928532385e-16,0.3616137698530846,0.242845334288539,0.05949233135013159,0.1833530029384074,0.7550196649879004,0.07123573616892903,0.017451354511497773,0.05378438165743126,1.4943343110920968,0.16251071295489533,0.12269878405214991,0.9888223080212474,0.880952380952381,1.0,True,0.01660878095453694,4.364239004905901e-15,1.0408340855860843e-17,1.3877787807814457e-17,2.220446049250313e-16,1.1102230246251565e-16,2.7755575615628914e-17,2.220446049250313e-16,0.1022325981454831,0.029988693876666663,0.0863307646041101,0.025324083695564513,0.04175149300936568,0.012247294556378985,0.00980112926466066,0.0028750425059654405,0.0024595788653217366,0.000721487656536797,0.0002637632063571102,7.737174047083451e-05,6.007193239702436e-06,1.7621373455368572e-06,0.00967220847841713,0.008907874613845007,0.01734879936402536,0.03282885018137459,0.30325702333000415,0.26361149809062223,-0.040627274278391606,-0.03362058258453374,-0.0517709292069665,-0.06456114070969067,0.01809808631246749,0.011805825569014149,-0.0012150034799430927,0.030603707371315302,0.10685085933347145,0.11203773732113761
smooth_crossnet,20260844,37,15340,1.516,3.4090380383330845,True,True,64,8.635453463412546e-14,0.49814647668890344,2.154401068859532,0.29133269312438576,1.863068375735146,0.864773232182526,0.6319674478941772,0.08545891534458752,0.5465085325495898,14.543082730208743,0.14813922940728597,0.12810684022756738,0.9980948562719932,0.9761904761904763,1.0,False,0.28375010252887267,1.3070599290398999e-14,6.661338147750939e-16,5.551115123125783e-17,7.771561172376096e-16,3.885780586188048e-16,3.0531133177191805e-16,4.440892098500626e-16,0.7112503317292331,0.2086366663356484,0.6731117179657831,0.19744916612749622,0.4666896864460438,0.13689776447148147,0.2316692385216375,0.06795736390049689,0.05845766599620724,0.017147847967337804,0.012918134492421948,0.0037893782196512307,0.0003042937082030131,8.926087206460255e-05,-0.20531670650766617,-0.20167846624206795,-0.017904572543148034,-0.018393917265186258,-0.00397508973794979,0.0010266548600231856,0.03632904870715411,0.03367597460732679,-0.03484238852972646,0.07493846535753874,-0.18195939210761305,-0.15717742602075666,1.837742238818844,1.5495519645163243,-0.9319266614109919,-0.7837967731242983
smooth_crossnet,20260844,38,7011,1.556,3.4090380383330845,True,True,32,3.101030543462002e-11,0.6145203399266057,2.0858844209117047,0.18135983349275936,1.9045245874189454,0.9130537475257187,0.6118689194596486,0.05319970955250437,0.5586692099071443,10.503159593929336,0.19859589890620283,0.18132872973954725,0.9943814339866557,1.0,1.0,False,0.10679048210974484,9.972925263390664e-15,4.440892098500626e-16,2.220446049250313e-16,2.220446049250313e-16,4.440892098500626e-16,1.6653345369377348e-16,2.220446049250313e-16,0.5455333149092885,0.16002558750445553,0.5658680690527873,0.1659905412288915,0.4692545781338284,0.13765014436837425,0.3151877873825394,0.092456518184425,0.145617037317136,0.042714993402754246,0.04305767551653125,0.012630447367370868,0.001365958599592563,0.0004006874033768409,-0.32256552291774787,-0.38707323503281377,-0.007984324401791927,-0.004263473982515897,0.0806998158239913,0.15257949180591704,0.02745674952168723,0.02711071098863442,0.07881315090179207,0.1385669315366428,-0.24185537460744091,-0.23709686117541756,1.2956761405282022,1.179170057683561,-0.2957202949220863,-0.2544732818974029
smooth_crossnet,20260844,39,4943,1.563,3.4090380383330845,True,True,32,2.836175738707425e-12,0.7347369212712995,3.387911820319706,0.24347570995364975,3.144436110366056,0.9281339884664785,0.9938028799397883,0.0714206492317997,0.9223822307079886,14.017883829435597,0.2416849691110697,0.2243160343334548,0.9843790119827375,0.9047619047619048,0.5,False,0.1483995543075627,4.646456830403878e-15,2.220446049250313e-16,2.220446049250313e-16,2.220446049250313e-16,5.551115123125783e-16,1.8041124150158794e-16,2.220446049250313e-16,0.8124822059087998,0.23833180996304718,0.9622695041071839,0.28227009886275845,0.8044895541099724,0.23598726240770937,0.5740690199220024,0.1683961907924925,0.20540853732762893,0.06025410541563433,0.02773130327495043,0.008134641785490369,0.0014616956691671376,0.00042877071265589694,-0.40448316242175075,-0.43275853503054257,0.03660402103112438,0.008476057372931386,0.288822756030032,0.49797067997898614,0.09593661942058901,0.06028741929284694,0.007564321587249778,0.012029677833593383,-0.3104915463063152,-0.3259287455787369,1.2938344183978807,1.1578484441113794,-0.2730505064675106,-0.24318807670915887
smooth_crossnet,20260844,40,10139,1.595,3.4090380383330845,True,True,32,5.282069087675367e-10,0.8258809341211308,0.9778084461771831,0.17180022157160363,0.8060082246055795,0.8243007388172299,0.2868282592280201,0.050395513232703235,0.23643274599531688,7.222769765997208,0.13537859821871015,0.11159267853172368,0.9988749139441722,0.9761904761904763,1.0,False,0.09356629653814175,7.625844400394044e-15,1.1102230246251565e-15,2.7755575615628914e-17,7.771561172376096e-16,0.0,1.1102230246251565e-15,2.220446049250313e-16,0.31338527642914915,0.09192777343792415,0.29547163471633536,0.08667302370753598,0.23045265662481468,0.0676004943428261,0.10554697563696142,0.030960926352282845,0.02894522147581008,0.008490729980227327,0.0035374168444975264,0.0010376583671759835,0.00046926444961347324,0.00013765304004731177,-0.11140128259925042,-0.11708697275424591,-0.26172539736765577,-0.1804691081746431,-0.03702247877187716,0.006737563968355943,0.09971139962341212,0.0864506031039913,-0.00581143850419026,-0.010920189719954579,0.06199689018206578,0.04474438079181451,1.611699539005396,1.4812070647142233,-0.5315662974467688,-0.4847824078084107
smooth_crossnet,20260844,41,13689,1.6,3.4090380383330845,True,True,32,2.5328092588539075e-08,0.2566735334407966,1.5388327443458039,0.2789617498418002,1.2598709945040036,0.8187186028716891,0.4513979389617624,0.0818300490358283,0.3695678899259341,11.79458770224627,0.13046939691268178,0.10681772235786269,0.993659666065979,0.9761904761904763,0.5,False,0.0860585693671373,9.360567876370851e-15,4.440892098500626e-16,4.440892098500626e-16,5.551115123125783e-17,1.6653345369377348e-15,2.220446049250313e-16,2.220446049250313e-16,0.3477009001816094,0.101993845850903,0.4627215253966849,0.13573375251129247,0.37768851374912543,0.11079034892019086,0.26879748032952033,0.07884848373852528,0.06834794663321393,0.02004904194810158,0.013357015394757768,0.003918118614273058,0.00021936266089139013,6.434737847590922e-05,-0.2183947404791938,-0.2180368503684416,-0.1987212526943221,-0.059088465822158334,0.009239719655902867,0.003889656201907697,0.04026376859146235,0.022805351826343988,-0.04699712321704511,-0.05048179153170933,0.2949000969754074,0.15773321723823172,1.3105815943904613,1.1950798728196135,-0.9341985297818765,-0.7952274569229927
smooth_crossnet,20260844,42,12306,1.611,3.4090380383330845,True,True,64,5.525579993559404e-13,0.5795773599904912,11.64895109302893,0.5512058048258176,11.097745288203113,0.9526819367319967,3.4170786485928777,0.16168954368586055,3.255389104907017,43.154613505193595,0.26993524323018203,0.25716243031275243,0.9834215126750849,0.8333333333333335,0.5,False,0.8756127187462511,1.4998419173295474e-14,6.661338147750939e-16,1.9984014443252818e-15,4.440892098500626e-16,1.3322676295501878e-15,1.6653345369377348e-16,1.1102230246251565e-15,1.622019286102938,0.47579970298485025,4.001467017233521,1.1737818622845628,3.4451837578215265,1.0106029088211983,1.8661220992235785,0.5474043053318511,0.6283763951269012,0.18432660124677228,0.07932135924262324,0.023267959568268402,0.006461178277839012,0.0018953083553735677,-0.11115916719550109,-0.13590123537199397,0.018975283487217116,0.009480061601677048,1.2846080472139139,1.1287664663594508,-1.0528809995555453,-1.1463264661888928,0.10439824627978236,-0.1632832209961909,0.07380439400126261,0.1359783362192801,1.6822901521486449,1.8134701725383153,-1.4204585963892837,-1.062606754171153
smooth_crossnet,20260844,43,14526,1.634,3.4090380383330845,True,True,64,7.833733661755105e-13,0.5433887100168757,1.4071628025196932,0.4482765379591709,0.9588862645605223,0.6814323565429116,0.41277415701930764,0.131496490481627,0.28127766653768066,10.23036660903945,0.13754764186811624,0.09372941373511091,0.9993370307352405,0.8333333333333335,0.5,False,0.36610073880824623,1.064860005728363e-14,2.220446049250313e-15,2.220446049250313e-16,9.992007221626409e-16,1.3322676295501878e-15,8.881784197001252e-16,4.440892098500626e-16,0.5957252592048345,0.17474878616963924,0.36963073514928757,0.10842669720694162,0.28315679383352754,0.08306061435793852,0.12187281903528002,0.035749914687039426,0.030824224536326623,0.00904191275947121,0.005215085493448658,0.0015297821364289252,0.0007378852669858966,0.0002164497018480615,-0.0805721842508013,-0.08988519282798743,-0.07172311743291396,0.0005963079119360101,-0.06056882361641018,-0.02865787964282954,0.02539696976547942,0.014886996713903181,-0.007648484156300447,-0.0142125869551453,-0.1292077285481404,-0.0832991018066405,2.253887369056923,1.8319979155253592,-1.3861752908009595,-1.0880377489017186
smooth_crossnet,20260844,44,17733,1.645,3.4090380383330845,True,True,32,7.214673303224117e-12,1.0250963042416728,1.7597281375269211,0.17641973771289582,1.5833083998140254,0.8997460267011291,0.5161949258821924,0.051750592316405976,0.46444433356578646,3.6346542220265743,0.4841528327131348,0.4356145875497395,0.9951189838979901,0.8571428571428572,1.0,False,0.18938383978997764,1.0817844016408618e-14,2.220446049250313e-16,1.1102230246251565e-16,2.220446049250313e-16,4.440892098500626e-16,1.1102230246251565e-16,2.220446049250313e-16,0.666298550435517,0.19545060599010408,0.6197886344699239,0.18180748571904515,0.3379736158820057,0.09914046487063091,0.11291369275882526,0.03312186355480991,0.020827400089741852,0.006109465443197523,0.001893898265280777,0.0005555521070708954,3.234562562517794e-05,9.48819733351933e-06,0.06256123234622823,0.04062802978806235,0.010819085858435672,0.08295317988208706,-0.020463167112802945,-0.015837923211922157,0.03513596665166928,0.022837966614588638,-0.002870557569769746,-0.0035542079483566603,-0.13946324984780112,-0.12658227761819624,-0.26021849621744975,-0.4017233809565123,1.339595490133163,1.4263749176919216
smooth_crossnet,20260844,45,6168,1.655,3.4090380383330845,True,True,32,3.487832245241407e-11,0.8272795787579537,0.2710639827417556,0.07839128168144417,0.19267270106031142,0.7108015572982707,0.07951333475712627,0.02299513258578221,0.05651820217134406,2.3581481574569656,0.11494781694890276,0.08170508729531663,0.9995011905303606,0.8571428571428572,0.5,False,0.06777418167700822,5.616329883800786e-15,1.3322676295501878e-15,5.551115123125783e-17,1.2212453270876722e-15,7.771561172376096e-16,1.2004286453759505e-15,2.220446049250313e-16,0.14413560887138835,0.04228043431919764,0.08004563646642336,0.02348041751554149,0.035715035137932886,0.01047657278573414,0.009502602973580401,0.0027874734358279214,0.0014913527966336276,0.00043747027163206826,0.00017204120283593915,5.046620216653905e-05,1.705292960005794e-06,5.002270261670738e-07,-0.026221229692671114,-0.03102860445966622,-0.01914751983157459,-0.026554877552734033,-0.008690556816993041,0.021613743295141475,-0.013742802980315579,-0.013001286807194477,-0.021604085185484456,-0.03541123030983354,0.0252574144308743,0.021867960978133226,1.3911081611596008,1.3421282105434023,-0.4996798023254839,-0.4523343369292958
smooth_crossnet,20260844,46,14636,1.663,3.4090380383330845,True,True,64,4.6771475581408595e-12,0.8039479262787539,6.725918208134572,0.7443845645857761,5.981533643548795,0.8893259564641315,1.9729666059764297,0.21835619204465004,1.7546104139317795,30.49197802974963,0.22057992438445287,0.19616745222998935,0.9967708769818492,0.9047619047619048,1.0,False,0.37254814228800526,1.1032841307212493e-14,1.1102230246251565e-15,4.440892098500626e-16,1.4432899320127035e-15,2.1094237467877974e-15,1.3877787807814457e-15,4.440892098500626e-16,1.1557841867391372,0.3390352861255489,1.4632990815411104,0.42924105424667514,2.206827423791666,0.6473460838444435,1.1995191808859524,0.3518644167057991,0.5496323135346709,0.16122797908216488,0.14136767446645002,0.04146849430156974,0.009488347175582888,0.0027832916702280035,-0.3128840823907282,-0.3003447838522479,-0.4100519283947228,-0.2606574573441513,-0.27539691964200985,-0.018232811315887713,0.18215689574948934,0.14143519298324167,-0.019570579416589306,-0.030378917251707837,0.7510029698472694,0.5560197289588096,2.8329609111758773,2.33508962807993,-1.9442693406498335,-1.6189826539792302
smooth_crossnet,20260844,47,13286,1.664,3.4090380383330845,True,True,32,5.049409432245078e-10,1.1090779910548454,0.5614055543252201,0.13261276226589236,0.42879279205932774,0.7637843778989933,0.16468151660746216,0.038900346893968936,0.12578116971349323,3.835332278617178,0.14637729238094432,0.11180068919971863,0.9984030045879515,0.9761904761904763,1.0,False,0.07544479606247367,6.90810256220864e-15,1.1102230246251565e-15,2.220446049250313e-16,6.661338147750939e-16,0.0,1.0130785099704553e-15,2.220446049250313e-16,0.2270793813163758,0.06661098490629067,0.16429290065150953,0.04819333160971232,0.11403501203625102,0.03345078897741213,0.044997828860662836,0.013199567841333153,0.009448425312552935,0.0027715810754557983,0.0015057057290303933,0.0004416805304309944,4.630041883677948e-05,1.3581666826873828e-05,0.108517083059351,0.12811341451514738,0.012069759035040387,0.03098544246958312,0.20158265253786023,0.14801662629964643,0.017630414472503436,0.014566261414790812,-0.0238485184608036,-0.03457998427903861,0.09889487697718437,0.08482864125793187,1.3734805629872702,1.3222956815547908,-0.67924883955356,-0.5851480921780063
smooth_crossnet,20260844,48,14542,1.683,3.4090380383330845,True,True,64,8.553158181712206e-13,1.0754042058878088,1.5491141620481004,0.41307307117487135,1.136041090873229,0.733348851043526,0.4544138682610799,0.12116998007357274,0.3332438881875071,11.195971638637294,0.13836353038820748,0.10146873603651796,0.9990893390649724,1.0,1.0,False,0.36159853458165125,1.0742491965420875e-14,1.3322676295501878e-15,4.440892098500626e-16,6.661338147750939e-16,1.7763568394002505e-15,6.661338147750939e-16,4.440892098500626e-16,0.6731181172948674,0.19745104329314012,0.39037677450976294,0.11451229646608616,0.2959526563832008,0.0868141255847977,0.13567770873805982,0.03979941180251602,0.047191547935000314,0.013843068749703813,0.0061104557261186234,0.0017924281446582068,0.0006869014610884612,0.00020149422017723658,0.06670432231160686,0.06838933225854364,-0.028304168829796708,0.027135240322691406,0.1934430953312703,0.12056225199746025,0.112540767705586,0.09789881728341504,0.006941880256879421,0.011727755131051601,-0.2468490320501463,-0.1868606485397499,2.4985913623121925,2.1730410848933026,-1.5276640211497825,-1.2364896274589041
smooth_crossnet,20260844,49,14720,1.772,3.4090380383330845,True,True,64,2.5699442574023124e-12,1.2874653135485157,1.0268578094752927,0.5279048627255725,0.49895294674972024,0.4859026655352379,0.3012162956026724,0.1548544946666837,0.14636180093598866,7.580072854975934,0.13546806595680838,0.06582429434331662,0.9972755630246448,1.0,1.0,False,0.41420462888478426,1.8722409690294373e-14,1.7763568394002505e-15,1.6653345369377348e-16,1.9984014443252818e-15,4.440892098500626e-16,1.887379141862766e-15,2.220446049250313e-16,0.6175728437712541,0.18115751036712643,0.2760904394824707,0.08098778493462352,0.1034202138964429,0.030337066566441785,0.0252038353938725,0.007393239708817214,0.00437962081363352,0.0012847086962323895,0.00018601850928098114,5.456627564412233e-05,4.83760833646449e-06,1.4190537864546483e-06,-0.01621731112998135,-0.01764910757451458,0.013760615734087895,0.0035854626830749054,0.20537999625424613,0.12025628256026896,0.0314635408103425,0.026966035841943032,-0.037254830092722735,-0.055828506781708746,0.37863770611701214,0.3038340664875384,2.913774643875024,2.580475265625836,-2.202079048019495,-1.6741741852939227
smooth_crossnet,20260844,50,7158,1.819,3.4090380383330845,True,True,32,4.994893387788579e-12,0.4615591292815089,1.6780696091333833,0.1812282134339891,1.4968413956993942,0.8920019691390622,0.49224138606382584,0.0531611004031519,0.4390802856606739,9.880368421791964,0.16983876890989844,0.15149651630378352,0.9938933519743993,0.9761904761904763,1.0,False,0.12399406259172396,4.2760933682828295e-15,1.1102230246251565e-16,2.220446049250313e-16,6.661338147750939e-16,0.0,1.1102230246251565e-16,2.220446049250313e-16,0.500025348684593,0.1466763770489021,0.4298779903271168,0.12609949947560986,0.38468469874605193,0.11284259501373912,0.24539163846628015,0.07198266364498214,0.0957203127366493,0.028078393863699334,0.0215388673300013,0.0063181657370221505,0.000830752842689483,0.00024369127987075668,-0.6853785759201031,-0.8079312997835372,-0.006428001077172195,-0.017105773881281008,0.14749668496625917,0.2254840059071841,0.06094035461137657,0.054705322703929034,0.07435183799537419,0.13175298223656687,-0.09830995078050452,-0.09080663257640854,1.2441289837928784,1.20236629893388,-0.2752422043066002,-0.23690577425882442
smooth_crossnet,20260844,51,730,1.828,3.4090380383330845,True,True,32,1.387534753760633e-09,1.2374843881667537,1.449699101414788,0.35278221076783783,1.0969168906469502,0.756651424820812,0.42525166487248894,0.10348438673929775,0.3217672781331912,4.9742360282402425,0.29144155870055377,0.2205196706427723,0.9905442008234093,0.6190476190476191,0.5,False,0.1360199233755884,1.1679893163751842e-14,3.3306690738754696e-16,1.3877787807814457e-17,0.0,6.661338147750939e-16,1.1102230246251565e-16,2.220446049250313e-16,0.4736438355768803,0.13893767985307598,0.5241607135401949,0.15375619387236097,0.37064543532279476,0.10872434720735151,0.06523745230447033,0.01913661612774771,0.014841949367662277,0.004353706001743394,0.001143234007753713,0.00033535384319522565,2.6481295030140908e-05,7.767967013676813e-06,-0.03824429733952091,-0.02155465058331513,-0.000972342104150716,-0.2610992700291359,0.06497593408868271,0.049141433509365805,0.024546904154047196,-0.000995040208346263,-0.021708845823093098,-0.020506472299242205,0.11823045362349495,0.06695161572235304,-0.6758285454380966,-0.6580738520301026,1.76648512700539,2.0836206240851776
smooth_crossnet,20260844,52,738,1.869,3.4090380383330845,True,True,32,6.588369849680475e-10,1.4048214728354536,1.1376191438419707,0.3138272654699225,0.8237918783720481,0.7241367929076297,0.3337067909040498,0.09205742556729418,0.2416493653367556,4.203442981105591,0.27063984189997353,0.1959802671464748,0.9968710215019638,0.8571428571428572,0.5,False,0.16707294128520922,8.96201515776518e-15,8.881784197001252e-16,1.1102230246251565e-16,4.440892098500626e-16,4.440892098500626e-16,8.881784197001252e-16,2.220446049250313e-16,0.48062964211606873,0.1409868815518063,0.38198749259936376,0.11205140227362907,0.2362116287124172,0.06928981902117978,0.03476995304518005,0.010199344405726108,0.0037695230691147767,0.0011057439156525102,0.00024698633643012013,7.245044896914348e-05,3.91796339449963e-06,1.149287086399128e-06,0.17234354493266987,0.11090312006841065,-0.07534056639709573,-0.2235896203996976,0.09952807317684291,0.07796323540397637,0.018740859967086822,0.007123917581038265,0.007298092458708908,0.011463809578933252,-0.0074871864923943005,-0.004344092553566913,-0.5475832725721347,-0.618539279016281,1.7373219277617702,2.04384038217264
smooth_crossnet,20260844,53,3461,1.894,3.4090380383330845,True,True,32,6.217248937900877e-15,1.1873938950027436,0.11008893333526462,0.052570383224582865,0.05751855011068176,0.5224734981809196,0.03229325460653843,0.015420884904613201,0.01687236970192523,0.9794536890220398,0.11239830383934303,0.058725134996543436,0.9998034345137109,1.0,1.0,False,0.03026157458559242,4.49521062734215e-15,4.440892098500626e-16,1.734723475976807e-18,0.0,2.220446049250313e-16,1.3877787807814457e-16,2.220446049250313e-16,0.07562710244371222,0.022184294100951588,0.025901383727941846,0.007597857060171388,0.00702467771914828,0.0020606040883554156,0.0013541002825219394,0.0003972089097556838,0.00016963393107509295,4.976005816527608e-05,1.1621746899365665e-05,3.4090986280247975e-06,4.134839651657276e-07,1.2129051084683955e-07,0.011811779241946426,0.01272039579934298,-0.01211251590201674,-0.017221493596974766,-0.00439290272007856,0.011445769756781764,-0.017216576073255066,-0.017689759762929202,0.040195529698211274,0.053720240468109325,0.026728552630092366,0.024692062868125947,1.3741408299656532,1.3291890978876688,-0.23176080183780945,-0.2094624184173815
smooth_crossnet,20260844,54,15343,1.898,3.4090380383330845,True,True,64,4.085620730620576e-14,1.1876879860539238,2.0597510539292454,0.31557847732736605,1.7441725766018794,0.8467880491065372,0.6042030129227894,0.09257112234560876,0.5116318905771807,11.137494108278027,0.1849384640660164,0.15660368119122145,0.9987218957885272,0.8571428571428572,1.0,False,0.2663558001187263,1.1780507125358497e-14,4.440892098500626e-16,1.1102230246251565e-16,6.661338147750939e-16,2.220446049250313e-16,3.3306690738754696e-16,6.661338147750939e-16,0.6929585737809576,0.2032710007893585,0.6801357952550262,0.1995095940870146,0.43922710309455587,0.12884194841936247,0.17330390253413014,0.05083659982241514,0.05866931412385397,0.01720993238096618,0.014846850212075206,0.004355143605066626,0.0006095149286440516,0.00017879381860522913,-0.04358522532075181,-0.049873817858399644,-0.1425669248948989,-0.04824696238313613,0.22170482945346662,0.16158623826100535,0.009212324038016162,0.0011080385008361182,0.06292680192555805,0.05956621913609753,-0.13647339917953732,-0.0881359738314833,2.2176510800073697,1.9799446547367536,-1.0011814999752993,-0.8282604105077496
smooth_crossnet,20260844,55,8280,1.986,3.4090380383330845,True,True,32,2.5100854728066224e-10,1.3644369617061032,2.108524952441066,0.21985527811794242,1.8886696743231237,0.8957302934151132,0.6185102450402902,0.06449188177009751,0.5540183632701926,14.278626547556225,0.14767001191735338,0.1322725031033442,0.9989654864957657,0.9761904761904763,1.0,False,0.1017264358820763,1.4173558160468502e-14,4.440892098500626e-16,1.6653345369377348e-16,4.440892098500626e-16,8.881784197001252e-16,5.551115123125783e-16,2.220446049250313e-16,0.414061188541444,0.12145983232968187,0.5003400839547993,0.1467687008266562,0.6023959320224561,0.17670554720973702,0.38968618445257275,0.11430972024093852,0.15753200915895726,0.04621010601453588,0.04194741718804973,0.012304766540111924,0.002562137122786184,0.0007515718786285503,-0.16267957898767973,-0.17049195454330154,-0.403988498233871,-0.3650248758201627,-0.11231002521882132,-0.02719049619740149,0.14500499949248058,0.13564158216654537,0.05205891178044223,0.08965720118553477,0.4250713554191658,0.3710995012615554,2.036272080303983,1.8875644492252082,-0.6149922828495967,-0.5568184455718757
smooth_crossnet,20260844,56,15471,1.99,3.4090380383330845,True,True,64,2.915445662665661e-13,0.6421485574941694,1.7050719049263976,0.39218196844211667,1.312889936484281,0.7699909503470203,0.5001621823381371,0.11504182823195533,0.38512035410618184,13.223298078416132,0.12894452615490226,0.09928611823605939,0.9986036198461777,1.0,1.0,False,0.30770092593252607,1.0494589138682064e-14,4.440892098500626e-16,1.942890293094024e-16,5.551115123125783e-16,1.5543122344752192e-15,8.326672684688674e-16,4.440892098500626e-16,0.5399991476690991,0.15840220660404897,0.42364516113097433,0.12427117455636368,0.41862680652387607,0.12279910104158644,0.24219459626209017,0.07104485005409794,0.07326969402707867,0.021492776907501246,0.007063806408189101,0.002072082015149085,0.0002726929050885053,7.999115938930496e-05,-0.29172124559828416,-0.30669782033919596,-0.2598180999340668,-0.14529682780411154,-0.01271032779499445,-0.00646228227612355,0.11319765371290214,0.09069085935496311,0.015114199742051377,0.044516631769686635,0.17848407237959443,0.12096770100600637,2.2383691744669494,1.9411869464972715,-1.338766869479982,-1.0967566507143256
smooth_crossnet,20260844,57,11110,2.013,3.4090380383330845,True,True,32,6.089797693897836e-10,0.6988488646666848,2.1844305195032696,0.17687794676201438,2.0075525727412553,0.9190278907098242,0.6407762233628198,0.051885002388680386,0.5888912209741395,12.543304437188809,0.1741511202603675,0.16004973671763847,0.9983238119324733,0.9285714285714287,1.0,False,0.1255294734127833,4.506811590587745e-15,6.661338147750939e-16,4.440892098500626e-16,3.3306690738754696e-16,3.3306690738754696e-16,2.7755575615628914e-16,2.220446049250313e-16,0.5319537439738274,0.15604218491910304,0.6179505437707002,0.18126830408523667,0.5685024615589159,0.166763308348679,0.32520600629875573,0.09539524130912061,0.12036721194098882,0.035308263089913985,0.01860823936314391,0.005458501534421942,0.0018423125969364322,0.0005404200763442542,-0.12881175905948444,-0.14935005649866429,-0.11047995945888978,-0.09766261476006824,0.036052577392315564,0.10513014561093603,0.0659346700636938,0.05772464464238129,0.00826345881440794,0.016241579452192567,-0.20422145854510504,-0.17870321284213211,1.4855915533923623,1.3374619294908403,-0.4534802179326152,-0.39199355042880035
smooth_crossnet,20260844,58,14292,2.032,3.4090380383330845,True,True,64,3.2853719744707632e-12,0.6720203470082438,5.571908441019122,0.5904977733808949,4.981410667638228,0.894022348064124,1.6344518243462063,0.17321536654652006,1.4612364577996864,21.000971126823583,0.2653167040405278,0.2371990627269469,0.9831249630274304,0.9285714285714287,1.0,False,0.3960778100588429,1.4589891794702936e-14,8.881784197001252e-16,2.220446049250313e-16,6.661338147750939e-16,0.0,1.6653345369377348e-16,2.220446049250313e-15,0.9790183466685962,0.28718316887637496,1.3770715484685891,0.40394725227000844,1.5433849840413691,0.45273328331532414,1.090266036209025,0.31981633057463094,0.4779056993913199,0.14018784596049894,0.08978422867066957,0.026337115532618496,0.014477597569551281,0.004246827816749849,-0.4688772734562967,-0.5097223181730645,0.1501702137366933,-0.31899474592203586,-0.0995037093241699,0.010485730053622267,0.06364999889450919,0.05256386382462261,0.021811375189685088,-0.04025916766654131,0.5237754018068934,0.5164443107276088,2.534529578487038,2.673018673293079,-2.053535238326109,-1.7115159991290474
smooth_crossnet,20260844,59,1456,2.041,3.4090380383330845,True,True,32,5.297318139696472e-12,0.7892059332765582,0.7548359064676466,0.09724838404981026,0.6575875224178364,0.8711661922590609,0.2214219665430129,0.028526635067223173,0.19289533147578974,3.339013007610295,0.2260655782853259,0.19694068903567,0.9981207379010278,0.9047619047619048,1.0,False,0.10134963818193332,1.2666747533675304e-14,2.220446049250313e-16,1.1102230246251565e-16,4.440892098500626e-16,1.5543122344752192e-15,1.457167719820518e-16,2.220446049250313e-16,0.3926369752311803,0.11517529896004557,0.2681305494367649,0.07865284764257795,0.05722970047862146,0.016787639162455646,0.034311976441010326,0.010065002518360821,0.0025052096182367495,0.0007348728849801044,2.1222861747039037e-05,6.225469328413939e-06,2.724000851601582e-07,7.990526421152916e-08,-0.1349707798429438,-0.08506769027206412,0.015121023478936369,0.0624663179578664,0.017336631741187575,0.011676027714211858,0.02633537884759504,0.008588534591565255,0.00021120071852763565,0.00010715584913814814,0.10956421335622762,0.0664797830624618,-0.5448318752456925,-0.5696568582454571,1.30044014022272,1.2946126626188343
smooth_crossnet,20260844,60,15570,2.109,3.4090380383330845,True,True,64,2.3721025144141095e-12,0.9975199439397309,1.561080244366588,0.40752872931856365,1.1535515150480244,0.7389444067406545,0.4579239735118675,0.11954361457281737,0.3383803589390501,10.986882769670059,0.14208581970821083,0.10499352175054345,0.9993140380476332,0.9523809523809524,0.5,False,0.4114322809879125,1.4046055984984207e-14,8.881784197001252e-16,5.551115123125783e-17,9.992007221626409e-16,2.886579864025407e-15,1.2212453270876722e-15,2.220446049250313e-16,0.691497663198846,0.20284246037247716,0.3888759432851482,0.11407204581245936,0.29961229811231194,0.08788763714083202,0.13361104956954234,0.03919318237788689,0.04018680162407512,0.01178831129843457,0.0071779628126252566,0.0021055684131160535,0.00011852576403809806,3.4768096661090214e-05,0.16909804236022297,0.177206050508204,-0.07369661226578327,0.004106641715255601,0.16965486083895023,0.11435728357470411,0.12247612330845678,0.10644586426413868,0.0022672480889768237,0.0032840929722505025,-0.1344837748505165,-0.1045781835229732,2.4297507059737447,2.0935498129637455,-1.6875466495143199,-1.3968516185355915
smooth_crossnet,20260844,61,15883,2.173,3.4090380383330845,True,True,64,4.884981308350689e-15,1.830601504393325,2.632295582614667,0.6520663409020674,1.9802292417125993,0.7522822493002977,0.7721520126838417,0.19127575978028918,0.5808762529035525,9.162866520156433,0.28727861273807215,0.2161146009664661,0.9812929703113944,0.5952380952380953,0.5,False,0.2789283269573849,8.065596801554165e-15,4.440892098500626e-16,1.1102230246251565e-16,6.661338147750939e-16,2.220446049250313e-16,4.996003610813204e-16,2.220446049250313e-16,0.6632285649632363,0.19455006295193317,1.1020127037745011,0.32326207316635036,0.5438467066189231,0.1595308413997186,0.28556598721796106,0.08376732204419582,0.03348972364312322,0.00982380462363473,0.004029246052784859,0.0011819305057549424,0.00012265034413583926,3.5977992253736056e-05,0.040616115006828386,0.02251355731138294,0.0943021743423216,-0.087513627948843,-0.039434908470022144,-0.002425582518600355,0.014949946306978108,0.006567207892320481,-0.0015942095992365277,0.13275993235847106,-0.12686170129987284,-0.05609461289206187,-0.1808481459737112,-0.624613388474511,2.029472234080039,2.4394080186651665
smooth_crossnet,20260844,62,16663,2.193,3.4090380383330845,True,True,32,1.4391265956703592e-14,0.24348010057631164,0.6598115839238012,0.15531254343035641,0.5044990404934449,0.7646107658390358,0.1935477329688081,0.04555905263711857,0.14798868033168955,3.6496213170779424,0.1807890536029851,0.13823325673069292,0.9187550149307675,0.7857142857142858,0.5,False,0.050857190491999105,1.521672328072543e-14,5.551115123125783e-17,2.7755575615628914e-17,1.1102230246251565e-16,2.220446049250313e-16,1.3877787807814457e-16,2.220446049250313e-16,0.20364977960712372,0.05973819514982656,0.21737061668895835,0.06376303644744485,0.1473086844509088,0.04321121759114728,0.065265760494644,0.019144919992314595,0.024226565627639193,0.00710656946482335,0.0018503018611330758,0.0005427636301875402,0.00013987519339322602,4.1030693063671623e-05,-0.17018170673694913,-0.12649462781392642,-0.13052819644347236,-0.126941987748865,-0.031367995630093584,-0.002562959677588135,-0.005434968725254767,-0.004914899976645289,-0.015945743704941638,-0.027430026208537836,0.19825828927124456,0.22335760187717568,0.2319915965221885,0.28560643502786887,0.16668882602358992,0.02286056509682955
smooth_crossnet,20260844,63,11025,2.223,3.4090380383330845,True,True,32,1.2182805875227132e-09,0.6649188974344573,1.9268387297927907,0.3243333081359637,1.602505421656827,0.8316759451005835,0.5652147931839904,0.09513924587786436,0.47007554730612605,8.318031535293507,0.2316459996114695,0.1926544056556383,0.9947959935730382,0.9761904761904763,1.0,False,0.34989171332945096,3.72184921770824e-15,6.661338147750939e-16,1.6653345369377348e-16,4.440892098500626e-16,2.220446049250313e-16,3.3306690738754696e-16,2.220446049250313e-16,0.8068138810175609,0.23666907554134195,0.6867076121795391,0.2014373569487415,0.34292950341247147,0.10059421442541414,0.08043203681300663,0.023593763375059154,0.009596038279738105,0.0028148815506999375,0.00035965809047362545,0.00010550134273347306,3.677613769070831e-16,1.0787834361827983e-16,-0.008510467365156853,-0.008030583988046602,-2.907726969256362e-18,0.0,0.0110643419565052,0.06338925652704172,0.021506395252345004,0.01659523012582918,0.06192113782755841,0.1108899904773149,-0.4171859527335488,-0.3542851018997289,1.3705595951466978,1.0511374521372496,-0.3744361526499439,-0.2147773459452028
smooth_crossnet,20260844,64,17449,2.231,3.4090380383330845,True,True,32,8.069434009883025e-12,1.590292291037707,1.5657553103538522,0.17777788447890044,1.3879774258749518,0.8864587057100745,0.4592953474697685,0.052148988213058606,0.40714635925670994,8.225388625728,0.19035639306529092,0.168743081820296,0.9937050276042387,0.7142857142857144,0.2,False,0.10882004745838836,1.0873246747422627e-14,1.1102230246251565e-16,2.220446049250313e-16,4.440892098500626e-16,1.3322676295501878e-15,4.440892098500626e-16,2.220446049250313e-16,0.3463193194091172,0.10158857587240556,0.3836991853678037,0.1125535066060515,0.37049254668457193,0.10867949917793568,0.27530556334445194,0.08075755103016333,0.14899187170741732,0.04370496017705622,0.038850240619297025,0.01139624732327528,0.002096583221192711,0.0006150072828808551,0.20391023403836153,0.213268756646295,-0.09589533597243638,-0.06942091904871689,0.24196866824744645,0.1885928025575444,0.07248103607644273,0.08012921514121818,-0.23950192932300457,-0.3123841546226565,0.2240532996813702,0.24240310944664886,0.9000410931827161,1.0159880492999094,0.2832352251068104,0.2317154316174633
smooth_crossnet,20260844,65,11267,2.256,3.4090380383330845,True,True,32,2.8873126112216596e-10,1.4491703268518576,1.2009956425883763,0.26903027788520417,0.9319653647031721,0.7759939600568473,0.3522975188553855,0.07891677208059308,0.27338074677479246,6.538781091128273,0.18367270992109988,0.14252891352604688,0.9966157979164141,0.9761904761904763,1.0,False,0.10858527522360617,5.3013149425851225e-15,1.1102230246251565e-16,1.1102230246251565e-16,0.0,8.881784197001252e-16,7.216449660063518e-16,2.220446049250313e-16,0.37313839683180544,0.1094556272579049,0.3675231327633494,0.10780845758560588,0.2798123109715338,0.08207955083667928,0.12622662246003918,0.037027050165084154,0.04680791598229844,0.01373053496498563,0.0066383727073398915,0.0019472861941387586,0.0008488908720086581,0.00024901185098648526,0.37316000856402953,0.43456866428710816,0.03534803636722973,0.07124677601881424,0.17019034667778374,0.09777579149960763,0.0751396257571409,0.06741850049555578,0.013735015150400291,0.0217875979122934,-0.3048436152837316,-0.23894496436690618,1.6415336609323987,1.4526390634869548,-0.5550927513133934,-0.45732110248157115
smooth_crossnet,20260844,66,8013,2.262,3.4090380383330845,True,True,32,5.834221994405198e-11,1.4840618053788108,1.2988778293003551,0.2524631672235535,1.0464146620768016,0.8056297817019914,0.3810100722535401,0.07405701091766059,0.30695306133587946,6.45004339192649,0.20137505290680038,0.16223373991353254,0.9970035280572707,0.9047619047619048,0.5,False,0.09620449965157402,5.7740270897888024e-15,1.3322676295501878e-15,5.551115123125783e-17,4.440892098500626e-16,2.220446049250313e-16,3.885780586188048e-16,2.220446049250313e-16,0.38026466866631187,0.11154603274894805,0.39092847509821516,0.11467413114855335,0.3057214261562303,0.08967967582600479,0.15077188496881505,0.04422710549822374,0.059178130741645796,0.017359187570280703,0.010713590357706798,0.0031427019109899453,0.0012996533114290377,0.0003812375505391921,0.2577897956015669,0.3122268611335104,0.03144461082346837,0.057813530377244356,0.22801324686892804,0.14616522677599997,0.03240043263202988,0.027064959190998782,-0.021288993992536646,-0.03342889628901703,-0.27648537447164057,-0.20888082369492667,1.7015319586879993,1.548392187294885,-0.46934387077100415,-0.36529123940988406
smooth_crossnet,20260844,67,10222,2.296,3.4090380383330845,True,True,32,6.708471556038376e-10,1.4023376906366014,1.1926624173937213,0.18665335666146915,1.006009060732252,0.8434985843946056,0.3498530682212325,0.05475250043051351,0.29510056779071897,6.355544793753019,0.1876569918232676,0.1582884069546763,0.9977166470788624,0.9523809523809524,1.0,False,0.09977083353203076,9.033572501149223e-15,3.3306690738754696e-16,1.1102230246251565e-16,0.0,1.1102230246251565e-15,1.5265566588595902e-16,2.220446049250313e-16,0.34704137983466055,0.10180038354877177,0.3601186772590779,0.10563645028588914,0.2764005412407348,0.08107874952779531,0.1416255460870424,0.041544137816746964,0.05567900739572073,0.0163327621368948,0.010344607289347116,0.0030344651989877218,0.0014526582871363055,0.0004261197061463741,0.25765380478219646,0.3225826004016652,0.0162560068833113,0.024642166672006693,0.18926747731956015,0.12072146315880151,0.0653420112319337,0.06127697499277453,-0.05547163102939298,-0.08370707497114245,-0.15134323329315535,-0.1251225514258991,1.7006875177451233,1.6148806554253208,-0.6200542630029753,-0.5329365436169269
smooth_crossnet,20260844,68,13255,2.305,3.4090380383330845,True,True,32,1.1776580960409788e-09,1.21658448441852,0.4496982846915557,0.051900230396418265,0.3977980542951374,0.8845887739331356,0.1319135426577535,0.015224303692954947,0.11668923896479856,4.387692031419197,0.10249084973862693,0.09066225510965722,0.9996878919997113,0.9761904761904763,1.0,True,0.07038608766866505,7.691763892481163e-15,1.1102230246251565e-15,1.1102230246251565e-16,8.881784197001252e-16,1.1102230246251565e-15,1.0824674490095276e-15,2.220446049250313e-16,0.18179261102383604,0.053326659597124085,0.13233570984098156,0.03881907692226564,0.0912554036370924,0.026768666882260286,0.03206678561839618,0.00940640299633496,0.01114643493625521,0.0032696716231730514,0.0009700947248486028,0.00028456553254622806,0.00013124491014482494,3.849910404901193e-05,0.1879251729449061,0.1993024434698206,-0.0418503461284294,-0.04237626070344057,0.07210994255987244,0.04310679821703906,0.14452222350982025,0.1360387234203363,0.02852348828029054,0.03528033200847277,0.05250248930334323,0.047820328223064784,1.5185309158179443,1.5093254055091314,-0.7456794018692264,-0.7119132857259053
smooth_crossnet,20260844,69,6618,2.306,3.4090380383330845,True,True,32,1.9597656830683263e-12,0.7526587945245056,0.6095017620120493,0.13086303678136435,0.47863872523068496,0.7852950640382607,0.17878995633327607,0.03838708612513821,0.14040287020813785,3.798647042880896,0.1604523281925669,0.12600242134306985,0.9989570865245048,0.9285714285714287,1.0,False,0.05257339816240303,6.166074595359561e-15,2.220446049250313e-16,1.3877787807814457e-17,2.220446049250313e-16,8.881784197001252e-16,3.3306690738754696e-16,2.220446049250313e-16,0.26375333600135376,0.07736884512157602,0.162079476023467,0.0475440503159416,0.11868001825582017,0.03481334526670494,0.04870828531076767,0.01428798528003065,0.013661545379138914,0.004007448795091471,0.00254719645752866,0.000747189215516692,7.190458397243965e-05,2.1092338414504404e-05,-0.1640129926562502,-0.15625289873358406,0.08660907826764312,0.08475629197810375,0.0053935718379103,0.05094105080248444,0.03584220613704506,0.02752831668714679,0.010429261291673098,0.016603378375390228,-0.10586122775051414,-0.09389016097203716,1.2410882829178038,1.1203919218758764,-0.3568293855208054,-0.29741910548887585
smooth_crossnet,20260844,70,15039,2.414,3.4090380383330845,True,True,64,3.093525435815536e-12,1.3794268873332967,2.0994241846187522,0.36521993654850576,1.7342042480702464,0.8260380445151305,0.6158406450769046,0.10713284288464178,0.5087078021922629,9.891000727398641,0.2122559933499172,0.17533152568338217,0.9983343881306607,0.9047619047619048,1.0,False,0.4247116462960536,1.9596737427240996e-14,4.440892098500626e-16,5.551115123125783e-17,1.3322676295501878e-15,8.881784197001252e-16,1.0547118733938987e-15,8.881784197001252e-16,0.8670603179175448,0.2543416377781196,0.6361881987175414,0.1866180991716414,0.38232546319406036,0.11215054185227157,0.16199162637560163,0.047518280686246195,0.04626910386595904,0.01357248095963846,0.005333984410493749,0.001564659693002987,0.00025549013755005396,7.494493598404693e-05,0.28606666029345335,0.3328455090346358,0.04709881049442642,-0.0034994062338005987,0.2651222302510669,0.18518834534717252,0.0392109398892907,0.03803200262632897,-0.009221145912431087,-0.0394521578703101,0.14282818929343014,0.12853980289648617,2.644171750123876,2.455182250825278,-2.035850547099817,-1.7174094592924933
smooth_crossnet,20260844,71,19348,2.446,3.4090380383330845,True,True,32,1.8416534963705544e-08,1.237935862548114,3.1767193174346633,0.9337251769689222,2.242994140465741,0.7060724969170569,0.9318521183142862,0.2738969663786695,0.6579551519356167,12.29600651934824,0.2583537437489134,0.18241647293666474,0.9940439922878455,0.9761904761904763,1.0,False,0.6763994726602025,1.4748618992754814e-14,1.3322676295501878e-15,5.898059818321144e-17,1.3322676295501878e-15,1.7763568394002505e-15,1.1102230246251565e-15,4.440892098500626e-16,1.3917694833096068,0.4082587133554367,1.0924236493632058,0.3204492402488321,0.5327779255937253,0.15628394861039374,0.13561841746765932,0.039782019426797766,0.022100733292441124,0.006482982308771101,0.0019147459110218407,0.0005616675113305843,0.00011436249699999402,3.354685272327257e-05,0.12500812976026335,0.08214213806564916,-0.10980352834267267,0.07605879288210701,0.19674898652678224,0.14020395163896648,0.02567568217792898,0.009309225622605891,0.024004262889842608,0.014697509008372411,0.0991726287838448,0.054147326564130904,-1.8356851121084423,-1.0878222563643005,2.712814812860566,1.949199175130581
smooth_crossnet,20260844,72,11032,2.48,3.4090380383330845,True,True,32,1.652011416553023e-09,1.8551686819190527,0.35349855140452,0.12703456505394234,0.22646398635057768,0.640636249995343,0.10369451658491027,0.03726405033487346,0.06643046625003682,4.802071495456698,0.07361376267283185,0.04715964486677014,0.999699602673293,0.9761904761904763,1.0,False,0.11814199945595205,7.711930052889393e-15,8.881784197001252e-16,1.1102230246251565e-16,1.1102230246251565e-15,4.440892098500626e-16,1.0269562977782698e-15,2.220446049250313e-16,0.19660482716557431,0.057671643717330905,0.08938928381084849,0.026221263243679474,0.05537605719110595,0.01624389536532809,0.01050040912989367,0.003080167781004887,0.0015464392044460232,0.0004536292018619378,8.050076625115693e-05,2.3613924322921123e-05,1.0341363996878267e-06,3.0335138184421313e-07,0.01613463434662722,0.01722666205409195,-0.03316346463887063,-0.030689056760356232,-0.014212543810472506,-0.0069787748824332654,0.16921348483296947,0.15709628773170375,0.02668929301680057,0.03851830119084836,0.5007401839992028,0.4746778067239825,2.2388037584709437,2.149948767793488,-1.049036664298149,-0.9446313119322729
smooth_crossnet,20260844,73,19241,2.542,3.4090380383330845,True,True,64,7.549516567451064e-15,1.5452106170064694,8.327175105674588,0.7874046326381142,7.539770473036474,0.9054415666002347,2.4426759138617067,0.2309756077181031,2.211700306143604,24.31298522454847,0.3424990814071963,0.31011290482847315,0.9953661778578315,0.9285714285714287,1.0,False,0.820132388679653,2.0749894857896578e-14,2.220446049250313e-16,4.440892098500626e-16,4.440892098500626e-16,8.881784197001252e-16,1.1102230246251565e-16,2.220446049250313e-16,2.0591795529062646,0.6040353700227823,2.850974442347831,0.836298806375851,2.1014873147349182,0.6164458392967892,1.0201625193074304,0.2992523133611788,0.2624652236154168,0.07699099296168437,0.03113951587467602,0.009134399653076998,0.0017665368880460852,0.0005181921903429003,0.43074471839741485,0.3137897285356252,-0.2363922822468869,-0.025277218908754548,0.336090200514409,0.25382951029631906,0.03718597198819294,0.022050355096611463,0.03884518895739336,0.06499718351788608,0.09149072163997404,0.07219458924358865,-1.6485217139122412,-1.098384139172752,2.495767811668214,1.9420106083979463
smooth_crossnet,20260844,74,16647,2.589,3.4090380383330845,True,True,32,7.049916206369744e-15,0.9785163295561823,0.34342743566830314,0.07947179340536527,0.2639556422629379,0.768592182360985,0.1007402768190374,0.023312087607043702,0.0774281892119937,2.2941117833213256,0.14969952125484587,0.11505788173965664,0.9940030859792516,0.9761904761904763,1.0,False,0.05261220574433623,9.885863828940078e-15,8.326672684688674e-17,5.551115123125783e-17,1.1102230246251565e-16,5.551115123125783e-16,7.112366251504909e-17,2.220446049250313e-16,0.1465957738150988,0.04300209389472805,0.10457300108911399,0.03067522272067313,0.06690044933124803,0.019624436154417422,0.01878042056060838,0.005509008802316396,0.0061823870125519605,0.001813528315916052,0.00039216383502204896,0.00011503650901290767,3.2400246587672185e-06,9.50421973100509e-07,0.005301296833882036,0.005406195806491699,-0.014775551003807815,-0.01756664856474739,0.1893409604814516,0.1483023973578266,0.02129644609159238,0.034260876568927214,-0.18509491044832954,-0.21809047103558898,0.2458602493639387,0.2603015434201343,0.2902400888901213,0.3422012587893462,0.42634774934733344,0.423701177213792
smooth_crossnet,20260844,75,20365,2.593,3.4090380383330845,True,True,32,5.405836889238458e-11,2.2884418214565088,1.2181646848588659,0.1778601352120783,1.0403045496467875,0.8539933578581086,0.35733384936194823,0.05217311546897449,0.3051607338929737,5.6804055853304005,0.2144503005216328,0.1831391322361497,0.9956372294821861,0.8571428571428572,0.5,False,0.08491930562389724,4.097416850257218e-15,4.440892098500626e-16,2.7755575615628914e-17,4.440892098500626e-16,0.0,3.3306690738754696e-16,2.220446049250313e-16,0.39404781225527746,0.11558915090544276,0.34600794350715336,0.10149723752461873,0.2733398962335949,0.08018094640189165,0.15732158381866074,0.04614838029075973,0.03857583205886733,0.011315752897180852,0.008143627057503188,0.002388834318048611,0.0007279899278077404,0.0002135470240055477,0.5482211574062592,0.5857492945046716,-0.1151178236291046,-0.04552466208476947,0.2768291585500089,0.12272497204031832,0.12616207866224313,0.12491252681112569,-0.051191359121551164,-0.07369775597282151,-0.163437461295147,-0.16001260135931403,1.7710264703515175,1.8186827356072905,-0.10405039946771698,-0.08439268808999265
smooth_crossnet,20260844,76,18638,2.624,3.4090380383330845,True,True,32,9.907541453912927e-11,1.5715585022464005,3.30692719919823,0.31878034013631595,2.988146859061914,0.9036022503871254,0.9700470226537034,0.09351035000248628,0.876536672651217,10.4878021756921,0.3153117444246609,0.28491640183561373,0.9848877389403324,0.7142857142857144,0.5,False,0.2292036173803736,1.3641431734212617e-14,8.881784197001252e-16,1.1102230246251565e-16,4.440892098500626e-16,1.1102230246251565e-15,8.326672684688674e-16,2.220446049250313e-16,0.8745398924207488,0.25653568032592916,0.9622149407681053,0.28225409336840346,0.6817525984320187,0.19998386370759738,0.5953233473086504,0.17463089018500522,0.1565381179334546,0.04591856006687357,0.03423254238975155,0.010041701501955142,0.002325759945499756,0.0006822334979391962,-0.13281537506400526,-0.09217126131667834,-0.06360014936237272,0.0007633839929305948,-0.10207104398498522,-0.07479645510555169,0.04548570456749271,0.03287653201211117,0.056053211259443875,0.15000817517219223,0.17585556981487183,0.17127347887544347,-0.11086355447912481,-0.41245263112063135,1.7035141394950806,1.7960572797365832
smooth_crossnet,20260844,77,8396,2.625,3.4090380383330845,True,True,32,1.354916179252541e-12,0.9490410199756623,1.8693309793234048,0.2419659981752495,1.6273649811481552,0.8705601090167414,0.5483455914259762,0.0709777935753288,0.4773677978506473,8.000139710154624,0.2336622917910611,0.2034170702147278,0.9869982800353575,0.9523809523809524,1.0,False,0.18177769059830112,6.8530250918463764e-15,6.661338147750939e-16,8.326672684688674e-17,5.551115123125783e-16,1.1102230246251565e-16,3.3306690738754696e-16,2.220446049250313e-16,0.587528653269134,0.1723444111396356,0.6435419645469607,0.18877523726946532,0.37506974122912085,0.11002216373405986,0.20760613569627429,0.0608987442679834,0.053881455987421965,0.01580547221284992,0.001685610397670837,0.00049445338500683,1.7418196821338255e-05,5.10941697495849e-06,-0.34896211983743575,-0.4750101670841961,-0.005250934726437933,0.013650784440257224,0.3429694515961681,0.5417986895795595,0.00816264079765543,0.007561611157942132,-0.004044549023759888,-0.006240398404731768,-0.2752428030159123,-0.29110663633103484,1.4722494125586236,1.3749921739659425,-0.24084007837323956,-0.21660503734807643
smooth_crossnet,20260844,78,19315,2.698,3.4090380383330845,True,True,32,2.8857542133664538e-08,1.5274160078936592,3.612416742740742,0.8402232853444804,2.7721934573962614,0.7674068787791625,1.0596586785247792,0.24646931946682646,0.8131893590579528,13.218725516844726,0.2732802597449664,0.20971715116284345,0.9957817802447466,0.9523809523809524,0.5,False,0.5320189995226272,1.812439087700568e-14,8.881784197001252e-16,2.220446049250313e-16,8.881784197001252e-16,1.3322676295501878e-15,5.551115123125783e-16,2.220446049250313e-16,1.272193754292878,0.37318262219066994,1.2497304309526887,0.36659327848502643,0.7840859906921005,0.2300021243164229,0.2397708731866095,0.07033388025903346,0.05939671988720404,0.0174233080474066,0.006885902358256767,0.002019896017829054,0.0003530713710008654,0.0001035692083897974,0.15618160774759893,0.09441776559527429,-0.09116416451038103,0.062412549316786047,0.14509088209786086,0.1328601427169461,0.06687683812602246,0.009364694856391903,-0.07085780564015363,-0.04927029280075045,0.08606233348712916,0.045168235500486535,-1.9561019103934731,-1.2910428517155639,3.1913282269790564,2.5235057644240872
smooth_crossnet,20260844,79,17995,2.83,3.4090380383330845,True,True,32,1.9425678843276728e-08,3.1420926789479906,2.8881313185583464,0.5713121006475959,2.3168192179107505,0.8021862451417981,0.8471983257689182,0.16758748192993178,0.6796108438389864,8.720609983059244,0.3311845529348134,0.26567169296774307,0.9815819011492545,0.9285714285714287,1.0,False,0.26413696802163056,1.0536710393083126e-14,1.1102230246251565e-15,1.1102230246251565e-16,1.3322676295501878e-15,4.440892098500626e-16,5.551115123125783e-16,2.220446049250313e-16,0.6535145824537014,0.19170058389059516,1.0910829710656813,0.32005596851573637,0.6741226113017972,0.19774569943825634,0.35811483248601766,0.10504864670302268,0.08695844900729822,0.025508207309361163,0.023146091347060086,0.006789625427112517,0.0011917808967891628,0.0003495944848335888,1.3024401805695562,1.0628438601623744,0.03754462113355167,-0.07326256232656148,0.2425736726333093,0.25031708882099235,0.014410771145604878,0.02128113921270649,-0.05732197385347818,-0.09445744709755734,0.07509849445556681,0.06485332325846069,-0.42337844953423703,-0.5969064018733519,1.9507253623981156,2.5074236787909276
smooth_crossnet,20260844,80,14381,2.868,3.4090380383330845,True,True,64,3.659295089164516e-12,2.0345530073062434,5.817328545739834,0.4498521551448432,5.36747639059499,0.922670319957383,1.7064428382219898,0.13195867869072156,1.5744841595312682,24.537009081881465,0.2370838485785721,0.21875023042471886,0.9965881413091334,0.9047619047619048,1.0,False,0.3679439647500904,1.1997347559855598e-14,8.881784197001252e-16,2.220446049250313e-16,8.881784197001252e-16,4.440892098500626e-16,1.1102230246251565e-15,4.440892098500626e-16,1.1820011363573422,0.3467257106158031,1.4748389473762136,0.43262613405668093,1.5979845460165598,0.4687494032181364,0.9659407230847837,0.28334700646435124,0.4689134039622269,0.1375500650592656,0.11258150056298834,0.03302441899945395,0.015068288379716953,0.004420099808298087,-0.4704418330618029,-0.5890162323921341,0.30633244735182685,0.15507280686693026,-0.2429718288340671,-0.07483818676652627,0.08942489139610955,0.08245036209532373,-0.03609326132959009,-0.13981485793913012,1.2078811681862731,1.1838970785809773,3.4665930781007184,3.4212551782867258,-2.286171654503225,-2.004453141425923
smooth_crossnet,20260844,81,15735,2.875,3.4090380383330845,True,True,32,4.463168945534335e-09,1.5411132079101453,6.180055678701872,0.6289492474571079,5.551106431244764,0.898229194014443,1.8128444473807428,0.18449464053637984,1.628349806844363,20.517053546207297,0.3012155553809671,0.27056060553445893,0.9776231253157214,0.9285714285714287,0.5,False,0.524064043971594,9.159339953157541e-15,8.881784197001252e-16,2.220446049250313e-16,2.220446049250313e-15,8.881784197001252e-16,1.4155343563970746e-15,2.220446049250313e-16,1.334668898363206,0.3915089486698184,1.8507098636588535,0.5428833127845631,1.6166104192326078,0.47421307742963204,1.123019201562458,0.3294240747491278,0.20583977315968396,0.060380603221527364,0.049207522725056824,0.014434430526072335,2.1545265571631944e-15,6.3200425836746955e-16,-0.6862568471000001,-0.40227077777342124,-4.493759861578014e-18,0.0,-0.16161897497100658,0.07553440907518827,0.1219119060195893,0.04877485958053604,0.006530266206025343,0.033793074274753775,0.6249389838942871,0.4305657909668272,-0.6778642057877409,-1.0393032138783356,2.313472079648989,2.394019065664596
smooth_crossnet,20260844,82,19114,2.911,3.4090380383330845,True,True,32,2.6680446518767553e-08,2.1916452792715853,2.6973793823638834,0.2585216214137905,2.4388577609500928,0.9041582273876387,0.7912435566963693,0.07583418504188931,0.7154093716544799,9.223769237451714,0.29243786492528284,0.26441010157186945,0.9965295933446534,0.9047619047619048,1.0,False,0.46028731568240216,3.322862818233574e-14,4.440892098500626e-16,6.661338147750939e-16,1.3322676295501878e-15,1.3322676295501878e-15,1.2351231148954867e-15,2.220446049250313e-16,0.9501317370828913,0.27870963198388854,1.2114818838443837,0.3553735306622631,0.4298413250056028,0.12608874414783064,0.09174795403384436,0.026913150572736442,0.013374882923649752,0.003923359837366221,0.0007565667241689559,0.00022192968094274885,4.5032749341073104e-05,1.3209811341117432e-05,0.6288673819654138,0.4380831310359325,-0.02667137347638859,0.0429906302301663,0.22841863843479965,0.20440452090138542,0.03375985974118403,0.017739794680653165,-0.011613540044237626,-0.013733462361374228,0.03342416397892252,0.023132437805810292,-1.3419853675715785,-1.153125749864344,2.6474455162434714,2.6321539768433544
smooth_crossnet,20260844,83,282,2.93,3.4090380383330845,True,True,32,8.914444737939675e-10,2.729591149756181,2.372866825568204,0.30175595804284955,2.0711108675253547,0.872830638959019,0.696051730396198,0.08851645380595372,0.6075352765902444,8.687236460275436,0.27314403566873446,0.23840848318058658,0.9924912974373277,1.0,1.0,False,0.31047112952306205,2.0111516618737113e-14,2.220446049250313e-16,1.1102230246251565e-16,0.0,8.881784197001252e-16,2.220446049250313e-16,2.220446049250313e-16,0.5939477442093801,0.17422737368451377,1.0868026416273284,0.3188003857412931,0.46476004488163447,0.13633172750072567,0.19136047189927435,0.05613327564770846,0.034153953162645,0.010018648304477483,0.0017934507151997014,0.0005260870354138506,4.851907274062376e-05,1.4232482065335975e-05,0.9342175558963374,0.7300779711271911,-0.025288836888572513,0.003531136630713776,0.6344583965528916,0.5695827778925138,0.0017158310344531607,0.0018405954155118287,-0.039425547242789495,-0.06746328073203797,0.035504882352472754,0.030801861228395237,-0.7647766342349267,-0.6620363350622314,1.9531855022863147,2.123256423256124
smooth_crossnet,20260844,84,4634,3.0,3.4090380383330845,True,True,32,7.744960228706077e-11,1.4677521003603662,3.8006651245569256,0.2366981023733834,3.563967022183542,0.9377219263954549,1.1148790602569325,0.0694325201748472,1.0454465400820852,15.119176442197258,0.25138043325887516,0.2357249441336365,0.9849322729736913,0.9761904761904763,1.0,False,0.20302226788487346,8.48626724447854e-15,4.440892098500626e-16,2.220446049250313e-16,6.661338147750939e-16,6.661338147750939e-16,3.3306690738754696e-16,2.220446049250313e-16,0.9342201527420768,0.2740421615239242,1.2479156010621222,0.3660609201275779,0.9088880111338687,0.26661128474186435,0.47549482456156433,0.13948064504263108,0.19191931793004155,0.05629720635909485,0.03883414556253949,0.011391526033405071,0.003393071564711027,0.0009953164284344962,-0.48714486021811243,-0.4787285714480115,0.005420013224363868,0.02086513119358987,0.4958339872757728,0.6749561195099526,0.05068393001214326,0.019457880030948668,0.11406870556666153,0.13667002120158922,0.2087762746331472,0.2067264823904574,1.3142171061962034,1.1107948460467045,-0.234103056329814,-0.2229898085648653
smooth_crossnet,20260844,85,9293,3.109,3.4090380383330845,True,True,32,8.050401678616481e-09,2.190271034098851,1.8939264792093948,0.2271852234670217,1.666741255742373,0.8800453840415925,0.555560383284977,0.06664203241865507,0.488918350866322,7.816215869959416,0.24230734037022297,0.21324145641220976,0.9978632564876301,0.9761904761904763,1.0,False,0.233468308023477,2.0405118567046188e-14,8.881784197001252e-16,2.7755575615628914e-17,8.881784197001252e-16,8.881784197001252e-16,2.220446049250313e-16,2.220446049250313e-16,0.672431807082737,0.19724972250868036,0.8194333400637321,0.24037084093799377,0.31291408729646303,0.09178955581541955,0.07750834945443887,0.02273613511579885,0.010948355797560766,0.0032115675080334914,0.0006662879667534976,0.00019544750139522996,2.4251547707473e-05,7.113897655225714e-06,0.4050618327862972,0.2912921565574274,-0.0007915759766884568,-0.0181153137574043,0.1692757784197125,0.15727218968836948,0.059766639511733805,0.0275846077058133,-0.007164591687503109,-0.009122913025878204,0.14663296740271448,0.09668509982091705,-1.242442816380409,-1.1517652776279705,2.6599328000229927,2.796440484737576
smooth_crossnet,20260844,86,1661,3.204,3.4090380383330845,True,True,32,2.721386671566961e-09,2.4234147330379336,3.421209062370762,0.4209209873245379,3.000288075046224,0.8769671833404836,1.0035702224207592,0.12347207118004334,0.8800981512407158,12.132264691484885,0.28199261633089506,0.2472982704665187,0.9855088008924818,0.8095238095238096,0.5,False,0.3233794954930072,2.4633507039739655e-14,4.440892098500626e-16,1.1102230246251565e-16,8.881784197001252e-16,8.881784197001252e-16,6.661338147750939e-16,2.220446049250313e-16,0.912104304971261,0.2675547455660695,1.4763514978909478,0.4330698224220574,0.7299788551687062,0.2141304517463359,0.23985976141677282,0.07035995454426108,0.05713217537636725,0.016759031355456255,0.005616490123704633,0.001647529320749652,0.00016597742300038958,4.868746582879066e-05,1.1573588495739353,0.9003750256556599,-0.10960211452610291,-0.0019699362542229424,0.716862193236248,0.5606040950865977,0.010578538243366926,0.010781220809587886,-0.008286818963932938,-0.012292869121856568,-0.0532547512734692,-0.056927766372158586,-0.790239554474256,-0.5084798732797747,1.499998391222145,1.5313248365141
smooth_crossnet,20260844,87,17862,3.205,3.4090380383330845,True,True,32,5.0102588744493914e-11,1.5494414114904447,1.8814157921910226,0.24071567704407854,1.640700115146944,0.8720560983684789,0.5518905248446502,0.07061102702209247,0.4812794978225577,5.4303799222583296,0.3464611719852925,0.30213357787766476,0.9932621108289292,0.9285714285714287,1.0,False,0.17526801671103875,1.2286721119691979e-14,6.661338147750939e-16,1.1102230246251565e-16,8.881784197001252e-16,6.661338147750939e-16,5.828670879282072e-16,2.220446049250313e-16,0.7198479535339761,0.21115867451158152,0.6068857309736646,0.17802257532755875,0.3751889741244519,0.11005713925911717,0.15149565754817004,0.04443941541416381,0.025949677004143655,0.007612023307558121,0.0020145683093729687,0.0005909492023028382,3.3230697241176096e-05,9.747822367339994e-06,0.33391657081206,0.21330221161121218,-0.005475932165915321,0.09964030679126785,0.22028387315187667,0.1594608580767366,0.001816751668693928,0.0013403838773139733,0.006863674787654979,0.006623238934399505,-0.10963349332489362,-0.08780233325178508,-0.39624759418260413,-0.45480909330605956,1.4979175607435713,1.6116858387573585
smooth_crossnet,20260844,88,18118,3.401,3.4090380383330845,True,True,32,7.54209583675447e-10,2.4572970749484546,1.6110644786049295,0.471191998676024,1.1398724799289055,0.7075275354068735,0.47258624294866797,0.13821846320800296,0.334367779740665,5.114897865801289,0.31497490680638324,0.22285341952773,0.9904022055083782,0.8333333333333335,1.0,False,0.15936281055365453,1.6832889249140948e-14,4.440892098500626e-16,1.1102230246251565e-16,0.0,4.440892098500626e-16,4.996003610813204e-16,2.220446049250313e-16,0.6643080994024739,0.19486673129857487,0.5336933308999429,0.156552471664676,0.3228309857703447,0.09469855781609265,0.07691804454250525,0.022562976322820918,0.012500689939746627,0.003666925918450321,0.0007924572799625228,0.00023245774058596605,2.0870769952366385e-05,6.122187466870142e-06,0.7119143396751515,0.549482153544288,-0.00010214452942467183,-0.122646224325264,0.1692029163322724,0.15815591596781392,0.030860808848222152,0.018659074784130217,-0.012551894073835347,-0.01888290679689257,-0.009384160426702792,-0.006769477893264809,-0.3753540783558556,-0.5319900639535696,1.9427112874786268,2.411288603621213
smooth_crossnet,20260844,89,11610,3.591,3.4090380383330845,True,True,32,1.9514456717217854e-10,2.465368002587008,0.950202316397845,0.18439099208645296,0.7658113243113921,0.8059455455913146,0.27873033557069515,0.05408886319632107,0.2246414723743741,3.854732937345874,0.246502762147796,0.19866780312897148,0.9965746920901472,1.0,1.0,False,0.1271118969648662,6.6318478486593335e-15,1.3322676295501878e-15,2.7755575615628914e-17,1.3322676295501878e-15,4.440892098500626e-16,1.0685896612017132e-15,2.220446049250313e-16,0.410581956724167,0.12043924183519202,0.3337219808936982,0.09789329926540745,0.1472079729461374,0.04318167509158027,0.051428080949725424,0.015085804373972955,0.006535588972403141,0.001917135830962697,0.0007020327936120092,0.00020593281322119886,2.4703118101122683e-05,7.246360358361315e-06,0.6766570517693795,0.762947140882431,-0.014287011363535568,-0.01129345495607595,0.3464994734589441,0.2101366896213062,0.0568690618209774,0.06155256667952285,-0.05880023791551417,-0.0900686506937488,0.025656777402251446,0.02587268104896041,2.0441608781735208,2.027401082702941,-0.6113879907590164,-0.5211800526983292
smooth_crossnet,20260844,90,1571,3.866,3.4090380383330845,True,True,32,4.2619396900533957e-10,2.561660036694277,2.593134605066869,0.3178663071081399,2.2752682979587293,0.877420051204807,0.7606646144479023,0.09324222948933912,0.6674223849585633,9.112961397897937,0.2845545472918409,0.2496738654553677,0.9912980716547907,0.880952380952381,1.0,False,0.2429697523199163,1.51909734791289e-14,6.661338147750939e-16,1.1102230246251565e-16,4.440892098500626e-16,4.440892098500626e-16,9.43689570931383e-16,2.220446049250313e-16,0.7613907006458108,0.2233447359883692,0.9403282581696636,0.2758339002369875,0.5932837669155159,0.17403260399101136,0.24806192191800505,0.07276595893875674,0.04566062085204217,0.013393989840714368,0.004244412900796992,0.0012450470933649013,0.00016492366503302255,4.837835869782937e-05,0.7818156682156141,0.6331544180389286,0.0028499194029346486,-0.05908499526209129,0.5146062158820238,0.476514940794247,0.013023286968824285,0.008964469284200638,-0.007235220207011234,-0.010880715422698436,0.2504775968810167,0.21430394837134095,-0.6904917199447894,-0.7157926257134544,1.6966142894956648,2.014480596603804
smooth_crossnet,20260844,91,18148,4.473,3.4090380383330845,True,True,32,6.382754325073847e-09,3.4242268913825025,3.2603028351428134,0.45677043166171993,2.8035324034810936,0.85989938519263,0.9563703304223035,0.1339880712756924,0.8223822591466111,10.7319136218368,0.303795105889494,0.2612332247789058,0.9869695773552589,0.9523809523809524,1.0,False,0.3381060754562246,1.2965323259450656e-14,1.3322676295501878e-15,5.551115123125783e-17,4.440892098500626e-16,1.3322676295501878e-15,8.881784197001252e-16,4.440892098500626e-16,0.5889800438611872,0.17277015898279047,1.2593117727220704,0.36940384899249623,0.801346297126962,0.23506522605972327,0.49764961187078294,0.14597948344223183,0.0947766601466836,0.02780158481101211,0.01728000256174337,0.00506887936345608,0.0009584468533819735,0.0002811487705929573,1.2549485938381142,0.9831988268316747,-0.016265028810593565,-0.0028270189306226177,0.4615017082893612,0.43427496513621205,0.007885986686059755,0.016618667536316172,-0.10345003233011558,-0.17811538846125388,0.1620721023396326,0.15148238898680888,-0.5123272295707599,-0.5848660815889285,2.1698607909408043,2.604460531872297
smooth_crossnet,20260844,92,9313,4.878,3.4090380383330845,True,True,64,7.993605777301127e-15,2.6058720225221914,4.159635442029356,0.41466986346952284,3.744965578559833,0.9003110082004642,1.2201786531144987,0.12163837974429988,1.0985402733701988,12.767742166743098,0.32579256282792174,0.2933146307038193,0.9954766640559048,0.8333333333333335,1.0,False,0.3560614834597318,1.0358033875057515e-14,1.3322676295501878e-15,2.220446049250313e-16,2.220446049250313e-15,2.220446049250313e-15,1.5543122344752192e-15,2.220446049250313e-16,0.9629117040705054,0.2824584804402299,1.5965551421686084,0.4683301049199425,1.04736486866573,0.30723179292474523,0.44233555632608,0.12975377550857972,0.09606261373704751,0.028178803714381313,0.01347291129366917,0.003952115271866257,0.0009326457677144521,0.0002735803347534624,0.6742419309965176,0.5678386287781996,0.0005788351592184147,-0.18867354930401337,0.38740946455588354,0.3642517412895495,0.01865145836036767,0.011762162564118446,0.0020296340107944896,0.0205854907007273,0.13746627522022575,0.1036348542708489,-1.134267668100156,-1.189403404876167,2.5197620923193376,2.9158760990989303
smooth_crossnet,20260844,93,6702,4.932,3.4090380383330845,True,True,32,1.9197976541818207e-12,0.9151144365612749,0.510245527927359,0.2130631868049717,0.2971823411223873,0.5824300750455487,0.1496743427881648,0.062499504085660795,0.087174838702504,3.887925494013845,0.13123850462488879,0.07643725209753956,0.997740710284774,0.9523809523809524,1.0,False,0.11178095329781157,5.059321017686358e-15,2.220446049250313e-16,4.440892098500626e-16,5.551115123125783e-16,1.1102230246251565e-15,2.7755575615628914e-16,2.220446049250313e-16,0.23024012874932803,0.06753815186582911,0.16996934783973844,0.049858448608818766,0.07802636494494275,0.022888088682957396,0.026320342488132826,0.007720753535798817,0.00517109388172117,0.0015168777301909123,0.00048397432708474663,0.00014196800435861234,3.4275696410395774e-05,1.0054360210998274e-05,0.15455416006069045,0.16180231585033103,0.038523129675339954,0.07863657124267155,0.0059371668073114735,0.0010844262789185327,0.03955151100718079,0.028749378755014217,0.007116403141783565,0.009065352576441145,-0.30081028937370735,-0.20900364783425093,1.2655152246234527,1.0681069105990404,-0.29527286938077707,-0.22332687090689207
smooth_crossnet,20260844,94,9850,5.0,3.4090380383330845,True,True,32,3.6925993374126165e-09,1.3319586820021208,18.100410862710035,0.5604965797431409,17.539914282966894,0.9690340410505344,5.3095361973609965,0.16441487992818252,5.145121317432814,48.982588940880454,0.3695274434055809,0.3580846717623827,0.9824495269293688,0.9761904761904763,1.0,False,0.5063782598268214,1.2760625889285393e-14,3.3306690738754696e-16,4.440892098500626e-16,0.0,4.440892098500626e-16,2.7755575615628914e-16,2.220446049250313e-16,1.6867543988715215,0.49478896389677507,3.472860447656065,1.0187215304157144,5.159450802489091,1.5134623739815778,4.27457721026404,1.2538954280352288,2.4398824783152335,0.7157099600766735,0.9687521836458689,0.28417171435246263,0.09813334146821216,0.028786226602562748,-0.7765315229372176,-0.5642915511973838,-0.07472087468073096,0.007082400368159488,-0.13872371278740706,0.12547089181147064,0.11408359514367356,0.11634232349921199,-0.0557835523003036,-0.08832911591793072,0.6572964079486078,0.43863296288940207,-0.19347899117346268,-0.2953361084435558,1.7998173327889615,1.5923868789927464
smooth_crossnet,20260844,95,10805,5.00001,3.4090380383330845,True,True,32,3.4028908579841755e-09,1.4626112678051824,1.0726257209656649,0.23387216560106286,0.838753555364602,0.7819629335473028,0.31464175785206144,0.06860356586558336,0.24603819198647808,7.589197336738444,0.14133585850682856,0.1105194025334262,0.9982517840501045,0.9285714285714287,1.0,False,0.13846038438046493,2.7852936970718112e-14,2.220446049250313e-16,3.469446951953614e-18,8.881784197001252e-16,1.7763568394002505e-15,4.996003610813204e-16,4.440892098500626e-16,0.3382799594659898,0.09923032704891682,0.31207744850871605,0.09154413796488829,0.27260086037029085,0.07996415918655585,0.11279236052082867,0.03308627221302015,0.028520119148545343,0.008366031363642633,0.007939508067745698,0.002328958485786763,0.00041546488354763267,0.00012187158925066801,-0.13399751098478796,-0.1506395004115798,-0.022211395328287108,-0.017120662936198166,-0.08168587863861207,-0.010889865056091328,0.06272226660498159,0.06261045401315582,-0.13813857952952854,-0.19631176508647702,0.4020312346077803,0.34663928175407527,2.3857568222545043,2.2822035970827126,-1.011865691180869,-0.8538802715544167
smooth_crossnet,20260844,96,14807,5.00001,3.4090380383330845,True,True,64,3.0608848788915566e-12,2.445302002177731,4.2575053991631835,0.3513884988770523,3.9061169002861313,0.9174661061037954,1.2488876191140927,0.1030755582442461,1.1458120608698468,17.479781992825718,0.24356741982884025,0.22346485224411444,0.9966292295499819,0.8571428571428572,1.0,False,0.3912571689663469,1.5980272660698347e-14,5.551115123125783e-16,4.440892098500626e-16,1.3322676295501878e-15,1.7763568394002505e-15,1.1449174941446927e-15,8.881784197001252e-16,0.9894469941011979,0.2902422862330416,1.1215686591656666,0.3289985757137751,1.252974933608307,0.36754501402424167,0.6370336946717721,0.18686611516463514,0.20657258148159596,0.06059556366305718,0.04211607091262486,0.012354239066577953,0.0077924652220163785,0.0022858252487633303,0.33741594143986975,0.35254356933081893,0.2942567883504975,0.08294998479065818,0.20591630732417632,0.14682734874277698,0.11304559171924253,0.11207235418879967,-0.022597091713088838,-0.10261659091845865,0.7539215275913517,0.8171915234070346,3.1732278030094405,3.183173942234395,-2.4098848655437592,-2.1468401295982917
smooth_crossnet,20260844,97,15672,5.00001,3.4090380383330845,True,True,64,5.854761120360763e-12,3.9015778000562196,16.13596094641584,0.7682395565968426,15.367721389818996,0.9523895999037177,4.7332886183651475,0.22535376489154352,4.507934853473604,39.7998396421834,0.4054277879379573,0.3861252087440805,0.9889084319380343,0.9523809523809524,1.0,False,0.6956244470466273,1.27675647831893e-14,1.1102230246251565e-15,1.1102230246251565e-16,4.440892098500626e-16,2.220446049250313e-15,7.771561172376096e-16,4.440892098500626e-16,1.3461760259378255,0.39488442510781263,4.413361174673527,1.2946060222993365,4.745931917492266,1.3921616198254219,3.6408258192947796,1.0679921368888663,1.4816311479238486,0.4346185437837828,0.4752199545914725,0.13940001526760332,0.03281490650211874,0.009625855192324057,1.199370580375307,1.0704922090800104,0.23339769229307772,-0.1579725050708327,0.6503086902332462,0.7635119407029272,-0.11947976816825455,-0.09380403325146741,-0.07934579834405309,-0.11009196827109345,0.4384748992980191,0.39864704135325707,-1.180163580757725,-1.3575805408235577,2.759015085126602,3.3883756563369785
smooth_crossnet,20260844,98,15698,5.00001,3.4090380383330845,True,True,128,1.9539925233402755e-14,3.9605112941376057,17.069830753704256,0.6501756051526799,16.419655148551577,0.9619108347039945,5.007228010295504,0.19072113535893426,4.816506874936569,31.863540235971794,0.5357167040225356,0.51531170193119,0.9902851858213266,0.9285714285714287,1.0,False,1.023170902825262,3.31193406033492e-14,1.7763568394002505e-15,1.6653345369377348e-16,8.881784197001252e-16,2.886579864025407e-14,1.6930901125533637e-15,8.881784197001252e-16,2.0931935331435536,0.6140129589657091,5.92478484667378,1.7379638420141592,5.636168542023686,1.653301746313045,2.6694554410773255,0.7830524068844382,0.6359080563327136,0.18653592279763861,0.10183566535496667,0.029872258452346635,0.008484669098211033,0.00248887486816069,2.2281700957182387,2.5570379533992953,0.1330735435410232,-0.10915278289532632,0.47255032258957036,0.5358386526915611,0.09347434269706753,0.055769162682820776,-0.07884475048841055,-0.4392179436573829,0.0018200402431482205,-0.008050865289977083,-1.512557281050408,-1.3279015515044879,2.622824980887377,2.696188668711074
smooth_crossnet,20260844,99,17110,5.00001,3.4090380383330845,True,True,128,2.353672812205332e-14,3.949669090414718,8.302265308950334,0.31275701272019796,7.989508296230136,0.9623287137809211,2.43536892683365,0.09174347989180155,2.3436254469418483,20.733023462064782,0.4004367874343552,0.38535181860226714,0.9957493728099907,0.9761904761904763,1.0,False,0.42705000495001927,2.4868995751603507e-14,1.3322676295501878e-15,1.3877787807814457e-16,8.881784197001252e-16,3.064215547965432e-14,9.71445146547012e-16,4.440892098500626e-16,1.3182294097876608,0.38668662389940206,2.8734572444318722,0.8428938639349725,2.8333273755740054,0.8311222531736302,1.044736621429707,0.3064608284454788,0.19575857993795082,0.05742340734739081,0.035383013344355764,0.010379178215816265,0.0013730644447651147,0.00040277181695411683,2.3776027140227574,2.5395322777967815,0.0879050616093692,0.09840243213794105,0.442421593935972,0.4065197325006913,-0.022126793468608144,-0.003960835622533693,0.02567687929072976,-0.241235938602693,0.009026474230430218,-0.0009158591610795455,-1.0452211644271439,-0.945240218210433,2.07438432522121,2.096567499576013
