family,seed,audit_id,official_test_index,true_class_id,output_scale_s,resolved,certification_pass,quadrature_order,numerical_tolerance,nested_quadrature_error,endpoint_change,R,D,H,chi,R_over_s,D_over_s,H_over_s,max_abs_transfer_entry,pot_conservation_error,bshap_reconstruction_error,ig_reconstruction_error,bshap_completeness_error,ig_completeness_error,margin_gap_error,interior_mobius_reconstruction_error,pot_order1_L1_over_s,pot_order1_max_abs_over_s,pot_order2_L1_over_s,pot_order2_max_abs_over_s,pot_order3_L1_over_s,pot_order3_max_abs_over_s,pot_order4_L1_over_s,pot_order4_max_abs_over_s,pot_order5_L1_over_s,pot_order5_max_abs_over_s,pot_order6_L1_over_s,pot_order6_max_abs_over_s,pot_order7_L1_over_s,pot_order7_max_abs_over_s,pot_order8_L1_over_s,pot_order8_max_abs_over_s,max_abs_pot_order_ge2_over_s,max_abs_pot_order_ge3_over_s
additive,20260920,0,280,0,16.847794894345476,True,True,32,1.6847794894345476e-07,3.207739629473849e-12,10.015200398836308,2.2020348507586124e-13,2.838205860809596e-15,2.1736527921505165e-13,,1.3070166538516373e-14,1.6846156298841018e-16,1.2901704975527963e-14,2.394909667405695e-15,1.609823385706477e-14,2.4424906541753444e-15,0.0,1.7763568394002505e-15,3.552713678800501e-15,2.1464311809419696e-15,0.0,0.5944517049051711,0.19114135794995332,1.1597912579028857e-15,1.0543556890026234e-16,3.373938204808395e-15,2.1087113780052468e-16,6.431569702916003e-15,2.635889222506558e-16,6.74787640961679e-15,4.2174227560104935e-16,5.2717784450131165e-15,6.853311978517052e-16,2.1087113780052465e-15,9.48920120102361e-16,6.326134134015741e-16,6.326134134015741e-16,9.48920120102361e-16,9.48920120102361e-16
additive,20260920,1,1403,0,16.847794894345476,True,True,32,1.6847794894345476e-07,1.389404147289497e-10,10.119106207852536,2.5748054482172784e-13,2.932574817902735e-15,2.545479700038251e-13,,1.528274450374182e-14,1.7406282758623667e-16,1.5108681676155586e-14,1.9539925233402757e-15,1.074140776324839e-14,5.329070518200751e-15,0.0,1.7763568394002505e-15,3.552713678800501e-15,5.99308962245275e-15,0.0,0.7058698478123021,0.24694844676436722,8.434845512020987e-16,1.0543556890026234e-16,3.0839903903326735e-15,1.5815335335039351e-16,7.22233646966797e-15,4.2174227560104935e-16,9.594636769923873e-15,5.798956289514428e-16,7.0114653318674455e-15,6.326134134015741e-16,2.2405058391305745e-15,6.326134134015741e-16,2.1087113780052468e-16,2.1087113780052468e-16,6.326134134015741e-16,6.326134134015741e-16
additive,20260920,2,1512,0,16.847794894345476,True,True,32,1.6847794894345476e-07,2.765457307596364e-11,9.482231245727517,1.952833397634804e-13,3.3567064471910828e-15,1.9192663331628931e-13,,1.159103259436178e-14,1.9923713864285433e-16,1.1391795455718925e-14,1.7763568394002505e-15,8.1601392309949e-15,6.661338147750939e-15,0.0,5.329070518200751e-15,0.0,6.211433483962364e-15,0.0,0.5944280703685851,0.19019366657499498,4.481011678261149e-16,1.0543556890026234e-16,2.425018084706034e-15,1.0543556890026234e-16,6.08890410399015e-15,2.3723003002559026e-16,6.431569702916003e-15,4.744600600511805e-16,4.612806139386477e-15,3.9538338337598375e-16,1.212509042353017e-15,4.744600600511805e-16,1.845122455754591e-16,1.845122455754591e-16,4.744600600511805e-16,4.744600600511805e-16
additive,20260920,3,3341,0,16.847794894345476,True,True,32,1.6847794894345476e-07,3.052662123081973e-09,10.58788972825262,2.7780013739111434e-13,3.0508664377883914e-15,2.7474927095332597e-13,,1.6488812876298176e-14,1.810840206045205e-16,1.6307728855693656e-14,2.4424906541753444e-15,1.3572476476042539e-14,6.217248937900877e-15,0.0,1.4210854715202004e-14,1.7763568394002505e-15,6.604769641258133e-15,0.0,0.7066441430267373,0.22851731026737757,8.962023356522298e-16,1.0543556890026234e-16,3.716603803734247e-15,2.635889222506558e-16,8.039462128645004e-15,3.690244911509182e-16,1.0174532398875315e-14,5.798956289514428e-16,6.853311978517052e-15,7.907667667519675e-16,2.293223623580706e-15,7.907667667519675e-16,3.426655989258526e-16,3.426655989258526e-16,7.907667667519675e-16,7.907667667519675e-16
additive,20260920,4,4116,0,16.847794894345476,True,True,32,1.6847794894345476e-07,2.5886126575613844e-11,10.17025819129834,2.8362682572928104e-13,3.155676778089314e-15,2.804711489511917e-13,,1.683465566312616e-14,1.87305032965972e-16,1.6647350630160185e-14,2.6645352591003757e-15,1.2434497875801753e-14,1.7763568394002505e-15,0.0,1.7763568394002505e-15,1.7763568394002505e-15,1.513075379274856e-15,0.0,0.6036551522069941,0.19514805059506873,9.48920120102361e-16,1.5815335335039351e-16,3.795680480409444e-15,2.1087113780052468e-16,8.487563296471118e-15,3.690244911509182e-16,1.0754428027826759e-14,5.798956289514428e-16,7.380489823018364e-15,7.907667667519675e-16,1.897840240204722e-15,7.907667667519675e-16,1.5815335335039351e-16,1.5815335335039351e-16,7.907667667519675e-16,7.907667667519675e-16
additive,20260920,5,5544,0,16.847794894345476,True,True,32,1.6847794894345476e-07,7.117595401950894e-11,12.555441368636854,2.6682769750321774e-13,3.549409443608164e-15,2.632782880596096e-13,,1.5837544270720647e-14,2.1067501509051675e-16,1.5626869255630128e-14,2.575717417130363e-15,1.1018963519404679e-14,1.3322676295501878e-14,0.0,1.5987211554602254e-14,1.7763568394002505e-15,1.3434755953225942e-14,0.0,0.8528868856818371,0.2816607442095558,1.2915857190282136e-15,1.317944611253279e-16,3.795680480409444e-15,1.845122455754591e-16,6.74787640961679e-15,3.1630670670078703e-16,8.672075542046578e-15,6.326134134015741e-16,6.08890410399015e-15,6.326134134015741e-16,2.2668647313556404e-15,5.271778445013116e-16,3.1630670670078703e-16,3.1630670670078703e-16,6.326134134015741e-16,6.326134134015741e-16
additive,20260920,6,6708,0,16.847794894345476,True,True,32,1.6847794894345476e-07,1.7256140960597577e-11,7.40325189929009,2.74845424197423e-13,3.2341854062592364e-15,2.7161123879116376e-13,,1.6313436026554887e-14,1.919649085557604e-16,1.612147111799913e-14,2.5234444163875955e-15,1.585884201737997e-14,2.6645352591003757e-15,0.0,1.7763568394002505e-15,8.881784197001252e-16,2.7332633511009804e-15,0.0,0.44087559663648457,0.1901313350919344,1.212509042353017e-15,1.5815335335039351e-16,3.953833833759838e-15,2.1087113780052468e-16,7.169618685217839e-15,3.1630670670078703e-16,8.54028108092125e-15,4.744600600511805e-16,7.2750542541181e-15,8.962023356522298e-16,2.846760360307083e-15,9.48920120102361e-16,2.635889222506558e-16,2.635889222506558e-16,9.48920120102361e-16,9.48920120102361e-16
additive,20260920,7,7346,0,16.847794894345476,True,True,32,1.6847794894345476e-07,3.241851231905457e-13,4.331529926293918,3.3041069880113125e-13,2.8132258427555307e-15,3.275974729583757e-13,,1.9611510044678012e-14,1.669788753007503e-16,1.9444531169377264e-14,1.887379141862766e-15,1.3072876114961218e-14,1.9984014443252818e-15,0.0,8.881784197001252e-16,1.7763568394002505e-15,1.648416852752972e-15,0.0,0.5374323904133901,0.19550914815298545,1.3179446112532791e-15,1.317944611253279e-16,4.691882816061674e-15,2.635889222506558e-16,9.067458925422561e-15,4.2174227560104935e-16,1.1439759225678463e-14,5.008189522762461e-16,8.434845512020986e-15,6.062545211765085e-16,3.426655989258526e-15,6.062545211765085e-16,7.907667667519675e-16,7.907667667519675e-16,7.907667667519675e-16,7.907667667519675e-16
additive,20260920,8,7393,0,16.847794894345476,True,True,32,1.6847794894345476e-07,2.213669247908001e-10,1.25741241213629,1.5691120691134552e-13,3.6032849984192146e-15,1.533079219129263e-13,,9.313456621199055e-15,2.1387279587719597e-16,9.09958382532186e-15,1.5543122344752192e-15,9.527101330064625e-15,6.217248937900877e-15,0.0,6.217248937900877e-15,1.7763568394002505e-15,6.082436142053537e-15,0.0,0.5872899261513124,0.19364581505570225,1.0543556890026233e-15,1.0543556890026234e-16,2.3723003002559024e-15,1.5815335335039351e-16,4.111987187110231e-15,1.845122455754591e-16,4.533729462711281e-15,3.1630670670078703e-16,3.663886019284116e-15,4.481011678261149e-16,1.845122455754591e-15,4.744600600511805e-16,6.062545211765085e-16,6.062545211765085e-16,6.062545211765085e-16,6.062545211765085e-16
additive,20260920,9,8134,0,16.847794894345476,True,True,32,1.6847794894345476e-07,2.5132534942073903e-11,11.969078247023772,2.5695530359555395e-13,3.0335522453805482e-15,2.539217513501734e-13,,1.525156883775896e-14,1.8005633760407903e-16,1.507151250015488e-14,2.854859206178974e-15,9.853229343548264e-15,8.881784197001252e-15,0.0,1.7763568394002505e-15,1.7763568394002505e-15,9.17149953866534e-15,0.0,0.7419442584723405,0.2144321496251777,1.2652268268031481e-15,1.0543556890026234e-16,3.953833833759838e-15,2.1087113780052468e-16,6.009827427314953e-15,3.1630670670078703e-16,6.589723056266396e-15,5.271778445013116e-16,5.0609073072125925e-15,4.744600600511805e-16,1.5288157490538038e-15,3.1630670670078703e-16,5.271778445013116e-16,5.271778445013116e-16,5.271778445013116e-16,5.271778445013116e-16
additive,20260920,10,555,1,16.847794894345476,True,True,32,1.6847794894345476e-07,3.1669031841374817e-09,29.611174994393764,3.6388180828305666e-13,4.049274143504872e-15,3.598325341395518e-13,,2.1598186027607928e-14,2.403444586605162e-16,2.1357841568947412e-14,5.403085386509095e-15,2.7533531010703882e-14,1.1546319456101628e-14,0.0,0.0,3.552713678800501e-15,1.0311857188244607e-14,3.552713678800501e-15,1.9388257140298848,0.845997833420448,1.0543556890026233e-15,1.0543556890026234e-16,4.243781648235559e-15,3.690244911509182e-16,8.487563296471118e-15,4.744600600511805e-16,1.21778082079803e-14,9.48920120102361e-16,9.093817817647626e-15,1.6078924257290007e-15,4.560088354936346e-15,1.1861501501279512e-15,1.5551746412788695e-15,1.5551746412788695e-15,1.6078924257290007e-15,1.6078924257290007e-15
additive,20260920,11,1680,1,16.847794894345476,True,True,32,1.6847794894345476e-07,1.7856143230687849e-09,20.52181179259214,3.0095489592493353e-13,6.97471181339216e-15,2.939801841115414e-13,,1.7863162378949734e-14,4.1398366119313576e-16,1.74491787177566e-14,3.552713678800501e-15,1.4682699500667695e-14,1.865174681370263e-14,0.0,1.4210854715202004e-14,1.4210854715202004e-14,1.785291491360329e-14,3.552713678800501e-15,1.3993270283679264,0.462693106257064,1.5024568568287383e-15,1.0543556890026234e-16,4.481011678261149e-15,3.1630670670078703e-16,8.59299886537138e-15,5.535367367263772e-16,1.0464480213351037e-14,7.907667667519675e-16,7.538643176368756e-15,7.644078745269019e-16,2.3195825158057714e-15,6.062545211765085e-16,8.698434434271643e-16,8.698434434271643e-16,8.698434434271643e-16,8.698434434271643e-16
additive,20260920,12,2586,1,16.847794894345476,True,True,32,1.6847794894345476e-07,3.6366198941095718e-09,27.764853553289917,2.697695241796591e-13,4.830659681788673e-15,2.649388644978704e-13,,1.6012156241894906e-14,2.8672355712319113e-16,1.5725432684771717e-14,3.552713678800501e-15,2.4674706722294104e-14,1.0658141036401503e-14,0.0,7.105427357601002e-15,0.0,1.1416793436562027e-14,3.552713678800501e-15,1.829237399791591,0.8541690395069222,1.897840240204722e-15,2.635889222506558e-16,4.770959492736871e-15,4.2174227560104935e-16,7.670437637494084e-15,3.1630670670078703e-16,7.354130930793298e-15,3.1630670670078703e-16,4.586447247161412e-15,4.744600600511805e-16,2.9521959292073455e-15,8.962023356522298e-16,1.5024568568287383e-15,1.5024568568287383e-15,1.5024568568287383e-15,1.5024568568287383e-15
additive,20260920,13,3766,1,16.847794894345476,True,True,32,1.6847794894345476e-07,1.3128342857271491e-09,24.187842262661647,3.2067404287516865e-13,5.151831342483808e-15,3.1552221153268484e-13,,1.903359133264345e-14,3.057866845359618e-16,1.872780464810749e-14,3.552713678800501e-15,1.3128387266192476e-14,6.217248937900877e-15,0.0,1.4210854715202004e-14,7.105427357601002e-15,6.81095391725995e-15,3.552713678800501e-15,1.6169240784898933,0.5366294085075353,1.6869691024041974e-15,1.5815335335039351e-16,4.9818306305373955e-15,2.635889222506558e-16,8.303051050895658e-15,4.2174227560104935e-16,9.700072338824135e-15,4.481011678261149e-16,6.589723056266396e-15,6.326134134015741e-16,2.846760360307083e-15,7.644078745269019e-16,7.644078745269019e-16,7.644078745269019e-16,7.644078745269019e-16,7.644078745269019e-16
additive,20260920,14,4718,1,16.847794894345476,True,True,32,1.6847794894345476e-07,2.0845329629093357e-10,17.234042290702092,3.0804400036068443e-13,5.61938062219946e-15,3.0242461973848495e-13,,1.8283935808363346e-14,3.335380480020836e-16,1.7950397760361263e-14,7.61295788314393e-15,1.1157741397482823e-14,1.4210854715202004e-14,0.0,1.7763568394002505e-14,1.0658141036401503e-14,1.4909766543085075e-14,5.329070518200751e-15,1.2041816385701494,0.5808317075048609,9.752790123274265e-16,7.907667667519676e-17,3.242143743683067e-15,1.5815335335039351e-16,6.32613413401574e-15,3.690244911509182e-16,6.695158625166659e-15,3.9538338337598375e-16,4.217422756010493e-15,3.9538338337598375e-16,1.1861501501279512e-15,2.899478144757214e-16,4.2174227560104935e-16,4.2174227560104935e-16,4.2174227560104935e-16,4.2174227560104935e-16
additive,20260920,15,4831,1,16.847794894345476,True,True,32,1.6847794894345476e-07,2.8004487617749874e-09,27.97156073940011,2.9679235259903535e-13,4.335817419384317e-15,2.92456535179651e-13,,1.7616094833790145e-14,2.5735222007240375e-16,1.7358742613717743e-14,3.819167204710538e-15,1.5765166949677223e-14,1.7763568394002505e-14,0.0,7.105427357601002e-15,7.105427357601002e-15,1.8455607412685517e-14,3.552713678800501e-15,1.8415064941986918,0.7354950598533923,1.2652268268031481e-15,1.0543556890026234e-16,3.927474941534772e-15,3.9538338337598375e-16,7.986744344194872e-15,4.744600600511805e-16,8.882946679847102e-15,8.698434434271643e-16,6.457928595141068e-15,7.907667667519675e-16,1.3443035034783448e-15,3.1630670670078703e-16,2.3723003002559026e-16,2.3723003002559026e-16,8.698434434271643e-16,8.698434434271643e-16
additive,20260920,16,6080,1,16.847794894345476,True,True,32,1.6847794894345476e-07,1.036797669939915e-08,29.174855994274466,4.671626841981504e-13,4.009094643566056e-15,4.631535895545843e-13,,2.772841710905095e-14,2.3795960650681973e-16,2.749045750254413e-14,5.0330110449673766e-15,3.0003777240494856e-14,1.2434497875801753e-14,0.0,1.4210854715202004e-14,0.0,1.3637239485812339e-14,3.552713678800501e-15,1.9129280222040104,0.8964918960211639,1.7396868868543286e-15,1.317944611253279e-16,4.9291128460872645e-15,2.3723003002559026e-16,1.1597912579028856e-14,7.116900900767708e-16,1.760774000634381e-14,9.752790123274265e-16,1.2915857190282136e-14,1.5551746412788695e-15,3.2685026359081324e-15,7.116900900767708e-16,1.818763563529525e-15,1.818763563529525e-15,1.818763563529525e-15,1.818763563529525e-15
additive,20260920,17,6208,1,16.847794894345476,True,True,32,1.6847794894345476e-07,4.0142986712510265e-09,25.777006742306384,3.7446857783930367e-13,4.712764570126098e-15,3.697558132691776e-13,,2.222656319047333e-14,2.7972589883010834e-16,2.1946837291643223e-14,9.103828801926284e-15,2.245426067304379e-14,1.9539925233402755e-14,0.0,2.842170943040401e-14,0.0,2.279975150475452e-14,3.552713678800501e-15,1.7112488544983013,0.7515059733502609,1.4760979646036728e-15,1.317944611253279e-16,4.138346079335297e-15,2.899478144757214e-16,9.172894494322823e-15,5.271778445013116e-16,1.2942216082507202e-14,9.48920120102361e-16,8.962023356522298e-15,1.0016379045524922e-15,4.0592694026601e-15,1.080714581227689e-15,9.48920120102361e-16,9.48920120102361e-16,1.080714581227689e-15,1.080714581227689e-15
additive,20260920,18,7156,1,16.847794894345476,True,True,32,1.6847794894345476e-07,4.2551184797900987e-10,20.626416532362754,3.0412352530497684e-13,4.667298293879542e-15,2.994562270110973e-13,,1.805123621293894e-14,2.770272503403991e-16,1.7774208962598542e-14,3.552713678800501e-15,1.4210854715202004e-14,5.329070518200751e-15,0.0,1.0658141036401503e-14,7.105427357601002e-15,4.973534811505315e-15,3.552713678800501e-15,1.4055358373204694,0.6813404659509554,8.0394621286450035e-16,5.271778445013117e-17,3.097169836445206e-15,2.3723003002559026e-16,7.960385451969806e-15,4.481011678261149e-16,1.1162990857315275e-14,6.326134134015741e-16,7.512284284143692e-15,8.434845512020987e-16,3.110349282557739e-15,6.853311978517052e-16,5.667161828389101e-16,5.667161828389101e-16,8.434845512020987e-16,8.434845512020987e-16
additive,20260920,19,8365,1,16.847794894345476,True,True,32,1.6847794894345476e-07,5.64063018515526e-10,18.928297295620816,2.711861158913177e-13,4.36489468907688e-15,2.668212212022408e-13,,1.6096237970129505e-14,2.5907809992047346e-16,1.5837159870209033e-14,2.6645352591003757e-15,1.3766765505351941e-14,5.329070518200751e-15,0.0,7.105427357601002e-15,7.105427357601002e-15,4.943928864181977e-15,1.3322676295501878e-15,1.304744057304684,0.467228425877671,1.080714581227689e-15,1.5815335335039351e-16,3.3343998664707964e-15,2.635889222506558e-16,7.209157023555437e-15,3.426655989258526e-16,8.909305572072168e-15,6.062545211765085e-16,6.484287487366134e-15,6.589723056266396e-16,2.6227097763940257e-15,7.644078745269019e-16,6.98510643964238e-16,6.98510643964238e-16,7.644078745269019e-16,7.644078745269019e-16
additive,20260920,20,368,2,16.847794894345476,True,True,32,1.6847794894345476e-07,1.2875950888835419e-08,3.5172205975558484,2.2987656751672335e-13,4.1661118999059005e-15,2.2571045561681744e-13,,1.3644311849610387e-14,2.4727935768639656e-16,1.3397032491923989e-14,2.3314683517128287e-15,9.658940314238862e-15,1.3322676295501878e-15,0.0,1.3322676295501878e-15,1.7763568394002505e-15,1.4306016688741301e-15,8.881784197001252e-16,0.5324474817261732,0.21820087516521816,1.4760979646036728e-15,1.5815335335039351e-16,3.742962695959313e-15,2.1087113780052468e-16,6.589723056266396e-15,2.635889222506558e-16,7.380489823018364e-15,3.1630670670078703e-16,4.850036169412068e-15,4.2174227560104935e-16,1.7396868868543286e-15,5.271778445013116e-16,1.0543556890026234e-16,1.0543556890026234e-16,5.271778445013116e-16,5.271778445013116e-16
additive,20260920,21,750,2,16.847794894345476,True,True,32,1.6847794894345476e-07,2.045197344813232e-12,8.97702498858854,3.0044326814775213e-13,2.9486994856413377e-15,2.974945686621108e-13,,1.783279473853211e-14,1.7501990641107531e-16,1.765777483212103e-14,2.3473286806360452e-15,1.3822276656583199e-14,2.6645352591003757e-15,0.0,5.329070518200751e-15,1.7763568394002505e-15,2.929931429748865e-15,8.881784197001252e-16,0.5328308567907267,0.12415415679939416,2.0032758091049845e-15,1.5815335335039351e-16,5.482649582813641e-15,2.635889222506558e-16,8.54028108092125e-15,3.690244911509182e-16,9.594636769923873e-15,5.798956289514428e-16,6.32613413401574e-15,5.798956289514428e-16,2.214146946905509e-15,7.907667667519675e-16,2.635889222506558e-16,2.635889222506558e-16,7.907667667519675e-16,7.907667667519675e-16
additive,20260920,22,1640,2,16.847794894345476,True,True,32,1.6847794894345476e-07,1.5543122344752192e-15,1.852509146524076,2.2949177280739974e-13,1.3713897742274543e-15,2.281203830331723e-13,,1.3621472379416411e-14,8.139876956169057e-17,1.3540073609854721e-14,1.6422048905913773e-15,1.0378850556769237e-14,4.440892098500626e-16,0.0,4.440892098500626e-16,1.7763568394002505e-15,6.132660516977063e-16,8.881784197001252e-16,0.23553624120736316,0.07601078888373128,1.212509042353017e-15,1.0543556890026234e-16,3.4793737737086573e-15,1.5815335335039351e-16,6.853311978517052e-15,2.635889222506558e-16,7.538643176368756e-15,3.690244911509182e-16,5.1136250916627235e-15,5.798956289514428e-16,2.214146946905509e-15,5.271778445013116e-16,6.326134134015741e-16,6.326134134015741e-16,6.326134134015741e-16,6.326134134015741e-16
additive,20260920,23,2633,2,16.847794894345476,True,True,32,1.6847794894345476e-07,3.8336001040306655e-12,6.115367388195228,2.5159966702640685e-13,2.2957826116355918e-15,2.4930388441477124e-13,,1.493368530446971e-14,1.362660589135087e-16,1.47974192455562e-14,2.0724163126336253e-15,1.0585282650410477e-14,2.220446049250313e-15,0.0,0.0,1.7763568394002505e-15,2.128456141495657e-15,8.881784197001252e-16,0.43299830059852684,0.15021337903512047,1.0543556890026233e-15,1.0543556890026234e-16,3.426655989258526e-15,2.635889222506558e-16,7.69679652971915e-15,4.2174227560104935e-16,9.067458925422561e-15,5.798956289514428e-16,5.588085151713904e-15,6.326134134015741e-16,1.950558024654853e-15,4.2174227560104935e-16,5.271778445013117e-17,5.271778445013117e-17,6.326134134015741e-16,6.326134134015741e-16
additive,20260920,24,2999,2,16.847794894345476,True,True,32,1.6847794894345476e-07,1.942890293094024e-15,2.7330255194501625,2.0101511781789778e-13,1.562675305375699e-15,1.9945244251252207e-13,,1.1931241986176082e-14,9.275251243117698e-17,1.1838489473744905e-14,1.3372549595436212e-15,7.665526199907013e-15,3.1086244689504383e-15,0.0,4.440892098500626e-15,8.881784197001252e-16,1.8186510498621606e-15,8.881784197001252e-16,0.2771861443095935,0.12108332329136677,1.3706623957034103e-15,1.5815335335039351e-16,3.690244911509182e-15,1.5815335335039351e-16,5.957109642864822e-15,2.635889222506558e-16,6.115262996215215e-15,3.1630670670078703e-16,4.428293893811018e-15,4.744600600511805e-16,1.581533533503935e-15,4.2174227560104935e-16,2.1087113780052468e-16,2.1087113780052468e-16,4.744600600511805e-16,4.744600600511805e-16
additive,20260920,25,6288,2,16.847794894345476,True,True,32,1.6847794894345476e-07,1.227018486815723e-12,0.13147952383193928,2.46464224690477e-13,2.4726252791294567e-15,2.439915994113475e-13,,1.4628871388575386e-14,1.4676254635313306e-16,1.448210884222225e-14,2.4424906541753444e-15,1.3877787807814457e-14,3.9968028886505635e-15,0.0,2.6645352591003757e-15,0.0,4.681440420502743e-15,8.881784197001252e-16,0.5452325834195832,0.12014497166189549,8.698434434271643e-16,1.0543556890026234e-16,3.3475793125833293e-15,2.635889222506558e-16,7.248695361893036e-15,3.690244911509182e-16,8.276692158670594e-15,4.2174227560104935e-16,5.614444043938969e-15,7.907667667519675e-16,2.4513769769310993e-15,7.907667667519675e-16,5.535367367263772e-16,5.535367367263772e-16,7.907667667519675e-16,7.907667667519675e-16
additive,20260920,26,6518,2,16.847794894345476,True,True,32,1.6847794894345476e-07,8.995026945513018e-13,2.3377742329052307,2.4164698020356923e-13,2.7487932565049625e-15,2.388981869470643e-13,,1.4342944089654826e-14,1.6315448245559562e-16,1.4179789607199232e-14,2.456368441983159e-15,1.3558598688234724e-14,1.7763568394002505e-15,0.0,0.0,3.1086244689504383e-15,1.8482569971854984e-15,8.881784197001252e-16,0.28180191628705387,0.07193480394209509,1.581533533503935e-15,1.5815335335039351e-16,4.006551618209969e-15,2.1087113780052468e-16,6.589723056266396e-15,2.1087113780052468e-16,6.642440840716527e-15,3.690244911509182e-16,5.1663428761128545e-15,5.798956289514428e-16,2.6886070069566897e-15,7.380489823018364e-16,8.434845512020987e-16,8.434845512020987e-16,8.434845512020987e-16,8.434845512020987e-16
additive,20260920,27,7013,2,16.847794894345476,True,True,32,1.6847794894345476e-07,3.8295722148973255e-10,-1.6184203479482644,3.3124918152353865e-13,2.803445306586214e-15,3.2844573621695244e-13,,1.9661278143569626e-14,1.6639835207912683e-16,1.94948797914905e-14,2.854859206178974e-15,1.9206858326015208e-14,3.552713678800501e-15,0.0,6.217248937900877e-15,1.7763568394002505e-15,3.3079359357521937e-15,8.881784197001252e-16,0.5752358881427847,0.20392309128178038,1.2652268268031481e-15,1.5815335335039351e-16,4.006551618209969e-15,2.635889222506558e-16,8.35576883534579e-15,3.1630670670078703e-16,1.1413400333453398e-14,5.798956289514428e-16,9.620995662148938e-15,7.907667667519675e-16,4.533729462711281e-15,1.1861501501279512e-15,8.171256589770331e-16,8.171256589770331e-16,1.1861501501279512e-15,1.1861501501279512e-15
additive,20260920,28,7633,2,16.847794894345476,True,True,32,1.6847794894345476e-07,2.2732926652224705e-12,4.837050622216379,2.367674839256378e-13,2.4993234994835366e-15,2.3426816042615427e-13,,1.4053321838877718e-14,1.4834721784999707e-16,1.3904974621027722e-14,2.6645352591003757e-15,1.0436096431476471e-14,1.7763568394002505e-15,0.0,3.552713678800501e-15,5.329070518200751e-15,2.1517179572497084e-15,8.881784197001252e-16,0.5808007124181813,0.17407013766256868,1.0543556890026233e-15,1.0543556890026234e-16,3.0576314981076076e-15,2.1087113780052468e-16,6.220698565115478e-15,3.1630670670078703e-16,6.906029762967183e-15,5.271778445013116e-16,4.006551618209969e-15,6.326134134015741e-16,2.2668647313556404e-15,5.271778445013116e-16,5.271778445013117e-17,5.271778445013117e-17,6.326134134015741e-16,6.326134134015741e-16
additive,20260920,29,8675,2,16.847794894345476,True,True,32,1.6847794894345476e-07,1.855515741056024e-12,2.488195732724515,3.1077640461063537e-13,2.098189347133854e-15,3.086782152635015e-13,,1.84461175221773e-14,1.2453792085503468e-16,1.8321579601322267e-14,1.9825411154020653e-15,1.2212453270876722e-14,2.3314683517128287e-15,0.0,8.881784197001252e-16,1.7763568394002505e-15,2.5080466803913074e-15,8.881784197001252e-16,0.4145124148810611,0.12780038350850662,2.6358892225065583e-15,2.1087113780052468e-16,7.433207607468494e-15,2.635889222506558e-16,1.0807145812276889e-14,3.690244911509182e-16,8.803870003171906e-15,4.744600600511805e-16,4.322858324910756e-15,3.690244911509182e-16,1.581533533503935e-15,6.853311978517052e-16,5.271778445013116e-16,5.271778445013116e-16,6.853311978517052e-16,6.853311978517052e-16
additive,20260920,30,1852,3,16.847794894345476,True,True,32,1.6847794894345476e-07,3.9769707527170794e-09,0.6344284093873691,1.5559527872482142e-13,2.3831796324728993e-15,1.5321209909234852e-13,,9.235349771324847e-15,1.414535045932184e-16,9.093896266731629e-15,1.3322676295501878e-15,5.9674487573602164e-15,3.1086244689504383e-15,0.0,1.4432899320127035e-15,2.220446049250313e-16,2.93772942480278e-15,2.220446049250313e-15,0.44665379563477087,0.14598132206026693,9.225612278772955e-16,1.0543556890026234e-16,2.8862986986446816e-15,1.317944611253279e-16,4.678703369949141e-15,1.713327994629263e-16,4.770959492736871e-15,2.635889222506558e-16,3.4991429428774563e-15,3.294861528133198e-16,1.3443035034783448e-15,3.1630670670078703e-16,9.884584584399594e-17,9.884584584399594e-17,3.294861528133198e-16,3.294861528133198e-16
additive,20260920,31,3313,3,16.847794894345476,True,True,32,1.6847794894345476e-07,4.5872561305060344e-09,1.027928173693966,1.9542712355787488e-13,3.3222597953109722e-15,1.9210486376256392e-13,,1.1599566874087773e-14,1.9719255939102168e-16,1.140237431469675e-14,2.823138548332541e-15,9.33975119465913e-15,6.661338147750939e-15,0.0,8.43769498715119e-15,2.886579864025407e-15,6.243418480624186e-15,1.7763568394002505e-15,0.595077667180623,0.1792236800818196,8.303051050895659e-16,1.0543556890026234e-16,2.662248114731624e-15,1.845122455754591e-16,5.443111244476043e-15,2.635889222506558e-16,6.08890410399015e-15,3.426655989258526e-16,3.861577710972108e-15,4.2174227560104935e-16,1.2915857190282136e-15,4.3492172171358216e-16,1.713327994629263e-16,1.713327994629263e-16,4.3492172171358216e-16,4.3492172171358216e-16
additive,20260920,32,5269,3,16.847794894345476,True,True,32,1.6847794894345476e-07,5.566126670686344e-09,10.458074674949147,3.136483136704068e-13,4.314802483561055e-15,3.0933351118684574e-13,,1.8616579536807793e-14,2.561048796367533e-16,1.836047465717104e-14,3.0346096006420944e-15,1.4099832412739488e-14,4.440892098500626e-15,0.0,1.7763568394002505e-15,1.7763568394002505e-15,4.332777523007366e-15,1.7763568394002505e-15,0.7397279251474823,0.2027625939751233,1.2256884884655497e-15,1.5815335335039351e-16,4.652344477724076e-15,2.635889222506558e-16,9.383765632123348e-15,3.690244911509182e-16,1.0886222488952087e-14,6.062545211765085e-16,6.932388655192249e-15,7.644078745269019e-16,2.662248114731624e-15,6.326134134015741e-16,3.0312726058825423e-16,3.0312726058825423e-16,7.644078745269019e-16,7.644078745269019e-16
additive,20260920,33,5365,3,16.847794894345476,True,True,32,1.6847794894345476e-07,4.4775759988624486e-08,5.246552882923938,1.653403604505245e-13,4.11813440491317e-15,1.6122222604561134e-13,,9.81376859626993e-15,2.4443165593708137e-16,9.569336940332849e-15,2.220446049250313e-15,6.369904603786836e-15,1.3322676295501878e-15,0.0,0.0,5.329070518200751e-15,1.5207412049210781e-15,1.7763568394002505e-15,0.43494175596454593,0.14045802767251556,8.434845512020987e-16,7.907667667519676e-17,2.4909153152686978e-15,1.845122455754591e-16,4.494191124373682e-15,3.426655989258526e-16,4.757780046624338e-15,3.426655989258526e-16,3.2157848514580014e-15,4.2174227560104935e-16,1.1993295962404841e-15,2.767683683631886e-16,6.589723056266395e-17,6.589723056266395e-17,4.2174227560104935e-16,4.2174227560104935e-16
additive,20260920,34,6132,3,16.847794894345476,True,True,32,1.6847794894345476e-07,1.4699352846037073e-12,4.75577944631293,1.9185602181022907e-13,3.323102375285017e-15,1.8853291943494404e-13,,1.1387604313406055e-14,1.9724257068207362e-16,1.1190361742723981e-14,2.6645352591003757e-15,1.1018963519404679e-14,3.3306690738754696e-15,0.0,1.7763568394002505e-15,8.881784197001252e-16,3.196384955658903e-15,2.220446049250313e-15,0.4767697604586498,0.15413863564042266,8.434845512020987e-16,7.907667667519676e-17,2.2536852852431074e-15,1.0543556890026234e-16,4.415114447698485e-15,1.5815335335039351e-16,6.260236903453076e-15,2.2405058391305746e-16,5.653982382276567e-15,3.8220393726345095e-16,2.7413247914068207e-15,6.589723056266396e-16,5.535367367263772e-16,5.535367367263772e-16,6.589723056266396e-16,6.589723056266396e-16
additive,20260920,35,6433,3,16.847794894345476,True,True,32,1.6847794894345476e-07,3.0329072586710026e-12,0.06402440182903457,1.4167926091583163e-13,2.7644553313166404e-15,1.3891480558451498e-13,,8.409365249536755e-15,1.640841041010333e-16,8.245281145435722e-15,1.45915026093592e-15,5.35682609381638e-15,4.6629367034256575e-15,0.0,2.4424906541753444e-15,3.774758283725532e-15,4.45014395703917e-15,1.887379141862766e-15,0.433216908571223,0.10822022728854068,5.535367367263772e-16,5.271778445013117e-17,1.647430764066599e-15,1.1861501501279513e-16,3.3475793125833293e-15,2.2405058391305746e-16,4.560088354936346e-15,3.0312726058825423e-16,3.663886019284116e-15,3.1630670670078703e-16,1.5551746412788695e-15,3.0312726058825423e-16,2.767683683631886e-16,2.767683683631886e-16,3.1630670670078703e-16,3.1630670670078703e-16
additive,20260920,36,8177,3,16.847794894345476,True,True,32,1.6847794894345476e-07,7.660547307608567e-09,11.846974793322998,2.3025814059673435e-13,5.777653487912393e-15,2.2448048710882195e-13,,1.36669601001621e-14,3.429323258114634e-16,1.3324027774350635e-14,3.552713678800501e-15,1.4210854715202004e-14,1.7763568394002505e-15,0.0,1.7763568394002505e-15,0.0,2.0153191285100468e-15,1.7763568394002505e-15,0.7633471938549315,0.20290164486691992,8.171256589770331e-16,1.0543556890026234e-16,2.2668647313556404e-15,2.635889222506558e-16,5.4035729061384444e-15,2.899478144757214e-16,8.17125658977033e-15,3.9538338337598375e-16,6.167980780665347e-15,6.326134134015741e-16,3.1367081747828045e-15,7.907667667519675e-16,8.962023356522298e-16,8.962023356522298e-16,8.962023356522298e-16,8.962023356522298e-16
additive,20260920,37,8415,3,16.847794894345476,True,True,32,1.6847794894345476e-07,4.0958347824471275e-12,5.506013745330714,1.5972137633654814e-13,3.8459315097684664e-15,1.5587544482677967e-13,,9.480254082993048e-15,2.2827506708662824e-16,9.25197901590642e-15,2.220446049250313e-15,9.478529072737274e-15,3.552713678800501e-15,0.0,3.552713678800501e-15,0.0,3.641267181955128e-15,1.7763568394002505e-15,0.3910312067470882,0.14029694022901426,4.744600600511805e-16,5.271778445013117e-17,1.6869691024041974e-15,1.317944611253279e-16,4.072448848772633e-15,2.3723003002559026e-16,5.6671618283891e-15,2.635889222506558e-16,4.164704971560362e-15,3.426655989258526e-16,1.9241991324297876e-15,4.0856282948851655e-16,5.403572906138445e-16,5.403572906138445e-16,5.403572906138445e-16,5.403572906138445e-16
additive,20260920,38,8439,3,16.847794894345476,True,True,32,1.6847794894345476e-07,2.2738682048384362e-09,11.163116743832541,2.0291493353310907e-13,4.352867272976774e-15,1.985620662601323e-13,,1.204400545030449e-14,2.5836421325604464e-16,1.1785641237048445e-14,2.220446049250313e-15,1.4876988529977098e-14,7.549516567451064e-15,0.0,7.105427357601002e-15,1.7763568394002505e-15,7.690409156052304e-15,1.7763568394002505e-15,0.7227568344768046,0.2049785462916704,6.98510643964238e-16,7.907667667519676e-17,2.5568125458313617e-15,1.845122455754591e-16,4.9686511844248626e-15,2.635889222506558e-16,5.746238505064297e-15,3.9538338337598375e-16,3.5189121120462553e-15,3.558450450383854e-16,2.082352485780181e-15,4.612806139386478e-16,1.0411762428900905e-15,1.0411762428900905e-15,1.0411762428900905e-15,1.0411762428900905e-15
additive,20260920,39,8661,3,16.847794894345476,True,True,32,1.6847794894345476e-07,1.9351631408426329e-10,13.0291205797555,3.020801201773319e-13,3.783811888152534e-15,2.9829630828917933e-13,,1.7929950006615834e-14,2.2458796013847915e-16,1.7705362046477353e-14,3.552713678800501e-15,1.6681100944992977e-14,3.552713678800501e-15,0.0,0.0,3.552713678800501e-15,4.0679100299896504e-15,1.7763568394002505e-15,0.7858357791359516,0.3358238700190177,1.3047651651407464e-15,1.5815335335039351e-16,4.494191124373682e-15,2.635889222506558e-16,7.78905265250688e-15,3.690244911509182e-16,9.15971504821029e-15,4.744600600511805e-16,7.156439239105306e-15,7.775873206394347e-16,3.571629896496386e-15,9.884584584399595e-16,9.093817817647626e-16,9.093817817647626e-16,9.884584584399595e-16,9.884584584399595e-16
additive,20260920,40,239,4,16.847794894345476,True,True,32,1.6847794894345476e-07,1.704744123642854e-10,-0.563435970789822,2.7699324315714573e-13,1.9888852469713507e-15,2.750043579101744e-13,,1.644091971051424e-14,1.1805018160797222e-16,1.632286952890627e-14,2.3536728122053318e-15,1.0769163338864018e-14,2.6645352591003757e-15,0.0,7.993605777301127e-15,0.0,2.6137822065460822e-15,3.552713678800501e-15,0.6187323119030138,0.15467178676123008,1.4233801801535416e-15,2.1087113780052468e-16,5.0609073072125925e-15,3.1630670670078703e-16,9.647354554374003e-15,3.1630670670078703e-16,9.067458925422561e-15,6.326134134015741e-16,4.586447247161412e-15,6.326134134015741e-16,1.897840240204722e-15,3.690244911509182e-16,2.1087113780052468e-16,2.1087113780052468e-16,6.326134134015741e-16,6.326134134015741e-16
additive,20260920,41,1142,4,16.847794894345476,True,True,32,1.6847794894345476e-07,1.5005774400833616e-12,-4.318742114121685,2.7906034791170765e-13,2.188518876704358e-15,2.768718290350033e-13,,1.6563612606974875e-14,1.2989942543987627e-16,1.6433713181534997e-14,2.0724163126336253e-15,8.493206138382448e-15,2.6645352591003757e-15,0.0,7.993605777301127e-15,3.552713678800501e-15,2.976455061256968e-15,3.552713678800501e-15,0.47449797701487223,0.15257417810651355,1.1597912579028857e-15,1.0543556890026234e-16,4.375576109360887e-15,2.1087113780052468e-16,8.645716649821512e-15,3.690244911509182e-16,9.120176709872692e-15,4.744600600511805e-16,5.535367367263772e-15,4.744600600511805e-16,1.581533533503935e-15,3.690244911509182e-16,2.635889222506558e-16,2.635889222506558e-16,4.744600600511805e-16,4.744600600511805e-16
additive,20260920,42,3916,4,16.847794894345476,True,True,32,1.6847794894345476e-07,3.099076550938662e-12,3.0115420950756118,4.66609173174759e-13,1.4968495193334866e-15,4.651123236554255e-13,,2.7695563490707277e-14,8.884542628399786e-17,2.7606718064423278e-14,2.9744725201415654e-15,1.7666423879347803e-14,2.886579864025407e-15,0.0,7.105427357601002e-15,3.1086244689504383e-15,2.9500211797182733e-15,3.552713678800501e-15,0.37895283517537826,0.1147313272153044,2.2668647313556404e-15,2.1087113780052468e-16,7.64407874526902e-15,4.2174227560104935e-16,1.4128366232635153e-14,6.326134134015741e-16,1.53935930594383e-14,8.434845512020987e-16,1.0701710243376627e-14,1.0543556890026233e-15,3.953833833759838e-15,1.0543556890026233e-15,8.434845512020987e-16,8.434845512020987e-16,1.0543556890026233e-15,1.0543556890026233e-15
additive,20260920,43,5343,4,16.847794894345476,True,True,32,1.6847794894345476e-07,2.466526982658479e-12,-0.08829373108639516,2.8817515503506047e-13,2.2818552602998922e-15,2.858932997747606e-13,,1.710462151529272e-14,1.3543940169082528e-16,1.6969182113601894e-14,3.552713678800501e-15,1.1657341758564144e-14,1.5543122344752192e-15,0.0,7.993605777301127e-15,1.3322676295501878e-15,1.8239378261699e-15,3.552713678800501e-15,0.206920190088281,0.06018561616956508,2.0032758091049845e-15,2.1087113780052468e-16,5.2190606605629855e-15,3.1630670670078703e-16,8.434845512020986e-15,5.271778445013116e-16,9.331047847673217e-15,5.798956289514428e-16,6.062545211765084e-15,6.853311978517052e-16,2.1087113780052465e-15,5.798956289514428e-16,3.690244911509182e-16,3.690244911509182e-16,6.853311978517052e-16,6.853311978517052e-16
additive,20260920,44,6289,4,16.847794894345476,True,True,32,1.6847794894345476e-07,6.766143201275554e-12,3.461377454017228,3.629071249860211e-13,3.1464910042546154e-15,3.597606339817665e-13,,2.1540333750609787e-14,1.867598118321498e-16,2.1353573938777637e-14,2.627527824946204e-15,1.504352198367087e-14,3.552713678800501e-15,0.0,3.1086244689504383e-15,2.6645352591003757e-15,4.0877354411436705e-15,3.552713678800501e-15,0.4179275671484255,0.16292861012837836,1.7396868868543286e-15,2.1087113780052468e-16,6.009827427314953e-15,3.1630670670078703e-16,1.0965299165627283e-14,4.2174227560104935e-16,1.2546832699131218e-14,6.326134134015741e-16,7.327772038568232e-15,8.962023356522298e-16,2.5304536536062962e-15,5.271778445013116e-16,4.2174227560104935e-16,4.2174227560104935e-16,8.962023356522298e-16,8.962023356522298e-16
additive,20260920,45,6993,4,16.847794894345476,True,True,32,1.6847794894345476e-07,9.208189766241048e-12,-1.2185606775703963,2.370061818759322e-13,3.0075148720649323e-15,2.3399866700386727e-13,,1.4067489743448691e-14,1.7851089064921643e-16,1.3888978852799474e-14,2.220446049250313e-15,1.1518563880485999e-14,2.4424906541753444e-15,0.0,4.440892098500626e-16,1.3322676295501878e-15,2.4372038778676048e-15,3.552713678800501e-15,0.4543485868584778,0.13514275459535346,1.0016379045524922e-15,1.0543556890026234e-16,3.3212204203582634e-15,2.1087113780052468e-16,6.431569702916003e-15,4.2174227560104935e-16,8.013103236419938e-15,5.271778445013116e-16,5.693520720614166e-15,7.380489823018364e-16,1.950558024654853e-15,4.744600600511805e-16,5.271778445013117e-17,5.271778445013117e-17,7.380489823018364e-16,7.380489823018364e-16
additive,20260920,46,7594,4,16.847794894345476,True,True,32,1.6847794894345476e-07,3.3306690738754696e-16,1.5783407129796085,3.1368556479190645e-13,1.7338437233568472e-15,3.119517210685496e-13,,1.8618790575209747e-14,1.0291220508262282e-16,1.8515878370127125e-14,2.6645352591003757e-15,1.8342966034978758e-14,1.5543122344752192e-15,0.0,5.551115123125783e-15,4.218847493575595e-15,1.5077886029671171e-15,3.552713678800501e-15,0.2874403218474353,0.0669751319757228,1.6342513179540662e-15,2.1087113780052468e-16,5.324496229463248e-15,4.2174227560104935e-16,9.331047847673217e-15,3.690244911509182e-16,9.331047847673217e-15,4.744600600511805e-16,6.115262996215215e-15,5.798956289514428e-16,3.16306706700787e-15,6.853311978517052e-16,1.0543556890026233e-15,1.0543556890026233e-15,1.0543556890026233e-15,1.0543556890026233e-15
additive,20260920,47,8085,4,16.847794894345476,True,True,32,1.6847794894345476e-07,8.659739592076221e-15,1.391255980732657,2.4446020604632477e-13,2.14134265874577e-15,2.42318863387579e-13,,1.4509922964955578e-14,1.2709928344773807e-16,1.4382823681507842e-14,2.3037127760972e-15,1.709743457922741e-14,1.5543122344752192e-15,0.0,3.552713678800501e-15,8.881784197001252e-16,1.664277181676187e-15,3.552713678800501e-15,0.2587422171483129,0.0656963626247237,1.0543556890026233e-15,2.1087113780052468e-16,3.3212204203582634e-15,2.1087113780052468e-16,6.220698565115478e-15,3.1630670670078703e-16,7.485925391918626e-15,4.2174227560104935e-16,6.537005271816265e-15,5.271778445013116e-16,3.0049137136574765e-15,7.380489823018364e-16,1.0543556890026233e-15,1.0543556890026233e-15,1.0543556890026233e-15,1.0543556890026233e-15
additive,20260920,48,8903,4,16.847794894345476,True,True,32,1.6847794894345476e-07,5.066724817481827e-12,-1.28480985035102,2.517412204620465e-13,1.6859529645379156e-15,2.500552674975086e-13,,1.4942087201366446e-14,1.0006965155444538e-16,1.4842017549812003e-14,2.1094237467877974e-15,9.825473767932635e-15,9.992007221626409e-16,0.0,3.774758283725532e-15,2.4424906541753444e-15,7.951311566839226e-16,3.552713678800501e-15,0.2164590012649996,0.05447223059158543,1.3179446112532791e-15,2.1087113780052468e-16,4.164704971560362e-15,3.1630670670078703e-16,7.64407874526902e-15,3.690244911509182e-16,8.434845512020986e-15,5.271778445013116e-16,5.798956289514428e-15,5.798956289514428e-16,1.7924046713044596e-15,5.271778445013116e-16,0.0,0.0,5.798956289514428e-16,5.798956289514428e-16
additive,20260920,49,9143,4,16.847794894345476,True,True,32,1.6847794894345476e-07,4.7087889143426764e-12,3.0599081791580502,2.773404026276286e-13,2.7664543936080035e-15,2.745739482340206e-13,,1.6461525343041226e-14,1.6420275834058805e-16,1.6297322584700636e-14,1.887379141862766e-15,9.332812300755222e-15,8.881784197001252e-16,0.0,3.552713678800501e-15,8.881784197001252e-16,1.0171757616089533e-15,3.552713678800501e-15,0.3451640129787284,0.08235687335167788,1.2652268268031481e-15,2.1087113780052468e-16,3.63752712705905e-15,3.1630670670078703e-16,7.749514314169282e-15,3.1630670670078703e-16,1.0227250183325447e-14,5.271778445013116e-16,6.537005271816265e-15,5.271778445013116e-16,1.6342513179540662e-15,5.271778445013116e-16,2.635889222506558e-16,2.635889222506558e-16,5.271778445013116e-16,5.271778445013116e-16
additive,20260920,50,1325,5,16.847794894345476,True,True,64,1.6847794894345476e-07,5.861977570020827e-13,20.968228606069957,2.265028773006436e-13,4.327689000811167e-15,2.2217518829983243e-13,,1.3444066640238088e-14,2.568697582057841e-16,1.3187196882032303e-14,2.283887364943179e-15,1.0547118733938987e-14,8.881784197001252e-15,0.0,1.0658141036401503e-14,3.552713678800501e-15,9.231768788573562e-15,1.7763568394002505e-15,1.5427558246248116,0.6108752917934487,7.907667667519675e-16,2.1087113780052468e-16,2.662248114731624e-15,2.1087113780052468e-16,5.798956289514428e-15,4.2174227560104935e-16,7.485925391918626e-15,3.690244911509182e-16,5.008189522762461e-15,5.271778445013116e-16,1.397021287928476e-15,5.798956289514428e-16,0.0,0.0,5.798956289514428e-16,5.798956289514428e-16
additive,20260920,51,1435,5,16.847794894345476,True,True,32,1.6847794894345476e-07,3.282574212448708e-09,18.829962853267208,3.6483197415496503e-13,2.1671024763052282e-14,3.4316094939191276e-13,,2.165458307409781e-14,1.2862825609495992e-15,2.036830051314821e-14,4.085620730620576e-14,4.085620730620576e-14,8.881784197001252e-15,0.0,1.4210854715202004e-14,4.263256414560601e-14,1.1399347074746488e-14,8.881784197001252e-16,1.5034930081288258,0.573999819002671,2.3723003002559024e-15,2.1087113780052468e-16,6.98510643964238e-15,3.1630670670078703e-16,1.1360682549003267e-14,5.271778445013116e-16,1.0569915782251299e-14,7.380489823018364e-16,6.98510643964238e-15,8.434845512020987e-16,2.3986591924809683e-15,7.380489823018364e-16,0.0,0.0,8.434845512020987e-16,8.434845512020987e-16
additive,20260920,52,3703,5,16.847794894345476,True,True,64,1.6847794894345476e-07,6.110667527536862e-13,18.040036069310617,3.448352714485736e-13,6.898714403968413e-15,3.3793655704460523e-13,,2.0467679812763427e-14,4.0947283886295335e-16,2.0058206973900473e-14,3.552713678800501e-15,1.787459069646502e-14,9.769962616701378e-15,0.0,3.552713678800501e-15,3.552713678800501e-15,1.0677173431109363e-14,3.552713678800501e-15,1.606103810642237,0.6099528206272589,1.0543556890026233e-15,2.1087113780052468e-16,4.9291128460872645e-15,3.1630670670078703e-16,1.0464480213351037e-14,4.744600600511805e-16,1.2019654854629906e-14,6.853311978517052e-16,8.303051050895658e-15,8.434845512020987e-16,3.1894259592329355e-15,1.0543556890026233e-15,5.271778445013117e-17,5.271778445013117e-17,1.0543556890026233e-15,1.0543556890026233e-15
additive,20260920,53,4857,5,16.847794894345476,True,True,64,1.6847794894345476e-07,5.879741138414829e-13,15.311283546278503,2.6753414298733937e-13,3.944992480834723e-15,2.6358915050650465e-13,,1.5879475306120343e-14,2.3415482593266595e-16,1.5645320480187675e-14,3.6637359812630166e-15,1.1102230246251565e-14,5.329070518200751e-15,0.0,7.105427357601002e-15,7.105427357601002e-15,7.723980185606446e-15,1.7763568394002505e-15,1.5788988575670282,0.6093780480223601,1.1861501501279512e-15,2.1087113780052468e-16,3.980192725984903e-15,2.635889222506558e-16,7.591360960818888e-15,3.9538338337598375e-16,8.35576883534579e-15,5.008189522762461e-16,5.614444043938969e-15,5.535367367263772e-16,1.897840240204722e-15,7.907667667519675e-16,4.744600600511805e-16,4.744600600511805e-16,7.907667667519675e-16,7.907667667519675e-16
additive,20260920,54,4983,5,16.847794894345476,True,True,64,1.6847794894345476e-07,4.440892098500626e-14,25.9414546868665,2.621128182225686e-13,4.305286286207124e-15,2.5780753193636147e-13,,1.5557692853356135e-14,2.555400462319304e-16,1.5302152807124205e-14,3.941291737419306e-15,2.0261570199409107e-14,1.2434497875801753e-14,0.0,1.4210854715202004e-14,7.105427357601002e-15,1.4032690353631207e-14,1.7763568394002505e-15,1.5397537095832685,0.5375979812519573,4.744600600511805e-16,5.271778445013117e-17,2.0032758091049845e-15,2.1087113780052468e-16,5.6671618283891e-15,3.1630670670078703e-16,8.276692158670594e-15,4.2174227560104935e-16,6.273416349565609e-15,6.326134134015741e-16,3.16306706700787e-15,1.0543556890026233e-15,1.0279967967775578e-15,1.0279967967775578e-15,1.0543556890026233e-15,1.0543556890026233e-15
additive,20260920,55,6323,5,16.847794894345476,True,True,32,1.6847794894345476e-07,3.864554898314054e-09,21.944332411236363,3.092272469830602e-13,2.7766677845875168e-14,2.8146056913718507e-13,,1.8354167350817185e-14,1.6480897363722259e-15,1.670607761444496e-14,5.3290705182007514e-14,5.3290705182007514e-14,7.993605777301127e-15,0.0,3.552713678800501e-15,5.3290705182007514e-14,1.0368954372368187e-14,1.7763568394002505e-15,1.5888803476986273,0.5448614493362403,1.1334323656778202e-15,2.1087113780052468e-16,2.6095303302814928e-15,4.2174227560104935e-16,6.08890410399015e-15,3.1630670670078703e-16,8.724793326496708e-15,3.690244911509182e-16,6.141621888440281e-15,6.326134134015741e-16,1.3179446112532791e-15,7.644078745269019e-16,2.6358892225065585e-17,2.6358892225065585e-17,7.644078745269019e-16,7.644078745269019e-16
additive,20260920,56,6699,5,16.847794894345476,True,True,32,1.6847794894345476e-07,6.929612439421362e-10,14.18770663501013,2.0045037058784894e-13,2.720442918554713e-15,1.9772992766929423e-13,,1.1897721443363777e-14,1.614717496037276e-16,1.173624969376005e-14,1.9984014443252818e-15,1.199040866595169e-14,2.6645352591003757e-15,0.0,3.552713678800501e-15,3.552713678800501e-15,1.6251550369989198e-15,8.881784197001252e-16,1.0942747544062383,0.3907204520687411,1.4233801801535416e-15,1.0543556890026234e-16,3.5320915581587883e-15,2.1087113780052468e-16,5.6671618283891e-15,3.426655989258526e-16,5.957109642864822e-15,3.690244911509182e-16,3.584809342608919e-15,3.9538338337598375e-16,1.5551746412788695e-15,3.690244911509182e-16,7.380489823018364e-16,7.380489823018364e-16,7.380489823018364e-16,7.380489823018364e-16
additive,20260920,57,6794,5,16.847794894345476,True,True,32,1.6847794894345476e-07,1.0326487043244015e-07,18.031325615260773,2.9115202312571646e-13,1.2992252776268202e-14,2.7815977034944824e-13,,1.7281313367806612e-14,7.711544957511747e-16,1.6510158872055436e-14,1.9539925233402755e-14,2.3064883336587627e-14,7.993605777301127e-15,0.0,1.0658141036401503e-14,2.4868995751603507e-14,8.021625691732142e-15,8.881784197001252e-16,1.3719123713962218,0.4985280279007131,8.434845512020987e-16,1.0543556890026234e-16,3.373938204808395e-15,2.1087113780052468e-16,6.853311978517052e-15,3.690244911509182e-16,8.803870003171906e-15,5.271778445013116e-16,8.303051050895658e-15,8.434845512020987e-16,3.1894259592329355e-15,1.2915857190282136e-15,3.9538338337598375e-16,3.9538338337598375e-16,1.2915857190282136e-15,1.2915857190282136e-15
additive,20260920,58,7277,5,16.847794894345476,True,True,64,1.6847794894345476e-07,5.808686864838819e-13,31.523220033408705,3.4760078413515185e-13,4.010548507050686e-15,3.4359023562810117e-13,,2.0631826676131665e-14,2.380459004992233e-16,2.039378077563244e-14,2.812564995717063e-15,1.554312234475219e-14,1.0658141036401503e-14,0.0,7.105427357601002e-15,0.0,1.0040116886026833e-14,3.552713678800501e-15,1.8710591048320897,0.6111281309143245,6.589723056266396e-16,1.5815335335039351e-16,3.795680480409444e-15,2.1087113780052468e-16,9.620995662148938e-15,4.2174227560104935e-16,1.1466118117903529e-14,5.271778445013116e-16,7.406848715243429e-15,7.116900900767708e-16,2.3195825158057714e-15,6.589723056266396e-16,1.0279967967775578e-15,1.0279967967775578e-15,1.0279967967775578e-15,1.0279967967775578e-15
additive,20260920,59,7584,5,16.847794894345476,True,True,64,1.6847794894345476e-07,5.542233338928781e-13,19.132903101694012,3.82142994497025e-13,5.9655983856525055e-15,3.7617739611137253e-13,,2.268207779673774e-14,3.5408778555671423e-16,2.2327990011181027e-14,6.661338147750939e-15,2.020605904817785e-14,4.440892098500626e-15,0.0,3.552713678800501e-15,1.0658141036401503e-14,6.968499851230565e-15,1.7763568394002505e-15,1.6518138450329902,0.609407434434212,1.5024568568287383e-15,2.1087113780052468e-16,3.953833833759838e-15,2.1087113780052468e-16,7.64407874526902e-15,3.1630670670078703e-16,1.0780786920051825e-14,6.326134134015741e-16,8.77751111094684e-15,1.1070734734527545e-15,3.769321588184378e-15,9.48920120102361e-16,6.062545211765085e-16,6.062545211765085e-16,1.1070734734527545e-15,1.1070734734527545e-15
additive,20260920,60,430,6,16.847794894345476,True,True,32,1.6847794894345476e-07,7.339129304284597e-10,-3.0018234287805807,3.9920323990916273e-13,2.769494289984952e-15,3.9643374561917777e-13,,2.3694687786301632e-14,1.6438319123379528e-16,2.3530304595067834e-14,3.552713678800501e-15,1.752764600126966e-14,1.3322676295501878e-15,0.0,8.881784197001252e-16,0.0,1.4528061293666326e-15,1.7763568394002505e-15,0.35725389503025995,0.15076808026134855,1.3706623957034103e-15,2.1087113780052468e-16,4.95547173831233e-15,3.1630670670078703e-16,1.0543556890026233e-14,6.326134134015741e-16,1.4339237370435677e-14,1.0543556890026233e-15,1.1387041441228332e-14,9.48920120102361e-16,4.428293893811018e-15,9.48920120102361e-16,6.326134134015741e-16,6.326134134015741e-16,1.0543556890026233e-15,1.0543556890026233e-15
additive,20260920,61,3174,6,16.847794894345476,True,True,32,1.6847794894345476e-07,1.3145040611561853e-13,-5.030074499620596,3.5980107782052075e-13,2.1837029539115288e-15,3.5761737486660924e-13,,2.1355974480748136e-14,1.296135765900398e-16,2.12263609041581e-14,3.0531133177191805e-15,2.235711615838909e-14,2.6645352591003757e-15,0.0,2.6645352591003757e-15,8.881784197001252e-16,2.091448707341486e-15,1.7763568394002505e-15,0.3887345164944888,0.17586852398317743,1.0543556890026233e-15,1.0543556890026234e-16,3.373938204808395e-15,2.1087113780052468e-16,8.329409943120724e-15,4.2174227560104935e-16,1.175606593237925e-14,6.326134134015741e-16,1.1387041441228332e-14,8.434845512020987e-16,6.167980780665347e-15,1.1070734734527545e-15,1.3706623957034103e-15,1.3706623957034103e-15,1.3706623957034103e-15,1.3706623957034103e-15
additive,20260920,62,4412,6,16.847794894345476,True,True,32,1.6847794894345476e-07,4.440892098500626e-16,-1.0064380621769562,5.117677115418218e-13,3.102511633844615e-15,5.086651999079771e-13,,3.0375946214396475e-14,1.841494185619444e-16,3.019179679583453e-14,3.493237445338439e-15,2.6596780333676406e-14,6.661338147750939e-16,0.0,2.220446049250313e-15,8.881784197001252e-16,6.999691831446208e-16,1.7763568394002505e-15,0.17092759538062785,0.06258830599126089,1.581533533503935e-15,2.1087113780052468e-16,5.904391858414691e-15,3.1630670670078703e-16,1.2335961561330694e-14,4.2174227560104935e-16,1.6447948748440924e-14,7.380489823018364e-16,1.444467293933594e-14,1.1597912579028857e-15,7.485925391918626e-15,1.3706623957034103e-15,1.581533533503935e-15,1.581533533503935e-15,1.581533533503935e-15,1.581533533503935e-15
additive,20260920,63,4542,6,16.847794894345476,True,True,32,1.6847794894345476e-07,5.156985949383852e-13,-6.376015602185019,4.1531228687589443e-13,2.411711703358728e-15,4.129005751725357e-13,,2.465083944102876e-14,1.4314702419413689e-16,2.4507692416834623e-14,3.679596310186233e-15,1.5116380369661897e-14,2.220446049250313e-15,0.0,2.6645352591003757e-15,1.7763568394002505e-15,2.3177227333127074e-15,1.7763568394002505e-15,0.44514173650889677,0.14022937671729116,2.0032758091049845e-15,2.1087113780052468e-16,5.0609073072125925e-15,2.1087113780052468e-16,1.0332685752225709e-14,4.2174227560104935e-16,1.45501085082362e-14,6.326134134015741e-16,1.1545194794578726e-14,7.907667667519675e-16,4.481011678261149e-15,8.434845512020987e-16,5.271778445013116e-16,5.271778445013116e-16,8.434845512020987e-16,8.434845512020987e-16
additive,20260920,64,5260,6,16.847794894345476,True,True,32,1.6847794894345476e-07,8.445999455375386e-11,-5.34389899756075,3.301692252932753e-13,2.665592614361924e-15,3.275036326789134e-13,,1.9597177397030636e-14,1.5821611261759606e-16,1.943896128441304e-14,3.552713678800501e-15,1.2323475573339238e-14,2.4424906541753444e-15,0.0,2.6645352591003757e-15,1.7763568394002505e-15,2.4985304830373763e-15,1.7763568394002505e-15,0.5363606945434133,0.11840158825438586,2.1087113780052465e-15,3.1630670670078703e-16,5.904391858414691e-15,4.2174227560104935e-16,1.0438121321125971e-14,4.2174227560104935e-16,1.0807145812276889e-14,5.271778445013116e-16,7.116900900767708e-15,7.380489823018364e-16,2.161429162455378e-15,5.798956289514428e-16,1.5815335335039351e-16,1.5815335335039351e-16,7.380489823018364e-16,7.380489823018364e-16
additive,20260920,65,5777,6,16.847794894345476,True,True,32,1.6847794894345476e-07,2.7015767400939694e-10,-5.657882234247444,2.864923906574832e-13,2.8380736914019038e-15,2.836543169660813e-13,,1.7004741122153434e-14,1.6845371808000993e-16,1.6836287404073425e-14,2.4424906541753444e-15,8.43769498715119e-15,4.440892098500626e-15,0.0,6.217248937900877e-15,8.881784197001252e-16,4.6682234797333975e-15,1.7763568394002505e-15,0.562791703550907,0.11449707817670232,1.4760979646036728e-15,1.0543556890026234e-16,5.0609073072125925e-15,3.1630670670078703e-16,9.541918985473741e-15,4.2174227560104935e-16,9.594636769923873e-15,5.271778445013116e-16,5.42993179836351e-15,4.744600600511805e-16,1.7924046713044596e-15,4.2174227560104935e-16,1.5815335335039351e-16,1.5815335335039351e-16,5.271778445013116e-16,5.271778445013116e-16
additive,20260920,66,6206,6,16.847794894345476,True,True,32,1.6847794894345476e-07,3.608224830031759e-15,0.12423648825273581,5.01799990448859e-13,2.942421438775899e-15,4.988575690100831e-13,,2.978431264125106e-14,1.746472732620603e-16,2.9609665367989e-14,4.200343776498509e-15,3.214095656289828e-14,5.551115123125783e-16,0.0,1.8318679906315083e-15,2.7755575615628914e-15,5.027724268659641e-16,1.7763568394002505e-15,0.12080504884852128,0.02973327347413156,1.6869691024041974e-15,2.1087113780052468e-16,4.850036169412068e-15,3.1630670670078703e-16,9.594636769923873e-15,4.2174227560104935e-16,1.5920770903939612e-14,8.434845512020987e-16,1.6026206472839876e-14,1.4760979646036728e-15,8.645716649821512e-15,1.581533533503935e-15,1.897840240204722e-15,1.897840240204722e-15,1.897840240204722e-15,1.897840240204722e-15
additive,20260920,67,6466,6,16.847794894345476,True,True,32,1.6847794894345476e-07,2.593853798416035e-09,-4.477916650632585,2.720915424187218e-13,2.479696342441057e-15,2.6961184607628074e-13,,1.6149979515125878e-14,1.4718224895255002e-16,1.6002797266173328e-14,2.4424906541753444e-15,1.0658141036401503e-14,1.9984014443252818e-15,0.0,1.7763568394002505e-15,1.7763568394002505e-15,2.1094237467877974e-15,1.7763568394002505e-15,0.4169780458520133,0.09983805713594698,9.48920120102361e-16,2.1087113780052468e-16,4.006551618209969e-15,2.1087113780052468e-16,7.749514314169282e-15,3.1630670670078703e-16,9.120176709872692e-15,5.271778445013116e-16,6.167980780665347e-15,6.326134134015741e-16,2.1087113780052465e-15,4.2174227560104935e-16,4.744600600511805e-16,4.744600600511805e-16,6.326134134015741e-16,6.326134134015741e-16
additive,20260920,68,7419,6,16.847794894345476,True,True,32,1.6847794894345476e-07,1.1657341758564144e-14,0.350595394520095,2.854499044543009e-13,3.12944115066216e-15,2.8232046330363875e-13,,1.694286440714593e-14,1.8574781864850904e-16,1.675711658849742e-14,2.3314683517128287e-15,1.1993878112903644e-14,6.661338147750939e-16,0.0,1.3322676295501878e-15,4.551914400963142e-15,6.153807622208006e-16,1.7763568394002505e-15,0.2305963882342972,0.05824526656513009,9.48920120102361e-16,2.1087113780052468e-16,4.533729462711281e-15,3.1630670670078703e-16,8.856587787622036e-15,4.2174227560104935e-16,9.805507907724397e-15,5.271778445013116e-16,6.642440840716527e-15,7.380489823018364e-16,2.5304536536062962e-15,7.380489823018364e-16,0.0,0.0,7.380489823018364e-16,7.380489823018364e-16
additive,20260920,69,9004,6,16.847794894345476,True,True,32,1.6847794894345476e-07,2.0278223544778484e-13,-3.306617685441159,4.660483639218867e-13,1.927426472393887e-15,4.641209374494928e-13,,2.7662276686327875e-14,1.1440229920182477e-16,2.754787438712605e-14,3.552713678800501e-15,1.5938639297274904e-14,1.7763568394002505e-15,0.0,3.552713678800501e-15,8.881784197001252e-16,1.901124760262887e-15,1.7763568394002505e-15,0.36797852541732273,0.15549647805921007,2.214146946905509e-15,2.1087113780052468e-16,6.431569702916003e-15,3.1630670670078703e-16,1.1176170303427808e-14,4.2174227560104935e-16,1.3706623957034103e-14,6.326134134015741e-16,9.594636769923873e-15,8.434845512020987e-16,4.428293893811018e-15,9.48920120102361e-16,7.380489823018364e-16,7.380489823018364e-16,9.48920120102361e-16,9.48920120102361e-16
additive,20260920,70,60,7,16.847794894345476,True,True,32,1.6847794894345476e-07,1.352022263034769e-07,31.723883773239606,5.036109095883711e-13,1.1873042231919888e-14,4.917378673564512e-13,,2.9891799653698005e-14,7.047238114172891e-16,2.918707584228072e-14,1.9539925233402755e-14,2.4868995751603507e-14,7.993605777301127e-15,0.0,7.105427357601002e-15,1.0658141036401503e-14,8.391171355643088e-15,0.0,1.962724809155296,0.5599387521542962,3.0576314981076076e-15,2.1087113780052468e-16,8.013103236419938e-15,4.2174227560104935e-16,1.3601188388133841e-14,7.380489823018364e-16,1.4128366232635153e-14,9.48920120102361e-16,9.278330063223086e-15,1.1597912579028857e-15,3.795680480409444e-15,8.434845512020987e-16,6.326134134015741e-16,6.326134134015741e-16,1.1597912579028857e-15,1.1597912579028857e-15
additive,20260920,71,1722,7,16.847794894345476,True,True,32,1.6847794894345476e-07,1.160542044686963e-07,30.480711174027512,7.750133868000831e-13,6.689093723366571e-14,7.081224495664174e-13,,4.6000879738878835e-14,3.970308141400505e-15,4.203057159747833e-14,1.2434497875801753e-13,1.2434497875801753e-13,1.9539925233402755e-14,0.0,1.7763568394002505e-14,1.3500311979441904e-13,2.0681868915874312e-14,0.0,2.024595822736628,0.5757541023702999,4.428293893811018e-15,4.2174227560104935e-16,1.1914219285729644e-14,5.271778445013116e-16,1.9611015815448794e-14,7.380489823018364e-16,2.0981678211152206e-14,1.0543556890026233e-15,1.45501085082362e-14,1.2652268268031481e-15,5.798956289514428e-15,1.581533533503935e-15,1.0543556890026233e-15,1.0543556890026233e-15,1.581533533503935e-15,1.581533533503935e-15
additive,20260920,72,2164,7,16.847794894345476,True,True,32,1.6847794894345476e-07,1.292909459493785e-07,30.774489858102715,7.326935354730797e-13,2.54320374283777e-15,7.301503317302419e-13,,4.3488987138547684e-14,1.509517274389024e-16,4.333803541110878e-14,5.329070518200751e-15,3.11972669919669e-14,4.440892098500626e-15,0.0,7.105427357601002e-15,3.552713678800501e-15,4.574118861455642e-15,3.552713678800501e-15,1.96510025742758,0.6140494796369932,1.3706623957034103e-15,2.1087113780052468e-16,6.853311978517052e-15,4.2174227560104935e-16,1.6131642041740136e-14,6.326134134015741e-16,2.256321174465614e-14,9.48920120102361e-16,1.950558024654853e-14,1.2652268268031481e-15,8.751152218721774e-15,1.3706623957034103e-15,1.7924046713044596e-15,1.7924046713044596e-15,1.7924046713044596e-15,1.7924046713044596e-15
additive,20260920,73,5110,7,16.847794894345476,True,True,32,1.6847794894345476e-07,3.774725598759687e-08,32.07516142652783,5.900650338711937e-13,3.695985316740224e-15,5.863690485544534e-13,,3.5023279756879855e-14,2.193750185064685e-16,3.480390473837338e-14,4.884981308350689e-15,3.4638958368304884e-14,6.217248937900877e-15,0.0,1.4210854715202004e-14,0.0,6.678255831935702e-15,0.0,2.0543230254250506,0.5752483829700688,3.4793737737086573e-15,3.1630670670078703e-16,9.278330063223086e-15,4.2174227560104935e-16,1.486641521493699e-14,6.326134134015741e-16,1.6869691024041972e-14,8.434845512020987e-16,1.4339237370435677e-14,1.0543556890026233e-15,8.223974374220462e-15,1.581533533503935e-15,2.1087113780052465e-15,2.1087113780052465e-15,2.1087113780052465e-15,2.1087113780052465e-15
additive,20260920,74,5313,7,16.847794894345476,True,True,64,1.6847794894345476e-07,2.1316282072803006e-14,28.20769902053345,3.7777664594446353e-13,6.410216273133345e-15,3.7136642967133016e-13,,2.2422913402824867e-14,3.8047805741538123e-16,2.2042435345409484e-14,5.83660104374368e-15,1.9484414082171497e-14,1.0658141036401503e-14,0.0,3.552713678800501e-15,1.0658141036401503e-14,8.809884039216003e-15,0.0,1.898686955549463,0.6139053446735215,1.2652268268031481e-15,1.0543556890026234e-16,4.744600600511805e-15,2.1087113780052468e-16,9.48920120102361e-15,3.1630670670078703e-16,1.2019654854629906e-14,5.271778445013116e-16,9.278330063223086e-15,7.380489823018364e-16,3.4793737737086573e-15,9.48920120102361e-16,2.1087113780052468e-16,2.1087113780052468e-16,9.48920120102361e-16,9.48920120102361e-16
additive,20260920,75,5523,7,16.847794894345476,True,True,32,1.6847794894345476e-07,1.1571063396331738e-07,31.50102747075701,5.064694695379655e-13,5.924890208082918e-15,5.005445793298826e-13,,3.0061469332580066e-14,3.516715537694166e-16,2.9709797778810646e-14,5.329070518200751e-15,1.9317880628477724e-14,7.105427357601002e-15,0.0,1.0658141036401503e-14,3.552713678800501e-15,5.97405722774489e-15,3.552713678800501e-15,1.9535835074554178,0.6017524616103651,2.5304536536062962e-15,3.1630670670078703e-16,7.591360960818888e-15,4.2174227560104935e-16,1.4233801801535417e-14,5.271778445013116e-16,1.6869691024041972e-14,7.380489823018364e-16,1.1176170303427808e-14,1.1597912579028857e-15,4.533729462711281e-15,1.1597912579028857e-15,5.271778445013116e-16,5.271778445013116e-16,1.1597912579028857e-15,1.1597912579028857e-15
additive,20260920,76,7928,7,16.847794894345476,True,True,32,1.6847794894345476e-07,1.2914336622316114e-07,32.61423873803004,5.15035104511764e-13,1.3616092380581387e-14,5.014190121311826e-13,,3.056988215618781e-14,8.081824634006717e-16,2.9761699692787146e-14,2.3092638912203256e-14,2.3092638912203256e-14,1.9539925233402755e-14,0.0,1.4210854715202004e-14,1.4210854715202004e-14,1.8156904551298278e-14,0.0,2.050747394543717,0.5628125818180628,2.6358892225065583e-15,4.2174227560104935e-16,8.434845512020986e-15,5.271778445013116e-16,1.5499028628338564e-14,6.326134134015741e-16,1.6764255455141712e-14,8.434845512020987e-16,9.278330063223086e-15,1.3706623957034103e-15,3.2685026359081324e-15,1.2652268268031481e-15,2.1087113780052468e-16,2.1087113780052468e-16,1.3706623957034103e-15,1.3706623957034103e-15
additive,20260920,77,8612,7,16.847794894345476,True,True,32,1.6847794894345476e-07,1.1312578074296198e-07,31.388664349224822,4.240750607818557e-13,1.0085583162273386e-14,4.1398947761958233e-13,,2.5170953435822363e-14,5.986292702114002e-16,2.4572324165610963e-14,8.881784197001252e-15,1.2656542480726785e-14,1.0658141036401503e-14,0.0,1.4210854715202004e-14,2.1316282072803006e-14,1.1529401771916862e-14,0.0,1.9934083177098234,0.5976183444185614,2.3195825158057714e-15,2.1087113780052468e-16,6.32613413401574e-15,4.2174227560104935e-16,1.2019654854629906e-14,5.271778445013116e-16,1.3390317250333317e-14,7.380489823018364e-16,9.48920120102361e-15,7.380489823018364e-16,3.584809342608919e-15,9.48920120102361e-16,0.0,0.0,9.48920120102361e-16,9.48920120102361e-16
additive,20260920,78,8934,7,16.847794894345476,True,True,32,1.6847794894345476e-07,5.881325115808522e-08,29.627120934616826,3.0399730352062955e-13,4.100688043097632e-15,2.998966154775319e-13,,1.8043744325416634e-14,2.433961280282396e-16,1.7800348197388395e-14,4.821539992657823e-15,1.3600232051658168e-14,1.9539925233402755e-14,0.0,7.105427357601002e-15,7.105427357601002e-15,1.939612491783226e-14,0.0,1.8893976355468625,0.6064738470550651,2.3195825158057714e-15,2.1087113780052468e-16,5.377214013913379e-15,3.1630670670078703e-16,7.169618685217839e-15,3.1630670670078703e-16,8.434845512020986e-15,5.271778445013116e-16,7.380489823018364e-15,6.326134134015741e-16,3.584809342608919e-15,8.434845512020987e-16,4.2174227560104935e-16,4.2174227560104935e-16,8.434845512020987e-16,8.434845512020987e-16
additive,20260920,79,9879,7,16.847794894345476,True,True,32,1.6847794894345476e-07,1.910224334267241e-08,27.725994137408243,4.130288703644662e-13,3.20114305433587e-15,4.098277273101303e-13,,2.4515307371357456e-14,1.900036814556812e-16,2.4325303689901775e-14,5.0330110449673766e-15,1.432187701766452e-14,7.105427357601002e-15,0.0,7.105427357601002e-15,0.0,7.460698725481052e-15,0.0,1.8449274278060088,0.5882782450796145,1.3706623957034103e-15,3.1630670670078703e-16,6.009827427314953e-15,4.2174227560104935e-16,1.2441397130230956e-14,6.326134134015741e-16,1.45501085082362e-14,7.380489823018364e-16,9.594636769923873e-15,7.380489823018364e-16,2.5304536536062962e-15,7.380489823018364e-16,8.434845512020987e-16,8.434845512020987e-16,8.434845512020987e-16,8.434845512020987e-16
additive,20260920,80,298,8,16.847794894345476,True,True,32,1.6847794894345476e-07,2.2002755173389232e-10,12.382050631927312,2.367291547974067e-13,2.118411266510953e-15,2.346107435308957e-13,,1.4051046815441626e-14,1.2573819184028305e-16,1.3925308623601342e-14,2.4424906541753444e-15,9.353628982466944e-15,3.9968028886505635e-15,0.0,1.0658141036401503e-14,1.7763568394002505e-15,4.817310571611632e-15,1.7763568394002505e-15,0.9583162964783055,0.29136665279388446,1.3179446112532791e-15,1.0543556890026234e-16,3.874757157084641e-15,2.635889222506558e-16,6.98510643964238e-15,4.744600600511805e-16,7.907667667519676e-15,5.271778445013116e-16,5.0872661994376576e-15,4.744600600511805e-16,1.2652268268031481e-15,3.690244911509182e-16,3.690244911509182e-16,3.690244911509182e-16,5.271778445013116e-16,5.271778445013116e-16
additive,20260920,81,523,8,16.847794894345476,True,True,32,1.6847794894345476e-07,1.0761436186612627e-10,7.537882470995852,2.3217406833065895e-13,1.9161920727399424e-15,2.30257876257919e-13,,1.3780679892333098e-14,1.1373548198779784e-16,1.3666944410345301e-14,1.942890293094024e-15,1.1601830607332886e-14,5.329070518200751e-15,0.0,2.6645352591003757e-15,0.0,5.156192932937691e-15,8.881784197001252e-16,0.6138140717300884,0.1394067294696112,9.225612278772955e-16,1.317944611253279e-16,3.4530148814835914e-15,1.845122455754591e-16,6.642440840716527e-15,3.1630670670078703e-16,8.065821020870068e-15,4.481011678261149e-16,5.957109642864822e-15,6.326134134015741e-16,1.950558024654853e-15,7.380489823018364e-16,1.845122455754591e-16,1.845122455754591e-16,7.380489823018364e-16,7.380489823018364e-16
additive,20260920,82,1566,8,16.847794894345476,True,True,32,1.6847794894345476e-07,7.34762251042298e-10,7.859030656637474,2.0200322895883953e-13,3.612982928708724e-15,1.983902460301308e-13,,1.1989891272159103e-14,2.144484160310693e-16,1.1775442856128034e-14,2.220446049250313e-15,7.105427357601002e-15,5.329070518200751e-15,0.0,5.329070518200751e-15,1.7763568394002505e-15,5.981194375760337e-15,8.881784197001252e-16,0.8919409293719011,0.18960789941598513,7.644078745269019e-16,7.907667667519676e-17,2.767683683631886e-15,1.5815335335039351e-16,5.785776843401895e-15,2.3723003002559026e-16,7.340951484680765e-15,2.635889222506558e-16,5.19270176833792e-15,4.2174227560104935e-16,2.2009675007929764e-15,4.744600600511805e-16,1.9769169168799187e-16,1.9769169168799187e-16,4.744600600511805e-16,4.744600600511805e-16
additive,20260920,83,2304,8,16.847794894345476,True,True,64,1.6847794894345476e-07,4.6629367034256575e-14,12.843763294960079,2.211277953073896e-13,5.872105050885338e-15,2.1525569025650426e-13,,1.3125028924800443e-14,3.4853849347703994e-16,1.2776490431323403e-14,6.217248937900877e-15,9.325873406851315e-15,3.1086244689504383e-15,0.0,5.329070518200751e-15,1.7763568394002505e-15,3.3359558501832096e-15,8.881784197001252e-16,0.7639761455326681,0.22318773155548338,1.3443035034783448e-15,1.5815335335039351e-16,3.558450450383854e-15,2.3723003002559026e-16,6.009827427314953e-15,2.899478144757214e-16,7.327772038568232e-15,4.2174227560104935e-16,4.454652786036084e-15,5.535367367263772e-16,1.976916916879919e-15,5.535367367263772e-16,3.690244911509182e-16,3.690244911509182e-16,5.535367367263772e-16,5.535367367263772e-16
additive,20260920,84,4575,8,16.847794894345476,True,True,32,1.6847794894345476e-07,1.5293677435579411e-10,7.457781342357853,2.4843031071462123e-13,2.092902570826114e-15,2.4633740814379513e-13,,1.4745568323484304e-14,1.2422412451902191e-16,1.4621344198965282e-14,2.8687369939867885e-15,1.9997892231060632e-14,3.552713678800501e-15,0.0,1.1546319456101628e-14,3.552713678800501e-15,3.66955143520153e-15,1.7763568394002505e-15,0.6665204376665028,0.2209736877554061,1.080714581227689e-15,1.0543556890026234e-16,3.597988788721452e-15,2.3723003002559026e-16,6.642440840716527e-15,3.8220393726345095e-16,8.026282682532471e-15,5.667161828389101e-16,6.141621888440281e-15,8.434845512020987e-16,2.83358091419455e-15,1.1861501501279512e-15,8.171256589770331e-16,8.171256589770331e-16,1.1861501501279512e-15,1.1861501501279512e-15
additive,20260920,85,5972,8,16.847794894345476,True,True,32,1.6847794894345476e-07,8.155529584996657e-10,15.984054745465988,3.515225148002325e-13,3.2466093305824194e-15,3.4827590546965007e-13,,2.0864600798185873e-14,1.9270232994539002e-16,2.0671898468240483e-14,3.1086244689504383e-15,1.3156142841808105e-14,7.993605777301127e-15,0.0,8.881784197001252e-15,5.329070518200751e-15,8.408617717458626e-15,8.881784197001252e-16,0.9950103644764325,0.40699858719745835,1.1597912579028857e-15,2.635889222506558e-16,5.2981373372381824e-15,3.690244911509182e-16,9.990020153299857e-15,5.271778445013116e-16,1.1202529195652873e-14,6.589723056266396e-16,7.327772038568232e-15,7.644078745269019e-16,2.8731192525321486e-15,7.644078745269019e-16,8.171256589770331e-16,8.171256589770331e-16,8.171256589770331e-16,8.171256589770331e-16
additive,20260920,86,6624,8,16.847794894345476,True,True,32,1.6847794894345476e-07,1.452312936578437e-09,13.281558393981564,2.6072398208652557e-13,3.4313821625378935e-15,2.572925999239877e-13,,1.54752585558856e-14,2.0366951188903347e-16,1.5271589043996567e-14,3.1086244689504383e-15,1.454392162258955e-14,4.440892098500626e-15,0.0,1.7763568394002505e-15,5.329070518200751e-15,4.4541090392699734e-15,8.881784197001252e-16,0.8307987416400153,0.2132307281586358,9.752790123274265e-16,1.317944611253279e-16,3.584809342608919e-15,1.845122455754591e-16,7.0905420085426425e-15,2.899478144757214e-16,8.803870003171906e-15,5.008189522762461e-16,6.774235301841855e-15,6.062545211765085e-16,3.0049137136574765e-15,8.698434434271643e-16,5.008189522762461e-16,5.008189522762461e-16,8.698434434271643e-16,8.698434434271643e-16
additive,20260920,87,8070,8,16.847794894345476,True,True,32,1.6847794894345476e-07,8.460343536853543e-12,5.548593536409392,1.8477785439296483e-13,1.4017887379969542e-15,1.8337606565496788e-13,,1.096748005016257e-14,8.32030984937636e-17,1.0884276951668807e-14,2.1464311809419696e-15,8.881784197001252e-15,2.886579864025407e-15,0.0,7.105427357601002e-15,0.0,2.8754776337791545e-15,8.881784197001252e-16,0.6366622192236394,0.12230017564795911,6.062545211765085e-16,5.271778445013117e-17,2.345941408030837e-15,1.317944611253279e-16,4.639165031611543e-15,1.845122455754591e-16,5.377214013913379e-15,2.899478144757214e-16,4.217422756010493e-15,4.481011678261149e-16,1.845122455754591e-15,5.008189522762461e-16,1.317944611253279e-16,1.317944611253279e-16,5.008189522762461e-16,5.008189522762461e-16
additive,20260920,88,9290,8,16.847794894345476,True,True,32,1.6847794894345476e-07,1.361222246032412e-11,14.483971088419674,2.602501547599445e-13,5.3804844177935105e-15,2.54869670342151e-13,,1.5447134559270466e-14,3.193583760685103e-16,1.5127776183201955e-14,3.552713678800501e-15,1.0658141036401503e-14,2.1316282072803006e-14,0.0,2.3092638912203256e-14,7.105427357601002e-15,1.8455078735054745e-14,1.7763568394002505e-15,0.9495894265336565,0.4889084554782143,1.5024568568287383e-15,2.1087113780052468e-16,4.850036169412068e-15,2.3723003002559026e-16,8.065821020870068e-15,3.1630670670078703e-16,8.013103236419938e-15,4.2174227560104935e-16,5.509008475038707e-15,6.326134134015741e-16,2.2668647313556404e-15,6.062545211765085e-16,5.271778445013117e-17,5.271778445013117e-17,6.326134134015741e-16,6.326134134015741e-16
additive,20260920,89,9833,8,16.847794894345476,True,True,32,1.6847794894345476e-07,5.248468326612965e-11,9.161000881809887,2.1122812493821303e-13,2.2751641840354106e-15,2.089529607541776e-13,,1.2537434498867638e-14,1.3504225320305925e-16,1.2402392245664578e-14,2.093563417864581e-15,9.270362255620057e-15,3.552713678800501e-15,0.0,0.0,3.552713678800501e-15,3.3079359357521933e-15,8.881784197001252e-16,0.6593327019779422,0.14081136547135706,6.853311978517052e-16,1.0543556890026234e-16,2.978554821432411e-15,1.845122455754591e-16,5.930750750639756e-15,3.690244911509182e-16,7.512284284143692e-15,4.744600600511805e-16,5.0609073072125925e-15,4.2174227560104935e-16,1.976916916879919e-15,5.008189522762461e-16,7.907667667519676e-17,7.907667667519676e-17,5.008189522762461e-16,5.008189522762461e-16
additive,20260920,90,428,9,16.847794894345476,True,True,64,1.6847794894345476e-07,2.6290081223123707e-13,29.47625766994719,3.165309284522014e-13,2.3187800885742567e-15,3.142121483636272e-13,,1.8787676989018712e-14,1.3763107297516394e-16,1.8650045916043546e-14,3.552713678800501e-15,1.7541523789077473e-14,1.0658141036401503e-14,0.0,7.105427357601002e-15,3.552713678800501e-15,1.1187876022436935e-14,1.7763568394002505e-15,1.7495617589599293,0.5992911736137696,1.4760979646036728e-15,2.1087113780052468e-16,4.006551618209969e-15,3.1630670670078703e-16,8.276692158670594e-15,4.2174227560104935e-16,1.0069096829975053e-14,5.798956289514428e-16,7.2750542541181e-15,6.853311978517052e-16,3.5320915581587883e-15,1.0543556890026233e-15,8.962023356522298e-16,8.962023356522298e-16,1.0543556890026233e-15,1.0543556890026233e-15
additive,20260920,91,623,9,16.847794894345476,True,True,32,1.6847794894345476e-07,1.8316620095659708e-09,24.518734801836263,3.5448172175378543e-13,2.9572244124375687e-15,3.515244973413479e-13,,2.104024437481477e-14,1.7552590300289588e-16,2.0864718471811878e-14,3.552713678800501e-15,1.554312234475219e-14,1.7763568394002505e-14,0.0,4.618527782440651e-14,3.552713678800501e-15,1.685952964537916e-14,1.7763568394002505e-15,1.676969461995149,0.43673002285878354,1.7924046713044596e-15,2.1087113780052468e-16,5.640802936164035e-15,3.1630670670078703e-16,1.0648992458926497e-14,4.2174227560104935e-16,1.0701710243376627e-14,7.380489823018364e-16,6.273416349565609e-15,8.962023356522298e-16,1.897840240204722e-15,5.798956289514428e-16,1.5815335335039351e-16,1.5815335335039351e-16,8.962023356522298e-16,8.962023356522298e-16
additive,20260920,92,995,9,16.847794894345476,True,True,64,1.6847794894345476e-07,8.046896482483135e-13,26.356357649372143,3.127942349578916e-13,3.5389680604003796e-15,3.0925526689749124e-13,,1.8565885738724944e-14,2.1005526732689167e-16,1.8355830471398052e-14,4.440892098500626e-15,1.532107773982716e-14,1.9539925233402755e-14,0.0,2.842170943040401e-14,3.552713678800501e-15,1.663325561940794e-14,3.552713678800501e-15,1.56438025359734,0.6150892345812177,2.161429162455378e-15,2.1087113780052468e-16,3.953833833759838e-15,2.1087113780052468e-16,6.32613413401574e-15,4.2174227560104935e-16,9.120176709872692e-15,6.326134134015741e-16,9.278330063223086e-15,8.434845512020987e-16,4.533729462711281e-15,8.962023356522298e-16,5.798956289514428e-16,5.798956289514428e-16,8.962023356522298e-16,8.962023356522298e-16
additive,20260920,93,2043,9,16.847794894345476,True,True,32,1.6847794894345476e-07,8.987234956236989e-08,34.28838909861844,3.634353400238681e-13,1.3635256944696939e-14,3.4980008307917117e-13,,2.1571685927031656e-14,8.093199751187177e-16,2.076236595191294e-14,1.7763568394002505e-14,1.7763568394002505e-14,2.4868995751603507e-14,0.0,2.1316282072803006e-14,2.1316282072803006e-14,2.1037140283754393e-14,3.552713678800501e-15,2.064149621440345,0.6416783289091793,1.212509042353017e-15,1.0543556890026234e-16,5.482649582813641e-15,2.635889222506558e-16,1.0648992458926497e-14,4.744600600511805e-16,1.2441397130230956e-14,5.798956289514428e-16,8.382127727570856e-15,8.434845512020987e-16,3.795680480409444e-15,8.962023356522298e-16,5.271778445013116e-16,5.271778445013116e-16,8.962023356522298e-16,8.962023356522298e-16
additive,20260920,94,2087,9,16.847794894345476,True,True,64,1.6847794894345476e-07,1.0444978215673473e-12,32.161023891740356,3.510995726956134e-13,2.8929239955946944e-15,3.482066487000187e-13,,2.0839497091304858e-14,1.7170935506614158e-16,2.0667787736238717e-14,2.886579864025407e-15,1.9317880628477724e-14,1.4210854715202004e-14,0.0,1.4210854715202004e-14,0.0,1.6542323066914832e-14,7.105427357601002e-15,1.9089159200611094,0.6295197651074046,1.0543556890026233e-15,1.0543556890026234e-16,4.691882816061674e-15,3.1630670670078703e-16,9.172894494322823e-15,4.2174227560104935e-16,1.0912581381177153e-14,7.380489823018364e-16,8.59299886537138e-15,7.907667667519675e-16,4.850036169412068e-15,1.1070734734527545e-15,1.212509042353017e-15,1.212509042353017e-15,1.212509042353017e-15,1.212509042353017e-15
additive,20260920,95,4442,9,16.847794894345476,True,True,64,1.6847794894345476e-07,2.646771690706373e-13,30.97918430140672,3.6732039367831384e-13,2.8703891115829565e-15,3.644500045667309e-13,,2.180228308700478e-14,1.7037179818388742e-16,2.1631911288820893e-14,2.886579864025407e-15,1.289246487345963e-14,2.042810365310288e-14,0.0,1.7763568394002505e-14,0.0,1.8935118023797432e-14,1.7763568394002505e-15,1.8387678919218131,0.6166995802721361,1.1597912579028857e-15,1.0543556890026234e-16,4.850036169412068e-15,2.1087113780052468e-16,1.038540353667584e-14,3.690244911509182e-16,1.265226826803148e-14,6.326134134015741e-16,8.59299886537138e-15,7.907667667519675e-16,3.0576314981076076e-15,6.853311978517052e-16,5.271778445013116e-16,5.271778445013116e-16,7.907667667519675e-16,7.907667667519675e-16
additive,20260920,96,4850,9,16.847794894345476,True,True,64,1.6847794894345476e-07,7.283063041541027e-14,25.92282379775257,3.0662298097386805e-13,2.0063316087868914e-15,3.046166493650812e-13,,1.8199591275697337e-14,1.1908570951681423e-16,1.8080505566180524e-14,3.6637359812630166e-15,1.4654943925052066e-14,9.769962616701378e-15,0.0,1.0658141036401503e-14,3.552713678800501e-15,8.797195776077431e-15,3.552713678800501e-15,1.5386478741175138,0.6221135642245674,2.0559935935551155e-15,3.1630670670078703e-16,4.164704971560362e-15,3.1630670670078703e-16,7.485925391918626e-15,6.326134134015741e-16,9.43648341657348e-15,6.326134134015741e-16,8.17125658977033e-15,8.434845512020987e-16,3.742962695959313e-15,7.380489823018364e-16,2.1087113780052468e-16,2.1087113780052468e-16,8.434845512020987e-16,8.434845512020987e-16
additive,20260920,97,6965,9,16.847794894345476,True,True,64,1.6847794894345476e-07,6.039613253960852e-14,26.183403430161903,2.9925691554429553e-13,3.838199599418397e-15,2.9541871594487715e-13,,1.7762378840730863e-14,2.2781613994520964e-16,1.7534562700785653e-14,2.791417890486108e-15,1.482147737874584e-14,7.105427357601002e-15,0.0,1.4210854715202004e-14,7.105427357601002e-15,8.313984421550102e-15,3.552713678800501e-15,1.5909515518944257,0.6203526699070393,1.0016379045524922e-15,1.5815335335039351e-16,3.584809342608919e-15,3.1630670670078703e-16,7.69679652971915e-15,4.2174227560104935e-16,9.43648341657348e-15,4.2174227560104935e-16,7.907667667519676e-15,6.326134134015741e-16,3.690244911509182e-15,7.907667667519675e-16,7.907667667519675e-16,7.907667667519675e-16,7.907667667519675e-16,7.907667667519675e-16
additive,20260920,98,9272,9,16.847794894345476,True,True,64,1.6847794894345476e-07,7.229772336359019e-13,29.53303739569531,2.8424194215268644e-13,3.0287941467035807e-15,2.8121314800598286e-13,,1.6871165866821233e-14,1.7977392090166747e-16,1.6691391945919566e-14,3.885780586188048e-15,2.919886554764162e-14,1.0658141036401503e-14,0.0,1.7763568394002505e-14,0.0,1.1482878140408762e-14,1.7763568394002505e-15,1.8138247116318265,0.6241479111499466,7.380489823018364e-16,1.0543556890026234e-16,3.0049137136574765e-15,2.1087113780052468e-16,6.273416349565609e-15,3.1630670670078703e-16,9.225612278772954e-15,6.853311978517052e-16,8.17125658977033e-15,7.907667667519675e-16,4.270140540460625e-15,1.1597912579028857e-15,1.7924046713044596e-15,1.7924046713044596e-15,1.7924046713044596e-15,1.7924046713044596e-15
additive,20260920,99,9528,9,16.847794894345476,True,True,64,1.6847794894345476e-07,2.149391775674303e-13,30.984558737275748,3.414596647760824e-13,3.721361843017371e-15,3.3773830293306503e-13,,2.026732085221933e-14,2.2088124091932938e-16,2.0046439611299998e-14,5.033011044967376e-15,2.8976820942716586e-14,2.4868995751603507e-14,0.0,4.618527782440651e-14,0.0,2.3114843372695758e-14,1.7763568394002505e-15,1.9068509053696707,0.6394981715062051,1.1597912579028857e-15,1.0543556890026234e-16,2.846760360307083e-15,2.1087113780052468e-16,7.485925391918626e-15,3.1630670670078703e-16,1.1703348147929119e-14,7.380489823018364e-16,9.48920120102361e-15,1.1597912579028857e-15,4.375576109360887e-15,1.7924046713044596e-15,1.212509042353017e-15,1.212509042353017e-15,1.7924046713044596e-15,1.7924046713044596e-15
additive,20260921,0,280,0,16.42769433959854,True,True,32,1.6427694339598538e-07,2.6600208147264937e-11,10.241767224972588,2.7190425836802016e-13,1.5575503849637112e-15,2.7034670798305645e-13,,1.6551577643650324e-14,9.481247658773852e-17,1.6456765167062585e-14,1.887379141862766e-15,9.880984919163893e-15,2.6645352591003757e-15,0.0,1.7763568394002505e-15,0.0,2.63387195651549e-15,2.6645352591003757e-15,0.6234452025495186,0.1919513978694009,2.4870323529043828e-15,2.1626368286125066e-16,5.622855754392517e-15,2.1626368286125066e-16,7.893624424435649e-15,3.2439552429187597e-16,8.1098881072969e-15,4.325273657225013e-16,5.514723912961892e-15,5.947251278684394e-16,2.43296643218907e-15,5.947251278684394e-16,5.4065920715312664e-17,5.4065920715312664e-17,5.947251278684394e-16,5.947251278684394e-16
additive,20260921,1,1403,0,16.42769433959854,True,True,32,1.6427694339598538e-07,1.1749129447125028e-11,9.475317223352274,2.984584801524193e-13,3.554167542285132e-15,2.9490431261013417e-13,,1.8168007876369645e-14,2.1635218362432648e-16,1.795165569274532e-14,2.6645352591003757e-15,1.8096635301390052e-14,3.552713678800501e-15,0.0,7.105427357601002e-15,3.552713678800501e-15,3.076903811104004e-15,2.6645352591003757e-15,0.7348948051533055,0.2485320763389436,1.3516480178828166e-15,1.0813184143062533e-16,3.75758148971423e-15,2.1626368286125066e-16,6.70417416869877e-15,3.2439552429187597e-16,8.62351435409237e-15,4.325273657225013e-16,8.704613235165339e-15,6.487910485837519e-16,4.081977014006106e-15,8.650547314450026e-16,1.0813184143062533e-15,1.0813184143062533e-15,1.0813184143062533e-15,1.0813184143062533e-15
additive,20260921,2,1512,0,16.42769433959854,True,True,32,1.6427694339598538e-07,1.423409445866497e-10,9.753759388832158,3.263084247251413e-13,1.6852921174994492e-15,3.2462313260764186e-13,,1.9863312402799166e-14,1.0258847545252261e-16,1.9760723927346644e-14,4.884981308350689e-15,3.297362383136715e-14,5.329070518200751e-15,0.0,3.552713678800501e-15,0.0,5.2254497025690705e-15,2.6645352591003757e-15,0.6314804169182825,0.17047152789101264,1.135384335021566e-15,1.0813184143062533e-16,4.1090099743637625e-15,2.1626368286125066e-16,7.244833375851896e-15,3.7846144500718867e-16,9.083074680172528e-15,4.86593286437814e-16,9.461536125179717e-15,9.73186572875628e-16,6.163514961545644e-15,1.6219776214593799e-15,1.946373145751256e-15,1.946373145751256e-15,1.946373145751256e-15,1.946373145751256e-15
additive,20260921,3,3341,0,16.42769433959854,True,True,32,1.6427694339598538e-07,8.701807718836108e-09,10.56249165945033,5.216174714384181e-13,4.603790893482829e-15,5.170136805449353e-13,,3.175232389009531e-14,2.802457118029953e-16,3.147207817829231e-14,3.774758283725532e-15,2.170486013142181e-14,4.440892098500626e-15,0.0,3.552713678800501e-15,3.552713678800501e-15,4.229421046191073e-15,2.6645352591003757e-15,0.7961773502569177,0.21410669268893706,1.946373145751256e-15,1.6219776214593799e-16,6.812306010129396e-15,2.7032960357656333e-16,1.3624612020258791e-14,3.7846144500718867e-16,1.767955607390724e-14,8.109888107296899e-16,1.4759996355280358e-14,1.0272524935909406e-15,6.541976406552832e-15,1.2975820971675039e-15,9.73186572875628e-16,9.73186572875628e-16,1.2975820971675039e-15,1.2975820971675039e-15
additive,20260921,4,4116,0,16.42769433959854,True,True,32,1.6427694339598538e-07,1.3359996442474653e-10,8.81321445568792,2.428516382699914e-13,2.1691643190652455e-15,2.4068247395092617e-13,,1.4783062872347442e-14,1.3204313850888558e-16,1.465101973383856e-14,2.220446049250313e-15,1.1629586182948515e-14,3.9968028886505635e-15,0.0,5.329070518200751e-15,1.7763568394002505e-15,4.266428480345242e-15,2.6645352591003757e-15,0.5364851739689294,0.19631347113905454,1.0813184143062533e-15,1.0813184143062533e-16,3.838680370787199e-15,2.1626368286125066e-16,7.352965217282522e-15,2.7032960357656333e-16,7.73142666228971e-15,4.325273657225013e-16,5.7309875958231425e-15,4.325273657225013e-16,2.1626368286125066e-15,7.028569692990646e-16,3.7846144500718867e-16,3.7846144500718867e-16,7.028569692990646e-16,7.028569692990646e-16
additive,20260921,5,5544,0,16.42769433959854,True,True,32,1.6427694339598538e-07,7.551437253283666e-11,11.714211522178893,3.6836122776389993e-13,1.8565175851663417e-15,3.665047101787336e-13,,2.2423184906476777e-14,1.1301145168566068e-16,2.2310173454791116e-14,3.1403451267968712e-15,1.9886869928598117e-14,5.329070518200751e-15,0.0,3.552713678800501e-15,0.0,6.721607397659162e-15,2.6645352591003757e-15,0.9064444697347724,0.27951695686715383,1.540878740386411e-15,2.1626368286125066e-16,5.1092295075970465e-15,3.2439552429187597e-16,1.0218459015194093e-14,4.0549440536484497e-16,1.1840436636653474e-14,6.758240089414083e-16,9.596700926967998e-15,8.920876918026589e-16,3.703515568998917e-15,1.2435161764521914e-15,7.028569692990646e-16,7.028569692990646e-16,1.2435161764521914e-15,1.2435161764521914e-15
additive,20260921,6,6708,0,16.42769433959854,True,True,32,1.6427694339598538e-07,7.79152992125276e-11,6.603085195378735,2.9436294671622167e-13,2.7812408460937115e-15,2.9158170587012794e-13,,1.7918701226785508e-14,1.693019597637388e-16,1.774939926702177e-14,2.2680270360199625e-15,1.4536982728685643e-14,3.9968028886505635e-15,0.0,4.440892098500626e-15,8.881784197001252e-16,3.569631362985264e-15,2.6645352591003757e-15,0.4019483841662531,0.18875626111864752,1.6219776214593799e-15,1.6219776214593799e-16,4.379339577940326e-15,2.7032960357656333e-16,8.163954028012212e-15,3.7846144500718867e-16,9.569667966610342e-15,5.406592071531267e-16,8.380217710873463e-15,6.487910485837519e-16,3.352087084349385e-15,9.191206521603152e-16,1.0813184143062533e-16,1.0813184143062533e-16,9.191206521603152e-16,9.191206521603152e-16
additive,20260921,7,7346,0,16.42769433959854,True,True,32,1.6427694339598538e-07,1.3367085216486885e-12,3.4054014427243358,3.472584653692257e-13,2.7943256174553645e-15,3.4446413975177035e-13,,2.113860035319552e-14,1.7009846663141972e-16,2.0968501886564102e-14,2.6645352591003757e-15,1.3516965324811281e-14,2.6645352591003757e-15,0.0,8.43769498715119e-15,2.220446049250313e-15,2.5043459369758888e-15,2.6645352591003757e-15,0.5100567622756556,0.19629501182200254,2.108570907897194e-15,2.1626368286125066e-16,6.298679763333926e-15,3.2439552429187597e-16,1.084021710342019e-14,4.0549440536484497e-16,1.1786370715938161e-14,5.947251278684394e-16,7.190767455136584e-15,8.109888107296899e-16,2.351867551116101e-15,8.380217710873463e-16,1.3516480178828166e-16,1.3516480178828166e-16,8.380217710873463e-16,8.380217710873463e-16
additive,20260921,8,7393,0,16.42769433959854,True,True,32,1.6427694339598538e-07,2.232794393819404e-09,0.5467845531689699,2.2145433635027227e-13,1.874162201093419e-15,2.1958017414917886e-13,,1.3480548869019448e-14,1.140855291284425e-16,1.3366463339891006e-14,1.3322676295501878e-15,8.715250743307479e-15,6.661338147750939e-15,0.0,3.552713678800501e-15,8.881784197001252e-16,5.819154681928142e-15,2.6645352591003757e-15,0.6558079744477677,0.17888141739725477,1.0813184143062533e-15,1.0813184143062533e-16,3.5413178068529796e-15,2.1626368286125066e-16,6.298679763333926e-15,2.973625639342197e-16,7.569228900143773e-15,3.7846144500718867e-16,5.5687898336772045e-15,4.595603260801576e-16,2.4059334718314138e-15,5.406592071531267e-16,2.973625639342197e-16,2.973625639342197e-16,5.406592071531267e-16,5.406592071531267e-16
additive,20260921,9,8134,0,16.42769433959854,True,True,32,1.6427694339598538e-07,1.2845141617034983e-10,11.513123103080947,3.0456688758308455e-13,3.403428332810726e-15,3.011634592502738e-13,,1.853984383243203e-14,2.0717626359816356e-16,1.8332667568833868e-14,2.6645352591003757e-15,1.587618925213974e-14,7.105427357601002e-15,0.0,3.552713678800501e-15,3.552713678800501e-15,6.2235930694701624e-15,2.6645352591003757e-15,0.7658648284625386,0.23792547076014858,9.73186572875628e-16,1.0813184143062533e-16,4.433405498655639e-15,3.2439552429187597e-16,8.974942838741903e-15,4.86593286437814e-16,1.1732304795222849e-14,8.109888107296899e-16,7.893624424435649e-15,9.73186572875628e-16,2.6492301150503205e-15,8.650547314450026e-16,1.0813184143062533e-16,1.0813184143062533e-16,9.73186572875628e-16,9.73186572875628e-16
additive,20260921,10,555,1,16.42769433959854,True,True,32,1.6427694339598538e-07,1.2252469083762207e-07,27.334362771758663,6.012338774989227e-13,1.2989609388114325e-14,5.882442681108084e-13,,3.6598798654882674e-14,7.907140904614474e-16,3.5808084564421223e-14,1.5987211554602254e-14,3.555489236362064e-14,8.881784197001252e-15,0.0,3.552713678800501e-15,2.1316282072803006e-14,7.27513287707941e-15,8.881784197001252e-16,1.9077520887262978,0.9699326848395334,1.6219776214593799e-15,2.1626368286125066e-16,7.136701534421271e-15,5.947251278684394e-16,1.6084611412805518e-14,9.191206521603152e-16,1.9355599616081935e-14,1.7301094628900053e-15,1.643603989745505e-14,2.108570907897194e-15,8.380217710873463e-15,2.3248345907584447e-15,1.973406106108912e-15,1.973406106108912e-15,2.3248345907584447e-15,2.3248345907584447e-15
additive,20260921,11,1680,1,16.42769433959854,True,True,32,1.6427694339598538e-07,1.1196954385894742e-07,20.202821325355565,3.0034599146368974e-13,4.740123637518645e-15,2.956058678261711e-13,,1.82829060034136e-14,2.8854466972231746e-16,1.7994361333691285e-14,7.105427357601002e-15,1.0685896612017132e-14,1.4210854715202004e-14,0.0,7.105427357601002e-15,7.105427357601002e-15,1.4972150503516397e-14,1.7763568394002505e-15,1.4736350849047273,0.5802642951124708,1.6219776214593799e-15,1.8923072250359433e-16,4.595603260801577e-15,3.2439552429187597e-16,8.677580274807682e-15,4.325273657225013e-16,1.1002414865566128e-14,4.325273657225013e-16,7.217800415494241e-15,5.947251278684394e-16,2.676263075407977e-15,7.028569692990646e-16,1.0813184143062533e-16,1.0813184143062533e-16,7.028569692990646e-16,7.028569692990646e-16
additive,20260921,12,2586,1,16.42769433959854,True,True,32,1.6427694339598538e-07,2.2140699940109698e-08,26.422416869005346,5.203152723491182e-13,9.2148511043888e-15,5.111004212447294e-13,,3.1673055365713225e-14,5.609339274213689e-16,3.1112121438291854e-14,7.105427357601002e-15,4.0523140398818214e-14,7.105427357601002e-15,0.0,7.105427357601002e-15,1.4210854715202004e-14,5.983573425098821e-15,3.552713678800501e-15,1.8522393744097736,0.990090281915908,1.2705491368098475e-15,2.1626368286125066e-16,5.1903283886700156e-15,4.325273657225013e-16,1.2029667359157068e-14,8.109888107296899e-16,1.776065495498021e-14,1.459779859313442e-15,1.6327908056024424e-14,1.7841753836053178e-15,8.62351435409237e-15,2.5140653132620387e-15,1.8382413043206305e-15,1.8382413043206305e-15,2.5140653132620387e-15,2.5140653132620387e-15
additive,20260921,13,3766,1,16.42769433959854,True,True,32,1.6427694339598538e-07,1.0528504246209991e-07,25.020993609524503,5.198090635176521e-13,2.0258926811255244e-14,4.995501367063968e-13,,3.164224100911505e-14,1.2332179058397512e-15,3.04090231032753e-14,2.886579864025407e-14,3.2529534621517087e-14,2.1316282072803006e-14,0.0,3.197442310920451e-14,3.907985046680551e-14,1.9647775470080633e-14,7.105427357601002e-15,1.766930795463138,0.6822587435404458,1.6219776214593799e-15,2.1626368286125066e-16,5.67692167510783e-15,3.7846144500718867e-16,1.3219117614893947e-14,4.86593286437814e-16,1.792285271712615e-14,9.461536125179716e-16,1.548988628493708e-14,1.216483216094535e-15,5.67692167510783e-15,2.108570907897194e-15,3.7846144500718867e-16,3.7846144500718867e-16,2.108570907897194e-15,2.108570907897194e-15
additive,20260921,14,4718,1,16.42769433959854,True,True,32,1.6427694339598538e-07,2.955468758614188e-09,18.520659652631245,4.736785038280307e-13,4.23735121065268e-15,4.69441152617378e-13,,2.8834143978820007e-14,2.5793949674597075e-16,2.8576204482074034e-14,5.329070518200751e-15,2.4730217873525362e-14,1.9539925233402755e-14,0.0,2.1316282072803006e-14,7.105427357601002e-15,2.1381309421388194e-14,1.7763568394002505e-15,1.3712371684381712,0.7373969269477755,1.5679117007440674e-15,1.6219776214593799e-16,4.7307680625898585e-15,3.2439552429187597e-16,9.921096451259874e-15,4.0549440536484497e-16,1.4327468989557856e-14,6.758240089414083e-16,1.3354282416682228e-14,1.054285453948597e-15,7.785492583005023e-15,1.5138457800287547e-15,1.6490105818170362e-15,1.6490105818170362e-15,1.6490105818170362e-15,1.6490105818170362e-15
additive,20260921,15,4831,1,16.42769433959854,True,True,64,1.6427694339598538e-07,1.1191048088221578e-13,27.700415449825158,5.627351759177454e-13,1.588795232942446e-14,5.468472235883209e-13,,3.425527431206743e-14,9.671443844147352e-16,3.3288129927652694e-14,1.2434497875801753e-14,3.419486915845482e-14,1.0658141036401503e-14,0.0,1.0658141036401503e-14,7.105427357601002e-15,9.329574150266732e-15,1.7763568394002505e-15,1.9300347457139027,0.8520290078858259,1.8382413043206305e-15,2.1626368286125066e-16,6.947470811917677e-15,4.86593286437814e-16,1.5841314769586612e-14,6.487910485837519e-16,2.032878618895756e-14,1.216483216094535e-15,1.4949227077783953e-14,1.4327468989557856e-15,5.433625031888923e-15,2.0815379475395376e-15,8.380217710873463e-16,8.380217710873463e-16,2.0815379475395376e-15,2.0815379475395376e-15
additive,20260921,16,6080,1,16.42769433959854,True,True,32,1.6427694339598538e-07,1.6335796715338802e-07,29.62739514776117,4.912459328210161e-13,9.75093022199352e-15,4.814950025990226e-13,,2.990352283563496e-14,5.9356657242454e-16,2.9309956263210426e-14,7.105427357601002e-15,3.9995784462121264e-14,4.973799150320701e-14,0.0,4.263256414560601e-14,1.4210854715202004e-14,4.742555554620204e-14,3.552713678800501e-15,2.047335424561517,1.0321146875110168,1.5138457800287547e-15,2.1626368286125066e-16,4.56857030044392e-15,3.7846144500718867e-16,1.0569887499843626e-14,4.86593286437814e-16,1.66523035803163e-14,1.459779859313442e-15,1.4354501949915512e-14,1.703076502532349e-15,7.81252554336268e-15,1.7571424232476616e-15,2.3789005114737574e-15,2.3789005114737574e-15,2.3789005114737574e-15,2.3789005114737574e-15
additive,20260921,17,6208,1,16.42769433959854,True,True,32,1.6427694339598538e-07,4.0841472426222936e-08,26.58731681237714,4.869369457913936e-13,5.561688675741264e-15,4.813752571156523e-13,,2.9641222664926535e-14,3.3855564638398193e-16,2.930266701854255e-14,8.363680118842847e-15,3.241851231905457e-14,8.881784197001252e-15,0.0,3.552713678800501e-15,0.0,9.46438694611407e-15,1.7763568394002505e-15,1.8622772981721067,0.9210536551642431,1.973406106108912e-15,2.1626368286125066e-16,6.028350159757362e-15,3.2439552429187597e-16,1.148900815200394e-14,6.487910485837519e-16,1.5300655562433485e-14,9.73186572875628e-16,1.3840875703120042e-14,1.7571424232476616e-15,5.947251278684393e-15,1.7841753836053178e-15,3.2439552429187597e-16,3.2439552429187597e-16,1.7841753836053178e-15,1.7841753836053178e-15
additive,20260921,18,7156,1,16.42769433959854,True,True,32,1.6427694339598538e-07,2.2531576604478687e-09,19.764454327408174,4.37357028899788e-13,5.6420476756188936e-15,4.317149812241691e-13,,2.662315355147253e-14,3.434473249248911e-16,2.627970622654764e-14,6.217248937900877e-15,3.7719827261639693e-14,2.6645352591003757e-14,0.0,2.842170943040401e-14,7.105427357601002e-15,2.664323788048066e-14,1.7763568394002505e-15,1.4469504516941663,0.7382180149989509,1.5679117007440674e-15,1.6219776214593799e-16,4.9740647058087656e-15,2.7032960357656333e-16,9.326371323391434e-15,4.325273657225013e-16,1.0732085261989564e-14,7.028569692990646e-16,1.105648078628144e-14,1.0813184143062533e-15,8.353184750515807e-15,1.7571424232476616e-15,2.1626368286125066e-15,2.1626368286125066e-15,2.1626368286125066e-15,2.1626368286125066e-15
additive,20260921,19,8365,1,16.42769433959854,True,True,32,1.6427694339598538e-07,2.5295799788160878e-08,14.128444317725672,3.0498037957505357e-13,8.399101520104696e-15,2.9658127805494886e-13,,1.856501425400314e-14,5.112769538120073e-16,1.8053737300191133e-14,7.105427357601002e-15,1.4377388168895777e-14,3.9968028886505635e-15,0.0,0.0,5.329070518200751e-15,4.573061506194097e-15,1.7763568394002505e-15,1.1038706564914373,0.35160099207746676,1.4057139385981293e-15,1.6219776214593799e-16,4.217141815794388e-15,2.973625639342197e-16,8.488349552304088e-15,4.595603260801576e-16,9.51560204589503e-15,7.028569692990646e-16,6.4879104858375195e-15,8.650547314450026e-16,2.108570907897194e-15,9.191206521603152e-16,1.0813184143062533e-16,1.0813184143062533e-16,9.191206521603152e-16,9.191206521603152e-16
additive,20260921,20,368,2,16.42769433959854,True,True,64,1.6427694339598538e-07,4.743677672891522e-12,3.7631699347683156,3.450628671686218e-13,4.146682996974961e-15,3.4091618417164685e-13,,2.1004948109903443e-14,2.5242026733961607e-16,2.0752527842563826e-14,3.552713678800501e-15,1.3683498778505054e-14,1.3322676295501878e-15,0.0,1.7763568394002505e-15,4.440892098500626e-16,5.974057227744888e-16,1.7763568394002505e-15,0.4363632453912483,0.21895879071316024,2.0545049871818812e-15,2.1626368286125066e-16,6.4879104858375195e-15,3.2439552429187597e-16,1.135384335021566e-14,4.86593286437814e-16,1.0218459015194093e-14,4.86593286437814e-16,6.6501082479834576e-15,4.86593286437814e-16,3.2980211636340724e-15,7.028569692990646e-16,8.109888107296899e-16,8.109888107296899e-16,8.109888107296899e-16,8.109888107296899e-16
additive,20260921,21,750,2,16.42769433959854,True,True,32,1.6427694339598538e-07,4.541478304531665e-12,10.816997230369328,3.0166147357846285e-13,3.961777995611791e-15,2.9769969558285105e-13,,1.836298310294924e-14,2.41164579381175e-16,1.8121818523568065e-14,2.4868995751603505e-15,1.3988810110276972e-14,2.6645352591003757e-15,0.0,3.552713678800501e-15,7.105427357601002e-15,2.6074380749767956e-15,1.7763568394002505e-15,0.6584610723061257,0.16065623310443858,7.569228900143773e-16,1.0813184143062533e-16,3.352087084349385e-15,2.1626368286125066e-16,8.1098881072969e-15,4.325273657225013e-16,1.2218898081660663e-14,7.569228900143773e-16,9.299338363033779e-15,8.650547314450026e-16,2.4870323529043828e-15,8.650547314450026e-16,1.0813184143062533e-16,1.0813184143062533e-16,8.650547314450026e-16,8.650547314450026e-16
additive,20260921,22,1640,2,16.42769433959854,True,True,32,1.6427694339598538e-07,2.1316282072803006e-14,2.929467055897998,3.23772779420306e-13,1.2754760871818996e-15,3.224973033331241e-13,,1.970896053500703e-14,7.764182001532601e-17,1.9631318714991708e-14,1.942890293094024e-15,1.0894063429134349e-14,1.2212453270876722e-15,0.0,1.3322676295501878e-15,1.7763568394002505e-15,1.227589458656959e-15,1.7763568394002505e-15,0.277997849978755,0.10475497649560969,1.7841753836053178e-15,2.1626368286125066e-16,6.001317199399706e-15,2.1626368286125066e-16,1.075911822234722e-14,4.325273657225013e-16,1.0380656777340031e-14,5.406592071531267e-16,6.866371930844708e-15,5.406592071531267e-16,2.6492301150503205e-15,6.487910485837519e-16,1.6219776214593799e-16,1.6219776214593799e-16,6.487910485837519e-16,6.487910485837519e-16
additive,20260921,23,2633,2,16.42769433959854,True,True,32,1.6427694339598538e-07,4.631406369526303e-12,6.488211644942773,4.20528030387586e-13,1.711461660222757e-15,4.1881656872736327e-13,,2.559872503677609e-14,1.0418148918788454e-16,2.549454354758821e-14,2.9235872981795788e-15,1.824929096727601e-14,2.55351295663786e-15,0.0,2.6645352591003757e-15,3.552713678800501e-15,2.509104035652853e-15,1.7763568394002505e-15,0.49822358667842626,0.15766031569120378,2.3789005114737574e-15,3.2439552429187597e-16,7.51516297942846e-15,3.2439552429187597e-16,1.4435600830988482e-14,5.406592071531267e-16,1.4705930434565044e-14,7.569228900143773e-16,8.866810997311277e-15,1.0272524935909406e-15,2.3248345907584447e-15,1.135384335021566e-15,1.6219776214593799e-16,1.6219776214593799e-16,1.135384335021566e-15,1.135384335021566e-15
additive,20260921,24,2999,2,16.42769433959854,True,True,32,1.6427694339598538e-07,6.106226635438361e-16,1.5800836221968524,3.028098274772075e-13,2.355655353320733e-15,3.004541721238868e-13,,1.8432886637493137e-14,1.4339537275431805e-16,1.8289491264738817e-14,2.220446049250313e-15,1.0429157537572564e-14,1.1102230246251565e-15,0.0,3.774758283725532e-15,4.218847493575595e-15,9.60078577485373e-16,1.7763568394002505e-15,0.3064180972486704,0.11130653391237015,2.1626368286125066e-15,2.7032960357656333e-16,5.785053516538455e-15,3.7846144500718867e-16,9.191206521603153e-15,4.325273657225013e-16,1.0650986380916595e-14,4.86593286437814e-16,6.812306010129396e-15,6.487910485837519e-16,1.946373145751256e-15,4.86593286437814e-16,2.1626368286125066e-16,2.1626368286125066e-16,6.487910485837519e-16,6.487910485837519e-16
additive,20260921,25,6288,2,16.42769433959854,True,True,32,1.6427694339598538e-07,4.524212116052695e-10,0.05590846766280144,3.4670916931085165e-13,1.4990654220593482e-15,3.452101038887923e-13,,2.1105163155800752e-14,9.125233225492206e-17,2.1013910823545832e-14,2.8231385483325407e-15,1.6819878823071122e-14,3.552713678800501e-15,0.0,1.3322676295501878e-15,1.7763568394002505e-15,3.3169234554753495e-15,1.7763568394002505e-15,0.4963234658353713,0.14466640591996857,2.0545049871818812e-15,1.6219776214593799e-16,5.1903283886700156e-15,2.7032960357656333e-16,8.434283631588776e-15,3.7846144500718867e-16,1.0596920460201282e-14,6.487910485837519e-16,9.191206521603153e-15,8.109888107296899e-16,4.8118669436628275e-15,9.191206521603152e-16,1.0272524935909406e-15,1.0272524935909406e-15,1.0272524935909406e-15,1.0272524935909406e-15
additive,20260921,26,6518,2,16.42769433959854,True,True,32,1.6427694339598538e-07,8.106848525812893e-13,1.9631176780549104,3.175061899903956e-13,1.6937344384158685e-15,3.158124555519797e-13,,1.9327495595352967e-14,1.0310238329265506e-16,1.922439321206031e-14,1.9984014443252818e-15,1.0380585280245214e-14,8.881784197001252e-16,0.0,2.886579864025407e-15,3.9968028886505635e-15,8.733754460384573e-16,1.7763568394002505e-15,0.2068332009507619,0.05671899218695944,1.3516480178828166e-15,1.0813184143062533e-16,4.9740647058087656e-15,3.2439552429187597e-16,1.0002195332332842e-14,3.7846144500718867e-16,1.0975381905208471e-14,5.406592071531267e-16,7.677360741574398e-15,5.406592071531267e-16,2.757361956480946e-15,6.487910485837519e-16,3.2439552429187597e-16,3.2439552429187597e-16,6.487910485837519e-16,6.487910485837519e-16
additive,20260921,27,7013,2,16.42769433959854,True,True,64,1.6427694339598538e-07,1.0671463712697005e-12,-2.034839703136301,3.3354800403155116e-13,2.520734943529878e-15,3.3102726908802126e-13,,2.0304005975296377e-14,1.534442321253635e-16,2.015056174317101e-14,2.220446049250313e-15,1.1553258350005535e-14,3.552713678800501e-15,0.0,9.769962616701378e-15,3.552713678800501e-15,3.729292007478978e-15,1.7763568394002505e-15,0.6014551782358278,0.2326346565887477,1.4057139385981293e-15,1.6219776214593799e-16,5.5687898336772045e-15,2.7032960357656333e-16,1.0272524935909406e-14,4.325273657225013e-16,1.1678238874507536e-14,6.487910485837519e-16,7.352965217282522e-15,7.028569692990646e-16,2.757361956480946e-15,4.86593286437814e-16,2.7032960357656333e-16,2.7032960357656333e-16,7.028569692990646e-16,7.028569692990646e-16
additive,20260921,28,7633,2,16.42769433959854,True,True,32,1.6427694339598538e-07,4.5352610555937645e-13,3.9229131566670965,2.2000893170773648e-13,2.19480518415778e-15,2.178141265235787e-13,,1.339256301947441e-14,1.3360397014858367e-16,1.3258959049325827e-14,2.60109394340751e-15,1.0241807402167069e-14,1.1102230246251565e-15,0.0,2.6645352591003757e-15,2.6645352591003757e-15,1.223360037610768e-15,1.7763568394002505e-15,0.538132596394756,0.1702762182933929,1.1894502557368787e-15,1.0813184143062533e-16,4.217141815794388e-15,2.1626368286125066e-16,6.325712723691582e-15,3.2439552429187597e-16,6.596042327268145e-15,5.947251278684394e-16,4.6496691815168894e-15,4.325273657225013e-16,2.0545049871818812e-15,5.406592071531267e-16,4.86593286437814e-16,4.86593286437814e-16,5.947251278684394e-16,5.947251278684394e-16
additive,20260921,29,8675,2,16.42769433959854,True,True,32,1.6427694339598538e-07,1.5765166949677223e-14,1.171650760534785,3.4383884628397255e-13,1.7119903378535286e-15,3.4212685594611905e-13,,2.0930438512917653e-14,1.0421367128354827e-16,2.0826224841634106e-14,3.1403451267968712e-15,2.067790383364354e-14,3.1086244689504383e-15,0.0,3.552713678800501e-15,3.3306690738754696e-15,3.0007742322725656e-15,1.7763568394002505e-15,0.4918279563476589,0.1334887928743921,1.6219776214593799e-15,1.6219776214593799e-16,5.406592071531266e-15,2.1626368286125066e-16,9.785931649471593e-15,5.406592071531267e-16,1.2002634398799412e-14,7.569228900143773e-16,8.488349552304088e-15,1.0272524935909406e-15,3.1898893222034474e-15,1.2435161764521914e-15,6.487910485837519e-16,6.487910485837519e-16,1.2435161764521914e-15,1.2435161764521914e-15
additive,20260921,30,1852,3,16.42769433959854,True,True,32,1.6427694339598538e-07,3.344458043841314e-11,0.5719227728627674,2.413363160107857e-13,2.959273038256816e-15,2.383770429725289e-13,,1.4690820940650853e-14,1.801392804785492e-16,1.4510681660172303e-14,1.887379141862766e-15,8.881784197001252e-15,1.3322676295501878e-15,0.0,1.1102230246251565e-15,1.1102230246251565e-15,1.0660784424555363e-15,1.1102230246251565e-15,0.43975320662154316,0.14860008646345063,1.0813184143062533e-15,1.0813184143062533e-16,3.3791200447070415e-15,2.1626368286125066e-16,7.204283935315413e-15,3.7846144500718867e-16,8.62351435409237e-15,4.595603260801576e-16,5.7309875958231425e-15,5.271427269742985e-16,2.0815379475395376e-15,4.595603260801576e-16,4.1901088554367314e-16,4.1901088554367314e-16,5.271427269742985e-16,5.271427269742985e-16
additive,20260921,31,3313,3,16.42769433959854,True,True,64,1.6427694339598538e-07,7.016609515630989e-14,1.5221849326290045,1.8279399158348584e-13,4.242902325775806e-15,1.7855108925771003e-13,,1.1127184850454978e-14,2.582774087504415e-16,1.0868907441704536e-14,3.552713678800501e-15,5.412337245047638e-15,4.218847493575595e-15,0.0,3.9968028886505635e-15,4.884981308350689e-15,4.014777928096875e-15,8.881784197001252e-16,0.679656304940888,0.13972673485555998,9.461536125179716e-16,1.0813184143062533e-16,3.1087904411304784e-15,2.1626368286125066e-16,5.97428423904205e-15,2.43296643218907e-16,6.258130322797441e-15,2.973625639342197e-16,3.3791200447070415e-15,3.514284846495323e-16,1.2840656169886757e-15,3.649449648283605e-16,0.0,0.0,3.649449648283605e-16,3.649449648283605e-16
additive,20260921,32,5269,3,16.42769433959854,True,True,64,1.6427694339598538e-07,3.5083047578154947e-14,7.149336057518478,2.567542739264522e-13,5.34612037179321e-15,2.5140815355465897e-13,,1.5629355442020403e-14,3.2543339687703607e-16,1.5303922045143366e-14,2.6645352591003757e-15,9.658940314238862e-15,3.1086244689504383e-15,0.0,9.769962616701378e-15,3.552713678800501e-15,2.988085969133993e-15,8.881784197001252e-16,0.8248339682183793,0.1919561566359601,1.5138457800287547e-15,1.6219776214593799e-16,4.081977014006106e-15,1.8923072250359433e-16,7.461097058713147e-15,3.514284846495323e-16,8.83977803695362e-15,4.595603260801576e-16,6.163514961545644e-15,5.67692167510783e-16,2.7303289961232895e-15,6.217580882260957e-16,6.487910485837519e-16,6.487910485837519e-16,6.487910485837519e-16,6.487910485837519e-16
additive,20260921,33,5365,3,16.42769433959854,True,True,32,1.6427694339598538e-07,8.149697694470603e-08,1.8682311111418644,3.319751880799989e-13,3.0433327815498655e-15,3.2893185529844907e-13,,2.0208264240696346e-14,1.852562336891057e-16,2.002300800700724e-14,2.4424906541753444e-15,1.3322676295501878e-14,3.552713678800501e-15,0.0,4.884981308350689e-15,2.220446049250313e-15,3.1641356201816954e-15,8.881784197001252e-16,0.47847297766566493,0.1281256312887448,1.5273622602075829e-15,1.6219776214593799e-16,5.163295428312359e-15,2.7032960357656333e-16,9.272305402676122e-15,4.325273657225013e-16,1.0786151182704877e-14,5.67692167510783e-16,8.907360437847762e-15,7.29889929656721e-16,4.487471419370951e-15,8.380217710873463e-16,8.650547314450026e-16,8.650547314450026e-16,8.650547314450026e-16,8.650547314450026e-16
additive,20260921,34,6132,3,16.42769433959854,True,True,32,1.6427694339598538e-07,2.178035529709632e-12,2.4330724196441658,1.88151346354933e-13,1.924122237201551e-15,1.8622722411773144e-13,,1.1453302116864871e-14,1.1712673716867883e-16,1.1336175379696192e-14,1.5987211554602255e-15,6.217248937900877e-15,1.5543122344752192e-15,0.0,1.3322676295501878e-15,2.220446049250313e-15,1.2511156132263962e-15,8.881784197001252e-16,0.397214422086111,0.09900736352561516,9.05604171981487e-16,1.0813184143062533e-16,3.1763728420246193e-15,2.1626368286125066e-16,6.177031441724472e-15,3.2439552429187597e-16,6.596042327268145e-15,3.514284846495323e-16,3.581867247389464e-15,3.514284846495323e-16,1.311098577346332e-15,2.5681312339773515e-16,1.7571424232476616e-16,1.7571424232476616e-16,3.514284846495323e-16,3.514284846495323e-16
additive,20260921,35,6433,3,16.42769433959854,True,True,32,1.6427694339598538e-07,6.653011475066251e-13,2.056556098386995,2.7720187256718987e-13,2.9201508935795476e-15,2.742817216736103e-13,,1.68740583332502e-14,1.7775780539942227e-16,1.6696300527850776e-14,2.220446049250313e-15,1.0151601781416275e-14,3.9968028886505635e-15,0.0,0.0,1.3322676295501878e-15,3.1633426037355354e-15,8.881784197001252e-16,0.4708126795745838,0.20340483879055507,1.2029667359157069e-15,1.0813184143062533e-16,4.365823097761497e-15,1.8923072250359433e-16,8.501866032482916e-15,2.973625639342197e-16,9.461536125179717e-15,4.325273657225013e-16,6.204064402082128e-15,6.217580882260957e-16,2.5005488330832106e-15,5.136262467954703e-16,6.082416080472675e-16,6.082416080472675e-16,6.217580882260957e-16,6.217580882260957e-16
additive,20260921,36,8177,3,16.42769433959854,True,True,32,1.6427694339598538e-07,1.33152689318905e-07,8.797476266052211,3.123630983499955e-13,7.121023347708832e-15,3.0524207500228667e-13,,1.9014421128901347e-14,4.334767375445857e-16,1.8580944391356762e-14,9.769962616701378e-15,1.27675647831893e-14,3.9968028886505635e-15,0.0,7.105427357601002e-15,7.105427357601002e-15,4.326697730253468e-15,8.881784197001252e-16,0.7035421356876765,0.17775044449010802,1.3516480178828166e-15,2.7032960357656333e-16,4.838899904020484e-15,3.2439552429187597e-16,8.488349552304088e-15,4.325273657225013e-16,1.0002195332332842e-14,5.67692167510783e-16,7.352965217282522e-15,6.758240089414083e-16,2.838460837553915e-15,7.028569692990646e-16,7.028569692990646e-16,7.028569692990646e-16,7.028569692990646e-16,7.028569692990646e-16
additive,20260921,37,8415,3,16.42769433959854,True,True,32,1.6427694339598538e-07,1.2143841487954887e-10,4.481924955782325,1.8323431396521665e-13,2.2567265516621707e-15,1.8097758741355447e-13,,1.115398851338103e-14,1.3737329810321519e-16,1.1016615215277814e-14,1.6653345369377348e-15,6.342149028171207e-15,8.881784197001252e-16,0.0,1.7763568394002505e-15,2.6645352591003757e-15,8.723180907769088e-16,8.881784197001252e-16,0.38908816330548307,0.12811291903360172,1.054285453948597e-15,1.6219776214593799e-16,3.4602189257800105e-15,2.1626368286125066e-16,5.97428423904205e-15,3.2439552429187597e-16,6.082416080472675e-15,3.2439552429187597e-16,3.892746291502512e-15,4.0549440536484497e-16,1.3516480178828166e-15,2.973625639342197e-16,2.7032960357656333e-16,2.7032960357656333e-16,4.0549440536484497e-16,4.0549440536484497e-16
additive,20260921,38,8439,3,16.42769433959854,True,True,32,1.6427694339598538e-07,9.438729797750511e-08,8.941455090582295,2.695561655829959e-13,4.291569579864937e-15,2.65264596003131e-13,,1.6408642625717577e-14,2.6123992150987484e-16,1.6147402704207702e-14,3.552713678800501e-15,9.910475218255499e-15,6.661338147750939e-15,0.0,5.329070518200751e-15,3.552713678800501e-15,6.2722314115013596e-15,8.881784197001252e-16,0.6459640034191416,0.18686325651352642,1.0272524935909406e-15,2.1626368286125066e-16,4.379339577940326e-15,3.2439552429187597e-16,8.812745076595965e-15,4.0549440536484497e-16,9.461536125179717e-15,3.7846144500718867e-16,5.514723912961892e-15,5.67692167510783e-16,2.1626368286125066e-15,5.67692167510783e-16,2.1626368286125066e-16,2.1626368286125066e-16,5.67692167510783e-16,5.67692167510783e-16
additive,20260921,39,8661,3,16.42769433959854,True,True,32,1.6427694339598538e-07,8.476246371458274e-10,12.33176856670266,3.1086852668779774e-13,1.9674738029250088e-15,3.0890105288487274e-13,,1.8923442344459568e-14,1.1976566901311668e-16,1.8803676675446452e-14,5.9000423594365465e-15,1.2878587085651816e-14,2.6645352591003757e-15,0.0,5.329070518200751e-15,0.0,2.7930039233784293e-15,1.7763568394002505e-15,0.7713950483303157,0.36060040569514257,1.1083513746639097e-15,1.6219776214593799e-16,3.7305485293565736e-15,2.1626368286125066e-16,8.40725067123112e-15,3.7846144500718867e-16,9.43450316482206e-15,7.028569692990646e-16,5.8120864768961116e-15,9.191206521603152e-16,2.108570907897194e-15,5.67692167510783e-16,2.7032960357656332e-17,2.7032960357656332e-17,9.191206521603152e-16,9.191206521603152e-16
additive,20260921,40,239,4,16.42769433959854,True,True,32,1.6427694339598538e-07,2.0818995416505004e-09,-2.375678635532834,3.9193410421895744e-13,3.128714218919846e-15,3.888053900000376e-13,,2.385813225622358e-14,1.9045364213882164e-16,2.3667678614084758e-14,3.552713678800501e-15,1.4932499681208355e-14,4.440892098500626e-15,0.0,8.881784197001252e-15,2.6645352591003757e-15,4.689370584964353e-15,1.7763568394002505e-15,0.8350374115742228,0.20667946911210708,2.4870323529043828e-15,2.1626368286125066e-16,6.596042327268145e-15,4.325273657225013e-16,1.1516041112361598e-14,5.406592071531267e-16,1.3029886892390352e-14,5.947251278684394e-16,8.596481393734714e-15,8.650547314450026e-16,3.5683507672106355e-15,8.650547314450026e-16,4.86593286437814e-16,4.86593286437814e-16,8.650547314450026e-16,8.650547314450026e-16
additive,20260921,41,1142,4,16.42769433959854,True,True,32,1.6427694339598538e-07,7.73514585716839e-12,-4.566760614024942,3.993000374791222e-13,2.650657471292562e-15,3.9664938000782966e-13,,2.4306517349584453e-14,1.6135298213476128e-16,2.4145164367449693e-14,3.1826393372587822e-15,1.784683512084939e-14,8.881784197001252e-15,0.0,4.440892098500626e-15,4.440892098500626e-15,6.7586148318133336e-15,1.7763568394002505e-15,0.6644157873641432,0.28417708128533875,1.6760435421746926e-15,2.1626368286125066e-16,6.1094490408303314e-15,3.2439552429187597e-16,1.2327029923091288e-14,4.86593286437814e-16,1.2975820971675039e-14,7.569228900143773e-16,9.73186572875628e-15,1.0813184143062533e-15,4.379339577940326e-15,1.0813184143062533e-15,1.0813184143062533e-15,1.0813184143062533e-15,1.0813184143062533e-15,1.0813184143062533e-15
additive,20260921,42,3916,4,16.42769433959854,True,True,32,1.6427694339598538e-07,1.1835932234305346e-10,2.057151272827504,4.3128873488435767e-13,2.338803753839817e-15,4.2894993113051786e-13,,2.6253759411918638e-14,1.4236956845503208e-16,2.6111389843463605e-14,3.616154994493367e-15,1.672273430841642e-14,3.552713678800501e-15,0.0,4.440892098500626e-16,8.881784197001252e-16,3.5379107051388326e-15,1.7763568394002505e-15,0.39346125590411113,0.10998199545689281,1.8382413043206305e-15,1.0813184143062533e-16,5.839119437253768e-15,3.2439552429187597e-16,1.2867689130244414e-14,4.325273657225013e-16,1.481406227599567e-14,7.569228900143773e-16,1.0813184143062533e-14,9.73186572875628e-16,3.4602189257800105e-15,9.73186572875628e-16,3.2439552429187597e-16,3.2439552429187597e-16,9.73186572875628e-16,9.73186572875628e-16
additive,20260921,43,5343,4,16.42769433959854,True,True,32,1.6427694339598538e-07,3.331779296900095e-13,-2.2458075222111944,3.278604239949819e-13,3.563881993750598e-15,3.242965420012313e-13,,1.9957786967382433e-14,2.1694352963214996e-16,1.9740843437750285e-14,2.609024107869118e-15,2.0261570199409107e-14,1.4432899320127035e-15,0.0,2.220446049250313e-15,4.884981308350689e-15,1.3460132479503096e-15,1.7763568394002505e-15,0.3005675573124974,0.10123176722823979,1.1894502557368787e-15,1.0813184143062533e-16,4.217141815794388e-15,4.325273657225013e-16,8.866810997311277e-15,5.406592071531267e-16,1.1516041112361598e-14,6.487910485837519e-16,8.380217710873463e-15,8.650547314450026e-16,3.946812212217824e-15,1.0813184143062533e-15,1.2435161764521914e-15,1.2435161764521914e-15,1.2435161764521914e-15,1.2435161764521914e-15
additive,20260921,44,6289,4,16.42769433959854,True,True,32,1.6427694339598538e-07,1.6994650131607614e-10,1.1672784659525455,3.1187156032278344e-13,2.409712641067364e-15,3.0946184768171605e-13,,1.8984499825457853e-14,1.4668599203594952e-16,1.8837813833421904e-14,2.6645352591003757e-15,1.5557000132560006e-14,3.1086244689504383e-15,0.0,4.440892098500626e-16,1.3322676295501878e-15,2.776614916824438e-15,1.7763568394002505e-15,0.48824298337984473,0.20293509695712042,1.946373145751256e-15,2.1626368286125066e-16,5.1903283886700156e-15,3.2439552429187597e-16,8.812745076595965e-15,4.325273657225013e-16,8.92087691802659e-15,4.325273657225013e-16,7.623294820859085e-15,6.487910485837519e-16,3.838680370787199e-15,9.191206521603152e-16,9.73186572875628e-16,9.73186572875628e-16,9.73186572875628e-16,9.73186572875628e-16
additive,20260921,45,6993,4,16.42769433959854,True,True,32,1.6427694339598538e-07,3.468958453822779e-11,-2.1792006410260942,2.8731510804772917e-13,1.4971696171177443e-15,2.858179384306114e-13,,1.748967944668677e-14,9.113692927125234e-17,1.739854251741552e-14,2.394909667405695e-15,1.559863349598345e-14,7.549516567451064e-15,0.0,2.6645352591003757e-15,8.881784197001252e-16,7.299980725725792e-15,1.7763568394002505e-15,0.5982325444602409,0.20962995676660698,1.5138457800287547e-15,2.1626368286125066e-16,4.2712077365097006e-15,3.2439552429187597e-16,8.163954028012212e-15,4.325273657225013e-16,1.0218459015194093e-14,5.406592071531267e-16,7.0285696929906464e-15,6.487910485837519e-16,2.3248345907584447e-15,9.73186572875628e-16,3.2439552429187597e-16,3.2439552429187597e-16,9.73186572875628e-16,9.73186572875628e-16
additive,20260921,46,7594,4,16.42769433959854,True,True,32,1.6427694339598538e-07,3.6699532302009175e-12,1.052345222053031,2.3791246750448633e-13,1.7675014890847866e-15,2.3614496601540156e-13,,1.448240164360767e-14,1.0759279132825531e-16,1.4374808852279417e-14,2.220446049250313e-15,1.6209256159527285e-14,1.9984014443252818e-15,0.0,3.1086244689504383e-15,1.3322676295501878e-15,1.939189549678606e-15,1.7763568394002505e-15,0.4023966284211684,0.10832507525622004,1.5138457800287547e-15,1.0813184143062533e-16,4.1090099743637625e-15,3.2439552429187597e-16,7.785492583005023e-15,3.2439552429187597e-16,6.596042327268145e-15,5.406592071531267e-16,4.000878132933137e-15,4.325273657225013e-16,2.8114278771962586e-15,5.406592071531267e-16,9.73186572875628e-16,9.73186572875628e-16,9.73186572875628e-16,9.73186572875628e-16
additive,20260921,47,8085,4,16.42769433959854,True,True,32,1.6427694339598538e-07,2.4424906541753444e-15,1.3164090376355357,3.4389158187764224e-13,2.4924506902834748e-15,3.413991311873588e-13,,2.0933648676960123e-14,1.5172249000734607e-16,2.0781926186952778e-14,2.791417890486108e-15,1.927624726505428e-14,8.881784197001252e-16,0.0,2.220446049250313e-16,2.220446049250313e-15,9.220137880696533e-16,1.7763568394002505e-15,0.2598110532898128,0.08249688490989206,1.6219776214593799e-15,1.0813184143062533e-16,4.541537340086264e-15,2.1626368286125066e-16,8.650547314450027e-15,4.325273657225013e-16,1.1786370715938161e-14,5.406592071531267e-16,1.0056261253048155e-14,7.569228900143773e-16,3.784614450071886e-15,1.1894502557368787e-15,3.2439552429187597e-16,3.2439552429187597e-16,1.1894502557368787e-15,1.1894502557368787e-15
additive,20260921,48,8903,4,16.42769433959854,True,True,32,1.6427694339598538e-07,1.6018297799291759e-12,-2.0732904476029006,2.7247648581862904e-13,2.513862134329819e-15,2.699626236842992e-13,,1.6586410739444514e-14,1.5302586488173318e-16,1.6433384874562778e-14,1.9984014443252818e-15,1.0574874309554616e-14,4.440892098500626e-16,0.0,2.6645352591003757e-15,0.0,3.8910673624957877e-16,1.7763568394002505e-15,0.2344843575047528,0.07590546642479798,1.2975820971675039e-15,2.1626368286125066e-16,3.676482608641261e-15,3.2439552429187597e-16,8.001756265866274e-15,3.2439552429187597e-16,1.016439309447878e-14,5.406592071531267e-16,7.244833375851896e-15,5.406592071531267e-16,2.0545049871818812e-15,6.487910485837519e-16,3.2439552429187597e-16,3.2439552429187597e-16,6.487910485837519e-16,6.487910485837519e-16
additive,20260921,49,9143,4,16.42769433959854,True,True,32,1.6427694339598538e-07,7.652312117301108e-11,1.0296519461232236,3.766484478803921e-13,2.004216898263795e-15,3.746442309821283e-13,,2.2927651324293918e-14,1.2200232466175618e-16,2.280564899963216e-14,2.394909667405695e-15,1.6181500583911657e-14,1.7763568394002505e-15,0.0,1.5543122344752192e-15,1.3322676295501878e-15,1.5458533923828366e-15,1.7763568394002505e-15,0.3421312407747136,0.0719087683744882,1.4057139385981293e-15,1.0813184143062533e-16,5.298460230100641e-15,3.2439552429187597e-16,1.0488788618770657e-14,5.406592071531267e-16,1.2867689130244414e-14,6.487910485837519e-16,1.0272524935909406e-14,7.569228900143773e-16,4.1090099743637625e-15,9.73186572875628e-16,6.487910485837519e-16,6.487910485837519e-16,9.73186572875628e-16,9.73186572875628e-16
additive,20260921,50,1325,5,16.42769433959854,True,True,64,1.6427694339598538e-07,1.6058265828178264e-12,26.344887640933976,4.849964345476381e-13,9.184452140619302e-15,4.758119824070188e-13,,2.9523098282792284e-14,5.59083456920696e-16,2.8964014825871583e-14,4.588921835117313e-15,2.0594637106796654e-14,1.5987211554602254e-14,0.0,1.4210854715202004e-14,2.1316282072803006e-14,1.5572199614444755e-14,3.552713678800501e-15,1.9678657549974792,0.7034542070706491,2.3248345907584447e-15,2.1626368286125066e-16,6.623075287625801e-15,4.325273657225013e-16,1.289472209060207e-14,7.569228900143773e-16,1.546285332457942e-14,9.73186572875628e-16,1.2272964002375976e-14,1.0813184143062533e-15,5.325493190458297e-15,1.4057139385981293e-15,8.109888107296899e-17,8.109888107296899e-17,1.4057139385981293e-15,1.4057139385981293e-15
additive,20260921,51,1435,5,16.42769433959854,True,True,64,1.6427694339598538e-07,9.130474154517287e-13,24.50812861603456,4.331884057811359e-13,5.800122287220284e-15,4.273882834939156e-13,,2.636939772716286e-14,3.5306977152839017e-16,2.601632795563447e-14,3.8487731520338765e-15,1.3322676295501878e-14,1.5987211554602254e-14,0.0,3.552713678800501e-14,7.105427357601002e-15,1.7586990065324028e-14,3.552713678800501e-15,2.072773304593303,0.6548522613750182,2.2167027493278193e-15,2.1626368286125066e-16,6.4879104858375195e-15,3.2439552429187597e-16,1.2705491368098477e-14,4.86593286437814e-16,1.4057139385981293e-14,5.406592071531267e-16,8.812745076595965e-15,8.650547314450026e-16,2.541098273619695e-15,6.487910485837519e-16,1.6219776214593799e-16,1.6219776214593799e-16,8.650547314450026e-16,8.650547314450026e-16
additive,20260921,52,3703,5,16.42769433959854,True,True,64,1.6427694339598538e-07,1.4992451724538114e-12,22.59526015538158,5.008658212055756e-13,5.994332840943871e-15,4.948714883646317e-13,,3.0489112522519445e-14,3.6489191465503985e-16,3.01242206078644e-14,5.684341886080802e-15,1.2820473849206593e-14,6.217248937900877e-15,0.0,7.105427357601002e-15,1.4210854715202004e-14,4.6460190192408925e-15,3.552713678800501e-15,1.9953842192400002,0.7019403014775621,3.6494496482836046e-15,3.2439552429187597e-16,9.542635006252685e-15,5.406592071531267e-16,1.3435381297755198e-14,7.569228900143773e-16,1.186746959701113e-14,6.487910485837519e-16,7.190767455136584e-15,5.67692167510783e-16,3.784614450071886e-15,7.569228900143773e-16,1.0813184143062533e-16,1.0813184143062533e-16,7.569228900143773e-16,7.569228900143773e-16
additive,20260921,53,4857,5,16.42769433959854,True,True,64,1.6427694339598538e-07,1.5045742429720121e-12,15.97918862782943,3.956015409436358e-13,4.035396355697057e-15,3.9156614458793877e-13,,2.408137945384389e-14,2.4564593620237e-16,2.383573351764152e-14,5.582835780972216e-15,2.1760371282653068e-14,1.0658141036401503e-14,0.0,8.881784197001252e-15,8.881784197001252e-15,1.2873300309344078e-14,2.6645352591003757e-15,1.731852572540197,0.7011653969104465,2.1626368286125066e-15,2.1626368286125066e-16,6.3527456840492385e-15,4.325273657225013e-16,1.0921315984493158e-14,5.406592071531267e-16,1.289472209060207e-14,7.569228900143773e-16,1.0002195332332842e-14,9.73186572875628e-16,3.676482608641261e-15,1.5138457800287547e-15,7.569228900143773e-16,7.569228900143773e-16,1.5138457800287547e-15,1.5138457800287547e-15
additive,20260921,54,4983,5,16.42769433959854,True,True,32,1.6427694339598538e-07,4.045171841937645e-08,31.337810584123865,3.3790642241965105e-13,2.878702567326875e-14,3.091193967463823e-13,,2.0569315171949373e-14,1.7523472909937435e-15,1.881696788095563e-14,5.1514348342607263e-14,5.1514348342607263e-14,1.0658141036401503e-14,0.0,0.0,4.973799150320701e-14,1.0908734233388323e-14,3.552713678800501e-15,2.0129149755867584,0.611218933261906,1.4057139385981293e-15,3.2439552429187597e-16,4.86593286437814e-15,3.2439552429187597e-16,8.866810997311277e-15,5.406592071531267e-16,1.1191645588069722e-14,5.406592071531267e-16,8.434283631588776e-15,7.569228900143773e-16,2.5951641943350078e-15,1.0272524935909406e-15,1.6219776214593799e-16,1.6219776214593799e-16,1.0272524935909406e-15,1.0272524935909406e-15
additive,20260921,55,6323,5,16.42769433959854,True,True,64,1.6427694339598538e-07,2.6414426201881724e-12,24.72795678668996,5.561910720346186e-13,3.254539495044036e-15,5.529365325395746e-13,,3.385691628641605e-14,1.981129809068246e-16,3.365880330550923e-14,4.821539992657823e-15,3.1530333899354446e-14,1.7763568394002505e-14,0.0,2.842170943040401e-14,1.0658141036401503e-14,1.783546855178775e-14,3.552713678800501e-15,2.0372865785805603,0.6550173118791386,2.6492301150503205e-15,3.2439552429187597e-16,8.380217710873463e-15,5.406592071531267e-16,1.546285332457942e-14,7.569228900143773e-16,1.7787687915337866e-14,1.2975820971675039e-15,1.4543732672419107e-14,1.4057139385981293e-15,6.758240089414083e-15,2.0545049871818812e-15,1.6219776214593799e-15,1.6219776214593799e-15,2.0545049871818812e-15,2.0545049871818812e-15
additive,20260921,56,6699,5,16.42769433959854,True,True,64,1.6427694339598538e-07,3.197442310920451e-14,18.19401220170736,3.366434115597323e-13,3.2011430543358703e-15,3.334422685053964e-13,,2.0492432145408374e-14,1.9486258924477287e-16,2.02975695561636e-14,2.5059319698682106e-15,1.354472090042691e-14,2.1316282072803006e-14,0.0,2.1316282072803006e-14,7.105427357601002e-15,2.207493447296353e-14,3.552713678800501e-15,1.3706101745993553,0.5461867686828257,1.703076502532349e-15,2.1626368286125066e-16,5.352526150815954e-15,2.7032960357656333e-16,9.812964609829249e-15,3.7846144500718867e-16,1.19485684780841e-14,4.325273657225013e-16,7.758459622647368e-15,6.758240089414083e-16,2.757361956480946e-15,7.839558503720337e-16,4.0549440536484497e-16,4.0549440536484497e-16,7.839558503720337e-16,7.839558503720337e-16
additive,20260921,57,6794,5,16.42769433959854,True,True,64,1.6427694339598538e-07,6.785683126508957e-13,20.96709792516776,4.838962563979975e-13,3.985964997219699e-15,4.799102914007779e-13,,2.945612734171575e-14,2.426369102577975e-16,2.9213490431457954e-14,5.684341886080802e-15,1.432187701766452e-14,1.9539925233402755e-14,0.0,3.552713678800501e-15,1.0658141036401503e-14,1.711911036208914e-14,2.6645352591003757e-15,1.8841887609159111,0.6250351349595898,3.352087084349385e-15,3.2439552429187597e-16,8.83977803695362e-15,5.406592071531267e-16,1.451669971206145e-14,6.487910485837519e-16,1.348944721847051e-14,6.487910485837519e-16,7.136701534421271e-15,7.569228900143773e-16,2.270768670043132e-15,5.947251278684394e-16,2.7032960357656332e-17,2.7032960357656332e-17,7.569228900143773e-16,7.569228900143773e-16
additive,20260921,58,7277,5,16.42769433959854,True,True,64,1.6427694339598538e-07,1.6218137943724287e-12,36.93807034553281,4.223477387927097e-13,6.214605549747005e-15,4.161331332429627e-13,,2.5709495810051155e-14,3.783005345288691e-16,2.5331195275522287e-14,5.773159728050814e-15,2.5798807534727075e-14,1.4210854715202004e-14,0.0,2.842170943040401e-14,7.105427357601002e-15,1.4925626872008294e-14,7.105427357601002e-15,2.2569609521423937,0.7036265275493833,1.6219776214593799e-15,2.1626368286125066e-16,5.08219654723939e-15,2.7032960357656333e-16,1.0272524935909406e-14,4.325273657225013e-16,1.1461975191646285e-14,5.947251278684394e-16,8.758679155880652e-15,8.650547314450026e-16,3.946812212217824e-15,1.0272524935909406e-15,1.8382413043206305e-15,1.8382413043206305e-15,1.8382413043206305e-15,1.8382413043206305e-15
additive,20260921,59,7584,5,16.42769433959854,True,True,64,1.6427694339598538e-07,1.6129320101754274e-12,23.08417451306991,6.866639532109362e-13,9.862481202086807e-15,6.768014720088494e-13,,4.179916785739982e-14,6.003569946096177e-16,4.119881086279021e-14,5.83660104374368e-15,2.731148640577885e-14,8.881784197001252e-15,0.0,7.105427357601002e-15,2.1316282072803006e-14,8.696747026230391e-15,3.552713678800501e-15,2.0816874133547105,0.7027029940468683,4.000878132933137e-15,3.2439552429187597e-16,1.1678238874507536e-14,5.406592071531267e-16,2.0869445396110688e-14,8.650547314450026e-16,2.3789005114737573e-14,1.2975820971675039e-15,1.562505108672536e-14,1.5138457800287547e-15,5.7309875958231425e-15,1.7301094628900053e-15,7.028569692990646e-16,7.028569692990646e-16,1.7301094628900053e-15,1.7301094628900053e-15
additive,20260921,60,430,6,16.42769433959854,True,True,32,1.6427694339598538e-07,1.3767504913886341e-09,-2.2886799890249954,4.68073496628918e-13,3.713200382092297e-15,4.643602962468256e-13,,2.8492951411972566e-14,2.2603296027621615e-16,2.826691845169635e-14,3.520993020954068e-15,2.280814426214306e-14,1.9984014443252818e-15,0.0,3.1086244689504383e-15,3.552713678800501e-15,1.8842070760781236e-15,0.0,0.3657594082729135,0.10920814632250615,2.5951641943350078e-15,2.1626368286125066e-16,8.32615179015815e-15,4.325273657225013e-16,1.3732743861689417e-14,5.406592071531267e-16,1.4057139385981293e-14,7.569228900143773e-16,1.0380656777340031e-14,1.0813184143062533e-15,5.622855754392517e-15,1.4057139385981293e-15,9.73186572875628e-16,9.73186572875628e-16,1.4057139385981293e-15,1.4057139385981293e-15
additive,20260921,61,3174,6,16.42769433959854,True,True,32,1.6427694339598538e-07,4.738431869100168e-13,-5.555610613142898,3.886890809212673e-13,3.364967035171924e-15,3.8532411388609537e-13,,2.3660598553038706e-14,2.0483501613861642e-16,2.3455763536900087e-14,3.1086244689504383e-15,1.4328815911568427e-14,3.774758283725532e-15,0.0,0.0,1.7763568394002505e-15,3.616154994493367e-15,0.0,0.46576138214239765,0.19994600650590313,1.6219776214593799e-15,2.1626368286125066e-16,5.947251278684393e-15,3.2439552429187597e-16,1.2110766240230037e-14,5.406592071531267e-16,1.3840875703120042e-14,6.487910485837519e-16,9.839997570186906e-15,7.569228900143773e-16,3.1358234014881347e-15,8.650547314450026e-16,1.0813184143062533e-16,1.0813184143062533e-16,8.650547314450026e-16,8.650547314450026e-16
additive,20260921,62,4412,6,16.42769433959854,True,True,32,1.6427694339598538e-07,6.661338147750939e-16,0.2353199629569147,4.0458847209989823e-13,1.4756280688107047e-15,4.0311284403108754e-13,,2.4628439252406105e-14,8.982563458426061e-17,2.4538613617821844e-14,3.1826393372587822e-15,1.2378986724570495e-14,1.7763568394002505e-15,0.0,2.886579864025407e-15,2.220446049250313e-16,1.797503944631207e-15,0.0,0.23077624777670477,0.08726063663601265,2.3789005114737574e-15,3.2439552429187597e-16,8.1098881072969e-15,5.406592071531267e-16,1.4489666751703793e-14,7.569228900143773e-16,1.3624612020258791e-14,7.569228900143773e-16,7.569228900143773e-15,6.487910485837519e-16,1.4057139385981293e-15,5.406592071531267e-16,2.1626368286125066e-16,2.1626368286125066e-16,7.569228900143773e-16,7.569228900143773e-16
additive,20260921,63,4542,6,16.42769433959854,True,True,32,1.6427694339598538e-07,6.3860028376439004e-12,-6.96139242863819,3.118390466484909e-13,2.1825134292422875e-15,3.0965653321924863e-13,,1.898252062657453e-14,1.3285573642439857e-16,1.884966489015013e-14,2.91830052187184e-15,1.5237811012980274e-14,3.1086244689504383e-15,0.0,5.329070518200751e-15,0.0,3.842429020464591e-15,0.0,0.5283640111120579,0.15741317485388553,2.1626368286125066e-15,2.1626368286125066e-16,4.86593286437814e-15,3.2439552429187597e-16,8.380217710873463e-15,4.325273657225013e-16,9.623733887325655e-15,5.406592071531267e-16,7.298899296567209e-15,7.569228900143773e-16,2.1626368286125066e-15,8.650547314450026e-16,2.1626368286125066e-16,2.1626368286125066e-16,8.650547314450026e-16,8.650547314450026e-16
additive,20260921,64,5260,6,16.42769433959854,True,True,32,1.6427694339598538e-07,5.425384141943823e-09,-6.909937695234882,3.788350585612729e-13,1.8778629445088374e-15,3.7695719561676407e-13,,2.306075647195971e-14,1.143108037980897e-16,2.294644566816162e-14,2.960594732333751e-15,1.7291723608536813e-14,3.1086244689504383e-15,0.0,2.6645352591003757e-15,1.7763568394002505e-15,2.6032086539306046e-15,0.0,0.6636366445277965,0.13192767225815238,2.1626368286125066e-15,2.1626368286125066e-16,6.379778644406895e-15,4.325273657225013e-16,1.2327029923091288e-14,5.406592071531267e-16,1.275955728881379e-14,8.650547314450026e-16,8.272085869442838e-15,1.0813184143062533e-15,2.8654937979115713e-15,8.650547314450026e-16,5.406592071531267e-16,5.406592071531267e-16,1.0813184143062533e-15,1.0813184143062533e-15
additive,20260921,65,5777,6,16.42769433959854,True,True,32,1.6427694339598538e-07,1.2488823530887316e-07,-6.801609002027661,3.4926691168853574e-13,2.8382058608095945e-15,3.4642870582772614e-13,,2.126086013462259e-14,1.7276958057152132e-16,2.108809055405107e-14,2.812564995717063e-15,1.687538997430238e-14,4.218847493575595e-15,0.0,4.440892098500626e-15,1.7763568394002505e-15,4.298149138191678e-15,0.0,0.6539957049985866,0.15826221847481386,1.6219776214593799e-15,2.1626368286125066e-16,5.7309875958231425e-15,4.325273657225013e-16,1.0705052301631907e-14,5.406592071531267e-16,1.2705491368098477e-14,6.487910485837519e-16,8.488349552304088e-15,1.0272524935909406e-15,2.757361956480946e-15,5.947251278684394e-16,5.4065920715312664e-17,5.4065920715312664e-17,1.0272524935909406e-15,1.0272524935909406e-15
additive,20260921,66,6206,6,16.42769433959854,True,True,32,1.6427694339598538e-07,1.3911094498553211e-13,1.7384293762700693,3.6225189514738076e-13,2.7960438197553794e-15,3.594558513276254e-13,,2.2051292631746977e-14,1.702030584423273e-16,2.188108957330465e-14,2.914335439641036e-15,1.6486811915683575e-14,8.881784197001252e-16,0.0,0.0,5.10702591327572e-15,1.0890759193942016e-15,0.0,0.2887226294447086,0.06575082752810356,1.5138457800287547e-15,2.1626368286125066e-16,4.6496691815168894e-15,3.2439552429187597e-16,1.0380656777340031e-14,5.406592071531267e-16,1.4057139385981293e-14,7.569228900143773e-16,9.623733887325655e-15,9.73186572875628e-16,3.0276915600575094e-15,5.406592071531267e-16,3.2439552429187597e-16,3.2439552429187597e-16,9.73186572875628e-16,9.73186572875628e-16
additive,20260921,67,6466,6,16.42769433959854,True,True,32,1.6427694339598538e-07,1.2770614454815643e-07,-4.234531599039581,3.558334182862666e-13,1.5212236232591587e-14,3.4062118205367497e-13,,2.1660581876577724e-14,9.260116433943428e-16,2.073457023318338e-14,2.531308496145357e-14,2.531308496145357e-14,2.886579864025407e-15,0.0,7.105427357601002e-15,2.842170943040401e-14,2.7448942589780066e-15,0.0,0.49784494121862444,0.1252309433659475,1.8382413043206305e-15,2.1626368286125066e-16,5.08219654723939e-15,3.2439552429187597e-16,8.758679155880652e-15,4.325273657225013e-16,1.1786370715938161e-14,8.650547314450026e-16,9.51560204589503e-15,1.2975820971675039e-15,3.892746291502512e-15,1.1894502557368787e-15,6.487910485837519e-16,6.487910485837519e-16,1.2975820971675039e-15,1.2975820971675039e-15
additive,20260921,68,7419,6,16.42769433959854,True,True,32,1.6427694339598538e-07,3.319566843629218e-14,1.8644659090922673,4.2461867355569893e-13,3.4969381887538553e-15,4.2112173536694507e-13,,2.584773400197534e-14,2.1286847176871162e-16,2.5634865530206625e-14,3.4099707184915523e-15,2.3162027851242328e-14,1.5543122344752192e-15,0.0,1.1102230246251565e-15,1.3322676295501878e-15,1.3935942347199586e-15,0.0,0.4428054590521111,0.12076389060333044,2.0545049871818812e-15,2.1626368286125066e-16,6.596042327268145e-15,3.2439552429187597e-16,1.2435161764521914e-14,5.406592071531267e-16,1.481406227599567e-14,7.569228900143773e-16,1.0813184143062533e-14,1.1894502557368787e-15,3.784614450071886e-15,1.4057139385981293e-15,2.1626368286125066e-16,2.1626368286125066e-16,1.4057139385981293e-15,1.4057139385981293e-15
additive,20260921,69,9004,6,16.42769433959854,True,True,32,1.6427694339598538e-07,2.5568436257117355e-13,-2.9254247282819588,4.192962775925867e-13,3.0542367576845756e-15,4.1624204083490215e-13,,2.552374477664122e-14,1.8591998941217307e-16,2.5337824787229045e-14,3.1086244689504383e-15,1.7957857423311907e-14,3.552713678800501e-15,0.0,4.440892098500626e-15,2.6645352591003757e-15,3.2037864424897363e-15,0.0,0.4226835664862184,0.18153481421229894,1.946373145751256e-15,2.1626368286125066e-16,5.622855754392517e-15,3.2439552429187597e-16,1.0488788618770657e-14,3.2439552429187597e-16,1.4381534910273167e-14,5.406592071531267e-16,1.1894502557368787e-14,8.650547314450026e-16,4.9740647058087656e-15,1.0813184143062533e-15,7.569228900143773e-16,7.569228900143773e-16,1.0813184143062533e-15,1.0813184143062533e-15
additive,20260921,70,60,7,16.42769433959854,True,True,64,1.6427694339598538e-07,2.419398015263141e-12,37.58412861215321,5.282832372613267e-13,8.502193658105602e-15,5.197810436032211e-13,,3.215808782051133e-14,5.175524624664632e-16,3.164053535804487e-14,7.105427357601002e-15,2.2648549702353193e-14,1.4210854715202004e-14,0.0,4.973799150320701e-14,1.4210854715202004e-14,1.3963433583999826e-14,3.552713678800501e-15,2.5566330322376127,0.6444678065199495,4.1090099743637625e-15,3.2439552429187597e-16,8.218019948727525e-15,5.406592071531267e-16,1.3949007544550667e-14,7.569228900143773e-16,1.62197762145938e-14,1.0813184143062533e-15,1.2975820971675039e-14,1.1894502557368787e-15,4.9740647058087656e-15,1.1894502557368787e-15,5.406592071531267e-16,5.406592071531267e-16,1.1894502557368787e-15,1.1894502557368787e-15
additive,20260921,71,1722,7,16.42769433959854,True,True,64,1.6427694339598538e-07,2.1369572777985013e-12,36.45711810691609,6.876383060844524e-13,6.350475700855893e-15,6.812878303835965e-13,,4.185847945970834e-14,3.865713331144854e-16,4.147190812659386e-14,1.522591576628786e-14,2.1316282072803006e-14,8.881784197001252e-15,0.0,7.105427357601002e-15,1.4210854715202004e-14,8.196617987518298e-15,3.552713678800501e-15,2.6668255834860926,0.6495286052018086,6.920437851560021e-15,6.487910485837519e-16,1.481406227599567e-14,8.650547314450026e-16,1.9571863298943186e-14,8.650547314450026e-16,1.7949885677483805e-14,7.569228900143773e-16,1.0705052301631907e-14,9.73186572875628e-16,3.5683507672106355e-15,9.73186572875628e-16,2.1626368286125066e-16,2.1626368286125066e-16,9.73186572875628e-16,9.73186572875628e-16
additive,20260921,72,2164,7,16.42769433959854,True,True,64,1.6427694339598538e-07,1.4354739619193424e-10,38.38558716659064,8.648373023014582e-13,7.611900527882385e-15,8.572254017735758e-13,,5.2645081191752513e-14,4.633578133684952e-16,5.2181723378384016e-14,8.881784197001252e-15,2.4868995751603507e-14,1.0658141036401503e-14,0.0,0.0,7.105427357601002e-15,1.2140553113091476e-14,7.105427357601002e-15,2.59495076564623,0.7437096747253338,7.0285696929906464e-15,4.325273657225013e-16,1.6111644373163174e-14,7.569228900143773e-16,2.6924828516225706e-14,8.650547314450026e-16,2.984438823485259e-14,1.1894502557368787e-15,1.9788126981804437e-14,1.7301094628900053e-15,5.947251278684393e-15,1.6219776214593799e-15,1.0813184143062533e-16,1.0813184143062533e-16,1.7301094628900053e-15,1.7301094628900053e-15
additive,20260921,73,5110,7,16.42769433959854,True,True,64,1.6427694339598538e-07,3.480060684069031e-11,38.56039139551598,6.265675808879765e-13,8.513824565982632e-15,6.180537563219938e-13,,3.8140932496999976e-14,5.182604685710687e-16,3.7622672028428906e-14,7.993605777301127e-15,2.7977620220553945e-14,1.4210854715202004e-14,0.0,0.0,7.105427357601002e-15,1.6938831289995247e-14,3.552713678800501e-15,2.7334368071900332,0.6911853833506193,4.325273657225013e-15,4.325273657225013e-16,1.0921315984493158e-14,6.487910485837519e-16,1.881494040892881e-14,8.650547314450026e-16,2.032878618895756e-14,1.0813184143062533e-15,1.1894502557368787e-14,1.1894502557368787e-15,5.514723912961892e-15,1.7301094628900053e-15,6.487910485837519e-16,6.487910485837519e-16,1.7301094628900053e-15,1.7301094628900053e-15
additive,20260921,74,5313,7,16.42769433959854,True,True,64,1.6427694339598538e-07,1.7781331962396507e-12,34.4732819762563,9.78550573904613e-13,8.471530355520721e-15,9.700790435490923e-13,,5.956712814809573e-14,5.156859009179586e-16,5.905144224717778e-14,7.771561172376096e-15,2.4868995751603507e-14,1.0658141036401503e-14,0.0,1.4210854715202004e-14,1.4210854715202004e-14,9.69806245891613e-15,3.552713678800501e-15,2.539190253958035,0.6946822728152152,9.73186572875628e-15,7.569228900143773e-16,2.2599554859000694e-14,9.73186572875628e-16,3.146636585631197e-14,1.0813184143062533e-15,2.843867429625446e-14,1.2975820971675039e-15,1.6976699104608177e-14,1.5138457800287547e-15,6.4879104858375195e-15,1.2975820971675039e-15,1.2975820971675039e-15,1.2975820971675039e-15,1.5138457800287547e-15,1.5138457800287547e-15
additive,20260921,75,5523,7,16.42769433959854,True,True,64,1.6427694339598538e-07,3.771205570046732e-12,39.392111069181354,5.643898047326599e-13,6.992290344615388e-15,5.573975143880445e-13,,3.4355996225971446e-14,4.256403972504316e-16,3.393035582872102e-14,6.217248937900877e-15,3.3306690738754696e-14,1.5987211554602254e-14,0.0,7.105427357601002e-15,7.105427357601002e-15,1.2263206323431015e-14,3.552713678800501e-15,2.6702276061975394,0.7103306004225143,5.7309875958231425e-15,6.487910485837519e-16,9.948129411617531e-15,6.487910485837519e-16,1.2651425447383164e-14,5.406592071531267e-16,1.643603989745505e-14,7.569228900143773e-16,1.5679117007440672e-14,1.0813184143062533e-15,5.1903283886700156e-15,1.8382413043206305e-15,1.0813184143062533e-16,1.0813184143062533e-16,1.8382413043206305e-15,1.8382413043206305e-15
additive,20260921,76,7928,7,16.42769433959854,True,True,64,1.6427694339598538e-07,1.6893153542696382e-12,38.9121629407624,4.997018671864291e-13,8.073964777178759e-15,4.916279024092503e-13,,3.041825936473084e-14,4.914849649787233e-16,2.9926774399752113e-14,6.217248937900877e-15,2.531308496145357e-14,9.769962616701378e-15,0.0,1.4210854715202004e-14,1.4210854715202004e-14,8.862751802293393e-15,7.105427357601002e-15,2.6965337486343794,0.6596747783625387,4.9740647058087656e-15,4.325273657225013e-16,9.083074680172528e-15,4.325273657225013e-16,1.2975820971675039e-14,4.325273657225013e-16,1.4922194117426294e-14,1.0813184143062533e-15,1.135384335021566e-14,1.5138457800287547e-15,3.784614450071886e-15,1.2975820971675039e-15,3.2439552429187597e-16,3.2439552429187597e-16,1.5138457800287547e-15,1.5138457800287547e-15
additive,20260921,77,8612,7,16.42769433959854,True,True,64,1.6427694339598538e-07,1.284305994886381e-12,36.90073733452546,6.591922774830329e-13,7.055731660308256e-15,6.521365458227246e-13,,4.01268896204178e-14,4.2950224873009686e-16,3.96973873716877e-14,6.513308411134252e-15,3.3306690738754696e-14,2.1316282072803006e-14,0.0,1.4210854715202004e-14,1.4210854715202004e-14,2.2432849228997448e-14,3.552713678800501e-15,2.6013370303386387,0.6953222543984522,4.217141815794388e-15,4.325273657225013e-16,1.2218898081660663e-14,5.406592071531267e-16,1.7733621994622555e-14,7.569228900143773e-16,2.173450012755569e-14,1.0813184143062533e-15,1.5895380690301923e-14,1.5138457800287547e-15,5.839119437253768e-15,1.8382413043206305e-15,4.325273657225013e-16,4.325273657225013e-16,1.8382413043206305e-15,1.8382413043206305e-15
additive,20260921,78,8934,7,16.42769433959854,True,True,64,1.6427694339598538e-07,4.32720526077901e-12,36.2008486320885,5.398454170463516e-13,6.9743153051690775e-15,5.328711017411825e-13,,3.2861910252680316e-14,4.2454620599785985e-16,3.243736404668246e-14,6.217248937900877e-15,1.6653345369377348e-14,8.881784197001252e-15,0.0,7.105427357601002e-15,1.4210854715202004e-14,9.196876064942487e-15,3.552713678800501e-15,2.5553048520714072,0.7315479735267127,4.1090099743637625e-15,4.325273657225013e-16,8.650547314450027e-15,6.487910485837519e-16,1.3083952813105664e-14,9.73186572875628e-16,1.319208465453629e-14,8.650547314450026e-16,7.352965217282522e-15,8.650547314450026e-16,2.1626368286125066e-15,6.487910485837519e-16,7.569228900143773e-16,7.569228900143773e-16,9.73186572875628e-16,9.73186572875628e-16
additive,20260921,79,9879,7,16.42769433959854,True,True,64,1.6427694339598538e-07,1.0391687510491465e-12,35.61765576374897,7.598435108626572e-13,1.016594216215102e-14,7.496775687005062e-13,,4.6253813539193617e-14,6.188295175206831e-16,4.5634984021672933e-14,9.769962616701378e-15,2.220446049250313e-14,7.549516567451064e-15,0.0,0.0,7.105427357601002e-15,7.105427357601005e-15,3.552713678800501e-15,2.6062405025663002,0.6912529365783227,7.136701534421271e-15,4.325273657225013e-16,1.5787248848871298e-14,6.487910485837519e-16,2.1950763810416942e-14,8.650547314450026e-16,2.4437796163321326e-14,9.73186572875628e-16,1.6544171738885675e-14,1.2975820971675039e-15,6.163514961545644e-15,1.4057139385981293e-15,6.487910485837519e-16,6.487910485837519e-16,1.4057139385981293e-15,1.4057139385981293e-15
additive,20260921,80,298,8,16.42769433959854,True,True,32,1.6427694339598538e-07,5.740345976334993e-09,13.675828439595296,2.5732412232772257e-13,3.3430269134948104e-15,2.5398109541422774e-13,,1.5664043718384104e-14,2.0349945916856568e-16,1.5460544259215536e-14,2.5905203907920318e-15,1.1948775302528247e-14,1.7763568394002505e-15,0.0,3.552713678800501e-15,5.329070518200751e-15,1.8757482339857403e-15,0.0,1.105031411739607,0.3619972883904366,1.3516480178828166e-15,2.1626368286125066e-16,4.217141815794388e-15,4.325273657225013e-16,8.40725067123112e-15,4.325273657225013e-16,8.893843957668933e-15,4.86593286437814e-16,5.433625031888923e-15,4.86593286437814e-16,2.027472026824225e-15,7.028569692990646e-16,2.7032960357656333e-16,2.7032960357656333e-16,7.028569692990646e-16,7.028569692990646e-16
additive,20260921,81,523,8,16.42769433959854,True,True,32,1.6427694339598538e-07,1.2391837733716216e-07,8.008492045006816,2.22309472418049e-13,6.41761775996418e-15,2.1589185465808482e-13,,1.3532603408755768e-14,3.90658459263798e-16,1.3141944949491969e-14,8.43769498715119e-15,8.659739592076221e-15,3.552713678800501e-15,0.0,0.0,7.105427357601002e-15,3.4459207973841763e-15,0.0,0.7711865980175608,0.16170779857060508,1.3246150575251602e-15,2.1626368286125066e-16,3.487251886137667e-15,3.2439552429187597e-16,6.082416080472675e-15,2.7032960357656333e-16,6.70417416869877e-15,3.514284846495323e-16,4.919998785093453e-15,4.86593286437814e-16,2.0545049871818812e-15,4.86593286437814e-16,2.7032960357656333e-16,2.7032960357656333e-16,4.86593286437814e-16,4.86593286437814e-16
additive,20260921,82,1566,8,16.42769433959854,True,True,64,1.6427694339598538e-07,1.1939338406818933e-12,7.1351846563527275,3.0126271847545164e-13,4.185805141652227e-15,2.9707691333379944e-13,,1.8338709757294762e-14,2.5480174241874284e-16,1.808390801487602e-14,3.1086244689504383e-15,1.3766765505351941e-14,3.552713678800501e-15,0.0,1.7763568394002505e-15,2.6645352591003757e-15,3.2955120114290068e-15,0.0,0.8490112013427803,0.14570985873220993,1.5949446611017237e-15,2.7032960357656333e-16,4.6091197409804045e-15,3.2439552429187597e-16,8.272085869442838e-15,4.86593286437814e-16,9.691316288219795e-15,6.487910485837519e-16,7.271866336209554e-15,8.650547314450026e-16,3.717032049177746e-15,7.569228900143773e-16,7.163734494778928e-16,7.163734494778928e-16,8.650547314450026e-16,8.650547314450026e-16
additive,20260921,83,2304,8,16.42769433959854,True,True,64,1.6427694339598538e-07,8.752998326144734e-13,15.364040512069408,2.9761484282311186e-13,4.219640510021756e-15,2.933952023130901e-13,,1.8116653297214014e-14,2.5686139654123097e-16,1.7859791900672783e-14,4.123685520036295e-15,1.9234613901630837e-14,6.217248937900877e-15,0.0,3.552713678800501e-15,1.7763568394002505e-15,5.654207261126691e-15,0.0,1.0853765357251017,0.2420943637444182,1.8382413043206305e-15,1.6219776214593799e-16,4.487471419370951e-15,2.7032960357656333e-16,7.325932256924866e-15,3.514284846495323e-16,7.866591464077993e-15,4.325273657225013e-16,6.2716468029762695e-15,6.758240089414083e-16,3.1898893222034474e-15,1.0002195332332843e-15,2.7032960357656332e-17,2.7032960357656332e-17,1.0002195332332843e-15,1.0002195332332843e-15
additive,20260921,84,4575,8,16.42769433959854,True,True,32,1.6427694339598538e-07,2.0678392331774376e-10,6.772898837916962,2.1153079288183107e-13,2.251109351835198e-15,2.0927968352999586e-13,,1.2876474842360652e-14,1.3703136333678648e-16,1.2739443479023865e-14,2.4980018054066022e-15,7.466249840604178e-15,1.1546319456101628e-14,0.0,1.4210854715202004e-14,2.6645352591003757e-15,1.207869783029093e-14,0.0,0.679118166748388,0.2672845972224617,1.1083513746639097e-15,1.0813184143062533e-16,3.2980211636340724e-15,1.6219776214593799e-16,5.622855754392517e-15,3.514284846495323e-16,5.595822794034861e-15,3.514284846495323e-16,3.081757480772822e-15,3.2439552429187597e-16,1.459779859313442e-15,3.2439552429187597e-16,3.514284846495323e-16,3.514284846495323e-16,3.514284846495323e-16,3.514284846495323e-16
additive,20260921,85,5972,8,16.42769433959854,True,True,32,1.6427694339598538e-07,1.0255840732220634e-08,13.800788417691834,3.129491375037084e-13,2.5154481672221393e-15,3.1043368933648624e-13,,1.9050094981944757e-14,1.5312241116872474e-16,1.8896972570776032e-14,3.552713678800501e-15,1.5265566588595902e-14,9.769962616701378e-15,0.0,1.4210854715202004e-14,0.0,9.254501926696841e-15,0.0,0.8960720412381025,0.43982754513270805,1.4057139385981293e-15,1.6219776214593799e-16,4.86593286437814e-15,2.7032960357656333e-16,9.461536125179717e-15,4.325273657225013e-16,1.0975381905208471e-14,5.947251278684394e-16,6.785273049771739e-15,9.191206521603152e-16,2.2978016304007884e-15,5.67692167510783e-16,2.43296643218907e-16,2.43296643218907e-16,9.191206521603152e-16,9.191206521603152e-16
additive,20260921,86,6624,8,16.42769433959854,True,True,32,1.6427694339598538e-07,8.501095383195434e-09,12.205131308636924,2.7077863760739873e-13,3.0002455546417935e-15,2.6777839205275693e-13,,1.6483057939219976e-14,1.8263339289249972e-16,1.6300424546327475e-14,2.6645352591003757e-15,1.326716514427062e-14,4.884981308350689e-15,0.0,1.7763568394002505e-15,1.7763568394002505e-15,4.431375901146697e-15,0.0,0.8033229260611776,0.2723706829636547,1.4057139385981293e-15,2.1626368286125066e-16,4.0279110932907934e-15,2.1626368286125066e-16,6.785273049771739e-15,4.325273657225013e-16,8.83977803695362e-15,4.325273657225013e-16,5.8120864768961116e-15,8.109888107296899e-16,2.703296035765633e-15,7.028569692990646e-16,0.0,0.0,8.109888107296899e-16,8.109888107296899e-16
additive,20260921,87,8070,8,16.42769433959854,True,True,32,1.6427694339598538e-07,9.379164112033322e-10,6.672482355561604,2.6170441475279576e-13,2.1533039901420287e-15,2.595511107626537e-13,,1.5930684449245195e-14,1.3107767563896927e-16,1.5799606773606227e-14,2.6962559169468086e-15,1.7319479184152442e-14,8.881784197001252e-15,0.0,7.105427357601002e-15,3.552713678800501e-15,8.10912183962522e-15,0.0,0.8235595492985905,0.20765790806697138,1.2435161764521914e-15,1.0813184143062533e-16,3.2845046834552443e-15,1.8923072250359433e-16,6.33922920387041e-15,2.7032960357656333e-16,8.745162675701824e-15,4.325273657225013e-16,7.366481697461351e-15,8.109888107296899e-16,3.338570604170557e-15,1.054285453948597e-15,7.704393701932055e-16,7.704393701932055e-16,1.054285453948597e-15,1.054285453948597e-15
additive,20260921,88,9290,8,16.42769433959854,True,True,32,1.6427694339598538e-07,7.900915477421222e-10,13.376949093335142,3.0685454177614703e-13,2.7369640945163966e-15,3.041175776816306e-13,,1.8679099783131585e-14,1.6660670925188902e-16,1.8512493073879696e-14,2.575717417130363e-15,1.2878587085651816e-14,2.4424906541753444e-15,0.0,1.7763568394002505e-15,1.7763568394002505e-15,2.564086509253336e-15,1.7763568394002505e-15,0.9787626182433642,0.5185088235723946,1.5679117007440674e-15,2.1626368286125066e-16,5.352526150815954e-15,3.7846144500718867e-16,1.0056261253048155e-14,5.67692167510783e-16,1.0867250063777845e-14,7.839558503720337e-16,5.947251278684393e-15,7.569228900143773e-16,2.2437357096854757e-15,5.406592071531267e-16,3.2439552429187597e-16,3.2439552429187597e-16,7.839558503720337e-16,7.839558503720337e-16
additive,20260921,89,9833,8,16.42769433959854,True,True,32,1.6427694339598538e-07,1.9628743075372768e-13,9.969294954679032,2.947494100643174e-13,1.3375544058579275e-15,2.9341185565845946e-13,,1.7942226338715804e-14,8.142070202960781e-17,1.7860805636686193e-14,2.8231385483325407e-15,1.8207657603852567e-14,3.1086244689504383e-15,0.0,1.7763568394002505e-15,0.0,3.1308289294429425e-15,0.0,0.6068590484209521,0.16053072783334243,1.2975820971675039e-15,1.0813184143062533e-16,4.298240696867357e-15,2.1626368286125066e-16,8.92087691802659e-15,4.325273657225013e-16,1.0461755658413001e-14,6.217580882260957e-16,8.055822186581587e-15,6.758240089414083e-16,2.838460837553915e-15,1.1083513746639097e-15,1.6219776214593799e-16,1.6219776214593799e-16,1.1083513746639097e-15,1.1083513746639097e-15
additive,20260921,90,428,9,16.42769433959854,True,True,64,1.6427694339598538e-07,1.711153441164015e-11,32.52297519570707,4.320787114341415e-13,5.186327557891802e-15,4.268923838762497e-13,,2.6301847508364385e-14,3.157063584626293e-16,2.5986141149901753e-14,5.329070518200751e-15,2.4202861936828413e-14,2.4868995751603507e-14,0.0,1.4210854715202004e-14,7.105427357601002e-15,2.704609023513036e-14,3.552713678800501e-15,2.0885462817857134,0.5513011307664285,1.7301094628900053e-15,3.2439552429187597e-16,6.4879104858375195e-15,4.325273657225013e-16,1.3300216495966915e-14,7.569228900143773e-16,1.4327468989557856e-14,6.487910485837519e-16,1.0218459015194093e-14,1.0813184143062533e-15,5.5687898336772045e-15,1.6219776214593799e-15,1.3516480178828166e-15,1.3516480178828166e-15,1.6219776214593799e-15,1.6219776214593799e-15
additive,20260921,91,623,9,16.42769433959854,True,True,64,1.6427694339598538e-07,1.8560708525683367e-12,23.83274123766801,4.1532068789387094e-13,7.601326975266905e-15,4.0771936091860403e-13,,2.5281739440010823e-14,4.627141714552175e-16,2.4819025268555607e-14,3.0198066269804257e-15,1.554312234475219e-14,8.881784197001252e-15,0.0,3.552713678800501e-15,0.0,9.635678498484812e-15,1.7763568394002505e-15,2.0498526950580107,0.42691801429193355,2.6492301150503205e-15,3.2439552429187597e-16,7.082635613705959e-15,3.7846144500718867e-16,1.19485684780841e-14,5.947251278684394e-16,1.3029886892390352e-14,9.191206521603152e-16,9.894063490902218e-15,9.73186572875628e-16,4.05494405364845e-15,9.73186572875628e-16,5.947251278684394e-16,5.947251278684394e-16,9.73186572875628e-16,9.73186572875628e-16
additive,20260921,92,995,9,16.42769433959854,True,True,64,1.6427694339598538e-07,1.2825296380469808e-12,31.299441082595358,3.3093844298546334e-13,4.7041652980380376e-15,3.262342776874253e-13,,2.014515464825424e-14,2.86355784371929e-16,1.9858798863882308e-14,4.440892098500626e-15,1.746693067961047e-14,1.2434497875801753e-14,0.0,7.105427357601002e-15,3.552713678800501e-15,1.3633538742396924e-14,1.7763568394002505e-15,1.9055991068801743,0.5486389105622967,1.6219776214593799e-15,2.1626368286125066e-16,5.0281306265240775e-15,4.325273657225013e-16,9.029008759457215e-15,5.406592071531267e-16,1.075911822234722e-14,6.487910485837519e-16,6.866371930844708e-15,9.73186572875628e-16,3.5142848464953232e-15,8.650547314450026e-16,1.0813184143062533e-16,1.0813184143062533e-16,9.73186572875628e-16,9.73186572875628e-16
additive,20260921,93,2043,9,16.42769433959854,True,True,64,1.6427694339598538e-07,1.0800249583553523e-12,35.4212416471072,4.480791399295131e-13,4.826298091334788e-15,4.4325284183817833e-13,,2.7275838633631608e-14,2.9379035131552937e-16,2.698204828231608e-14,4.9960036108132044e-15,2.6201263381153694e-14,1.4210854715202004e-14,0.0,2.1316282072803006e-14,7.105427357601002e-15,1.5722872739215312e-14,1.0658141036401503e-14,2.1561906932809927,0.6965658943756227,1.8382413043206305e-15,1.0813184143062533e-16,5.5687898336772045e-15,3.2439552429187597e-16,1.0813184143062533e-14,5.406592071531267e-16,1.4759996355280358e-14,8.650547314450026e-16,1.4165271227411918e-14,1.459779859313442e-15,6.1094490408303314e-15,1.6219776214593799e-15,7.569228900143773e-16,7.569228900143773e-16,1.6219776214593799e-15,1.6219776214593799e-15
additive,20260921,94,2087,9,16.42769433959854,True,True,64,1.6427694339598538e-07,2.1938006966593093e-12,36.33940729385343,4.282193647294921e-13,7.11071413390874e-15,4.211086505955834e-13,,2.606691821001808e-14,4.3284918667914e-16,2.5634069023338945e-14,5.329070518200751e-15,1.7541523789077473e-14,1.2434497875801753e-14,0.0,2.1316282072803006e-14,0.0,1.0144266379289289e-14,5.329070518200751e-15,2.2120820209235457,0.6023733660152492,1.5138457800287547e-15,1.0813184143062533e-16,5.406592071531266e-15,3.2439552429187597e-16,1.2597359526667852e-14,6.487910485837519e-16,1.540878740386411e-14,9.73186572875628e-16,1.1407909270930972e-14,8.650547314450026e-16,3.946812212217824e-15,1.0813184143062533e-15,5.406592071531267e-16,5.406592071531267e-16,1.0813184143062533e-15,1.0813184143062533e-15
additive,20260921,95,4442,9,16.42769433959854,True,True,64,1.6427694339598538e-07,1.9326762412674725e-12,32.762921468514485,3.554553476955594e-13,6.472071555933891e-15,3.4898327613962554e-13,,2.1637567655416096e-14,3.9397321511717733e-16,2.124359444029892e-14,3.552713678800501e-15,1.1324274851176597e-14,1.509903313490213e-14,0.0,0.0,7.105427357601002e-15,1.51603597400719e-14,3.552713678800501e-15,1.9943712605816077,0.553171047575334,2.6492301150503205e-15,2.1626368286125066e-16,7.0285696929906464e-15,3.2439552429187597e-16,1.0921315984493158e-14,4.86593286437814e-16,1.0380656777340031e-14,5.406592071531267e-16,6.433844565122207e-15,6.487910485837519e-16,3.352087084349385e-15,6.487910485837519e-16,4.325273657225013e-16,4.325273657225013e-16,6.487910485837519e-16,6.487910485837519e-16
additive,20260921,96,4850,9,16.42769433959854,True,True,64,1.6427694339598538e-07,2.4931168240982515e-12,27.431271829410058,3.875738354591498e-13,5.368457001693407e-15,3.8220537845745643e-13,,2.359271042223576e-14,3.2679309041883487e-16,2.3265917331816926e-14,3.552713678800501e-15,1.4432899320127035e-14,1.0658141036401503e-14,0.0,1.4210854715202004e-14,7.105427357601002e-15,1.263856744128047e-14,1.7763568394002505e-15,1.7747398455697325,0.5561864263437512,1.7841753836053178e-15,1.0813184143062533e-16,4.9740647058087656e-15,3.2439552429187597e-16,1.1083513746639096e-14,5.406592071531267e-16,1.4273403068842542e-14,6.487910485837519e-16,9.785931649471593e-15,9.191206521603152e-16,3.2980211636340724e-15,9.73186572875628e-16,1.6219776214593799e-16,1.6219776214593799e-16,9.73186572875628e-16,9.73186572875628e-16
additive,20260921,97,6965,9,16.42769433959854,True,True,64,1.6427694339598538e-07,6.750155989720952e-14,27.328067514103253,3.775360976224615e-13,6.608470384673551e-15,3.709276272377879e-13,,2.2981685062913566e-14,4.0227619579845734e-16,2.2579408867115108e-14,5.329070518200751e-15,1.7208456881689926e-14,9.769962616701378e-15,0.0,1.7763568394002505e-14,1.4210854715202004e-14,1.107050958840513e-14,3.552713678800501e-15,1.740082592932505,0.526494900034975,2.270768670043132e-15,2.1626368286125066e-16,5.839119437253768e-15,3.2439552429187597e-16,9.894063490902218e-15,4.86593286437814e-16,1.2489227685237226e-14,5.406592071531267e-16,9.569667966610342e-15,1.0813184143062533e-15,4.2712077365097006e-15,1.0272524935909406e-15,6.487910485837519e-16,6.487910485837519e-16,1.0813184143062533e-15,1.0813184143062533e-15
additive,20260921,98,9272,9,16.42769433959854,True,True,64,1.6427694339598538e-07,2.1955770534987096e-12,27.57120329751718,3.226236077233512e-13,4.7884315560306074e-15,3.178351761673206e-13,,1.9639007218783906e-14,2.9148530871360416e-16,1.93475219100703e-14,3.552713678800501e-15,1.472433286409114e-14,7.105427357601002e-15,0.0,3.552713678800501e-15,3.552713678800501e-15,5.8101671622049846e-15,1.7763568394002505e-15,1.7115433655287258,0.559079934416185,1.459779859313442e-15,1.0813184143062533e-16,4.6496691815168894e-15,2.1626368286125066e-16,9.245272442318466e-15,3.2439552429187597e-16,1.1029447825923784e-14,6.487910485837519e-16,7.893624424435649e-15,9.191206521603152e-16,3.2980211636340724e-15,8.109888107296899e-16,8.109888107296899e-16,8.109888107296899e-16,9.191206521603152e-16,9.191206521603152e-16
additive,20260921,99,9528,9,16.42769433959854,True,True,64,1.6427694339598538e-07,2.5650592760939617e-12,29.259836112947852,3.304056102789351e-13,6.163654243081175e-15,3.242419560358539e-13,,2.0112719621432254e-14,3.751989850592632e-16,1.973752063637299e-14,4.066191827689636e-15,2.1538326677728037e-14,2.3092638912203256e-14,0.0,2.1316282072803006e-14,0.0,2.189677011139273e-14,1.7763568394002505e-15,1.7904190615155493,0.6677160108008495,1.2975820971675039e-15,2.1626368286125066e-16,5.08219654723939e-15,3.2439552429187597e-16,1.0218459015194093e-14,5.406592071531267e-16,1.0380656777340031e-14,8.650547314450026e-16,7.461097058713147e-15,1.135384335021566e-15,3.081757480772822e-15,1.2975820971675039e-15,2.7032960357656333e-16,2.7032960357656333e-16,1.2975820971675039e-15,1.2975820971675039e-15
additive,20260922,0,280,0,18.851760040926642,True,True,32,1.8851760040926641e-07,1.9548179741590843e-10,8.785964202010945,2.3987980913800364e-13,1.4110240753595345e-15,2.384687850626441e-13,,1.272453121709757e-14,7.484839995290842e-17,1.2649682817144663e-14,1.9382643638247523e-15,1.1560197243909442e-14,4.884981308350689e-15,0.0,7.105427357601002e-15,0.0,4.663994058687205e-15,8.881784197001252e-16,0.49781400000916076,0.1655086550089713,1.0365040288536522e-15,9.422763898669565e-17,3.297967364534348e-15,1.884552779733913e-16,6.219024173121913e-15,3.769105559467826e-16,8.150690772349173e-15,4.2402437544013043e-16,4.99406486629487e-15,6.124796534135217e-16,1.319186945813739e-15,4.711381949334782e-16,4.711381949334783e-17,4.711381949334783e-17,6.124796534135217e-16,6.124796534135217e-16
additive,20260922,1,1403,0,18.851760040926642,True,True,32,1.8851760040926641e-07,1.060089793725183e-09,10.79574369764648,3.830771678706025e-13,1.3518287018888225e-15,3.8172533916871366e-13,,2.0320498830822838e-14,7.170835502648243e-17,2.0248790475796352e-14,2.7200464103316335e-15,1.762479051592436e-14,6.217248937900877e-15,0.0,7.105427357601002e-15,1.7763568394002505e-15,7.110714133908741e-15,8.881784197001252e-16,0.6969760771823208,0.23775147146733727,1.342743855560413e-15,1.4134145848004347e-16,4.829166498068152e-15,2.8268291696008694e-16,9.705446815629652e-15,4.2402437544013043e-16,1.1542885775870217e-14,6.124796534135217e-16,8.504044418549282e-15,8.480487508802609e-16,3.6042071912411085e-15,9.422763898669565e-16,4.711381949334783e-17,4.711381949334783e-17,9.422763898669565e-16,9.422763898669565e-16
additive,20260922,2,1512,0,18.851760040926642,True,True,32,1.8851760040926641e-07,3.3675617849837636e-10,10.059848124321828,2.8602675783417905e-13,3.2857314752596883e-15,2.8274102635891936e-13,,1.5172416645089e-14,1.7429308818521228e-16,1.4998123556903787e-14,2.220446049250313e-15,1.2628786905111156e-14,3.552713678800501e-15,0.0,7.105427357601002e-15,1.7763568394002505e-15,3.684883086493972e-15,8.881784197001252e-16,0.5619738853198982,0.1646605531294725,1.1778454873336957e-15,1.4134145848004347e-16,3.769105559467826e-15,2.355690974667391e-16,7.114186743495521e-15,4.2402437544013043e-16,8.056463133362479e-15,5.653658339201739e-16,6.360365631601956e-15,5.653658339201739e-16,2.7797153501075215e-15,6.595934729068695e-16,6.124796534135217e-16,6.124796534135217e-16,6.595934729068695e-16,6.595934729068695e-16
additive,20260922,3,3341,0,18.851760040926642,True,True,32,1.8851760040926641e-07,3.5153308708402164e-08,11.029381867828572,3.0552769309231224e-13,2.3856578088671506e-15,3.0314203528344507e-13,,1.6206852433354774e-14,1.2654828003793567e-16,1.6080304153316838e-14,3.552713678800501e-15,1.509903313490213e-14,2.6645352591003757e-15,0.0,0.0,3.552713678800501e-15,2.643388153869422e-15,8.881784197001252e-16,0.6440902031327046,0.22965655607638588,1.0365040288536522e-15,9.422763898669565e-17,3.721991739974478e-15,1.884552779733913e-16,7.114186743495521e-15,3.769105559467826e-16,8.998739523229435e-15,8.00934931386913e-16,7.067072924002174e-15,7.067072924002174e-16,3.4393088230143914e-15,6.595934729068695e-16,3.769105559467826e-16,3.769105559467826e-16,8.00934931386913e-16,8.00934931386913e-16
additive,20260922,4,4116,0,18.851760040926642,True,True,32,1.8851760040926641e-07,3.301947604228417e-10,9.972778964076372,2.758321349105586e-13,1.4168560504740086e-15,2.7441527886008463e-13,,1.463163833571692e-14,7.515775966795959e-17,1.455648057604896e-14,2.146431180941969e-15,1.3836154444391013e-14,2.6645352591003757e-15,0.0,3.552713678800501e-15,0.0,2.402311154236529e-15,8.881784197001252e-16,0.5356100520471471,0.16962313419735853,1.0365040288536522e-15,9.422763898669565e-17,3.3450811840276955e-15,1.884552779733913e-16,5.889227436668478e-15,2.8268291696008694e-16,7.773780216402391e-15,4.2402437544013043e-16,6.878617646028783e-15,6.124796534135217e-16,3.250853545041e-15,7.538211118935652e-16,6.595934729068695e-16,6.595934729068695e-16,7.538211118935652e-16,7.538211118935652e-16
additive,20260922,5,5544,0,18.851760040926642,True,True,32,1.8851760040926641e-07,7.719826999874613e-10,13.032553530408865,3.39933901133669e-13,4.0454412306817615e-15,3.358884599029872e-13,,1.8031945048933468e-14,2.1459223021612954e-16,1.781735281871734e-14,2.516505522483688e-15,1.3933298959045715e-14,6.217248937900877e-15,0.0,3.552713678800501e-15,7.105427357601002e-15,6.070276556545738e-15,8.881784197001252e-16,0.7847900700640363,0.2467074141605336,1.2249593068270435e-15,1.884552779733913e-16,4.946951046801522e-15,2.8268291696008694e-16,8.951625703736086e-15,3.769105559467826e-16,9.941015913096391e-15,6.124796534135217e-16,6.124796534135217e-15,6.124796534135217e-16,2.0730080577073045e-15,7.538211118935652e-16,7.067072924002174e-16,7.067072924002174e-16,7.538211118935652e-16,7.538211118935652e-16
additive,20260922,6,6708,0,18.851760040926642,True,True,32,1.8851760040926641e-07,3.000951709353217e-10,6.894455130303938,2.2637100527411746e-13,2.0239101400101197e-15,2.2434709513410734e-13,,1.2007950705009632e-14,1.0735921397345752e-16,1.1900591491036173e-14,1.9984014443252818e-15,1.0880185641326534e-14,3.9968028886505635e-15,0.0,8.881784197001252e-16,3.552713678800501e-15,3.853002573080067e-15,8.881784197001252e-16,0.3701755391790057,0.16618423526269785,7.538211118935652e-16,9.422763898669565e-17,2.5912600721341305e-15,1.884552779733913e-16,5.512316880721696e-15,2.8268291696008694e-16,7.302642021468913e-15,3.769105559467826e-16,4.75849576882813e-15,5.653658339201739e-16,1.931666599227261e-15,5.182520144268261e-16,5.653658339201739e-16,5.653658339201739e-16,5.653658339201739e-16,5.653658339201739e-16
additive,20260922,7,7346,0,18.851760040926642,True,True,32,1.8851760040926641e-07,1.0081413481799473e-10,4.580501002933825,2.806625302535319e-13,2.236042039358141e-15,2.7842648821417377e-13,,1.4887868806107303e-14,1.186118449685205e-16,1.4769256961138785e-14,2.1464311809419696e-15,9.520162436160717e-15,3.774758283725532e-15,0.0,3.552713678800501e-15,8.881784197001252e-16,3.729820685109753e-15,8.881784197001252e-16,0.4283679093347265,0.16989781407583773,1.0129471191069782e-15,9.422763898669565e-17,4.028231566681239e-15,2.8268291696008694e-16,7.491097299442305e-15,3.2979673645343475e-16,8.268475321082543e-15,3.769105559467826e-16,5.276747783254956e-15,4.475812851868044e-16,2.0730080577073045e-15,4.475812851868044e-16,3.0623982670676087e-16,3.0623982670676087e-16,4.475812851868044e-16,4.475812851868044e-16
additive,20260922,8,7393,0,18.851760040926642,True,True,32,1.8851760040926641e-07,1.9296277908864568e-08,0.5655591210945738,1.8147824512989733e-13,1.611012910375717e-15,1.798672322195216e-13,,9.626594266843687e-15,8.545689669708575e-17,9.5411373701466e-15,1.7129155237073844e-15,7.382983113757291e-15,3.552713678800501e-15,0.0,8.881784197001252e-16,8.881784197001252e-16,4.315066822376442e-15,8.881784197001252e-16,0.5504490782575744,0.16736599787746922,7.067072924002174e-16,9.422763898669565e-17,2.661930801374152e-15,1.884552779733913e-16,4.852723407814826e-15,2.8268291696008694e-16,4.617154310348087e-15,3.2979673645343475e-16,3.250853545041e-15,3.0623982670676087e-16,1.7903251407472175e-15,4.004674656934565e-16,3.2979673645343475e-16,3.2979673645343475e-16,4.004674656934565e-16,4.004674656934565e-16
additive,20260922,9,8134,0,18.851760040926642,True,True,32,1.8851760040926641e-07,3.246198865269889e-10,12.309674202076017,4.5200100276400146e-13,2.3054309783972136e-15,4.4969557178560427e-13,,2.397659432237202e-14,1.2229261211643833e-16,2.3854301710255582e-14,3.806478941571965e-15,2.4188984149020598e-14,6.217248937900877e-15,0.0,0.0,1.7763568394002505e-15,5.6050402414647214e-15,8.881784197001252e-16,0.6529721455902294,0.2233460003632738,1.2249593068270435e-15,1.884552779733913e-16,4.522926671361391e-15,2.8268291696008694e-16,9.658332996136305e-15,3.769105559467826e-16,1.3615893833577521e-14,5.653658339201739e-16,1.1542885775870217e-14,8.00934931386913e-16,5.983455075655174e-15,1.083617848347e-15,1.366300765307087e-15,1.366300765307087e-15,1.366300765307087e-15,1.366300765307087e-15
additive,20260922,10,555,1,18.851760040926642,True,True,64,1.8851760040926641e-07,1.4210854715202004e-14,31.67834372968456,3.967381978497997e-13,6.938893903907228e-15,3.8979930394589246e-13,,2.1045154244934805e-14,3.680767147917799e-16,2.0677077530143028e-14,9.103828801926284e-15,1.7319479184152442e-14,2.4868995751603507e-14,0.0,3.907985046680551e-14,1.0658141036401503e-14,2.5630291539917897e-14,2.6645352591003757e-15,1.8035489502959308,1.0050881837105516,1.7667682310005435e-15,1.884552779733913e-16,4.99406486629487e-15,3.2979673645343475e-16,8.409816779562587e-15,5.418089241735e-16,9.658332996136305e-15,5.653658339201739e-16,6.360365631601956e-15,7.538211118935652e-16,2.120121877200652e-15,7.773780216402391e-16,7.067072924002174e-16,7.067072924002174e-16,7.773780216402391e-16,7.773780216402391e-16
additive,20260922,11,1680,1,18.851760040926642,True,True,32,1.8851760040926641e-07,3.215918198407053e-09,22.50335779156389,3.391875404884239e-13,8.526909337344283e-15,3.306606311510796e-13,,1.7992354016391958e-14,4.523137000912701e-16,1.7540040316300687e-14,5.773159728050814e-15,1.1601830607332886e-14,6.217248937900877e-15,0.0,0.0,1.7763568394002505e-14,5.122886242198936e-15,2.220446049250313e-15,1.3168577385362843,0.4630882221088979,1.7432113212538695e-15,1.4134145848004347e-16,4.75849576882813e-15,2.8268291696008694e-16,7.891564765135761e-15,4.711381949334782e-16,8.480487508802608e-15,5.889227436668479e-16,6.643048548562043e-15,7.067072924002174e-16,2.096564967453978e-15,4.711381949334782e-16,9.422763898669565e-17,9.422763898669565e-17,7.067072924002174e-16,7.067072924002174e-16
additive,20260922,12,2586,1,18.851760040926642,True,True,32,1.8851760040926641e-07,5.85379211770487e-09,31.525271658781342,4.3571323797630424e-13,1.1851498618465851e-14,4.238617393578384e-13,,2.3112602591502492e-14,6.2866801787931635e-16,2.2483934573623174e-14,1.7763568394002505e-14,2.7949864644938316e-14,2.4868995751603507e-14,0.0,7.105427357601002e-15,2.842170943040401e-14,2.4104527897504472e-14,1.7763568394002505e-15,1.7954291741810797,1.040805787605114,1.4605284042937825e-15,1.884552779733913e-16,4.0753453861745866e-15,2.8268291696008694e-16,7.420426570202283e-15,4.711381949334782e-16,1.0859735393216674e-14,6.831503826535435e-16,1.1354430497896827e-14,9.187194801202825e-16,5.677215248948413e-15,1.3898576750537608e-15,1.4134145848004347e-15,1.4134145848004347e-15,1.4134145848004347e-15,1.4134145848004347e-15
additive,20260922,13,3766,1,18.851760040926642,True,True,32,1.8851760040926641e-07,8.504024417987921e-08,28.802138049552436,4.4385170142443747e-13,1.1951683029497504e-14,4.3190001839493996e-13,,2.354431100655047e-14,6.339823445424053e-16,2.2910328662008062e-14,1.4210854715202004e-14,2.3953061756287752e-14,2.3092638912203256e-14,0.0,2.4868995751603507e-14,2.4868995751603507e-14,2.5134391922251997e-14,3.552713678800501e-15,1.650979340143459,0.7877879103365957,1.4840853140404565e-15,1.884552779733913e-16,4.522926671361391e-15,2.8268291696008694e-16,8.621828967282653e-15,4.004674656934565e-16,1.1236645949163456e-14,5.418089241735e-16,8.692499696522674e-15,7.538211118935652e-16,4.310914483641326e-15,1.060060938600326e-15,1.0365040288536522e-15,1.0365040288536522e-15,1.060060938600326e-15,1.060060938600326e-15
additive,20260922,14,4718,1,18.851760040926642,True,True,32,1.8851760040926641e-07,7.827569703522386e-10,20.67449645144317,3.0987500925016594e-13,7.060357589577529e-15,3.028146516605884e-13,,1.643745775341061e-14,3.74519810046897e-16,1.6062937943363713e-14,8.881784197001252e-15,1.201816424156732e-14,2.4868995751603507e-14,0.0,2.842170943040401e-14,1.4210854715202004e-14,2.4771719067541114e-14,2.220446049250313e-15,1.2198449749454943,0.5868358420328982,1.319186945813739e-15,1.4134145848004347e-16,4.428699032374696e-15,3.0623982670676087e-16,8.692499696522674e-15,3.533536462001087e-16,9.116524071962804e-15,4.004674656934565e-16,5.418089241735e-15,6.124796534135217e-16,2.497032433147435e-15,6.831503826535435e-16,9.422763898669565e-17,9.422763898669565e-17,6.831503826535435e-16,6.831503826535435e-16
additive,20260922,15,4831,1,18.851760040926642,True,True,64,1.8851760040926641e-07,1.3145040611561853e-13,33.88859878749295,3.8622015638555325e-13,1.5361257239765975e-14,3.7085889914578725e-13,,2.0487220055160905e-14,8.148447257135204e-16,1.9672375329447384e-14,1.7763568394002505e-14,1.7763568394002505e-14,1.0658141036401503e-14,0.0,1.4210854715202004e-14,2.842170943040401e-14,1.2045919817182948e-14,3.552713678800501e-15,1.9207929133534913,0.9679772099487414,2.0494511479606305e-15,1.884552779733913e-16,5.889227436668478e-15,2.8268291696008694e-16,1.0082357371576434e-14,4.2402437544013043e-16,1.083617848347e-14,5.653658339201739e-16,7.137743653242195e-15,7.067072924002174e-16,1.5076422237871305e-15,7.773780216402391e-16,2.5912600721341306e-16,2.5912600721341306e-16,7.773780216402391e-16,7.773780216402391e-16
additive,20260922,16,6080,1,18.851760040926642,True,True,64,1.8851760040926641e-07,1.1013412404281553e-13,33.49603877441428,4.340120855298816e-13,1.122541213422188e-14,4.2278667339565973e-13,,2.3022364203005635e-14,5.954569817275324e-16,2.2426907221278106e-14,9.103828801926284e-15,1.5987211554602254e-14,3.552713678800501e-15,0.0,7.105427357601002e-15,2.1316282072803006e-14,5.954496155406257e-15,3.552713678800501e-15,1.8999693927789432,1.0493805732215225,2.0494511479606305e-15,2.1201218772006522e-16,6.9492883752688044e-15,2.8268291696008694e-16,1.1990467061057022e-14,4.711381949334782e-16,1.2862072721683957e-14,7.067072924002174e-16,8.244918411335869e-15,8.480487508802609e-16,2.426361703907413e-15,6.831503826535435e-16,2.5912600721341306e-16,2.5912600721341306e-16,8.480487508802609e-16,8.480487508802609e-16
additive,20260922,17,6208,1,18.851760040926642,True,True,64,1.8851760040926641e-07,1.4921397450962104e-13,30.183203284975505,4.271361042640365e-13,7.234953377140604e-15,4.199011508868959e-13,,2.2657624717094638e-14,3.837813212895625e-16,2.2273843395805076e-14,1.0658141036401503e-14,2.275957200481571e-14,7.105427357601002e-15,0.0,7.105427357601002e-15,7.105427357601002e-15,5.457010504848031e-15,7.105427357601002e-15,1.7242385601008956,0.964364968546229,1.7196544115071957e-15,1.884552779733913e-16,4.381585212881348e-15,2.1201218772006522e-16,7.0435160142554995e-15,2.8268291696008694e-16,1.0506381747016565e-14,6.595934729068695e-16,1.1165975219923435e-14,8.7160566062693475e-16,5.936341256161826e-15,1.107174758093674e-15,1.1307316678403478e-15,1.1307316678403478e-15,1.1307316678403478e-15,1.1307316678403478e-15
additive,20260922,18,7156,1,18.851760040926642,True,True,32,1.8851760040926641e-07,8.957048436286641e-10,21.096321619642886,3.525871393792034e-13,4.5924904091250386e-15,3.4799464897007837e-13,,1.8703141702087586e-14,2.4361069731180915e-16,1.8459531004775774e-14,3.552713678800501e-15,1.4627188349436437e-14,1.4210854715202004e-14,0.0,2.4868995751603507e-14,0.0,1.514925750982565e-14,3.552713678800501e-15,1.2422208786958047,0.5747646302164977,1.931666599227261e-15,1.4134145848004347e-16,4.570040490854739e-15,2.8268291696008694e-16,8.386259869815912e-15,4.2402437544013043e-16,1.0058800461829761e-14,6.124796534135217e-16,7.255528201975566e-15,6.595934729068695e-16,2.7797153501075215e-15,7.773780216402391e-16,1.6489836822671738e-16,1.6489836822671738e-16,7.773780216402391e-16,7.773780216402391e-16
additive,20260922,19,8365,1,18.851760040926642,True,True,32,1.8851760040926641e-07,3.235225420894494e-08,18.305964858293006,3.371304558270827e-13,8.61810622865278e-15,3.2851234959842994e-13,,1.7883235045172545e-14,4.571512797713907e-16,1.7426083765401153e-14,5.329070518200751e-15,2.0872192862952943e-14,6.217248937900877e-15,0.0,3.552713678800501e-15,1.7763568394002505e-14,5.748840557035217e-15,2.6645352591003757e-15,1.0942051626410647,0.2902326275842914,1.4134145848004347e-15,1.4134145848004347e-16,3.4393088230143914e-15,1.4134145848004347e-16,6.5723778193220215e-15,2.5912600721341306e-16,9.729003725376326e-15,4.946951046801521e-16,8.78672733550937e-15,8.00934931386913e-16,3.203739725547652e-15,1.1542885775870217e-15,1.4134145848004347e-16,1.4134145848004347e-16,1.1542885775870217e-15,1.1542885775870217e-15
additive,20260922,20,368,2,18.851760040926642,True,True,32,1.8851760040926641e-07,7.67347780872285e-08,3.818749297069296,6.230325779098068e-13,3.227558432157485e-13,3.002767346940583e-13,,3.3049040331365376e-14,1.7120727322809893e-14,1.5928313008555486e-14,6.216693826388564e-13,6.216693826388564e-13,6.217248937900877e-15,0.0,3.1086244689504383e-15,6.03073146976385e-13,6.456211227010672e-15,1.7763568394002505e-15,0.457149758633567,0.18520483649822764,8.951625703736087e-16,1.884552779733913e-16,4.193129934907956e-15,2.8268291696008694e-16,8.339146050322565e-15,3.769105559467826e-16,9.422763898669566e-15,4.711381949334782e-16,6.124796534135217e-15,6.124796534135217e-16,2.0258942382139565e-15,7.538211118935652e-16,9.422763898669565e-17,9.422763898669565e-17,7.538211118935652e-16,7.538211118935652e-16
additive,20260922,21,750,2,18.851760040926642,True,True,32,1.8851760040926641e-07,6.073787028881839e-10,10.600984329734708,3.2355368384529015e-13,2.883077374721528e-15,3.206706064705686e-13,,1.7163049134025906e-14,1.5293412224972352e-16,1.701011501177618e-14,2.4586814066177945e-15,1.4301060335952798e-14,3.9968028886505635e-15,0.0,3.552713678800501e-15,1.7763568394002505e-15,4.544512914132307e-15,1.7763568394002505e-15,0.5623339309815247,0.15155309553296317,9.422763898669565e-16,1.884552779733913e-16,4.617154310348087e-15,2.8268291696008694e-16,8.574715147789304e-15,4.711381949334782e-16,9.893902093603044e-15,5.653658339201739e-16,6.878617646028783e-15,7.538211118935652e-16,2.3556909746673914e-15,5.653658339201739e-16,4.711381949334782e-16,4.711381949334782e-16,7.538211118935652e-16,7.538211118935652e-16
additive,20260922,22,1640,2,18.851760040926642,True,True,32,1.8851760040926641e-07,1.120925574582543e-11,1.6502733869586592,2.1314720821674626e-13,1.8670580954298952e-15,2.1128015012131638e-13,,1.1306488505795197e-14,9.90389274729025e-17,1.1207449578322295e-14,2.1441182163073336e-15,1.6563139748626554e-14,2.220446049250313e-15,0.0,2.220446049250313e-15,2.4424906541753444e-15,2.0544412731873137e-15,1.7763568394002505e-15,0.18413281959568248,0.05388769232566157,8.951625703736087e-16,9.422763898669565e-17,3.015284447574261e-15,1.4134145848004347e-16,5.182520144268261e-15,2.8268291696008694e-16,5.889227436668478e-15,3.769105559467826e-16,3.957560837441217e-15,4.711381949334782e-16,2.497032433147435e-15,5.653658339201739e-16,8.951625703736087e-16,8.951625703736087e-16,8.951625703736087e-16,8.951625703736087e-16
additive,20260922,23,2633,2,18.851760040926642,True,True,32,1.8851760040926641e-07,8.306481946718236e-09,6.053883931186549,2.732083078290278e-13,3.3860480556990335e-15,2.6982225977332876e-13,,1.4492456260630318e-14,1.796144258333449e-16,1.4312841834796974e-14,3.1086244689504383e-15,1.6986412276764895e-14,2.220446049250313e-15,0.0,0.0,1.7763568394002505e-15,2.176037128265307e-15,1.7763568394002505e-15,0.43563028158393363,0.1423206705805232,1.5076422237871305e-15,9.422763898669565e-17,4.334471393388e-15,1.884552779733913e-16,7.067072924002174e-15,2.8268291696008694e-16,6.784390007042087e-15,4.2402437544013043e-16,4.711381949334783e-15,5.182520144268261e-16,2.921056808587565e-15,7.067072924002174e-16,8.480487508802609e-16,8.480487508802609e-16,8.480487508802609e-16,8.480487508802609e-16
additive,20260922,24,2999,2,18.851760040926642,True,True,32,1.8851760040926641e-07,6.661338147750939e-16,1.9299604350107273,3.4142573028065706e-13,1.9221066537342263e-15,3.3950362362692283e-13,,1.8111079789867438e-14,1.0195900274358398e-16,1.8009120787123853e-14,2.572016673714946e-15,1.491862189340054e-14,1.3322676295501878e-15,0.0,2.6645352591003757e-15,2.220446049250313e-16,1.2688263138573206e-15,1.7763568394002505e-15,0.22607712913429193,0.09487812779744229,1.366300765307087e-15,1.884552779733913e-16,5.182520144268261e-15,2.8268291696008694e-16,9.846788274109695e-15,3.769105559467826e-16,1.0883292302963347e-14,5.653658339201739e-16,6.595934729068696e-15,8.00934931386913e-16,2.402804794160739e-15,5.182520144268261e-16,2.8268291696008694e-16,2.8268291696008694e-16,8.00934931386913e-16,8.00934931386913e-16
additive,20260922,25,6288,2,18.851760040926642,True,True,32,1.8851760040926641e-07,3.991429409211378e-11,1.479164151941653,3.132724238749266e-13,2.0071246252330497e-15,3.112652992496936e-13,,1.6617675123957707e-14,1.0646881887291365e-16,1.6511206305084796e-14,1.9984014443252818e-15,8.104628079763643e-15,2.4424906541753444e-15,0.0,1.3322676295501878e-15,1.3322676295501878e-15,2.5101613909144013e-15,1.7763568394002505e-15,0.399474966224572,0.08521443595772439,1.2720731263203913e-15,1.4134145848004347e-16,4.098902295921261e-15,2.355690974667391e-16,7.915121674882434e-15,3.2979673645343475e-16,8.904511884242739e-15,3.769105559467826e-16,6.124796534135217e-15,4.2402437544013043e-16,1.9787804187206085e-15,3.769105559467826e-16,3.769105559467826e-16,3.769105559467826e-16,4.2402437544013043e-16,4.2402437544013043e-16
additive,20260922,26,6518,2,18.851760040926642,True,True,32,1.8851760040926641e-07,2.197275694726386e-11,2.520078226827838,2.257203352800425e-13,3.236035777966944e-15,2.2248429950207558e-13,,1.1973435625639728e-14,1.7165695780879883e-16,1.180177866783093e-14,1.887379141862766e-15,8.659739592076221e-15,1.9984014443252818e-15,0.0,4.440892098500626e-16,8.881784197001252e-16,1.8894938523858616e-15,1.7763568394002505e-15,0.26081451635252756,0.06048560705725894,1.0365040288536522e-15,1.4134145848004347e-16,3.627764100987783e-15,1.884552779733913e-16,5.983455075655174e-15,2.355690974667391e-16,6.07768271464187e-15,3.2979673645343475e-16,4.334471393388e-15,4.2402437544013043e-16,2.214349516187348e-15,4.711381949334782e-16,4.2402437544013043e-16,4.2402437544013043e-16,4.711381949334782e-16,4.711381949334782e-16
additive,20260922,27,7013,2,18.851760040926642,True,True,64,1.8851760040926641e-07,7.439307503354087e-11,-2.6738272289969123,2.5246213849631056e-13,5.159431083426181e-15,2.473027074128844e-13,,1.3391966476775767e-14,2.7368431765655837e-16,1.3118282159119209e-14,3.1086244689504383e-15,6.217248937900877e-15,5.329070518200751e-15,0.0,1.0658141036401503e-14,1.7763568394002505e-15,5.151434834260727e-15,1.7763568394002505e-15,0.4408256317957641,0.20689176667096518,2.0258942382139565e-15,1.884552779733913e-16,4.9705079565481955e-15,2.8268291696008694e-16,7.585324938428999e-15,3.2979673645343475e-16,6.7608330972954126e-15,3.2979673645343475e-16,3.3921950035210435e-15,2.8268291696008694e-16,7.773780216402391e-16,2.1201218772006522e-16,9.422763898669565e-17,9.422763898669565e-17,3.2979673645343475e-16,3.2979673645343475e-16
additive,20260922,28,7633,2,18.851760040926642,True,True,32,1.8851760040926641e-07,7.762805953603902e-10,3.5192615140735786,4.4416322471837094e-13,2.8812930877176666e-15,4.412819316306533e-13,,2.3560835898298358e-14,1.5283947395163423e-16,2.3407996424346724e-14,2.6328146012539428e-15,1.7208456881689926e-14,4.440892098500626e-15,0.0,2.220446049250313e-15,3.1086244689504383e-15,4.443006809023721e-15,1.7763568394002505e-15,0.479896765251101,0.13820452351108628,2.0258942382139565e-15,1.884552779733913e-16,6.407479451095304e-15,2.8268291696008694e-16,1.149577195637687e-14,4.711381949334782e-16,1.2579389804723869e-14,6.124796534135217e-16,9.281422440189521e-15,7.538211118935652e-16,3.721991739974478e-15,8.951625703736087e-16,2.8268291696008694e-16,2.8268291696008694e-16,8.951625703736087e-16,8.951625703736087e-16
additive,20260922,29,8675,2,18.851760040926642,True,True,32,1.8851760040926641e-07,2.9309887850104133e-13,2.167971502228763,2.508548924140541e-13,3.606638797139438e-15,2.4724825361691466e-13,,1.3306709393152427e-14,1.9131575987120176e-16,1.3115393633281224e-14,2.4424906541753444e-15,1.2490009027033011e-14,3.552713678800501e-15,0.0,1.3322676295501878e-15,8.881784197001252e-16,3.614040283970272e-15,1.7763568394002505e-15,0.3743577982641816,0.10711575977274022,1.2720731263203913e-15,1.4134145848004347e-16,3.863333198454522e-15,3.2979673645343475e-16,6.784390007042087e-15,4.2402437544013043e-16,7.067072924002174e-15,4.2402437544013043e-16,4.098902295921261e-15,4.711381949334782e-16,1.931666599227261e-15,4.711381949334782e-16,6.595934729068695e-16,6.595934729068695e-16,6.595934729068695e-16,6.595934729068695e-16
additive,20260922,30,1852,3,18.851760040926642,True,True,32,1.8851760040926641e-07,1.0806538996988024e-08,3.3565791558495497,1.8320708706723178e-13,3.3744832325258543e-15,1.7983260383470594e-13,,9.71830145670719e-15,1.7900096464202525e-16,9.539300492065165e-15,1.3322676295501878e-15,6.702971511174383e-15,3.3306690738754696e-15,0.0,2.6645352591003757e-15,1.3322676295501878e-15,3.3785143994605065e-15,2.220446049250313e-15,0.5050932905105268,0.15406299135310877,1.0129471191069782e-15,1.0600609386003261e-16,2.5912600721341305e-15,1.5311991335338044e-16,4.7349388590814565e-15,2.0023373284672825e-16,5.323861602748304e-15,3.533536462001087e-16,3.7926624692144996e-15,3.6513210107344563e-16,1.6725405920138478e-15,3.2979673645343475e-16,1.2956300360670653e-16,1.2956300360670653e-16,3.6513210107344563e-16,3.6513210107344563e-16
additive,20260922,31,3313,3,18.851760040926642,True,True,64,1.8851760040926641e-07,5.290523574785766e-11,4.579895853075049,1.9300619303832955e-13,4.197700388344638e-15,1.888084926499849e-13,,1.023809939333614e-14,2.226688849864176e-16,1.0015430508349722e-14,2.886579864025407e-15,1.509903313490213e-14,7.549516567451064e-15,0.0,1.3322676295501878e-14,6.217248937900877e-15,7.122609380601152e-15,2.220446049250313e-15,0.7672938198825958,0.1812679691749716,8.00934931386913e-16,9.422763898669565e-17,2.2614633356806955e-15,1.1778454873336956e-16,4.299136028767989e-15,2.0023373284672825e-16,5.229633963761609e-15,2.9446137183342393e-16,3.945782382567881e-15,5.30030469300163e-16,2.3321340649207175e-15,8.480487508802609e-16,7.184857472735544e-16,7.184857472735544e-16,8.480487508802609e-16,8.480487508802609e-16
additive,20260922,32,5269,3,18.851760040926642,True,True,32,1.8851760040926641e-07,1.4672592918429928e-07,10.602926501156087,3.5994329210319893e-13,1.2085041961860218e-14,3.478582501413387e-13,,1.9093352096662175e-14,6.410564284514512e-16,1.8452295668210726e-14,2.0872192862952943e-14,2.0872192862952943e-14,4.440892098500626e-15,0.0,8.881784197001252e-15,1.7763568394002505e-14,4.448029246516073e-15,2.6645352591003757e-15,0.6867748850156477,0.16260842003721745,1.2367377617003805e-15,1.1778454873336956e-16,4.204908389781293e-15,2.1201218772006522e-16,8.421595234435925e-15,3.533536462001087e-16,1.0942184577330032e-14,5.30030469300163e-16,7.950457039502445e-15,6.478150180335326e-16,2.5088108880207717e-15,9.069410252469457e-16,3.180182815800978e-16,3.180182815800978e-16,9.069410252469457e-16,9.069410252469457e-16
additive,20260922,33,5365,3,18.851760040926642,True,True,32,1.8851760040926641e-07,7.444863525662981e-08,5.998135352726891,2.2176533096657503e-13,5.688703476534686e-15,2.1607662749004035e-13,,1.1763640661939719e-14,3.0175980726386665e-16,1.1461880854675853e-14,6.661338147750939e-15,7.716050021144838e-15,1.7763568394002505e-15,0.0,1.7763568394002505e-15,7.993605777301127e-15,2.778200949716761e-15,2.220446049250313e-15,0.37774686929334955,0.10924828790225688,1.1660670324603587e-15,1.6489836822671738e-16,3.615985646114446e-15,2.1201218772006522e-16,5.936341256161826e-15,3.2979673645343475e-16,6.07768271464187e-15,3.6513210107344563e-16,3.804440924087837e-15,4.004674656934565e-16,1.4016361299270978e-15,3.769105559467826e-16,2.3556909746673914e-17,2.3556909746673914e-17,4.004674656934565e-16,4.004674656934565e-16
additive,20260922,34,6132,3,18.851760040926642,True,True,32,1.8851760040926641e-07,1.0391687510491465e-13,4.681754343756724,2.311998476265503e-13,1.4851876342515337e-15,2.297146599922988e-13,,1.2264098796325751e-14,7.878243893552819e-17,1.2185316357390223e-14,1.5173048003210472e-15,9.46465128492946e-15,2.220446049250313e-15,0.0,2.6645352591003757e-15,0.0,2.316665378051161e-15,2.220446049250313e-15,0.4072569090446249,0.15340490773626558,9.658332996136305e-16,9.422763898669565e-17,3.239075090167663e-15,1.884552779733913e-16,6.3839225413486304e-15,3.0623982670676087e-16,7.950457039502445e-15,3.533536462001087e-16,4.6878250395881085e-15,4.829166498068152e-16,1.4487499494204457e-15,4.946951046801521e-16,1.884552779733913e-16,1.884552779733913e-16,4.946951046801521e-16,4.946951046801521e-16
additive,20260922,35,6433,3,18.851760040926642,True,True,32,1.8851760040926641e-07,1.7353452008705972e-11,3.0918909963342407,2.2669637331350688e-13,2.889289336883124e-15,2.2380708397662374e-13,,1.2025209997440845e-14,1.5326363854677536e-16,1.1871946358894068e-14,2.6645352591003757e-15,1.0810796702287462e-14,8.881784197001252e-15,0.0,1.7319479184152442e-14,1.3322676295501878e-15,9.166741439988375e-15,2.220446049250313e-15,0.49384480869516584,0.21340480659210453,1.1307316678403478e-15,1.884552779733913e-16,3.0977336316876197e-15,2.355690974667391e-16,5.936341256161826e-15,4.2402437544013043e-16,6.9021745557754564e-15,3.769105559467826e-16,4.746717313954794e-15,5.889227436668479e-16,1.7785466858738803e-15,5.30030469300163e-16,2.5912600721341306e-16,2.5912600721341306e-16,5.889227436668479e-16,5.889227436668479e-16
additive,20260922,36,8177,3,18.851760040926642,True,True,32,1.8851760040926641e-07,8.24380190778129e-08,14.632098717241732,3.893330102755499e-13,4.711046367826081e-15,3.8462196390772383e-13,,2.065234277490902e-14,2.498995508959658e-16,2.0402443224013054e-14,4.440892098500626e-15,1.5210055437364645e-14,3.552713678800501e-15,0.0,3.552713678800501e-15,1.0658141036401503e-14,4.035660694512443e-15,3.552713678800501e-15,0.8102118948491974,0.24291740791157643,1.1425101227136847e-15,9.422763898669565e-17,3.615985646114446e-15,2.8268291696008694e-16,8.350924505195901e-15,3.769105559467826e-16,1.1931574786690337e-14,5.418089241735e-16,9.90568054847638e-15,7.538211118935652e-16,4.581818945728076e-15,7.891564765135761e-16,7.655995667669021e-16,7.655995667669021e-16,7.891564765135761e-16,7.891564765135761e-16
additive,20260922,37,8415,3,18.851760040926642,True,True,32,1.8851760040926641e-07,2.0713097903524158e-10,6.735955100929649,1.920752578152406e-13,1.4121640365008916e-15,1.9066309377873972e-13,,1.0188717520181172e-14,7.490886969890997e-17,1.0113808650482262e-14,1.7763568394002505e-15,8.645861804268407e-15,1.7763568394002505e-15,0.0,6.217248937900877e-15,1.7763568394002505e-15,2.066336519879726e-15,2.220446049250313e-15,0.42982891025364894,0.159085470057456,9.422763898669565e-16,9.422763898669565e-17,2.9328352634609022e-15,1.6489836822671738e-16,5.241412418634945e-15,2.355690974667391e-16,5.5829876099617174e-15,3.0623982670676087e-16,3.509979552254413e-15,3.0623982670676087e-16,1.4723068591671195e-15,4.711381949334782e-16,4.593597400601413e-16,4.593597400601413e-16,4.711381949334782e-16,4.711381949334782e-16
additive,20260922,38,8439,3,18.851760040926642,True,True,64,1.8851760040926641e-07,1.7763568394002505e-14,11.59707531297635,2.0146662116360404e-13,2.426101647621355e-15,1.9904051951598268e-13,,1.0686886567950454e-14,1.2869364146129362e-16,1.055819292648916e-14,2.6645352591003757e-15,7.993605777301127e-15,5.773159728050814e-15,0.0,7.105427357601002e-15,3.552713678800501e-15,5.9166957048059245e-15,2.6645352591003757e-15,0.6492177278495944,0.16827530185086229,1.0011686642336413e-15,8.244918411335869e-17,2.8621645342208803e-15,2.1201218772006522e-16,4.699603494461446e-15,2.355690974667391e-16,5.547652245341707e-15,3.533536462001087e-16,3.945782382567881e-15,4.2402437544013043e-16,1.4723068591671195e-15,3.4157519132677174e-16,1.2956300360670653e-16,1.2956300360670653e-16,4.2402437544013043e-16,4.2402437544013043e-16
additive,20260922,39,8661,3,18.851760040926642,True,True,32,1.8851760040926641e-07,3.4313831775989456e-09,15.009470315308938,3.549706824775475e-13,3.1410059738353416e-15,3.5182967650371216e-13,,1.882957780636482e-14,1.6661605956241252e-16,1.866296174680241e-14,3.0716170347962666e-15,1.4876988529977098e-14,5.329070518200751e-15,0.0,1.0658141036401503e-14,3.552713678800501e-15,5.192407350645701e-15,2.220446049250313e-15,0.8119326695161634,0.3694471884713787,1.4016361299270978e-15,1.884552779733913e-16,4.134237660541272e-15,1.884552779733913e-16,7.73844485178238e-15,3.2979673645343475e-16,9.976351277716402e-15,4.593597400601413e-16,8.39803832468925e-15,6.949288375268804e-16,3.4746441876344022e-15,7.420426570202282e-16,5.53587379046837e-16,5.53587379046837e-16,7.420426570202282e-16,7.420426570202282e-16
additive,20260922,40,239,4,18.851760040926642,True,True,32,1.8851760040926641e-07,3.090303435371311e-08,-0.6142361377130676,3.107249907110426e-13,7.764159685545262e-15,3.0296083102549733e-13,,1.648254539822634e-14,4.118533054043489e-16,1.607069209282199e-14,8.881784197001252e-15,9.658940314238862e-15,5.773159728050814e-15,0.0,6.217248937900877e-15,6.217248937900877e-15,6.048072096053233e-15,0.0,0.7475630111196797,0.17998265622684553,2.214349516187348e-15,1.884552779733913e-16,5.465203061228348e-15,2.355690974667391e-16,8.386259869815912e-15,2.8268291696008694e-16,8.150690772349173e-15,3.769105559467826e-16,4.711381949334783e-15,3.769105559467826e-16,1.5547560432804782e-15,4.711381949334782e-16,4.711381949334782e-16,4.711381949334782e-16,4.711381949334782e-16,4.711381949334782e-16
additive,20260922,41,1142,4,18.851760040926642,True,True,32,1.8851760040926641e-07,1.1657341758564144e-13,-6.435611784219139,4.1258729237336226e-13,2.5701663020072372e-15,4.10017126071355e-13,,2.188587651644445e-14,1.3633561515887527e-16,2.1749540901285575e-14,3.774758283725532e-15,1.6986412276764895e-14,2.6645352591003757e-15,0.0,0.0,8.881784197001252e-16,2.5143908119605924e-15,0.0,0.5919346198253541,0.2897137606840484,2.0730080577073045e-15,1.884552779733913e-16,4.946951046801522e-15,2.8268291696008694e-16,8.197804591842522e-15,3.2979673645343475e-16,1.1024633761443392e-14,5.182520144268261e-16,8.339146050322565e-15,8.951625703736087e-16,3.3921950035210435e-15,8.951625703736087e-16,4.711381949334782e-16,4.711381949334782e-16,8.951625703736087e-16,8.951625703736087e-16
additive,20260922,42,3916,4,18.851760040926642,True,True,32,1.8851760040926641e-07,2.6648971918064035e-10,2.934967135770485,3.5678285722643264e-13,2.5439967592839294e-15,3.5423886046714873e-13,,1.8925705422298347e-14,1.3494744012023194e-16,1.8790757982178115e-14,2.942091015256665e-15,1.4155343563970746e-14,7.771561172376096e-16,0.0,2.6645352591003757e-15,8.881784197001252e-16,7.480788475450465e-16,0.0,0.32808773581718575,0.10017720778185582,2.732601530614174e-15,1.884552779733913e-16,6.313251812108609e-15,2.8268291696008694e-16,9.893902093603044e-15,3.769105559467826e-16,9.51699153765626e-15,5.653658339201739e-16,5.936341256161826e-15,7.538211118935652e-16,2.5441462526407825e-15,6.595934729068695e-16,4.711381949334782e-16,4.711381949334782e-16,7.538211118935652e-16,7.538211118935652e-16
additive,20260922,43,5343,4,18.851760040926642,True,True,32,1.8851760040926641e-07,3.601396958430314e-12,-0.17587516339578002,3.2805617514836394e-13,2.1608293857925766e-15,3.2589534576257137e-13,,1.7401885788709553e-14,1.1462215629211685e-16,1.7287263632417436e-14,2.960594732333751e-15,8.770761894538737e-15,6.661338147750939e-16,0.0,0.0,6.661338147750939e-16,6.312410911440181e-16,0.0,0.16571676325530113,0.04667832744739159,1.884552779733913e-15,2.8268291696008694e-16,5.276747783254956e-15,4.711381949334782e-16,9.234308620696174e-15,4.711381949334782e-16,9.893902093603044e-15,4.711381949334782e-16,6.313251812108609e-15,3.769105559467826e-16,1.6960975017605217e-15,3.769105559467826e-16,1.884552779733913e-16,1.884552779733913e-16,4.711381949334782e-16,4.711381949334782e-16
additive,20260922,44,6289,4,18.851760040926642,True,True,32,1.8851760040926641e-07,3.002695869724903e-10,2.5773247015764937,4.334273680702457e-13,2.724804509008601e-15,4.307025635612371e-13,,2.2991347605172516e-14,1.4453846765994935e-16,2.284680913751257e-14,2.6645352591003757e-15,1.4488410471358293e-14,2.220446049250313e-15,0.0,0.0,1.7763568394002505e-15,2.0745310231567216e-15,0.0,0.3809285213697362,0.11574524398001089,1.884552779733913e-15,1.884552779733913e-16,6.548820909575348e-15,3.769105559467826e-16,1.1260202858910131e-14,4.711381949334782e-16,1.1919796331816999e-14,4.711381949334782e-16,7.962235494375783e-15,4.711381949334782e-16,3.769105559467826e-15,8.00934931386913e-16,6.595934729068695e-16,6.595934729068695e-16,8.00934931386913e-16,8.00934931386913e-16
additive,20260922,45,6993,4,18.851760040926642,True,True,32,1.8851760040926641e-07,2.278619959383832e-08,-0.08348275647371928,3.5589758653370173e-13,2.2127802236040937e-15,3.5368480631009763e-13,,1.8878745844475955e-14,1.173779116008378e-16,1.876136793287512e-14,3.013462495411139e-15,1.9317880628477724e-14,4.440892098500626e-15,0.0,0.0,2.6645352591003757e-15,4.782417847980555e-15,0.0,0.5969788404617414,0.1469781267308813,2.3085771551740435e-15,1.884552779733913e-16,5.983455075655174e-15,2.8268291696008694e-16,9.045853342722782e-15,4.2402437544013043e-16,8.763170425762696e-15,4.711381949334782e-16,6.171910353628565e-15,8.480487508802609e-16,2.968170628080913e-15,1.0365040288536522e-15,7.067072924002174e-16,7.067072924002174e-16,1.0365040288536522e-15,1.0365040288536522e-15
additive,20260922,46,7594,4,18.851760040926642,True,True,32,1.8851760040926641e-07,1.6039392036759637e-12,1.79639959061471,3.081447134493468e-13,2.4428541200465044e-15,3.057018593293003e-13,,1.6345673442711625e-14,1.2958228381557674e-16,1.621609115889605e-14,2.9235872981795788e-15,1.657701753643437e-14,2.4424906541753444e-15,0.0,2.6645352591003757e-15,4.218847493575595e-15,2.3853934700517643e-15,0.0,0.32825707747420313,0.08796898000365176,2.0730080577073045e-15,1.884552779733913e-16,4.75849576882813e-15,1.884552779733913e-16,6.595934729068696e-15,3.769105559467826e-16,8.857398064749392e-15,6.595934729068695e-16,6.219024173121913e-15,8.951625703736087e-16,2.968170628080913e-15,8.951625703736087e-16,7.538211118935652e-16,7.538211118935652e-16,8.951625703736087e-16,8.951625703736087e-16
additive,20260922,47,8085,4,18.851760040926642,True,True,32,1.8851760040926641e-07,2.220446049250313e-14,1.0062281844582195,4.202888037596608e-13,2.2745033369969426e-15,4.1801430042266386e-13,,2.2294406614938107e-14,1.2065204161622362e-16,2.2173754573321883e-14,2.960594732333751e-15,1.7763568394002505e-14,1.5543122344752192e-15,0.0,1.3322676295501878e-15,2.220446049250313e-15,1.708686102661192e-15,0.0,0.2719300650350035,0.07303490720278862,2.5441462526407825e-15,1.884552779733913e-16,7.255528201975566e-15,2.8268291696008694e-16,1.2720731263203912e-14,5.653658339201739e-16,1.2532275985230522e-14,6.595934729068695e-16,6.878617646028783e-15,9.422763898669565e-16,1.7903251407472175e-15,3.769105559467826e-16,9.422763898669565e-17,9.422763898669565e-17,9.422763898669565e-16,9.422763898669565e-16
additive,20260922,48,8903,4,18.851760040926642,True,True,32,1.8851760040926641e-07,1.0690692775483512e-10,0.014586908382902664,4.805843223376627e-13,1.9772873814462494e-15,4.786070349562165e-13,,2.5492809228121278e-14,1.0488608899930903e-16,2.5387923139121974e-14,3.2566542055671257e-15,1.927624726505428e-14,2.220446049250313e-15,0.0,2.886579864025407e-15,3.1086244689504383e-15,2.2563961281429363e-15,0.0,0.24505274807231245,0.07918172912004523,2.732601530614174e-15,1.884552779733913e-16,7.632438757922348e-15,3.769105559467826e-16,1.234382070725713e-14,4.711381949334782e-16,1.3380324736110782e-14,7.538211118935652e-16,1.0082357371576434e-14,1.0365040288536522e-15,3.580650281494435e-15,1.0365040288536522e-15,8.480487508802609e-16,8.480487508802609e-16,1.0365040288536522e-15,1.0365040288536522e-15
additive,20260922,49,9143,4,18.851760040926642,True,True,32,1.8851760040926641e-07,1.5568457634174138e-10,2.3010163449608605,3.149763518789108e-13,2.122905026372534e-15,3.128534468525383e-13,,1.670806074314048e-14,1.1261044177115382e-16,1.659545030136933e-14,2.4868995751603505e-15,1.2434497875801753e-14,1.5543122344752192e-15,0.0,0.0,2.220446049250313e-15,1.2698836691188686e-15,0.0,0.3984001984217781,0.09333431994991448,2.0730080577073045e-15,1.884552779733913e-16,5.559430700215043e-15,2.8268291696008694e-16,8.998739523229435e-15,3.769105559467826e-16,8.480487508802608e-15,6.595934729068695e-16,5.747885978188435e-15,4.711381949334782e-16,1.884552779733913e-15,6.124796534135217e-16,2.355690974667391e-16,2.355690974667391e-16,6.595934729068695e-16,6.595934729068695e-16
additive,20260922,50,1325,5,18.851760040926642,True,True,64,1.8851760040926641e-07,7.993605777301127e-14,24.81360815685094,4.1014387653333307e-13,4.130029651605582e-15,4.060138468817275e-13,,2.1756264435942438e-14,2.1907926064406737e-16,2.153718517529837e-14,5.10702591327572e-15,3.552713678800501e-14,1.7763568394002505e-14,0.0,1.4210854715202004e-14,7.105427357601002e-15,1.6885963526917858e-14,7.105427357601002e-15,1.5568137613656619,0.555796224107868,2.120121877200652e-15,1.884552779733913e-16,5.370975422241652e-15,2.8268291696008694e-16,9.140080981709478e-15,3.2979673645343475e-16,1.0412154108029869e-14,5.653658339201739e-16,8.00934931386913e-15,1.1307316678403478e-15,5.418089241735e-15,1.601869862773826e-15,1.9787804187206085e-15,1.9787804187206085e-15,1.9787804187206085e-15,1.9787804187206085e-15
additive,20260922,51,1435,5,18.851760040926642,True,True,64,1.8851760040926641e-07,1.7763568394002505e-14,24.235063107413154,2.5187629759670924e-13,6.047014740791688e-15,2.4582928285591755e-13,,1.3360890285569776e-14,3.2076658771720985e-16,1.3040123697852565e-14,4.440892098500626e-15,1.7069679003611782e-14,1.0658141036401503e-14,0.0,0.0,3.552713678800501e-15,1.3097459624792204e-14,3.552713678800501e-15,1.4960066268090784,0.5253964486190142,1.319186945813739e-15,9.422763898669565e-17,3.297967364534348e-15,1.884552779733913e-16,5.182520144268261e-15,3.769105559467826e-16,6.124796534135217e-15,6.595934729068695e-16,6.501707090082e-15,6.595934729068695e-16,2.968170628080913e-15,8.951625703736087e-16,1.4134145848004347e-16,1.4134145848004347e-16,8.951625703736087e-16,8.951625703736087e-16
additive,20260922,52,3703,5,18.851760040926642,True,True,64,1.8851760040926641e-07,6.572520305780927e-14,22.332164594448386,4.376134375507133e-13,5.169938551337812e-15,4.324434989993755e-13,,2.3213399523475093e-14,2.7424169096752877e-16,2.2939157832507565e-14,3.8487731520338765e-15,1.3988810110276972e-14,1.0658141036401503e-14,0.0,2.842170943040401e-14,1.0658141036401503e-14,1.0870669443972604e-14,3.552713678800501e-15,1.4825756355422528,0.5542102043130643,2.214349516187348e-15,1.884552779733913e-16,5.889227436668478e-15,3.2979673645343475e-16,1.0506381747016565e-14,3.769105559467826e-16,1.1024633761443392e-14,4.711381949334782e-16,8.056463133362479e-15,6.595934729068695e-16,3.1095120865609565e-15,7.538211118935652e-16,4.711381949334783e-17,4.711381949334783e-17,7.538211118935652e-16,7.538211118935652e-16
additive,20260922,53,4857,5,18.851760040926642,True,True,64,1.8851760040926641e-07,6.750155989720952e-14,17.592032311264916,4.0607570216452806e-13,3.8043642310488704e-15,4.0227133793347917e-13,,2.1540466316298804e-14,2.0180419349650655e-16,2.1338662122802294e-14,3.1086244689504383e-15,1.9040324872321435e-14,1.9539925233402755e-14,0.0,0.0,7.105427357601002e-15,1.8010989525204682e-14,3.552713678800501e-15,1.437386293886942,0.5534158254308155,1.931666599227261e-15,1.884552779733913e-16,5.135406324774913e-15,2.8268291696008694e-16,1.0129471191069783e-14,5.653658339201739e-16,1.2579389804723869e-14,6.124796534135217e-16,8.527601328295957e-15,8.951625703736087e-16,3.769105559467826e-15,9.893902093603043e-16,1.1307316678403478e-15,1.1307316678403478e-15,1.1307316678403478e-15,1.1307316678403478e-15
additive,20260922,54,4983,5,18.851760040926642,True,True,32,1.8851760040926641e-07,1.3984470470518318e-08,29.34134705400887,3.1924727411911764e-13,7.708119856683227e-15,3.115391542624344e-13,,1.693461371384108e-14,4.088806477458399e-16,1.6525733066095243e-14,8.881784197001252e-15,1.3322676295501878e-14,8.881784197001252e-15,0.0,0.0,7.105427357601002e-15,7.942852724746836e-15,5.329070518200751e-15,1.556424810750277,0.48317373343938314,1.601869862773826e-15,1.884552779733913e-16,4.617154310348087e-15,2.8268291696008694e-16,7.82089403589574e-15,6.595934729068695e-16,9.140080981709478e-15,7.067072924002174e-16,6.595934729068696e-15,5.653658339201739e-16,1.884552779733913e-15,6.124796534135217e-16,4.711381949334782e-16,4.711381949334782e-16,7.067072924002174e-16,7.067072924002174e-16
additive,20260922,55,6323,5,18.851760040926642,True,True,32,1.8851760040926641e-07,1.368481683527989e-07,25.094499174799317,5.416519085107059e-13,6.83099079946628e-14,4.733420005160431e-13,,2.873216651043695e-14,3.623529466021417e-15,2.5108637044415528e-14,1.2079226507921703e-13,1.2079226507921703e-13,9.769962616701378e-15,0.0,0.0,1.1368683772161603e-13,9.367110262051677e-15,7.105427357601002e-15,1.5986830058917123,0.540877137383487,1.837438960240565e-15,1.884552779733913e-16,4.852723407814826e-15,2.8268291696008694e-16,1.0270812649549826e-14,3.769105559467826e-16,1.2390934526750479e-14,6.595934729068695e-16,9.422763898669566e-15,7.067072924002174e-16,4.522926671361391e-15,9.893902093603043e-16,1.2720731263203913e-15,1.2720731263203913e-15,1.2720731263203913e-15,1.2720731263203913e-15
additive,20260922,56,6699,5,18.851760040926642,True,True,32,1.8851760040926641e-07,2.991503045279842e-08,19.77914470548785,3.016623987643167e-13,4.611126295609815e-15,2.9705127246870687e-13,,1.6001816175753144e-14,2.4459924620296403e-16,1.575721692955018e-14,2.6645352591003757e-15,1.7763568394002505e-14,8.881784197001252e-15,0.0,0.0,3.552713678800501e-15,8.031670566716847e-15,3.552713678800501e-15,1.2411218408225533,0.4312378546054094,1.5547560432804782e-15,1.884552779733913e-16,4.240243754401304e-15,1.884552779733913e-16,7.396869660455609e-15,3.769105559467826e-16,8.621828967282653e-15,4.711381949334782e-16,6.07768271464187e-15,7.538211118935652e-16,2.402804794160739e-15,8.480487508802609e-16,9.422763898669565e-16,9.422763898669565e-16,9.422763898669565e-16,9.422763898669565e-16
additive,20260922,57,6794,5,18.851760040926642,True,True,32,1.8851760040926641e-07,4.2589222815081484e-08,21.812639959002844,3.444453716958779e-13,3.2611479654287042e-15,3.411842237304492e-13,,1.8271258012413517e-14,1.7298904496709291e-16,1.8098268967446426e-14,3.679596310186233e-15,1.9872992140790302e-14,1.5987211554602254e-14,0.0,1.7763568394002505e-14,3.552713678800501e-15,1.5958662962540463e-14,3.552713678800501e-15,1.2916622543436709,0.4569381987662468,1.648983682267174e-15,1.884552779733913e-16,3.816219378961174e-15,2.8268291696008694e-16,7.726666396909044e-15,3.769105559467826e-16,1.017658501056313e-14,6.124796534135217e-16,7.208414382482217e-15,8.480487508802609e-16,3.580650281494435e-15,1.0365040288536522e-15,8.00934931386913e-16,8.00934931386913e-16,1.0365040288536522e-15,1.0365040288536522e-15
additive,20260922,58,7277,5,18.851760040926642,True,True,64,1.8851760040926641e-07,7.638334409421077e-14,36.26174163997925,4.056511740270166e-13,5.465469346940414e-15,4.001857046800762e-13,,2.1517947032338586e-14,2.8991825352513683e-16,2.1228028778813452e-14,2.854859206178974e-15,1.687538997430238e-14,1.4210854715202004e-14,0.0,1.4210854715202004e-14,1.4210854715202004e-14,1.3870386320983623e-14,7.105427357601002e-15,1.9235202209902968,0.555737947200515,1.0365040288536522e-15,9.422763898669565e-17,4.428699032374696e-15,2.8268291696008694e-16,1.0459267927523218e-14,4.711381949334782e-16,1.3945690570030956e-14,6.595934729068695e-16,7.915121674882434e-15,8.951625703736087e-16,2.3556909746673914e-15,8.480487508802609e-16,9.422763898669565e-17,9.422763898669565e-17,8.951625703736087e-16,8.951625703736087e-16
additive,20260922,59,7584,5,18.851760040926642,True,True,64,1.8851760040926641e-07,2.3359092438113294e-13,26.697921619791828,3.5395231719126926e-13,4.277530710591494e-15,3.4967478648067776e-13,,1.8775558166603474e-14,2.2690351995278397e-16,1.854865464665069e-14,3.3750779948604757e-15,1.5210055437364645e-14,1.0658141036401503e-14,0.0,1.0658141036401503e-14,7.105427357601002e-15,1.1535745903486151e-14,3.552713678800501e-15,1.665066543168196,0.5546858539204564,1.884552779733913e-15,1.884552779733913e-16,4.428699032374696e-15,2.8268291696008694e-16,8.621828967282653e-15,4.711381949334782e-16,1.0365040288536522e-14,6.595934729068695e-16,6.454593270588652e-15,7.538211118935652e-16,2.0730080577073045e-15,6.595934729068695e-16,1.884552779733913e-16,1.884552779733913e-16,7.538211118935652e-16,7.538211118935652e-16
additive,20260922,60,430,6,18.851760040926642,True,True,32,1.8851760040926641e-07,9.42579347906758e-13,-1.8516744198058426,3.909505820927824e-13,2.7418708837770182e-15,3.8820871120900536e-13,,2.0738147591738895e-14,1.4544376110371094e-16,2.0592703830635183e-14,3.2057689836051395e-15,1.7430501486614958e-14,7.771561172376096e-16,0.0,2.220446049250313e-15,1.3322676295501878e-15,7.422633936065342e-16,3.552713678800501e-15,0.23138180129387462,0.07376153810516708,2.732601530614174e-15,2.8268291696008694e-16,7.16130056298887e-15,2.8268291696008694e-16,1.0647723205496608e-14,3.769105559467826e-16,9.893902093603044e-15,5.653658339201739e-16,7.067072924002174e-15,6.595934729068695e-16,2.638373891627478e-15,9.422763898669565e-16,5.653658339201739e-16,5.653658339201739e-16,9.422763898669565e-16,9.422763898669565e-16
additive,20260922,61,3174,6,18.851760040926642,True,True,32,1.8851760040926641e-07,2.548738997631972e-10,-5.650373706229921,2.359352792500959e-13,2.874420278517607e-15,2.330608589715783e-13,,1.2515291873962274e-14,1.5247490272936434e-16,1.236281697123291e-14,4.218847493575595e-15,8.965050923848139e-15,3.9968028886505635e-15,0.0,7.993605777301127e-15,1.7763568394002505e-15,3.301063126552133e-15,3.552713678800501e-15,0.35571742165253045,0.1613973127488762,1.9787804187206085e-15,1.884552779733913e-16,4.75849576882813e-15,2.8268291696008694e-16,6.360365631601956e-15,2.8268291696008694e-16,6.878617646028783e-15,3.769105559467826e-16,3.769105559467826e-15,4.711381949334782e-16,3.769105559467826e-16,9.422763898669565e-17,0.0,0.0,4.711381949334782e-16,4.711381949334782e-16
additive,20260922,62,4412,6,18.851760040926642,True,True,32,1.8851760040926641e-07,6.661338147750939e-16,-0.22831763572376573,5.623036758439781e-13,3.559586488000561e-15,5.587440893559776e-13,,2.9827648698224073e-14,1.8881984919566123e-16,2.963882884902841e-14,4.255854927729767e-15,1.993891163287742e-14,6.661338147750939e-16,0.0,4.884981308350689e-15,4.884981308350689e-15,5.646277096665074e-16,3.552713678800501e-15,0.19026645306690632,0.06042046486653539,4.428699032374696e-15,2.8268291696008694e-16,1.149577195637687e-14,6.595934729068695e-16,1.6960975017605216e-14,8.480487508802609e-16,1.469951168192452e-14,9.422763898669565e-16,8.103576952855826e-15,1.0365040288536522e-15,2.0730080577073045e-15,9.422763898669565e-16,6.595934729068695e-16,6.595934729068695e-16,1.0365040288536522e-15,1.0365040288536522e-15
additive,20260922,63,4542,6,18.851760040926642,True,True,32,1.8851760040926641e-07,4.7298831518105544e-12,-5.828965480980452,2.6891808885529776e-13,2.0336906761794386e-15,2.6688439817911833e-13,,1.4264879686113346e-14,1.0787802686668795e-16,1.4157001659246658e-14,3.608224830031759e-15,7.077671781985373e-15,3.1086244689504383e-15,0.0,3.552713678800501e-15,1.7763568394002505e-15,2.8199664825478967e-15,3.552713678800501e-15,0.3868884649737682,0.13095986836323187,3.1095120865609565e-15,2.8268291696008694e-16,5.653658339201739e-15,2.8268291696008694e-16,6.690162368055391e-15,2.8268291696008694e-16,6.266137992615261e-15,3.769105559467826e-16,4.193129934907956e-15,3.769105559467826e-16,1.2720731263203913e-15,3.2979673645343475e-16,1.4134145848004347e-16,1.4134145848004347e-16,3.769105559467826e-16,3.769105559467826e-16
additive,20260922,64,5260,6,18.851760040926642,True,True,32,1.8851760040926641e-07,2.5634824818432378e-09,-5.859932258700489,3.9467053963584303e-13,2.0885409803722288e-15,3.925819986554708e-13,,2.09354743949119e-14,1.107875856598039e-16,2.0824686809252097e-14,4.440892098500626e-15,1.4432899320127035e-14,1.1102230246251565e-15,0.0,3.552713678800501e-15,5.329070518200751e-15,9.75938906408589e-16,3.552713678800501e-15,0.48589280402016594,0.1157087785586122,3.580650281494435e-15,2.8268291696008694e-16,8.00934931386913e-15,3.769105559467826e-16,1.1071747580936739e-14,3.769105559467826e-16,9.705446815629652e-15,5.653658339201739e-16,4.946951046801522e-15,7.538211118935652e-16,2.0258942382139565e-15,6.124796534135217e-16,1.4134145848004347e-16,1.4134145848004347e-16,7.538211118935652e-16,7.538211118935652e-16
additive,20260922,65,5777,6,18.851760040926642,True,True,64,1.8851760040926641e-07,3.597122599785507e-14,-7.737077236496855,3.2855702285823034e-13,6.225972118808648e-15,3.2233105073942167e-13,,1.742845347834591e-14,3.30259461466316e-16,1.7098194016879592e-14,4.884981308350689e-15,1.9817480989559044e-14,3.9968028886505635e-15,0.0,6.217248937900877e-15,1.7763568394002505e-15,4.3489021907459695e-15,3.552713678800501e-15,0.583180999240055,0.14483857892794444,2.2614633356806955e-15,1.884552779733913e-16,3.533536462001087e-15,1.884552779733913e-16,6.171910353628565e-15,1.884552779733913e-16,8.574715147789304e-15,4.711381949334782e-16,7.915121674882434e-15,7.538211118935652e-16,4.287357573894652e-15,1.083617848347e-15,9.893902093603043e-16,9.893902093603043e-16,1.083617848347e-15,1.083617848347e-15
additive,20260922,66,6206,6,18.851760040926642,True,True,32,1.8851760040926641e-07,1.0230982727676974e-12,0.07472422544968893,6.019351683761442e-13,3.2775369719826924e-15,5.986576314041616e-13,,3.192991885475732e-14,1.7385840711250575e-16,3.175606044764482e-14,3.6637359812630166e-15,2.3120394487818885e-14,6.661338147750939e-16,0.0,4.107825191113079e-15,4.440892098500626e-16,6.878095976368243e-16,3.552713678800501e-15,0.15026394379397656,0.02965959430495193,3.1095120865609565e-15,1.884552779733913e-16,8.197804591842522e-15,3.769105559467826e-16,1.4605284042937826e-14,5.653658339201739e-16,1.7714796129498784e-14,8.480487508802609e-16,1.3003414180164e-14,1.1307316678403478e-15,4.99406486629487e-15,1.2249593068270435e-15,6.595934729068695e-16,6.595934729068695e-16,1.2249593068270435e-15,1.2249593068270435e-15
additive,20260922,67,6466,6,18.851760040926642,True,True,64,1.8851760040926641e-07,8.608369572726815e-11,-2.791903345276399,5.263532882118782e-13,2.5616155608735688e-15,5.237916726510047e-13,,2.7920644389127594e-14,1.3588203729054333e-16,2.778476235183705e-14,5.551115123125783e-15,2.171375058923619e-14,2.220446049250313e-15,0.0,4.440892098500626e-15,4.440892098500626e-15,2.247937286050556e-15,3.552713678800501e-15,0.3228396681444433,0.08795087583641216,2.921056808587565e-15,2.8268291696008694e-16,8.103576952855826e-15,3.769105559467826e-16,1.3474552375097478e-14,4.711381949334782e-16,1.4416828764964434e-14,6.595934729068695e-16,9.98812973258974e-15,8.480487508802609e-16,4.146016115414609e-15,8.480487508802609e-16,1.1307316678403478e-15,1.1307316678403478e-15,1.1307316678403478e-15,1.1307316678403478e-15
additive,20260922,68,7419,6,18.851760040926642,True,True,32,1.8851760040926641e-07,7.463396567430891e-11,1.2704837593841205,3.055710446580358e-13,3.00777921088032e-15,3.0256326544715545e-13,,1.6209152036449096e-14,1.595489866384102e-16,1.6049603049810685e-14,2.831068712794149e-15,1.0824674490095276e-14,1.3322676295501878e-15,0.0,1.5543122344752192e-15,3.3306690738754696e-15,1.492985629305449e-15,3.552713678800501e-15,0.218146678165796,0.05422345481686544,1.9787804187206085e-15,1.884552779733913e-16,5.088292505281565e-15,2.8268291696008694e-16,8.386259869815912e-15,3.769105559467826e-16,8.00934931386913e-15,3.769105559467826e-16,5.465203061228348e-15,4.711381949334782e-16,2.3556909746673914e-15,5.653658339201739e-16,4.711381949334782e-16,4.711381949334782e-16,5.653658339201739e-16,5.653658339201739e-16
additive,20260922,69,9004,6,18.851760040926642,True,True,32,1.8851760040926641e-07,1.7319479184152442e-14,-2.530137637917216,3.5669892965254725e-13,2.240535799219718e-15,3.544583938533275e-13,,1.8921253446795625e-14,1.1885021846000466e-16,1.8802403228335618e-14,3.013462495411139e-15,1.8839096949108125e-14,2.6645352591003757e-15,0.0,1.7763568394002505e-15,3.552713678800501e-15,2.848515074609687e-15,3.552713678800501e-15,0.29922205452896716,0.13503189255431022,1.601869862773826e-15,1.884552779733913e-16,4.99406486629487e-15,2.8268291696008694e-16,8.386259869815912e-15,2.8268291696008694e-16,9.51699153765626e-15,4.711381949334782e-16,8.00934931386913e-15,9.422763898669565e-16,4.240243754401304e-15,1.0365040288536522e-15,6.595934729068695e-16,6.595934729068695e-16,1.0365040288536522e-15,1.0365040288536522e-15
additive,20260922,70,60,7,18.851760040926642,True,True,64,1.8851760040926641e-07,8.969713860551565e-12,29.799153375846856,4.356795347773424e-13,6.557188654488486e-15,4.291223461228539e-13,,2.311081479031636e-14,3.4782898998571024e-16,2.276298580033065e-14,5.329070518200751e-15,1.3322676295501878e-14,1.9539925233402755e-14,0.0,3.552713678800501e-15,7.105427357601002e-15,2.091977384972259e-14,3.552713678800501e-15,1.6975149783942243,0.4455936774391897,2.402804794160739e-15,2.8268291696008694e-16,7.067072924002174e-15,3.769105559467826e-16,1.2202479248777087e-14,5.653658339201739e-16,1.2909186541177304e-14,5.182520144268261e-16,6.831503826535435e-15,8.00934931386913e-16,1.7903251407472175e-15,7.067072924002174e-16,4.711381949334783e-17,4.711381949334783e-17,8.00934931386913e-16,8.00934931386913e-16
additive,20260922,71,1722,7,18.851760040926642,True,True,64,1.8851760040926641e-07,3.4026115258711798e-12,27.48255582973314,4.081296147600846e-13,7.047272818215875e-15,4.0108234194186874e-13,,2.1649417023877168e-14,3.7382572252757536e-16,2.1275591301349593e-14,5.329070518200751e-15,1.3322676295501878e-14,2.1316282072803006e-14,0.0,1.7763568394002505e-14,3.552713678800501e-15,2.0197600206085467e-14,3.552713678800501e-15,1.757583845591314,0.4422421871218088,2.0258942382139565e-15,1.884552779733913e-16,5.889227436668478e-15,2.8268291696008694e-16,1.0789064663976653e-14,4.711381949334782e-16,1.1165975219923435e-14,6.595934729068695e-16,8.00934931386913e-15,7.067072924002174e-16,2.685487711120826e-15,4.711381949334782e-16,1.884552779733913e-16,1.884552779733913e-16,7.067072924002174e-16,7.067072924002174e-16
additive,20260922,72,2164,7,18.851760040926642,True,True,64,1.8851760040926641e-07,3.3800517940107966e-11,30.032121992496663,3.9153330049012696e-13,9.979385043191683e-15,3.815539154469353e-13,,2.076905814842323e-14,5.293609202284942e-16,2.023969722819474e-14,5.329070518200751e-15,1.7305601396344628e-14,1.4210854715202004e-14,0.0,3.552713678800501e-14,1.0658141036401503e-14,9.159868630788314e-15,3.552713678800501e-15,1.7910845046420876,0.5483495143956955,1.2249593068270435e-15,1.4134145848004347e-16,5.418089241735e-15,1.884552779733913e-16,1.0459267927523218e-14,3.769105559467826e-16,1.2202479248777087e-14,6.595934729068695e-16,8.150690772349173e-15,6.595934729068695e-16,2.3556909746673914e-15,8.951625703736087e-16,4.711381949334783e-17,4.711381949334783e-17,8.951625703736087e-16,8.951625703736087e-16
additive,20260922,73,5110,7,18.851760040926642,True,True,64,1.8851760040926641e-07,4.3500314461653034e-11,29.669503580314274,3.733584869840862e-13,7.804339185484075e-15,3.6555414779860215e-13,,1.980496707859295e-14,4.139846448576193e-16,1.939098243373533e-14,6.217248937900877e-15,1.5654144647214707e-14,1.4210854715202004e-14,0.0,3.552713678800501e-15,3.552713678800501e-15,1.5536778213182903e-14,3.552713678800501e-15,1.8742135954286343,0.48142196998014947,1.931666599227261e-15,2.8268291696008694e-16,4.946951046801522e-15,3.769105559467826e-16,7.915121674882434e-15,3.2979673645343475e-16,8.857398064749392e-15,6.124796534135217e-16,7.208414382482217e-15,7.538211118935652e-16,3.0623982670676085e-15,7.538211118935652e-16,3.769105559467826e-16,3.769105559467826e-16,7.538211118935652e-16,7.538211118935652e-16
additive,20260922,74,5313,7,18.851760040926642,True,True,32,1.8851760040926641e-07,1.4287758531850159e-08,26.78219832586147,4.217430637525121e-13,1.6920856250548934e-14,4.0482220750196315e-13,,2.237154848337342e-14,8.975743492286253e-16,2.1473974134144796e-14,2.4868995751603507e-14,2.4868995751603507e-14,1.0658141036401503e-14,0.0,1.4210854715202004e-14,2.4868995751603507e-14,1.0384286023660632e-14,3.552713678800501e-15,1.7285652793434598,0.4723533359791506,1.601869862773826e-15,9.422763898669565e-17,5.323861602748304e-15,2.8268291696008694e-16,9.799674454616348e-15,4.2402437544013043e-16,1.0694837024989957e-14,5.653658339201739e-16,7.868007855389087e-15,7.538211118935652e-16,4.522926671361391e-15,1.0365040288536522e-15,1.366300765307087e-15,1.366300765307087e-15,1.366300765307087e-15,1.366300765307087e-15
additive,20260922,75,5523,7,18.851760040926642,True,True,64,1.8851760040926641e-07,7.238654120556021e-13,30.171034663971284,5.477237711001441e-13,7.618244659451671e-15,5.401055264406924e-13,,2.905425116334237e-14,4.041131779161561e-16,2.8650137985426215e-14,6.217248937900877e-15,3.4638958368304884e-14,1.1546319456101628e-14,0.0,3.552713678800501e-15,3.552713678800501e-15,1.035150801055265e-14,3.552713678800501e-15,1.7881850826324603,0.4966811611118203,2.3085771551740435e-15,1.884552779733913e-16,7.114186743495521e-15,2.8268291696008694e-16,1.3191869458137392e-14,4.711381949334782e-16,1.498219459888461e-14,6.595934729068695e-16,1.0412154108029869e-14,8.480487508802609e-16,5.276747783254956e-15,1.0365040288536522e-15,1.6960975017605217e-15,1.6960975017605217e-15,1.6960975017605217e-15,1.6960975017605217e-15
additive,20260922,76,7928,7,18.851760040926642,True,True,64,1.8851760040926641e-07,1.333866350705648e-11,30.320671899526303,4.1902037395402656e-13,7.485017896496652e-15,4.1153535605752993e-13,,2.222712219147417e-14,3.9704610499215396e-16,2.1830076086482015e-14,5.329070518200751e-15,1.965094753586527e-14,8.881784197001252e-15,0.0,0.0,7.105427357601002e-15,8.936766670601734e-15,3.552713678800501e-15,1.8430934423594072,0.4500932700615332,2.0258942382139565e-15,1.884552779733913e-16,5.512316880721696e-15,2.8268291696008694e-16,9.98812973258974e-15,5.182520144268261e-16,1.1778454873336956e-14,6.595934729068695e-16,8.150690772349173e-15,8.480487508802609e-16,2.8739429890942175e-15,1.0365040288536522e-15,2.8268291696008694e-16,2.8268291696008694e-16,1.0365040288536522e-15,1.0365040288536522e-15
additive,20260922,77,8612,7,18.851760040926642,True,True,64,1.8851760040926641e-07,4.4231285301066237e-13,29.903211184345103,4.757575286110491e-13,7.905316612961889e-15,4.678522119980872e-13,,2.5236769807073333e-14,4.1934103743097027e-16,2.4817428769642368e-14,8.881784197001252e-15,2.708944180085382e-14,1.687538997430238e-14,0.0,1.4210854715202004e-14,7.105427357601002e-15,1.6274812185743246e-14,3.552713678800501e-15,1.7615435854284018,0.4831962784910295,1.837438960240565e-15,2.8268291696008694e-16,5.559430700215043e-15,4.2402437544013043e-16,8.998739523229435e-15,5.182520144268261e-16,1.1071747580936739e-14,7.067072924002174e-16,9.045853342722782e-15,8.480487508802609e-16,3.250853545041e-15,1.1307316678403478e-15,6.595934729068695e-16,6.595934729068695e-16,1.1307316678403478e-15,1.1307316678403478e-15
additive,20260922,78,8934,7,18.851760040926642,True,True,64,1.8851760040926641e-07,3.552713678800501e-15,28.541652206557387,4.741762538174044e-13,7.16886867329387e-15,4.670073851441105e-13,,2.515289038201107e-14,3.802758287677361e-16,2.4772614553243335e-14,5.329070518200751e-15,1.5765166949677223e-14,6.217248937900877e-15,0.0,3.552713678800501e-15,3.552713678800501e-15,5.6557932940190126e-15,3.552713678800501e-15,1.7244912386760116,0.5216247977938899,1.7432113212538695e-15,1.884552779733913e-16,5.418089241735e-15,2.8268291696008694e-16,1.0789064663976653e-14,4.711381949334782e-16,1.451105640395113e-14,6.595934729068695e-16,9.752560635122999e-15,8.480487508802609e-16,2.921056808587565e-15,8.00934931386913e-16,4.711381949334783e-17,4.711381949334783e-17,8.480487508802609e-16,8.480487508802609e-16
additive,20260922,79,9879,7,18.851760040926642,True,True,32,1.8851760040926641e-07,2.5276571946619697e-08,26.46260652663494,4.4189014220250676e-13,6.1079117953864534e-15,4.357822304071203e-13,,2.3440259224771356e-14,3.239968990760729e-16,2.3116262325695283e-14,3.552713678800501e-15,2.2870594307278225e-14,1.9539925233402755e-14,0.0,3.552713678800501e-15,3.552713678800501e-15,1.6935659224210602e-14,3.552713678800501e-15,1.697109509406064,0.4815925235955317,1.7432113212538695e-15,1.884552779733913e-16,5.088292505281565e-15,2.8268291696008694e-16,1.0506381747016565e-14,3.769105559467826e-16,1.342743855560413e-14,6.595934729068695e-16,1.0600609386003261e-14,1.0365040288536522e-15,4.475812851868043e-15,1.319186945813739e-15,8.951625703736087e-16,8.951625703736087e-16,1.319186945813739e-15,1.319186945813739e-15
additive,20260922,80,298,8,18.851760040926642,True,True,32,1.8851760040926641e-07,1.3012457777961117e-09,17.385250700590635,3.3263603511846626e-13,3.4416913763379853e-15,3.2919434374212827e-13,,1.7644826498763126e-14,1.8256605053672281e-16,1.7462260448226405e-14,4.250568151422028e-15,2.19824158875781e-14,3.552713678800501e-15,0.0,3.552713678800501e-15,7.105427357601002e-15,3.636773422093547e-15,8.881784197001252e-16,1.1578110790191323,0.3830810954756333,8.951625703736087e-16,2.355690974667391e-16,3.9340039276945435e-15,3.0623982670676087e-16,8.021127768742468e-15,4.004674656934565e-16,8.810284245256043e-15,4.711381949334782e-16,6.9610668301421416e-15,8.480487508802609e-16,2.661930801374152e-15,1.083617848347e-15,4.711381949334783e-17,4.711381949334783e-17,1.083617848347e-15,1.083617848347e-15
additive,20260922,81,523,8,18.851760040926642,True,True,32,1.8851760040926641e-07,4.164398936801206e-08,9.333387910804678,2.614992878320555e-13,6.072919944699608e-15,2.554263678873559e-13,,1.387134608462806e-14,3.2214074078576587e-16,1.3549205343842296e-14,7.771561172376096e-15,1.2212453270876722e-14,2.886579864025407e-15,0.0,8.881784197001252e-15,7.105427357601002e-15,2.5878770026381626e-15,0.0,0.7547142582840421,0.1802662105927887,9.893902093603043e-16,1.6489836822671738e-16,3.3450811840276955e-15,1.884552779733913e-16,6.501707090082e-15,3.0623982670676087e-16,6.395700996221968e-15,4.004674656934565e-16,4.0753453861745866e-15,4.711381949334782e-16,1.4723068591671195e-15,4.004674656934565e-16,5.653658339201739e-16,5.653658339201739e-16,5.653658339201739e-16,5.653658339201739e-16
additive,20260922,82,1566,8,18.851760040926642,True,True,32,1.8851760040926641e-07,9.743350171120824e-08,8.936735783477546,3.086398861352704e-13,3.81282307314125e-15,3.0482706306212915e-13,,1.637194009817767e-14,2.0225289653930022e-16,1.616968720163837e-14,2.886579864025407e-15,1.7763568394002505e-14,3.552713678800501e-15,0.0,8.881784197001252e-15,1.7763568394002505e-15,3.2508387516286124e-15,0.0,0.821240193116178,0.18206871428208077,1.1307316678403478e-15,1.1778454873336956e-16,3.297967364534348e-15,1.6489836822671738e-16,7.31442047634225e-15,2.8268291696008694e-16,9.505213082782924e-15,4.004674656934565e-16,7.479318844568967e-15,7.655995667669021e-16,3.1212905414342933e-15,9.069410252469457e-16,6.124796534135217e-16,6.124796534135217e-16,9.069410252469457e-16,9.069410252469457e-16
additive,20260922,83,2304,8,18.851760040926642,True,True,64,1.8851760040926641e-07,7.283063041541027e-14,18.76568650383212,3.6171568386036833e-13,3.0650085644115933e-15,3.5865067529595676e-13,,1.918736940609756e-14,1.6258474316231194e-16,1.9024784662935248e-14,3.1086244689504383e-15,1.3322676295501878e-14,2.6645352591003757e-15,0.0,7.105427357601002e-15,0.0,3.1963849556589016e-15,0.0,0.9954341909239424,0.2927407616127128,7.302642021468913e-16,1.6489836822671738e-16,3.957560837441217e-15,2.355690974667391e-16,8.692499696522674e-15,3.769105559467826e-16,1.0270812649549826e-14,6.595934729068695e-16,7.797337126149065e-15,7.067072924002174e-16,3.015284447574261e-15,6.595934729068695e-16,6.124796534135217e-16,6.124796534135217e-16,7.067072924002174e-16,7.067072924002174e-16
additive,20260922,84,4575,8,18.851760040926642,True,True,32,1.8851760040926641e-07,3.78060027728111e-10,9.880461683376035,2.5377292859711057e-13,2.1097541703070302e-15,2.5166317442680354e-13,,1.3461497920946196e-14,1.1191284875931017e-16,1.3349585072186887e-14,2.3156080227896123e-15,8.895661984809067e-15,4.884981308350689e-15,0.0,1.7763568394002505e-15,0.0,5.404935758216804e-15,8.881784197001252e-16,0.6911910764624636,0.1535401399650998,1.0365040288536522e-15,1.6489836822671738e-16,3.3568596389010327e-15,1.884552779733913e-16,6.2425810828685865e-15,2.8268291696008694e-16,6.784390007042087e-15,3.2979673645343475e-16,4.628932765221424e-15,4.475812851868044e-16,2.2261279710606847e-15,4.593597400601413e-16,4.829166498068152e-16,4.829166498068152e-16,4.829166498068152e-16,4.829166498068152e-16
additive,20260922,85,5972,8,18.851760040926642,True,True,32,1.8851760040926641e-07,6.156208320895473e-10,18.40151029812314,2.9466984408088593e-13,4.7245276474108164e-15,2.899453164334751e-13,,1.5630893001033643e-14,2.5061467137041842e-16,1.538027832966322e-14,4.496403249731884e-15,2.3564483697668948e-14,1.3322676295501878e-14,0.0,1.4210854715202004e-14,3.552713678800501e-15,1.3648870393689366e-14,0.0,0.9761163020415057,0.38053284571588913,1.083617848347e-15,1.884552779733913e-16,3.67487792048113e-15,2.355690974667391e-16,6.831503826535435e-15,2.5912600721341306e-16,6.9021745557754564e-15,4.2402437544013043e-16,5.794999797681783e-15,6.595934729068695e-16,3.9811177471878914e-15,8.951625703736087e-16,1.1542885775870217e-15,1.1542885775870217e-15,1.1542885775870217e-15,1.1542885775870217e-15
additive,20260922,86,6624,8,18.851760040926642,True,True,32,1.8851760040926641e-07,1.1532963695159992e-08,14.94274299955691,2.1399416630242198e-13,2.4845205258218687e-15,2.1150964577660012e-13,,1.1351415774328055e-14,1.317924968505882e-16,1.1219623277477467e-14,1.9984014443252818e-15,9.2148511043888e-15,5.329070518200751e-15,0.0,0.0,0.0,4.733779505949358e-15,0.0,0.7926444516117662,0.19135053846749311,1.060060938600326e-15,1.1778454873336956e-16,3.015284447574261e-15,1.6489836822671738e-16,5.4887599709750215e-15,2.355690974667391e-16,6.595934729068696e-15,3.769105559467826e-16,4.3580283031346736e-15,4.946951046801521e-16,1.2249593068270435e-15,4.004674656934565e-16,3.2979673645343475e-16,3.2979673645343475e-16,4.946951046801521e-16,4.946951046801521e-16
additive,20260922,87,8070,8,18.851760040926642,True,True,32,1.8851760040926641e-07,1.1741367877959874e-09,6.345307561849713,2.280806496049844e-13,3.615494147454899e-15,2.244651554575295e-13,,1.2098639549295541e-14,1.917854958691264e-16,1.1906854053426414e-14,2.220446049250313e-15,1.021405182655144e-14,3.552713678800501e-15,0.0,6.217248937900877e-15,4.440892098500626e-15,4.067645691174263e-15,4.440892098500626e-16,0.6727343803550025,0.13435887418548112,8.7160566062693475e-16,7.067072924002173e-17,2.6148169818808044e-15,1.884552779733913e-16,5.182520144268261e-15,2.355690974667391e-16,6.124796534135217e-15,4.004674656934565e-16,5.135406324774913e-15,4.475812851868044e-16,2.3556909746673914e-15,5.182520144268261e-16,4.2402437544013043e-16,4.2402437544013043e-16,5.182520144268261e-16,5.182520144268261e-16
additive,20260922,88,9290,8,18.851760040926642,True,True,32,1.8851760040926641e-07,9.47318223865068e-10,14.927500640936685,3.1691068420285667e-13,4.071875112220456e-15,3.128388090906362e-13,,1.68106682620006e-14,2.1599442722486013e-16,1.659467383477574e-14,2.531308496145357e-15,1.2496947920936918e-14,1.1546319456101628e-14,0.0,1.2434497875801753e-14,7.105427357601002e-15,1.1653112337517951e-14,0.0,0.8394275475554198,0.4208473298293709,1.0129471191069782e-15,1.884552779733913e-16,3.686656375354467e-15,2.1201218772006522e-16,7.82089403589574e-15,3.769105559467826e-16,1.0164806555689794e-14,6.124796534135217e-16,7.538211118935652e-15,6.360365631601956e-16,2.685487711120826e-15,6.595934729068695e-16,1.884552779733913e-16,1.884552779733913e-16,6.595934729068695e-16,6.595934729068695e-16
additive,20260922,89,9833,8,18.851760040926642,True,True,32,1.8851760040926641e-07,1.3438139490062895e-12,12.361471984621025,2.3523907689507057e-13,3.160170537950892e-15,2.3207890635711967e-13,,1.2478361510244833e-14,1.6763265239374205e-16,1.231072885785109e-14,1.7763568394002505e-15,8.659739592076221e-15,5.773159728050814e-15,0.0,1.7763568394002505e-15,5.329070518200751e-15,5.214876149953593e-15,8.881784197001252e-16,0.6557197820142318,0.13646977640475733,1.083617848347e-15,9.422763898669565e-17,3.486422642507739e-15,1.884552779733913e-16,6.5252639998286735e-15,2.5912600721341306e-16,7.208414382482217e-15,3.769105559467826e-16,4.805609588321478e-15,4.711381949334782e-16,1.7903251407472175e-15,3.533536462001087e-16,2.355690974667391e-16,2.355690974667391e-16,4.711381949334782e-16,4.711381949334782e-16
additive,20260922,90,428,9,18.851760040926642,True,True,64,1.8851760040926641e-07,1.2079226507921703e-13,32.781300870730675,4.2353713129254325e-13,4.8286771406732675e-15,4.1870845415186996e-13,,2.2466715594355964e-14,2.5613932758481673e-16,2.2210576266771148e-14,3.806478941571965e-15,1.9484414082171497e-14,1.4210854715202004e-14,0.0,0.0,1.4210854715202004e-14,1.780903467024906e-14,3.552713678800501e-15,1.7388986916639824,0.5017036985508135,2.167235696694e-15,1.884552779733913e-16,5.041178685788217e-15,3.769105559467826e-16,9.658332996136305e-15,4.711381949334782e-16,1.1354430497896827e-14,6.595934729068695e-16,7.302642021468913e-15,5.182520144268261e-16,3.3450811840276955e-15,7.538211118935652e-16,3.2979673645343475e-16,3.2979673645343475e-16,7.538211118935652e-16,7.538211118935652e-16
additive,20260922,91,623,9,18.851760040926642,True,True,64,1.8851760040926641e-07,4.100053629940703e-13,23.079995528247274,4.13983133488013e-13,5.0182080713057095e-15,4.089649254167073e-13,,2.1959919529490467e-14,2.661930801374153e-16,2.1693726449353055e-14,3.700743415417188e-15,1.6542323066914832e-14,6.217248937900877e-15,0.0,1.4210854715202004e-14,7.105427357601002e-15,6.780819292305837e-15,7.105427357601002e-15,1.5207301336842913,0.39477212641895865,1.9787804187206085e-15,1.884552779733913e-16,5.559430700215043e-15,2.8268291696008694e-16,1.0553495566509912e-14,4.2402437544013043e-16,1.1118861400430086e-14,7.067072924002174e-16,8.244918411335869e-15,7.538211118935652e-16,3.816219378961174e-15,8.00934931386913e-16,7.067072924002174e-16,7.067072924002174e-16,8.00934931386913e-16,8.00934931386913e-16
additive,20260922,92,995,9,18.851760040926642,True,True,64,1.8851760040926641e-07,5.3290705182007514e-14,33.05623744106038,5.976645104747528e-13,4.694921700087476e-15,5.929695887746652e-13,,3.17033799060268e-14,2.4904421072064e-16,3.1454335695306164e-14,7.771561172376096e-15,3.8191672047105385e-14,2.842170943040401e-14,0.0,3.552713678800501e-14,7.105427357601002e-15,2.5877712671120078e-14,3.552713678800501e-15,1.7534828243780014,0.45450307951427144,3.3921950035210435e-15,2.8268291696008694e-16,6.878617646028783e-15,2.8268291696008694e-16,1.0883292302963347e-14,5.653658339201739e-16,1.5076422237871304e-14,7.538211118935652e-16,1.3333210916617435e-14,1.2249593068270435e-15,6.92573146552213e-15,1.5076422237871305e-15,1.7903251407472175e-15,1.7903251407472175e-15,1.7903251407472175e-15,1.7903251407472175e-15
additive,20260922,93,2043,9,18.851760040926642,True,True,64,1.8851760040926641e-07,6.572520305780927e-13,35.21442732510693,4.4894273483938226e-13,4.381944542669338e-15,4.445607902967129e-13,,2.3814367139446937e-14,2.324421981372699e-16,2.3581924941309666e-14,3.425831047414769e-15,2.398081733190338e-14,1.2434497875801753e-14,0.0,7.105427357601002e-15,7.105427357601002e-15,1.4153757531078422e-14,3.552713678800501e-15,1.8679649671254783,0.5765276912879554,2.0730080577073045e-15,1.884552779733913e-16,5.418089241735e-15,2.8268291696008694e-16,1.0223698830056479e-14,6.595934729068695e-16,1.3380324736110782e-14,8.480487508802609e-16,1.0789064663976653e-14,8.480487508802609e-16,4.381585212881348e-15,1.2720731263203913e-15,7.538211118935652e-16,7.538211118935652e-16,1.2720731263203913e-15,1.2720731263203913e-15
additive,20260922,94,2087,9,18.851760040926642,True,True,64,1.8851760040926641e-07,1.545430450278218e-13,37.7291608721987,4.2479617707023126e-13,5.736680971527417e-15,4.1905949609870387e-13,,2.2533502237881805e-14,3.043047948347127e-16,2.2229197443047092e-14,3.616154994493367e-15,1.7541523789077473e-14,5.329070518200751e-15,0.0,2.1316282072803006e-14,0.0,1.1537860614009246e-14,7.105427357601002e-15,2.001360127133475,0.5482950719211586,2.0258942382139565e-15,1.884552779733913e-16,5.559430700215043e-15,2.8268291696008694e-16,1.0506381747016565e-14,5.182520144268261e-16,1.2814958902190608e-14,7.067072924002174e-16,9.469877718162913e-15,9.422763898669565e-16,2.685487711120826e-15,8.480487508802609e-16,1.884552779733913e-16,1.884552779733913e-16,9.422763898669565e-16,9.422763898669565e-16
additive,20260922,95,4442,9,18.851760040926642,True,True,32,1.8851760040926641e-07,1.1169612434969167e-07,34.0161314442334,4.950954989894961e-13,2.2343634878804353e-14,4.727518641106917e-13,,2.626256105078028e-14,1.185228054584662e-15,2.507733299619562e-14,3.907985046680551e-14,3.907985046680551e-14,1.0658141036401503e-14,0.0,3.552713678800501e-14,3.552713678800501e-14,1.0422350813076355e-14,1.7763568394002505e-15,1.8044008289085656,0.4653612526788018,2.8268291696008695e-15,2.8268291696008694e-16,6.878617646028783e-15,3.769105559467826e-16,1.1165975219923435e-14,5.653658339201739e-16,1.3097641819150696e-14,1.1307316678403478e-15,9.611219176642956e-15,1.2249593068270435e-15,3.3921950035210435e-15,1.366300765307087e-15,4.711381949334783e-17,4.711381949334783e-17,1.366300765307087e-15,1.366300765307087e-15
additive,20260922,96,4850,9,18.851760040926642,True,True,64,1.8851760040926641e-07,3.4916514124461173e-13,27.281877116070845,2.7857425361197504e-13,3.9473715301732045e-15,2.7462688208180183e-13,,1.4777095242417588e-14,2.0939007931373896e-16,1.4567705163103847e-14,3.552713678800501e-15,1.0436096431476471e-14,1.2434497875801753e-14,0.0,1.0658141036401503e-14,3.552713678800501e-15,1.0501652457692434e-14,0.0,1.4471793114723857,0.47241478693517963,1.4134145848004347e-15,1.884552779733913e-16,3.67487792048113e-15,2.8268291696008694e-16,7.632438757922348e-15,3.769105559467826e-16,8.480487508802608e-15,4.711381949334782e-16,5.370975422241652e-15,5.653658339201739e-16,2.0730080577073045e-15,5.182520144268261e-16,4.711381949334782e-16,4.711381949334782e-16,5.653658339201739e-16,5.653658339201739e-16
additive,20260922,97,6965,9,18.851760040926642,True,True,64,1.8851760040926641e-07,1.7408297026122455e-13,27.963009904925194,4.631572902979997e-13,4.2130320396370816e-15,4.589442582583626e-13,,2.4568384558921725e-14,2.2348215925148143e-16,2.4344902399670245e-14,7.866723145915395e-15,2.932376563791195e-14,1.0658141036401503e-14,0.0,2.4868995751603507e-14,7.105427357601002e-15,1.0253173971228706e-14,0.0,1.4833103033466524,0.466732098277941,1.648983682267174e-15,1.884552779733913e-16,4.617154310348087e-15,3.769105559467826e-16,9.752560635122999e-15,4.711381949334782e-16,1.234382070725713e-14,5.653658339201739e-16,9.941015913096391e-15,7.538211118935652e-16,4.899837227308174e-15,1.083617848347e-15,1.083617848347e-15,1.083617848347e-15,1.083617848347e-15,1.083617848347e-15
additive,20260922,98,9272,9,18.851760040926642,True,True,32,1.8851760040926641e-07,9.143269608102855e-08,29.086370590149464,6.260352025137872e-13,1.37088753047822e-13,4.889464494659653e-13,,3.3208315889587094e-14,7.271933906977712e-15,2.593638198260938e-14,2.4513724383723456e-13,2.4513724383723456e-13,2.1316282072803006e-14,0.0,1.4210854715202004e-14,2.4868995751603507e-13,2.4065405752827234e-14,3.552713678800501e-15,1.5428994707657948,0.4821787970144105,1.5547560432804782e-15,1.884552779733913e-16,4.193129934907956e-15,2.8268291696008694e-16,7.632438757922348e-15,4.711381949334782e-16,9.941015913096391e-15,7.067072924002174e-16,7.491097299442305e-15,8.480487508802609e-16,5.936341256161826e-15,1.6960975017605217e-15,2.167235696694e-15,2.167235696694e-15,2.167235696694e-15,2.167235696694e-15
additive,20260922,99,9528,9,18.851760040926642,True,True,64,1.8851760040926641e-07,1.4210854715202004e-14,30.72355961092402,4.386649773583226e-13,5.243424742015384e-15,4.334215526163072e-13,,2.3269178920482396e-14,2.7813979865179994e-16,2.2991039121830597e-14,3.641531520770513e-15,1.6431300764452317e-14,1.5987211554602254e-14,0.0,3.552713678800501e-15,0.0,1.6080258817618457e-14,1.7763568394002505e-15,1.7253061423115037,0.4885068344573211,2.5441462526407825e-15,1.884552779733913e-16,5.465203061228348e-15,3.2979673645343475e-16,1.1071747580936739e-14,6.124796534135217e-16,1.3710121472564217e-14,8.480487508802609e-16,9.469877718162913e-15,7.538211118935652e-16,3.0623982670676085e-15,6.595934729068695e-16,1.884552779733913e-16,1.884552779733913e-16,8.480487508802609e-16,8.480487508802609e-16
additive,20260923,0,280,0,15.04763127391433,True,True,32,1.5047631273914331e-07,1.1303291636011181e-11,9.52592786079517,2.602122882246403e-13,3.559256064481329e-15,2.56653032160159e-13,,1.7292574724084894e-14,2.36532647543766e-16,1.7056042076541127e-14,2.7755575615628914e-15,1.5792922525292852e-14,1.3322676295501878e-15,0.0,3.552713678800501e-15,1.7763568394002505e-15,1.2973749059191116e-15,3.552713678800501e-15,0.6492808428917173,0.22196644137090138,1.593660616437026e-15,1.7707340182633622e-16,4.190737176556623e-15,1.7707340182633622e-16,8.204400951286912e-15,4.131712709281178e-16,9.148792427694037e-15,6.492691400298995e-16,5.961471194819986e-15,8.853670091316811e-16,3.0102478310477157e-15,7.673180745807903e-16,1.0034159436825719e-15,1.0034159436825719e-15,1.0034159436825719e-15,1.0034159436825719e-15
additive,20260923,1,1403,0,15.04763127391433,True,True,32,1.5047631273914331e-07,1.5025891642039824e-10,8.545180255706526,2.767341911180665e-13,2.4903359797603804e-15,2.742438551383061e-13,,1.83905483913469e-14,1.6549687684582472e-16,1.8225051514501074e-14,3.1086244689504383e-15,1.304512053934559e-14,3.9968028886505635e-15,0.0,5.329070518200751e-15,0.0,4.128443618713261e-15,3.552713678800501e-15,0.7549083829885114,0.22467428015533578,1.6231728500747487e-15,2.360978691017816e-16,5.194153120239196e-15,2.95122336377227e-16,8.765133390403642e-15,4.721957382035632e-16,1.0329281773202946e-14,5.312202054790086e-16,6.87635043758939e-15,7.96830308218513e-16,2.5380520928441523e-15,8.558547754939584e-16,5.0170797184128595e-16,5.0170797184128595e-16,8.558547754939584e-16,8.558547754939584e-16
additive,20260923,2,1512,0,15.04763127391433,True,True,32,1.5047631273914331e-07,1.1457501614131615e-11,8.38783719496437,2.365330153963896e-13,3.905077319711293e-15,2.326279380766783e-13,,1.5718953441292054e-14,2.5951442114885555e-16,1.5459439020143198e-14,1.887379141862766e-15,1.0907941216942163e-14,3.9968028886505635e-15,0.0,3.552713678800501e-15,3.552713678800501e-15,4.172323862067494e-15,3.552713678800501e-15,0.6370920957701445,0.19955918464283282,1.0624404109580172e-15,1.180489345508908e-16,4.4268350456584055e-15,2.360978691017816e-16,8.263425418562357e-15,4.131712709281178e-16,9.443914764071265e-15,5.90244672754454e-16,5.784397792993649e-15,7.082936073053449e-16,1.7117095509879168e-15,7.082936073053449e-16,0.0,0.0,7.082936073053449e-16,7.082936073053449e-16
additive,20260923,3,3341,0,15.04763127391433,True,True,32,1.5047631273914331e-07,1.1951911460528208e-08,9.60138889152603,2.318261984496097e-13,3.304235192336775e-15,2.2852196325727294e-13,,1.5406158898343665e-14,2.1958507170924628e-16,1.5186573826634422e-14,1.850371707708594e-15,9.936496070395151e-15,8.881784197001252e-15,0.0,1.5987211554602254e-14,1.7763568394002505e-15,8.803539907646717e-15,3.552713678800501e-15,0.7870692355189873,0.25689798748119597,9.443914764071264e-16,1.7707340182633622e-16,3.5414680365267242e-15,2.95122336377227e-16,7.614156278532457e-15,4.131712709281178e-16,9.266841362244928e-15,5.90244672754454e-16,5.961471194819986e-15,6.492691400298995e-16,2.4200031582932617e-15,5.312202054790086e-16,1.180489345508908e-16,1.180489345508908e-16,6.492691400298995e-16,6.492691400298995e-16
additive,20260923,4,4116,0,15.04763127391433,True,True,32,1.5047631273914331e-07,5.8826277182788544e-12,9.776145308768983,2.2313024443982548e-13,3.0618364986269492e-15,2.2006840794119853e-13,,1.4828263690022142e-14,2.0347631084865597e-16,1.4624787379173486e-14,2.220446049250313e-15,9.880984919163893e-15,2.6645352591003757e-15,0.0,1.2434497875801753e-14,0.0,3.1636069425509232e-15,3.552713678800501e-15,0.6496800148018196,0.2263119233763414,1.0034159436825719e-15,1.180489345508908e-16,3.659516971077615e-15,1.7707340182633622e-16,6.610740334849885e-15,2.95122336377227e-16,8.027327549460575e-15,3.5414680365267244e-16,6.079520129370877e-15,4.721957382035632e-16,2.597076560119598e-15,5.90244672754454e-16,5.90244672754454e-16,5.90244672754454e-16,5.90244672754454e-16,5.90244672754454e-16
additive,20260923,5,5544,0,15.04763127391433,True,True,32,1.5047631273914331e-07,3.398870074278193e-11,10.803255662897724,2.2125951864333205e-13,2.9164501501641322e-15,2.1834306849316793e-13,,1.4703943405823232e-14,1.938145676934492e-16,1.4510128838129783e-14,2.220446049250313e-15,7.605027718682322e-15,5.329070518200751e-15,0.0,3.552713678800501e-15,1.7763568394002505e-15,5.263514491984791e-15,3.552713678800501e-15,0.8269610583690433,0.2410736736677657,1.5346361491615806e-15,1.7707340182633622e-16,4.4268350456584055e-15,2.360978691017816e-16,7.909278614909684e-15,3.5414680365267244e-16,7.96830308218513e-15,4.131712709281178e-16,4.721957382035632e-15,5.312202054790086e-16,1.7117095509879168e-15,4.721957382035632e-16,1.180489345508908e-16,1.180489345508908e-16,5.312202054790086e-16,5.312202054790086e-16
additive,20260923,6,6708,0,15.04763127391433,True,True,32,1.5047631273914331e-07,7.470024598887903e-12,6.676831790295102,2.9795321302798306e-13,3.4538674830217466e-15,2.944993455449613e-13,,1.9800672119371827e-14,2.2952898168159955e-16,1.957114313769023e-14,3.1086244689504383e-15,1.9522577998642987e-14,3.1086244689504383e-15,0.0,8.881784197001252e-16,8.881784197001252e-16,2.772385495778249e-15,3.552713678800501e-15,0.46077862834702693,0.21908090005774444,1.8887829528142528e-15,1.7707340182633622e-16,4.5448839802092965e-15,2.95122336377227e-16,8.08635201673602e-15,2.95122336377227e-16,1.0211232838652055e-14,4.131712709281178e-16,8.794645624041365e-15,7.673180745807903e-16,4.3087861111075144e-15,1.298538280059799e-15,1.0624404109580172e-15,1.0624404109580172e-15,1.298538280059799e-15,1.298538280059799e-15
additive,20260923,7,7346,0,15.04763127391433,True,True,32,1.5047631273914331e-07,3.721911667753375e-12,2.8390946995988706,1.8528327020798468e-13,1.855790653424027e-15,1.8342747955456065e-13,,1.2313118711858699e-14,1.2332775967478113e-16,1.2189790952183917e-14,2.6645352591003757e-15,7.216449660063518e-15,8.881784197001252e-16,0.0,1.7763568394002505e-15,4.440892098500626e-16,1.5606563660445057e-15,3.552713678800501e-15,0.4645190333070977,0.22672877832253915,1.1509771118711853e-15,1.180489345508908e-16,3.2463457001494974e-15,2.360978691017816e-16,5.784397792993649e-15,2.95122336377227e-16,6.728789269400776e-15,3.5414680365267244e-16,4.338298344745237e-15,4.721957382035632e-16,1.1214648782334627e-15,4.4268350456584053e-16,5.90244672754454e-17,5.90244672754454e-17,4.721957382035632e-16,4.721957382035632e-16
additive,20260923,8,7393,0,15.04763127391433,True,True,32,1.5047631273914331e-07,4.8979931221992956e-11,1.2906314228001836,2.472405217065646e-13,3.160500961470126e-15,2.440800207450945e-13,,1.6430527649568733e-14,2.100331210898941e-16,1.622049452847884e-14,2.220446049250313e-15,1.1046719095020308e-14,7.993605777301127e-15,0.0,6.217248937900877e-15,2.6645352591003757e-15,6.6132284833505146e-15,3.552713678800501e-15,0.754253606509786,0.2370852403820377,1.0624404109580172e-15,1.180489345508908e-16,4.131712709281179e-15,2.360978691017816e-16,8.440498820388692e-15,3.2463457001494973e-16,9.532451464984432e-15,4.721957382035632e-16,6.463179166661272e-15,7.378058409430675e-16,2.4495153919309844e-15,6.787813736676221e-16,3.8365903729039515e-16,3.8365903729039515e-16,7.378058409430675e-16,7.378058409430675e-16
additive,20260923,9,8134,0,15.04763127391433,True,True,32,1.5047631273914331e-07,6.231459792616079e-12,10.83734540128977,3.384653668447868e-13,4.723998969780042e-15,3.337413678750067e-13,,2.2492933318450595e-14,3.1393638532127533e-16,2.2178996933129316e-14,2.6328146012539428e-15,1.6986412276764895e-14,7.105427357601002e-15,0.0,5.329070518200751e-15,1.7763568394002505e-15,6.122086964361579e-15,3.552713678800501e-15,0.7202027484602672,0.22404178334204694,1.1214648782334627e-15,1.180489345508908e-16,4.780981849311078e-15,2.360978691017816e-16,9.384890296795819e-15,3.5414680365267244e-16,1.2926358333322544e-14,6.492691400298995e-16,1.0034159436825718e-14,8.853670091316811e-16,4.485859512933851e-15,1.1214648782334627e-15,1.0624404109580172e-15,1.0624404109580172e-15,1.1214648782334627e-15,1.1214648782334627e-15
additive,20260923,10,555,1,15.04763127391433,True,True,64,1.5047631273914331e-07,1.7763568394002505e-14,24.564138199030538,4.0475192641942216e-13,9.265769368702708e-15,3.9548615705071943e-13,,2.6898049204666237e-14,6.157626539377855e-16,2.628228655072845e-14,1.2434497875801753e-14,2.2648549702353193e-14,1.2434497875801753e-14,0.0,1.0658141036401503e-14,1.4210854715202004e-14,1.4099039396293328e-14,3.552713678800501e-15,1.7836324147913303,0.7786434566395241,1.7412217846256393e-15,2.065856354640589e-16,6.743545386219637e-15,4.131712709281178e-16,1.3590383590171305e-14,8.853670091316811e-16,1.5095507505695163e-14,1.0624404109580172e-15,1.0476842941391559e-14,1.5051239155238579e-15,3.8956148401793966e-15,1.2100015791466308e-15,3.0987845319608835e-16,3.0987845319608835e-16,1.5051239155238579e-15,1.5051239155238579e-15
additive,20260923,11,1680,1,15.04763127391433,True,True,64,1.5047631273914331e-07,2.0339285811132868e-13,16.279937928856757,3.1136208029847707e-13,5.684176674321186e-15,3.056779036241559e-13,,2.0691767005099047e-14,3.777456113092652e-16,2.0314021393789783e-14,4.884981308350689e-15,2.120525977034049e-14,3.552713678800501e-15,0.0,3.552713678800501e-15,7.105427357601002e-15,2.830540035163375e-15,3.552713678800501e-15,1.2331005656666927,0.3660118927357477,1.5641483827993032e-15,2.065856354640589e-16,4.899030783861969e-15,2.95122336377227e-16,9.680012633173047e-15,4.131712709281178e-16,1.2055747441009725e-14,5.0170797184128595e-16,8.558547754939583e-15,7.230497241242062e-16,3.025003947866577e-15,1.475611681886135e-15,4.4268350456584053e-16,4.4268350456584053e-16,1.475611681886135e-15,1.475611681886135e-15
additive,20260923,12,2586,1,15.04763127391433,True,True,32,1.5047631273914331e-07,1.3932430231733406e-07,25.239782894861616,3.301894141703005e-13,5.244306972811736e-14,2.777463444421831e-13,,2.1942949568594032e-14,3.485137878081151e-15,1.845781169051288e-14,9.725553695716371e-14,9.725553695716371e-14,1.9539925233402755e-14,0.0,1.4210854715202004e-14,9.592326932761353e-14,1.5448753387659054e-14,1.3322676295501878e-15,1.8285328169564423,0.8721482734083704,1.9182951864519755e-15,2.065856354640589e-16,4.884274667043107e-15,2.656101027395043e-16,8.63232833903389e-15,5.607324391167314e-16,1.0078427787282304e-14,9.148792427694038e-16,7.378058409430676e-15,6.787813736676221e-16,2.390490924655539e-15,6.787813736676221e-16,1.3280505136975215e-16,1.3280505136975215e-16,9.148792427694038e-16,9.148792427694038e-16
additive,20260923,13,3766,1,15.04763127391433,True,True,64,1.5047631273914331e-07,2.433608869978343e-13,23.00002366716206,3.8555524513779935e-13,9.891128921204368e-15,3.75664116216595e-13,,2.5622321421855594e-14,6.573213246094775e-16,2.496500009724612e-14,7.105427357601002e-15,2.1871393585115584e-14,1.2434497875801753e-14,0.0,7.105427357601002e-15,2.1316282072803006e-14,1.2067859938860066e-14,3.552713678800501e-15,1.6796881790909295,0.6188758449233798,1.6231728500747487e-15,2.065856354640589e-16,5.592568274348452e-15,3.5414680365267244e-16,1.0639160226399034e-14,4.4268350456584053e-16,1.2262333076473783e-14,8.558547754939584e-16,1.0771965277768786e-14,1.4460994482484123e-15,5.784397792993649e-15,1.6231728500747487e-15,1.3132943968786603e-15,1.3132943968786603e-15,1.6231728500747487e-15,1.6231728500747487e-15
additive,20260923,14,4718,1,15.04763127391433,True,True,32,1.5047631273914331e-07,2.2754276240988247e-10,13.933080337729248,2.5375848908932007e-13,4.404842892552231e-15,2.493536461967678e-13,,1.686368335787311e-14,2.927266632448791e-16,1.657095669462823e-14,3.552713678800501e-15,1.9741153156616065e-14,5.773159728050814e-15,0.0,7.105427357601002e-15,1.7763568394002505e-15,6.163323819561941e-15,1.7763568394002505e-15,1.1139834141271066,0.4940214562652465,1.1657332286900467e-15,1.475611681886135e-16,3.851346489722813e-15,2.656101027395043e-16,6.846838203951667e-15,4.4268350456584053e-16,7.289521708517507e-15,4.869518550224246e-16,7.540375694438151e-15,8.706108923128197e-16,5.0908603025071664e-15,1.180489345508908e-15,1.3575627473352442e-15,1.3575627473352442e-15,1.3575627473352442e-15,1.3575627473352442e-15
additive,20260923,15,4831,1,15.04763127391433,True,True,64,1.5047631273914331e-07,2.3092638912203256e-14,24.767185854612148,4.1258706107689885e-13,1.1164184656107878e-14,4.0142287642079096e-13,,2.7418738110106073e-14,7.419230610376157e-16,2.6676815049068457e-14,8.881784197001252e-15,1.7541523789077473e-14,3.552713678800501e-15,0.0,3.552713678800501e-15,1.7763568394002505e-14,3.989665740635114e-15,3.552713678800501e-15,1.7971260771416033,0.6412187774620088,1.475611681886135e-15,2.065856354640589e-16,4.471103396114989e-15,2.95122336377227e-16,8.927450675411117e-15,4.721957382035632e-16,1.1376966067342102e-14,8.558547754939584e-16,9.532451464984432e-15,8.115864250373743e-16,3.954639307454842e-15,1.3280505136975217e-15,7.820741913996516e-16,7.820741913996516e-16,1.3280505136975217e-15,1.3280505136975217e-15
additive,20260923,16,6080,1,15.04763127391433,True,True,64,1.5047631273914331e-07,4.04121180963557e-14,25.359291349695756,3.5045587463779425e-13,7.299551175150787e-15,3.4315632346264346e-13,,2.3289770214221258e-14,4.850963611664814e-16,2.2804673853054776e-14,5.329070518200751e-15,1.6431300764452317e-14,8.881784197001252e-15,0.0,1.7763568394002505e-14,1.4210854715202004e-14,1.1392738604361812e-14,3.552713678800501e-15,1.8364748280715952,0.7267102097830705,1.387074980972967e-15,1.475611681886135e-16,4.58915233066588e-15,2.95122336377227e-16,9.694768749991908e-15,5.0170797184128595e-16,1.3250992903337494e-14,9.443914764071264e-16,1.0034159436825718e-14,8.263425418562356e-16,2.3314664573800934e-15,1.0624404109580172e-15,1.475611681886135e-17,1.475611681886135e-17,1.0624404109580172e-15,1.0624404109580172e-15
additive,20260923,17,6208,1,15.04763127391433,True,True,64,1.5047631273914331e-07,1.8030021919912542e-13,21.533355864650435,3.977843517540454e-13,1.0398130769116522e-14,3.873862209849289e-13,,2.6435014555654383e-14,6.910144580125443e-16,2.5744000097641838e-14,8.881784197001252e-15,1.6986412276764895e-14,7.105427357601002e-15,0.0,3.552713678800501e-15,1.7763568394002505e-14,6.8397668481371256e-15,3.552713678800501e-15,1.582219828370896,0.6475962587894791,1.7117095509879168e-15,2.065856354640589e-16,5.976227311638847e-15,4.721957382035632e-16,1.2114771908285169e-14,6.935374904864835e-16,1.4829897402955658e-14,9.296353595882652e-16,1.1893430156002248e-14,1.1214648782334627e-15,4.8104940829488006e-15,1.0181720605014333e-15,1.6231728500747486e-16,1.6231728500747486e-16,1.1214648782334627e-15,1.1214648782334627e-15
additive,20260923,18,7156,1,15.04763127391433,True,True,32,1.5047631273914331e-07,5.119205059855858e-10,15.927309540663444,3.2486477132725747e-13,4.543092092999601e-15,3.203216792342579e-13,,2.1589097008937448e-14,3.019141026451939e-16,2.1287182906292257e-14,6.058645648668711e-15,2.0761170560490427e-14,1.2434497875801753e-14,0.0,7.105427357601002e-15,7.105427357601002e-15,1.181383033727321e-14,1.7763568394002505e-15,1.2096664196689364,0.5413682659819794,1.1067087614146014e-15,1.475611681886135e-16,3.7628097888096445e-15,2.95122336377227e-16,8.219157068105772e-15,4.4268350456584053e-16,1.0181720605014333e-14,6.787813736676221e-16,7.466595110343844e-15,8.263425418562356e-16,3.113540648779745e-15,1.1657332286900467e-15,8.263425418562356e-16,8.263425418562356e-16,1.1657332286900467e-15,1.1657332286900467e-15
additive,20260923,19,8365,1,15.04763127391433,True,True,32,1.5047631273914331e-07,1.1811123767913045e-07,14.813258580608597,2.82889948239038e-13,4.478329083229801e-15,2.7841161915580817e-13,,1.8799633184090508e-14,2.9761023523969275e-16,1.8502022948850816e-14,2.6645352591003757e-15,1.3329615189405786e-14,8.881784197001252e-15,0.0,1.0658141036401503e-14,5.329070518200751e-15,7.577800820697467e-15,1.7763568394002505e-15,1.135631447667323,0.2949853687159934,1.1952454623277695e-15,1.475611681886135e-16,4.485859512933851e-15,2.656101027395043e-16,9.620988165897601e-15,4.131712709281178e-16,9.384890296795819e-15,5.90244672754454e-16,6.610740334849885e-15,7.96830308218513e-16,3.2758579337872198e-15,7.820741913996516e-16,1.3280505136975215e-16,1.3280505136975215e-16,7.96830308218513e-16,7.96830308218513e-16
additive,20260923,20,368,2,15.04763127391433,True,True,64,1.5047631273914331e-07,9.904299602681021e-13,3.655073836397724,2.5205010036782615e-13,3.064479886780817e-15,2.4898562048104535e-13,,1.6750151288247278e-14,2.0365197890602326e-16,1.6546499309341257e-14,2.4424906541753444e-15,1.1574075031717257e-14,1.4432899320127035e-15,0.0,1.3322676295501878e-15,0.0,1.4422325767511565e-15,1.7763568394002505e-15,0.4917407554919905,0.18157695698335066,1.3575627473352442e-15,1.180489345508908e-16,4.603908447484741e-15,2.360978691017816e-16,8.440498820388692e-15,4.721957382035632e-16,9.089767960418593e-15,7.673180745807903e-16,5.784397792993649e-15,7.082936073053449e-16,2.2429297564669255e-15,5.312202054790086e-16,5.90244672754454e-16,5.90244672754454e-16,7.673180745807903e-16,7.673180745807903e-16
additive,20260923,21,750,2,15.04763127391433,True,True,32,1.5047631273914331e-07,1.2323475573339238e-13,9.84847089916992,4.465497416283881e-13,3.010290429626496e-15,4.435394511987616e-13,,2.967574985722171e-14,2.0005078372999175e-16,2.9475699073491717e-14,2.7755575615628914e-15,1.62231339473351e-14,2.6645352591003757e-15,0.0,3.552713678800501e-15,5.329070518200751e-15,2.7364354168856237e-15,1.7763568394002505e-15,0.654486458359904,0.1805183944080412,1.7707340182633621e-15,1.180489345508908e-16,6.492691400298995e-15,3.5414680365267244e-16,1.3929774277005115e-14,5.90244672754454e-16,1.7825389117184513e-14,7.082936073053449e-16,1.3457578538801552e-14,1.0624404109580172e-15,5.312202054790087e-15,1.0624404109580172e-15,9.443914764071264e-16,9.443914764071264e-16,1.0624404109580172e-15,1.0624404109580172e-15
additive,20260923,22,1640,2,15.04763127391433,True,True,32,1.5047631273914331e-07,1.865174681370263e-14,2.0856162960172746,2.049132854139065e-13,2.4919054914767404e-15,2.0242137992242977e-13,,1.361764397889865e-14,1.6560117975488662e-16,1.3452042799143764e-14,1.239749044164758e-15,7.2476746826311e-15,8.881784197001252e-16,0.0,1.3322676295501878e-15,4.440892098500626e-16,8.384827224073807e-16,1.7763568394002505e-15,0.2589749276113022,0.1011270888469259,9.443914764071264e-16,1.180489345508908e-16,3.364394634700388e-15,1.7707340182633622e-16,7.0829360730534484e-15,2.360978691017816e-16,7.555131811257011e-15,3.5414680365267244e-16,5.548299923891868e-15,4.721957382035632e-16,2.3019542237423706e-15,4.721957382035632e-16,1.180489345508908e-16,1.180489345508908e-16,4.721957382035632e-16,4.721957382035632e-16
additive,20260923,23,2633,2,15.04763127391433,True,True,32,1.5047631273914331e-07,1.539124383498347e-11,5.618501854765899,3.38301435476307e-13,3.3962003183274892e-15,3.3490523515797947e-13,,2.2482039154080417e-14,2.2569667321759394e-16,2.2256342480862825e-14,3.4099707184915523e-15,2.3070087507015558e-14,1.1102230246251565e-15,0.0,0.0,5.329070518200751e-15,1.2868013533036338e-15,1.7763568394002505e-15,0.4612960325294119,0.16659897358684225,1.593660616437026e-15,1.7707340182633622e-16,5.194153120239196e-15,2.95122336377227e-16,1.0093183904101164e-14,4.131712709281178e-16,1.2749284931496207e-14,7.673180745807903e-16,9.620988165897601e-15,1.0034159436825719e-15,4.36781057838296e-15,1.5346361491615806e-15,7.673180745807903e-16,7.673180745807903e-16,1.5346361491615806e-15,1.5346361491615806e-15
additive,20260923,24,2999,2,15.04763127391433,True,True,32,1.5047631273914331e-07,7.327471962526033e-15,0.8286470968406636,4.352119359340989e-13,2.747785464771301e-15,4.324641504693276e-13,,2.892228869859113e-14,1.8260584770805068e-16,2.873968285088308e-14,3.1826393372587822e-15,1.8322149353267037e-14,4.218847493575595e-15,0.0,0.0,1.7763568394002505e-15,4.3066079802840605e-15,1.7763568394002505e-15,0.34853529029387054,0.12958390728933772,1.298538280059799e-15,1.7707340182633622e-16,5.312202054790087e-15,2.95122336377227e-16,1.2749284931496207e-14,5.312202054790086e-16,1.6526850837124715e-14,8.263425418562356e-16,1.3575627473352443e-14,1.180489345508908e-15,6.315617998472658e-15,1.180489345508908e-15,1.2395138127843534e-15,1.2395138127843534e-15,1.2395138127843534e-15,1.2395138127843534e-15
additive,20260923,25,6288,2,15.04763127391433,True,True,32,1.5047631273914331e-07,1.411404326745469e-11,-0.36860011596411724,3.2321922915912184e-13,1.2516442908571705e-15,3.2196758486826466e-13,,2.1479741447375527e-14,8.31788251634625e-17,2.1396562622212063e-14,2.3473286806360452e-15,1.3850032232198828e-14,1.5543122344752192e-15,0.0,2.6645352591003757e-15,1.3322676295501878e-15,1.6040079317679647e-15,1.7763568394002505e-15,0.46943389402793645,0.1419523728644591,1.8887829528142528e-15,2.360978691017816e-16,5.430250989340977e-15,3.5414680365267244e-16,9.207816894969482e-15,4.131712709281178e-16,1.0801477511406508e-14,4.721957382035632e-16,9.030743493143148e-15,5.90244672754454e-16,3.659516971077615e-15,8.853670091316811e-16,7.673180745807903e-16,7.673180745807903e-16,8.853670091316811e-16,8.853670091316811e-16
additive,20260923,26,6518,2,15.04763127391433,True,True,32,1.5047631273914331e-07,5.084821452783217e-14,2.1293185566852824,3.272596727340752e-13,2.00820676225854e-15,3.2525146597181667e-13,,2.174825171994963e-14,1.3345667007004928e-16,2.1614795049879584e-14,2.394909667405695e-15,1.6008028236313976e-14,1.2212453270876722e-15,0.0,3.552713678800501e-15,8.881784197001252e-16,1.1504025245639722e-15,1.7763568394002505e-15,0.3066296682357116,0.09841714461388613,1.6526850837124713e-15,1.180489345508908e-16,5.666348858442759e-15,3.5414680365267244e-16,1.0742453044131063e-14,5.90244672754454e-16,1.3457578538801552e-14,6.492691400298995e-16,8.912694558592256e-15,7.673180745807903e-16,2.4790276255687068e-15,1.0624404109580172e-15,1.7707340182633622e-16,1.7707340182633622e-16,1.0624404109580172e-15,1.0624404109580172e-15
additive,20260923,27,7013,2,15.04763127391433,True,True,32,1.5047631273914331e-07,3.811715992840803e-08,-2.5751742548486565,2.3313427907755197e-13,5.2054921220073565e-15,2.2792878695554464e-13,,1.5493088236531923e-14,3.4593432197074665e-16,1.5147153914561178e-14,5.384581669432009e-15,1.04638520070921e-14,2.6645352591003757e-15,0.0,4.884981308350689e-15,3.552713678800501e-15,2.745951614239554e-15,1.7763568394002505e-15,0.5309362354391385,0.2411497036650209,1.593660616437026e-15,1.180489345508908e-16,4.9580552511374136e-15,1.7707340182633622e-16,7.0829360730534484e-15,3.5414680365267244e-16,7.141960540328894e-15,4.721957382035632e-16,5.194153120239196e-15,5.312202054790086e-16,2.4200031582932617e-15,5.312202054790086e-16,6.492691400298995e-16,6.492691400298995e-16,6.492691400298995e-16,6.492691400298995e-16
additive,20260923,28,7633,2,15.04763127391433,True,True,32,1.5047631273914331e-07,1.715738662255717e-12,3.8066766976011888,2.887523553596339e-13,2.2577178222198715e-15,2.86494637537414e-13,,1.9189223214167774e-14,1.5003808779749379e-16,1.903918512637028e-14,2.2838873649431793e-15,1.5987211554602254e-14,3.552713678800501e-15,0.0,6.217248937900877e-15,4.440892098500626e-16,3.233392389813075e-15,1.7763568394002505e-15,0.601986510012798,0.2364997110185155,1.2395138127843534e-15,2.360978691017816e-16,5.430250989340977e-15,3.5414680365267244e-16,1.0978550913232845e-14,4.131712709281178e-16,1.0860501978681954e-14,6.492691400298995e-16,6.433666933023549e-15,5.90244672754454e-16,2.1248808219160345e-15,1.0624404109580172e-15,7.082936073053449e-16,7.082936073053449e-16,1.0624404109580172e-15,1.0624404109580172e-15
additive,20260923,29,8675,2,15.04763127391433,True,True,32,1.5047631273914331e-07,6.202122149190359e-13,2.073243518917275,2.424796474720381e-13,2.5202723506029538e-15,2.3995937512143516e-13,,1.6114140694847185e-14,1.6748631759551063e-16,1.5946654377251675e-14,2.886579864025407e-15,1.700029006457271e-14,4.440892098500626e-15,0.0,1.1546319456101628e-14,8.881784197001252e-16,4.1480046910518935e-15,1.7763568394002505e-15,0.5025805158672928,0.12803875573035792,1.298538280059799e-15,1.7707340182633622e-16,4.249761643832069e-15,2.360978691017816e-16,7.0829360730534484e-15,3.5414680365267244e-16,7.96830308218513e-15,5.90244672754454e-16,6.6697648021253306e-15,1.1214648782334627e-15,3.5414680365267242e-15,8.263425418562356e-16,1.1214648782334627e-15,1.1214648782334627e-15,1.1214648782334627e-15,1.1214648782334627e-15
additive,20260923,30,1852,3,15.04763127391433,True,True,32,1.5047631273914331e-07,6.803891339224322e-10,-0.8638591773903077,1.2739802599103287e-13,2.0337567608832855e-15,1.253642692301496e-13,,8.466317633120266e-15,1.3515461163704111e-16,8.331163021483225e-15,2.886579864025407e-15,5.4817261840867104e-15,1.1102230246251565e-15,0.0,5.773159728050814e-15,3.1086244689504383e-15,1.0502181135323216e-15,5.329070518200751e-15,0.33680227693331655,0.10177556192604745,9.001231259505424e-16,1.180489345508908e-16,2.257685873285787e-15,1.0329281773202945e-16,3.6447608542587535e-15,1.6231728500747486e-16,3.939883190635981e-15,2.2134175228292026e-16,3.0692722983231612e-15,3.2463457001494973e-16,1.4313433314295511e-15,4.279273877469792e-16,3.984151541092565e-16,3.984151541092565e-16,4.279273877469792e-16,4.279273877469792e-16
additive,20260923,31,3313,3,15.04763127391433,True,True,64,1.5047631273914331e-07,4.8405723873656825e-14,1.2368541704668372,2.572694041929375e-13,4.5745814543825704e-15,2.526948227385549e-13,,1.7097003475817773e-14,3.04006748378583e-16,1.6792996727439186e-14,4.440892098500626e-15,1.484923295436147e-14,2.6645352591003757e-15,0.0,4.884981308350689e-15,1.7763568394002505e-15,2.41605677263665e-15,5.551115123125783e-15,0.7252097907401369,0.23083972117607496,1.4018310977918284e-15,1.180489345508908e-16,3.733297555171922e-15,1.7707340182633622e-16,6.6697648021253306e-15,3.0987845319608835e-16,8.455254937207554e-15,3.984151541092565e-16,7.569887928075873e-15,5.312202054790086e-16,3.998907657911426e-15,7.082936073053449e-16,1.0329281773202947e-15,1.0329281773202947e-15,1.0329281773202947e-15,1.0329281773202947e-15
additive,20260923,32,5269,3,15.04763127391433,True,True,64,1.5047631273914331e-07,2.015054789694659e-13,7.342995804997881,2.0872815711286697e-13,3.2239918406908767e-15,2.0550416527217608e-13,,1.3871163727589841e-14,2.1425244824278725e-16,1.3656911279347053e-14,2.220446049250313e-15,9.648531973383001e-15,5.773159728050814e-15,0.0,4.440892098500626e-15,8.881784197001252e-16,6.306595457501664e-15,5.329070518200751e-15,0.7774449759867721,0.24265520125668683,1.298538280059799e-15,1.7707340182633622e-16,3.290614050606081e-15,1.7707340182633622e-16,5.813910026631372e-15,2.95122336377227e-16,7.496107343981567e-15,4.574396213847019e-16,5.636836624805036e-15,4.721957382035632e-16,2.818418312402518e-15,7.082936073053449e-16,6.492691400298995e-16,6.492691400298995e-16,7.082936073053449e-16,7.082936073053449e-16
additive,20260923,33,5365,3,15.04763127391433,True,True,64,1.5047631273914331e-07,2.3647750424515834e-14,5.322437366751627,1.7734866155004272e-13,3.987138000712978e-15,1.7336152354932976e-13,,1.1785819197835058e-14,2.6496781640475473e-16,1.1520851381430303e-14,4.9960036108132044e-15,1.0210582379599487e-14,5.329070518200751e-15,0.0,1.7763568394002505e-15,8.881784197001252e-16,5.531289711971762e-15,5.329070518200751e-15,0.46411833240197903,0.18148318960505747,1.298538280059799e-15,1.475611681886135e-16,3.113540648779745e-15,2.065856354640589e-16,5.326958171608948e-15,2.95122336377227e-16,6.374642465748104e-15,2.95122336377227e-16,4.338298344745237e-15,6.492691400298995e-16,1.3723188641541056e-15,5.4597632229787e-16,3.0987845319608835e-16,3.0987845319608835e-16,6.492691400298995e-16,6.492691400298995e-16
additive,20260923,34,6132,3,15.04763127391433,True,True,32,1.5047631273914331e-07,5.137001934940599e-12,3.060640969816226,3.1882367116746e-13,2.6764305057927885e-15,3.1614724066166726e-13,,2.118763181818215e-14,1.7786390808448953e-16,2.100976791009766e-14,3.9968028886505635e-15,1.04638520070921e-14,2.220446049250313e-15,0.0,7.105427357601002e-15,3.552713678800501e-15,2.0470397863564797e-15,5.329070518200751e-15,0.4169988685368807,0.13362364861313947,2.2724419901046483e-15,2.360978691017816e-16,5.666348858442759e-15,2.95122336377227e-16,9.753793217267352e-15,4.4268350456584053e-16,1.158355170280616e-14,4.721957382035632e-16,8.691352806309336e-15,6.345130232110381e-16,3.689029204715338e-15,7.378058409430675e-16,7.378058409430675e-16,7.378058409430675e-16,7.378058409430675e-16,7.378058409430675e-16
additive,20260923,35,6433,3,15.04763127391433,True,True,32,1.5047631273914331e-07,2.7693403126249905e-12,2.269066400507101,1.4180059243209424e-13,2.833976439763406e-15,1.3896661599233082e-13,,9.423449435387962e-15,1.8833372430358638e-16,9.235115711084375e-15,4.884981308350689e-15,7.382983113757291e-15,2.6645352591003757e-15,0.0,8.881784197001252e-16,2.220446049250313e-15,2.887372880471568e-15,5.329070518200751e-15,0.556893256026412,0.20284681710221508,1.3132943968786603e-15,1.475611681886135e-16,2.4052470414744003e-15,1.7707340182633622e-16,3.6300047374398925e-15,1.7707340182633622e-16,4.279273877469792e-15,2.656101027395043e-16,3.320126284243804e-15,3.8365903729039515e-16,2.2724419901046483e-15,5.164640886601473e-16,5.754885559355927e-16,5.754885559355927e-16,5.754885559355927e-16,5.754885559355927e-16
additive,20260923,36,8177,3,15.04763127391433,True,True,32,1.5047631273914331e-07,3.0557816721454856e-08,10.787443476924189,2.5533926824768587e-13,3.9623397155944916e-15,2.513769285320914e-13,,1.696873505202953e-14,2.633198304415769e-16,1.6705415221587953e-14,3.9968028886505635e-15,1.1386724896311762e-14,5.329070518200751e-15,0.0,1.4210854715202004e-14,0.0,6.0449000302685914e-15,5.329070518200751e-15,0.7727144688136359,0.23522110934238213,1.298538280059799e-15,1.7707340182633622e-16,4.102200475643456e-15,2.360978691017816e-16,7.378058409430676e-15,3.5414680365267244e-16,9.207816894969482e-15,4.131712709281178e-16,7.260009474879785e-15,5.90244672754454e-16,2.8036621955836568e-15,7.082936073053449e-16,5.90244672754454e-16,5.90244672754454e-16,7.082936073053449e-16,7.082936073053449e-16
additive,20260923,37,8415,3,15.04763127391433,True,True,32,1.5047631273914331e-07,2.8261837314857985e-12,5.657470366443131,1.7426258848627996e-13,1.3580406640504151e-15,1.7290454782222954e-13,,1.1580732230485413e-14,9.024946447250026e-17,1.1490482766012912e-14,2.6645352591003757e-15,8.132383655379272e-15,3.1086244689504383e-15,0.0,1.1546319456101628e-14,2.6645352591003757e-15,2.542146387576221e-15,5.329070518200751e-15,0.5491679309202577,0.18103620906440335,1.0034159436825719e-15,1.0329281773202945e-16,2.9364672469534088e-15,1.475611681886135e-16,5.592568274348452e-15,2.360978691017816e-16,6.905862671227113e-15,3.2463457001494973e-16,4.751469615673355e-15,4.869518550224246e-16,1.4018310977918284e-15,5.4597632229787e-16,1.3280505136975215e-16,1.3280505136975215e-16,5.4597632229787e-16,5.4597632229787e-16
additive,20260923,38,8439,3,15.04763127391433,True,True,64,1.5047631273914331e-07,3.767985923275319e-12,7.925212267843704,2.353979280019421e-13,3.797871408895928e-15,2.3160005659304617e-13,,1.5643520479533134e-14,2.523899834972491e-16,1.5391130496035885e-14,3.9968028886505635e-15,1.271899252586195e-14,7.105427357601002e-15,0.0,6.217248937900877e-15,8.881784197001252e-16,6.80302375279834e-15,5.329070518200751e-15,0.6055765244069715,0.2107820924011503,1.5346361491615806e-15,1.7707340182633622e-16,3.659516971077615e-15,1.7707340182633622e-16,6.758301503038499e-15,2.656101027395043e-16,8.499523287664138e-15,4.131712709281178e-16,6.1090323630086e-15,5.312202054790086e-16,2.8626866628591023e-15,7.082936073053449e-16,7.673180745807903e-16,7.673180745807903e-16,7.673180745807903e-16,7.673180745807903e-16
additive,20260923,39,8661,3,15.04763127391433,True,True,32,1.5047631273914331e-07,7.538112356542115e-10,13.605910337956026,2.6839839874424697e-13,3.3085967827906605e-15,2.650898019614563e-13,,1.7836587955841682e-14,2.1987492400390254e-16,1.761671303183778e-14,4.440892098500626e-15,1.2739809207573671e-14,8.881784197001252e-15,0.0,3.552713678800501e-15,7.105427357601002e-15,6.824170858029296e-15,7.105427357601002e-15,0.9615058519030762,0.3883848329696832,1.1214648782334627e-15,1.180489345508908e-16,3.6300047374398925e-15,2.065856354640589e-16,8.647084455852752e-15,3.5414680365267244e-16,1.0329281773202946e-14,5.312202054790086e-16,6.87635043758939e-15,7.673180745807903e-16,2.95122336377227e-15,7.673180745807903e-16,0.0,0.0,7.673180745807903e-16,7.673180745807903e-16
additive,20260923,40,239,4,15.04763127391433,True,True,32,1.5047631273914331e-07,1.4181416041481043e-09,-0.5509154923986728,3.5035321205036837e-13,3.0196744575727346e-15,3.4733353759279566e-13,,2.3282947706043254e-14,2.0067440533364614e-16,2.3082273300709608e-14,3.1086244689504383e-15,1.7735812818386876e-14,7.549516567451064e-15,0.0,8.881784197001252e-16,1.7763568394002505e-15,7.44166633077319e-15,3.552713678800501e-15,1.1166516045051516,0.2346937979499984,2.360978691017816e-15,2.360978691017816e-16,6.079520129370877e-15,4.721957382035632e-16,1.2159040258741754e-14,7.082936073053449e-16,1.3516603006076998e-14,8.853670091316811e-16,8.73562115676592e-15,1.2395138127843534e-15,3.187321232874052e-15,7.673180745807903e-16,3.5414680365267244e-16,3.5414680365267244e-16,1.2395138127843534e-15,1.2395138127843534e-15
additive,20260923,41,1142,4,15.04763127391433,True,True,32,1.5047631273914331e-07,1.471041066736234e-10,-4.661119824504318,2.357399989502288e-13,2.302655420835653e-15,2.3343734352939314e-13,,1.5666253024081838e-14,1.530244447727396e-16,1.5513228579309098e-14,3.774758283725532e-15,1.1463052729254741e-14,2.6645352591003757e-15,0.0,3.552713678800501e-15,3.552713678800501e-15,1.136656906163851e-15,3.552713678800501e-15,0.5365302224594102,0.2661294673981581,1.4165872146106898e-15,1.180489345508908e-16,3.7775659056285055e-15,2.360978691017816e-16,7.496107343981567e-15,3.5414680365267244e-16,8.794645624041365e-15,7.082936073053449e-16,6.315617998472658e-15,6.492691400298995e-16,2.2429297564669255e-15,7.673180745807903e-16,2.95122336377227e-16,2.95122336377227e-16,7.673180745807903e-16,7.673180745807903e-16
additive,20260923,42,3916,4,15.04763127391433,True,True,32,1.5047631273914331e-07,8.024914066595557e-12,2.42189877707135,3.8429907404472863e-13,2.673919287046613e-15,3.81625154757682e-13,,2.553884176514389e-14,1.7769702342999051e-16,2.5361144741713896e-14,2.597921877622866e-15,1.5654144647214707e-14,4.884981308350689e-15,0.0,2.220446049250313e-15,2.6645352591003757e-15,4.565660019363263e-15,3.552713678800501e-15,0.5372367031804322,0.17746355610671435,1.7707340182633621e-15,1.180489345508908e-16,6.1385445966463224e-15,2.360978691017816e-16,1.3339529604250661e-14,5.90244672754454e-16,1.5464410426166695e-14,8.263425418562356e-16,9.798061567723938e-15,8.263425418562356e-16,3.0692722983231612e-15,1.0624404109580172e-15,8.263425418562356e-16,8.263425418562356e-16,1.0624404109580172e-15,1.0624404109580172e-15
additive,20260923,43,5343,4,15.04763127391433,True,True,32,1.5047631273914331e-07,1.1251888309971037e-11,-1.180490560152423,1.8280429253669794e-13,2.1415656946212535e-15,1.806627268420767e-13,,1.2148376658696874e-14,1.4231912356423455e-16,1.2006057535132639e-14,1.6653345369377348e-15,7.169612126212144e-15,2.886579864025407e-15,0.0,4.440892098500626e-16,0.0,2.7110588906084777e-15,3.552713678800501e-15,0.29323959388044296,0.11446286151194793,1.298538280059799e-15,1.180489345508908e-16,3.187321232874052e-15,2.360978691017816e-16,6.374642465748104e-15,3.5414680365267244e-16,7.555131811257011e-15,4.721957382035632e-16,4.0136637747302876e-15,4.721957382035632e-16,9.443914764071264e-16,2.360978691017816e-16,1.180489345508908e-16,1.180489345508908e-16,4.721957382035632e-16,4.721957382035632e-16
additive,20260923,44,6289,4,15.04763127391433,True,True,32,1.5047631273914331e-07,1.2455703135572094e-11,2.023917594913458,3.9095168901157183e-13,3.359878512975731e-15,3.875918104985961e-13,,2.5980945565120418e-14,2.2328288431683026e-16,2.575766268080359e-14,2.791417890486108e-15,1.892930256985892e-14,2.4424906541753444e-15,0.0,4.440892098500626e-16,2.6645352591003757e-15,2.3758772726978364e-15,3.552713678800501e-15,0.6145599131647717,0.23773596746743533,2.95122336377227e-15,2.360978691017816e-16,8.145376484011466e-15,4.721957382035632e-16,1.4047823211556006e-14,5.90244672754454e-16,1.3162456202424325e-14,8.263425418562356e-16,8.204400951286912e-15,8.263425418562356e-16,3.2463457001494974e-15,1.298538280059799e-15,1.1214648782334627e-15,1.1214648782334627e-15,1.298538280059799e-15,1.298538280059799e-15
additive,20260923,45,6993,4,15.04763127391433,True,True,32,1.5047631273914331e-07,2.9460878181453154e-11,-1.817724866282811,4.0257380762298567e-13,2.5092362050605475e-15,4.0006457141792513e-13,,2.675330092124622e-14,1.6675290345600164e-16,2.6586548017790218e-14,3.1086244689504383e-15,2.32314167902814e-14,3.3306690738754696e-15,0.0,5.329070518200751e-15,0.0,3.4681252578766798e-15,3.552713678800501e-15,0.6431455805945812,0.20739945483967828,2.597076560119598e-15,3.5414680365267244e-16,7.31903394215523e-15,4.131712709281178e-16,1.298538280059799e-14,5.312202054790086e-16,1.3339529604250661e-14,5.90244672754454e-16,9.089767960418593e-15,6.492691400298995e-16,5.076104185688305e-15,8.853670091316811e-16,1.5346361491615806e-15,1.5346361491615806e-15,1.5346361491615806e-15,1.5346361491615806e-15
additive,20260923,46,7594,4,15.04763127391433,True,True,32,1.5047631273914331e-07,1.1102230246251565e-15,2.5238479120696145,2.483568906086475e-13,2.631228568361621e-15,2.457256620402859e-13,,1.650471666189642e-14,1.7485998430350701e-16,1.6329856677592916e-14,1.7763568394002505e-15,9.117706589734098e-15,1.3322676295501878e-15,0.0,3.552713678800501e-15,2.6645352591003757e-15,1.4824120766899712e-15,3.552713678800501e-15,0.38078764457722375,0.10711024761620541,1.180489345508908e-15,2.360978691017816e-16,4.485859512933851e-15,2.360978691017816e-16,9.207816894969482e-15,3.5414680365267244e-16,9.680012633173047e-15,4.721957382035632e-16,5.666348858442759e-15,5.90244672754454e-16,2.0068318873651438e-15,4.721957382035632e-16,2.360978691017816e-16,2.360978691017816e-16,5.90244672754454e-16,5.90244672754454e-16
additive,20260923,47,8085,4,15.04763127391433,True,True,32,1.5047631273914331e-07,4.046207813246383e-13,1.0364942450712409,3.602534937030555e-13,2.5402960158685144e-15,3.57713197687187e-13,,2.3940877281301365e-14,1.6881700313006865e-16,2.3772060278171295e-14,2.7755575615628914e-15,1.965094753586527e-14,1.5543122344752192e-15,0.0,5.10702591327572e-15,1.3322676295501878e-15,1.201155577118263e-15,3.552713678800501e-15,0.23413031368168333,0.08253633982825954,2.360978691017816e-15,2.360978691017816e-16,6.256593531197213e-15,2.360978691017816e-16,1.0742453044131063e-14,4.721957382035632e-16,1.2277089193292645e-14,5.90244672754454e-16,9.325865829520374e-15,8.263425418562356e-16,4.840006316586523e-15,1.0624404109580172e-15,1.298538280059799e-15,1.298538280059799e-15,1.298538280059799e-15,1.298538280059799e-15
additive,20260923,48,8903,4,15.04763127391433,True,True,32,1.5047631273914331e-07,4.440892098500626e-16,-1.5527858880161247,4.233557948651878e-13,2.837412844363435e-15,4.2051838202082437e-13,,2.8134381229761525e-14,1.8856209277816394e-16,2.794581913698336e-14,3.0438614591806376e-15,1.812439087700568e-14,2.220446049250313e-15,0.0,4.440892098500626e-16,1.3322676295501878e-15,1.8524864182316875e-15,3.552713678800501e-15,0.34221918502476917,0.13550190917068025,1.6526850837124713e-15,2.360978691017816e-16,5.90244672754454e-15,3.5414680365267244e-16,1.322148066969977e-14,5.90244672754454e-16,1.7117095509879167e-14,8.263425418562356e-16,1.1922942389639972e-14,1.180489345508908e-15,5.194153120239196e-15,1.180489345508908e-15,7.082936073053449e-16,7.082936073053449e-16,1.180489345508908e-15,1.180489345508908e-15
additive,20260923,49,9143,4,15.04763127391433,True,True,32,1.5047631273914331e-07,1.313471553743284e-11,1.2814988128603808,2.729152221674675e-13,2.3840056912709845e-15,2.705312164761965e-13,,1.8136756357166786e-14,1.5843062923822128e-16,1.7978325727928568e-14,2.886579864025407e-15,1.6361911825413245e-14,1.3322676295501878e-15,0.0,1.7763568394002505e-15,8.881784197001252e-16,1.5225915766287862e-15,3.552713678800501e-15,0.39016640386347906,0.10629116224882554,2.360978691017816e-15,1.180489345508908e-16,5.430250989340977e-15,3.5414680365267244e-16,8.617572222215029e-15,3.5414680365267244e-16,9.680012633173047e-15,5.90244672754454e-16,6.1385445966463224e-15,1.0624404109580172e-15,2.360978691017816e-15,5.90244672754454e-16,4.721957382035632e-16,4.721957382035632e-16,1.0624404109580172e-15,1.0624404109580172e-15
additive,20260923,50,1325,5,15.04763127391433,True,True,64,1.5047631273914331e-07,1.0746958878371515e-12,24.588734725307773,3.208438805640547e-13,7.584409291082141e-15,3.132594712729726e-13,,2.132188613102518e-14,5.040267901985356e-16,2.0817859340826645e-14,4.440892098500626e-15,1.5487611193520934e-14,1.7763568394002505e-14,0.0,2.842170943040401e-14,7.105427357601002e-15,2.0018907166883894e-14,1.7763568394002505e-15,2.2259034499276695,0.8336173998737587,1.6526850837124713e-15,1.180489345508908e-16,5.253177587514641e-15,3.5414680365267244e-16,1.1096599847783736e-14,5.312202054790086e-16,1.2690260464220762e-14,8.263425418562356e-16,8.204400951286912e-15,8.853670091316811e-16,3.0692722983231612e-15,1.0624404109580172e-15,2.95122336377227e-16,2.95122336377227e-16,1.0624404109580172e-15,1.0624404109580172e-15
additive,20260923,51,1435,5,15.04763127391433,True,True,32,1.5047631273914331e-07,2.8542622487748304e-08,27.24870406688879,3.2991546003050386e-13,1.2274837231308038e-14,3.176406227991958e-13,,2.1924743770298618e-14,8.157321911912447e-16,2.110901157910737e-14,1.9539925233402755e-14,2.0539125955565396e-14,8.881784197001252e-15,0.0,3.552713678800501e-15,2.1316282072803006e-14,9.078452275649137e-15,3.552713678800501e-15,2.407262713480198,0.7857253215730108,1.8297584855388076e-15,1.180489345508908e-16,6.079520129370877e-15,3.5414680365267244e-16,1.015220837137661e-14,5.312202054790086e-16,1.1863917922364526e-14,7.082936073053449e-16,8.204400951286912e-15,1.1214648782334627e-15,2.6561010273950434e-15,1.298538280059799e-15,5.90244672754454e-16,5.90244672754454e-16,1.298538280059799e-15,1.298538280059799e-15
additive,20260923,52,3703,5,15.04763127391433,True,True,64,1.5047631273914331e-07,1.0604850331219495e-12,23.793463334898824,4.1213170442504283e-13,7.105427357601003e-15,4.0502627706744183e-13,,2.7388477091373816e-14,4.721957382035634e-16,2.691628135317025e-14,5.033011044967376e-15,2.1538326677728037e-14,1.4210854715202004e-14,0.0,1.0658141036401503e-14,1.4210854715202004e-14,1.3168302427315906e-14,1.7763568394002505e-15,2.158717649684445,0.8317565025020481,1.475611681886135e-15,2.360978691017816e-16,6.315617998472658e-15,3.5414680365267244e-16,1.2277089193292645e-14,7.082936073053449e-16,1.4874165753412243e-14,1.0624404109580172e-15,1.22180647260172e-14,1.298538280059799e-15,4.4268350456584055e-15,9.443914764071264e-16,4.721957382035632e-16,4.721957382035632e-16,1.298538280059799e-15,1.298538280059799e-15
additive,20260923,53,4857,5,15.04763127391433,True,True,64,1.5047631273914331e-07,1.13509202037676e-12,17.103713828193243,3.7874518336404133e-13,6.196630510300692e-15,3.7254855285374063e-13,,2.5169754393212122e-14,4.118010600806519e-16,2.475795333313147e-14,3.552713678800501e-15,1.4210854715202004e-14,6.217248937900877e-15,0.0,0.0,7.105427357601002e-15,7.298923370464244e-15,1.7763568394002505e-15,1.8558749263065601,0.8306015515615484,2.4790276255687068e-15,3.5414680365267244e-16,7.850254147634239e-15,5.90244672754454e-16,1.2631235996945316e-14,7.082936073053449e-16,1.1922942389639972e-14,9.443914764071264e-16,7.31903394215523e-15,7.082936073053449e-16,2.8921988964968247e-15,7.082936073053449e-16,6.492691400298995e-16,6.492691400298995e-16,9.443914764071264e-16,9.443914764071264e-16
additive,20260923,54,4983,5,15.04763127391433,True,True,32,1.5047631273914331e-07,3.205449949916783e-08,33.292853474003046,4.998736874164306e-13,4.661350670533335e-15,4.952123367458972e-13,,3.3219426919569836e-14,3.097730523616679e-16,3.290965386720816e-14,6.661338147750939e-15,3.985700658404312e-14,1.7763568394002505e-14,0.0,2.1316282072803006e-14,7.105427357601002e-15,1.789468044643443e-14,1.7763568394002505e-15,2.452452347004264,0.7287877876360976,1.7707340182633621e-15,1.7707340182633622e-16,6.256593531197213e-15,3.5414680365267244e-16,1.2749284931496207e-14,7.082936073053449e-16,1.7294168911705505e-14,1.298538280059799e-15,1.5051239155238578e-14,1.6526850837124713e-15,8.440498820388692e-15,2.0068318873651438e-15,2.597076560119598e-15,2.597076560119598e-15,2.597076560119598e-15,2.597076560119598e-15
additive,20260923,55,6323,5,15.04763127391433,True,True,64,1.5047631273914331e-07,1.0249578963339445e-12,25.569882547580946,4.429049719571292e-13,4.706288269149116e-15,4.381986836879801e-13,,2.9433534348022114e-14,3.127594093369137e-16,2.91207749386852e-14,4.551914400963142e-15,3.042011087472929e-14,1.4210854715202004e-14,0.0,2.842170943040401e-14,7.105427357601002e-15,1.5654144647214707e-14,3.552713678800501e-15,2.355807829878889,0.7852252717096465,2.95122336377227e-15,3.5414680365267244e-16,9.384890296795819e-15,4.721957382035632e-16,1.5523434893442142e-14,6.492691400298995e-16,1.4579043417035014e-14,5.90244672754454e-16,7.673180745807902e-15,1.0624404109580172e-15,5.194153120239196e-15,1.1214648782334627e-15,1.9478074200896983e-15,1.9478074200896983e-15,1.9478074200896983e-15,1.9478074200896983e-15
additive,20260923,56,6699,5,15.04763127391433,True,True,32,1.5047631273914331e-07,1.070562660743235e-08,21.099385500816112,3.135279073399981e-13,2.227451027858068e-15,3.1130045631214003e-13,,2.083569843205231e-14,1.4802668854063717e-16,2.0687671743511672e-14,3.2830880871058202e-15,2.225997164373439e-14,1.9539925233402755e-14,0.0,2.842170943040401e-14,7.105427357601002e-15,2.03244828374712e-14,1.7763568394002505e-15,1.6695004307471848,0.6723718613833245,1.5346361491615806e-15,1.180489345508908e-16,5.312202054790087e-15,2.95122336377227e-16,9.089767960418593e-15,4.131712709281178e-16,1.0211232838652055e-14,9.443914764071264e-16,8.204400951286912e-15,1.0624404109580172e-15,3.60049250380217e-15,1.475611681886135e-15,1.4165872146106898e-15,1.4165872146106898e-15,1.475611681886135e-15,1.475611681886135e-15
additive,20260923,57,6794,5,15.04763127391433,True,True,64,1.5047631273914331e-07,1.4033219031261979e-13,22.80614799915334,3.652633751016765e-13,8.274862276872833e-15,3.5698851282480367e-13,,2.4273812167026922e-14,5.499112867828997e-16,2.3723900880244023e-14,5.329070518200751e-15,2.3092638912203256e-14,1.2434497875801753e-14,0.0,0.0,1.4210854715202004e-14,1.1232284943421942e-14,1.7763568394002505e-15,2.3423507488249196,0.7512968384242866,1.6526850837124713e-15,2.360978691017816e-16,5.4892754566164225e-15,4.721957382035632e-16,1.0742453044131063e-14,5.90244672754454e-16,1.3575627473352443e-14,8.263425418562356e-16,9.680012633173047e-15,1.0624404109580172e-15,4.3087861111075144e-15,1.5346361491615806e-15,1.2395138127843534e-15,1.2395138127843534e-15,1.5346361491615806e-15,1.5346361491615806e-15
additive,20260923,58,7277,5,15.04763127391433,True,True,64,1.5047631273914331e-07,1.1333156635373598e-12,38.179007563452686,3.713510980200378e-13,8.382183835919933e-15,3.6296891418411786e-13,,2.4678375703144038e-14,5.570434099120161e-16,2.4121332293232024e-14,4.567774729886359e-15,3.175237850427948e-14,1.1546319456101628e-14,0.0,0.0,1.4210854715202004e-14,1.1212195193452533e-14,3.552713678800501e-15,2.7506665366329224,0.8328085600058951,2.18390528919148e-15,1.7707340182633622e-16,6.0204956620954314e-15,2.360978691017816e-16,1.0388306240478391e-14,4.721957382035632e-16,1.1332697716885518e-14,5.90244672754454e-16,1.0978550913232845e-14,1.0034159436825719e-15,5.548299923891868e-15,2.1248808219160345e-15,2.0068318873651438e-15,2.0068318873651438e-15,2.1248808219160345e-15,2.1248808219160345e-15
additive,20260923,59,7584,5,15.04763127391433,True,True,64,1.5047631273914331e-07,1.1368683772161603e-12,24.849096070967192,4.0050211824209436e-13,6.9174824598608845e-15,3.9358463578223347e-13,,2.6615625472985957e-14,4.597057393247412e-16,2.6155919733661214e-14,6.217248937900877e-15,2.398081733190338e-14,4.440892098500626e-15,0.0,3.552713678800501e-15,7.105427357601002e-15,3.8519452178185194e-15,1.7763568394002505e-15,2.3648963040409647,0.8326461121604941,1.7117095509879168e-15,1.180489345508908e-16,5.3712265220655315e-15,2.360978691017816e-16,9.620988165897601e-15,4.721957382035632e-16,1.3457578538801552e-14,8.263425418562356e-16,1.2690260464220762e-14,1.1214648782334627e-15,5.548299923891868e-15,1.9478074200896983e-15,2.95122336377227e-16,2.95122336377227e-16,1.9478074200896983e-15,1.9478074200896983e-15
additive,20260923,60,430,6,15.04763127391433,True,True,32,1.5047631273914331e-07,3.226130473876765e-11,-3.6072933687733695,4.3189777151500915e-13,4.836739474542571e-15,4.270610320404666e-13,,2.87020437737414e-14,3.2142862796799467e-16,2.8380615145773406e-14,6.217248937900877e-15,1.765254609153999e-14,2.220446049250313e-15,0.0,7.105427357601002e-15,0.0,1.304776392749946e-15,7.105427357601002e-15,0.3893119053413487,0.15072466084976407,1.8887829528142528e-15,2.360978691017816e-16,7.791229680358793e-15,3.5414680365267244e-16,1.452001894975957e-14,5.90244672754454e-16,1.593660616437026e-14,9.443914764071264e-16,1.1332697716885518e-14,1.180489345508908e-15,4.36781057838296e-15,1.0624404109580172e-15,8.263425418562356e-16,8.263425418562356e-16,1.180489345508908e-15,1.180489345508908e-15
additive,20260923,61,3174,6,15.04763127391433,True,True,32,1.5047631273914331e-07,1.3837542223171795e-12,-6.400121312953482,3.056657440386481e-13,4.0839686130244085e-15,3.015817754256237e-13,,2.031321332072589e-14,2.714027569311943e-16,2.0041810563794697e-14,4.3021142204224816e-15,1.058875209736243e-14,8.881784197001252e-15,0.0,1.7763568394002505e-15,8.881784197001252e-16,7.706005146160134e-15,7.105427357601002e-15,0.5175809913112026,0.2571139620950261,1.6526850837124713e-15,2.360978691017816e-16,5.430250989340977e-15,3.5414680365267244e-16,9.148792427694037e-15,3.5414680365267244e-16,1.0742453044131063e-14,5.90244672754454e-16,7.850254147634239e-15,6.492691400298995e-16,2.7151254946704885e-15,7.082936073053449e-16,3.5414680365267244e-16,3.5414680365267244e-16,7.082936073053449e-16,7.082936073053449e-16
additive,20260923,62,4412,6,15.04763127391433,True,True,32,1.5047631273914331e-07,4.440892098500626e-16,-0.2073053484746019,3.289720926225037e-13,4.264751580985135e-15,3.2470734104151857e-13,,2.1862051683362946e-14,2.8341680516708647e-16,2.157863487819586e-14,4.884981308350689e-15,1.285430095698814e-14,8.881784197001252e-16,0.0,7.216449660063518e-15,2.3314683517128287e-15,7.50722235698915e-16,7.105427357601002e-15,0.24124189453861156,0.09878908541949304,1.7707340182633621e-15,2.360978691017816e-16,5.784397792993649e-15,2.360978691017816e-16,1.02702573059275e-14,4.721957382035632e-16,1.1332697716885518e-14,8.263425418562356e-16,8.499523287664138e-15,7.082936073053449e-16,4.131712709281179e-15,8.263425418562356e-16,8.263425418562356e-16,8.263425418562356e-16,8.263425418562356e-16,8.263425418562356e-16
additive,20260923,63,4542,6,15.04763127391433,True,True,32,1.5047631273914331e-07,1.34781075189494e-13,-6.703912942405003,3.8188195991683047e-13,5.019926273605722e-15,3.7686203364322474e-13,,2.5378210893487144e-14,3.3360242434355526e-16,2.5044608469143586e-14,4.718447854656915e-15,1.7430501486614958e-14,4.884981308350689e-15,0.0,7.993605777301127e-15,0.0,4.6016100982558856e-15,7.105427357601002e-15,0.49805388068768613,0.16361106213929674,2.0068318873651438e-15,1.180489345508908e-16,6.1385445966463224e-15,2.360978691017816e-16,1.0506355175029282e-14,5.90244672754454e-16,1.3103431735148879e-14,8.263425418562356e-16,1.168684452053819e-14,1.0624404109580172e-15,5.194153120239196e-15,1.180489345508908e-15,9.443914764071264e-16,9.443914764071264e-16,1.180489345508908e-15,1.180489345508908e-15
additive,20260923,64,5260,6,15.04763127391433,True,True,32,1.5047631273914331e-07,9.346124152376234e-10,-7.873883539510962,3.433756585947108e-13,4.0063851707083396e-15,3.3936927342400246e-13,,2.2819249910114838e-14,2.662468994474611e-16,2.2553003010667376e-14,3.552713678800501e-15,1.6042722705833512e-14,5.329070518200751e-15,0.0,1.687538997430238e-14,0.0,4.8035649532115105e-15,7.105427357601002e-15,0.7056713742161478,0.1950685156025008,2.597076560119598e-15,3.5414680365267244e-16,7.31903394215523e-15,3.5414680365267244e-16,1.1450746651436409e-14,5.90244672754454e-16,1.103757538050829e-14,7.082936073053449e-16,7.023911605778003e-15,7.082936073053449e-16,3.5414680365267242e-15,8.263425418562356e-16,1.0034159436825719e-15,1.0034159436825719e-15,1.0034159436825719e-15,1.0034159436825719e-15
additive,20260923,65,5777,6,15.04763127391433,True,True,32,1.5047631273914331e-07,9.415967450188134e-09,-8.384364977936826,4.1793420576160167e-13,4.397804871592554e-15,4.135364008900091e-13,,2.7774086044100995e-14,2.922589470421384e-16,2.7481827097058854e-14,3.3861802251067274e-15,2.0317081350640365e-14,6.217248937900877e-15,0.0,1.5987211554602254e-14,0.0,6.153807622208011e-15,7.105427357601002e-15,0.7245677394998755,0.19371410593206748,1.7707340182633621e-15,2.360978691017816e-16,6.374642465748104e-15,3.5414680365267244e-16,1.2690260464220762e-14,4.721957382035632e-16,1.3811725342454225e-14,7.082936073053449e-16,9.798061567723938e-15,8.263425418562356e-16,4.780981849311078e-15,1.0624404109580172e-15,1.298538280059799e-15,1.298538280059799e-15,1.298538280059799e-15,1.298538280059799e-15
additive,20260923,66,6206,6,15.04763127391433,True,True,32,1.5047631273914331e-07,4.6851411639181606e-14,0.10542438716985458,3.2094763354909414e-13,4.831320528827137e-15,3.1611631302026703e-13,,2.1328781102276852e-14,3.210685084503914e-16,2.1007712593826465e-14,4.6351811278100286e-15,1.1074474670635936e-14,8.881784197001252e-16,0.0,7.327471962526033e-15,1.9984014443252818e-15,9.89684524808712e-16,7.105427357601002e-15,0.3461945190926566,0.08286208755750804,2.0068318873651438e-15,3.5414680365267244e-16,7.31903394215523e-15,4.721957382035632e-16,1.2159040258741754e-14,5.90244672754454e-16,1.1568795585987299e-14,5.90244672754454e-16,5.784397792993649e-15,7.082936073053449e-16,2.1248808219160345e-15,7.082936073053449e-16,4.721957382035632e-16,4.721957382035632e-16,7.082936073053449e-16,7.082936073053449e-16
additive,20260923,67,6466,6,15.04763127391433,True,True,32,1.5047631273914331e-07,3.2480095280007504e-09,-4.194673020128089,5.852818230067669e-13,6.57066993407322e-15,5.787111530726937e-13,,3.8895279419916164e-14,4.3665809019813896e-16,3.8458621329718025e-14,4.440892098500626e-15,1.9872992140790302e-14,3.1086244689504383e-15,0.0,6.217248937900877e-15,5.329070518200751e-15,2.7004853379930036e-15,7.105427357601002e-15,0.40735847966471933,0.11478578630142555,2.7151254946704885e-15,2.360978691017816e-16,1.0034159436825718e-14,3.5414680365267244e-16,1.9832221004549654e-14,7.082936073053449e-16,2.3019542237423706e-14,1.0624404109580172e-15,1.4756116818861352e-14,1.298538280059799e-15,4.721957382035632e-15,9.443914764071264e-16,5.90244672754454e-16,5.90244672754454e-16,1.298538280059799e-15,1.298538280059799e-15
additive,20260923,68,7419,6,15.04763127391433,True,True,32,1.5047631273914331e-07,3.33510996597397e-13,1.4041943541864939,4.3277319558686684e-13,4.3007264416417014e-15,4.284724691452251e-13,,2.8760220642640046e-14,2.8580753763532086e-16,2.8474413105004724e-14,3.4046839421838135e-15,1.815214645262131e-14,3.1086244689504383e-15,0.0,8.881784197001252e-15,1.7763568394002505e-15,2.535537917191548e-15,7.105427357601002e-15,0.3652504582785173,0.14669744841223598,1.8887829528142528e-15,2.360978691017816e-16,6.846838203951667e-15,4.721957382035632e-16,1.440197001520868e-14,5.90244672754454e-16,1.5582459360717586e-14,1.0624404109580172e-15,1.1568795585987299e-14,1.180489345508908e-15,4.603908447484741e-15,9.443914764071264e-16,5.90244672754454e-16,5.90244672754454e-16,1.180489345508908e-15,1.180489345508908e-15
additive,20260923,69,9004,6,15.04763127391433,True,True,32,1.5047631273914331e-07,1.7763568394002505e-15,-4.6231771413569405,3.5373537762971634e-13,3.7682654615725895e-15,3.4996711216814373e-13,,2.350771169166876e-14,2.5042250125473423e-16,2.3257289190414023e-14,2.7755575615628914e-15,1.664640647547344e-14,3.9968028886505635e-15,0.0,1.4210854715202004e-14,0.0,3.901640915111264e-15,7.105427357601002e-15,0.42160044928303675,0.2083992385256563,1.7707340182633621e-15,1.180489345508908e-16,5.430250989340977e-15,2.360978691017816e-16,1.0388306240478391e-14,4.721957382035632e-16,1.322148066969977e-14,5.90244672754454e-16,9.798061567723938e-15,1.0624404109580172e-15,3.4234191019758336e-15,1.180489345508908e-15,3.5414680365267244e-16,3.5414680365267244e-16,1.180489345508908e-15,1.180489345508908e-15
additive,20260923,70,60,7,15.04763127391433,True,True,64,1.5047631273914331e-07,5.329070518200751e-15,35.32446795231829,4.59657708721092e-13,8.757016276138617e-15,4.509006924449534e-13,,3.054684822839373e-14,5.819531404467129e-16,2.996489508794701e-14,5.773159728050814e-15,1.4654943925052066e-14,2.1316282072803006e-14,0.0,4.973799150320701e-14,0.0,2.3566334069376654e-14,1.0658141036401503e-14,2.4864656298661023,0.9154233467973276,5.784397792993649e-15,4.721957382035632e-16,1.1214648782334627e-14,4.721957382035632e-16,1.5110263622514022e-14,5.90244672754454e-16,1.4874165753412243e-14,7.082936073053449e-16,8.145376484011466e-15,8.263425418562356e-16,2.2429297564669255e-15,9.443914764071264e-16,7.082936073053449e-16,7.082936073053449e-16,9.443914764071264e-16,9.443914764071264e-16
additive,20260923,71,1722,7,15.04763127391433,True,True,64,1.5047631273914331e-07,2.717825964282383e-13,33.152883282488155,4.397878886460863e-13,9.103828801926284e-15,4.3068405984416e-13,,2.9226386574774474e-14,6.050007895733154e-16,2.862138578520116e-14,7.105427357601002e-15,1.63202784619898e-14,1.0658141036401503e-14,0.0,7.105427357601002e-15,7.105427357601002e-15,8.312927066288553e-15,1.0658141036401503e-14,2.5201840164347447,0.893614554076165,4.9580552511374136e-15,2.360978691017816e-16,9.561963698622156e-15,3.5414680365267244e-16,1.3575627473352443e-14,5.90244672754454e-16,1.3339529604250661e-14,5.90244672754454e-16,8.73562115676592e-15,7.082936073053449e-16,4.485859512933851e-15,1.180489345508908e-15,3.5414680365267244e-16,3.5414680365267244e-16,1.180489345508908e-15,1.180489345508908e-15
additive,20260923,72,2164,7,15.04763127391433,True,True,64,1.5047631273914331e-07,1.7053025658242404e-13,36.39624645176848,4.798944310718547e-13,6.403079125117894e-15,4.734913519467368e-13,,3.1891692608375565e-14,4.2552073536104564e-16,3.146617187301452e-14,7.105427357601002e-15,2.7505775435088253e-14,1.4210854715202004e-14,0.0,1.4210854715202004e-14,0.0,1.1840264218811907e-14,1.0658141036401503e-14,2.685761104567039,1.0739301113464443,4.721957382035632e-15,4.721957382035632e-16,8.381474353113247e-15,7.082936073053449e-16,1.180489345508908e-14,7.082936073053449e-16,1.4992214687963134e-14,8.263425418562356e-16,1.3575627473352443e-14,1.7707340182633621e-15,6.374642465748104e-15,1.7707340182633621e-15,1.0624404109580172e-15,1.0624404109580172e-15,1.7707340182633621e-15,1.7707340182633621e-15
additive,20260923,73,5110,7,15.04763127391433,True,True,64,1.5047631273914331e-07,1.7763568394002505e-14,36.36296602528068,9.658739416739169e-13,5.3079234129697945e-15,9.605660182609472e-13,,6.41877730848109e-14,3.5274145919373315e-16,6.383503162561716e-14,1.4972150503516397e-14,2.2648549702353193e-14,1.2434497875801753e-14,0.0,7.105427357601002e-15,7.105427357601002e-15,1.4978494635085683e-14,1.0658141036401503e-14,2.6700086946738835,0.9587720614728068,8.145376484011466e-15,4.721957382035632e-16,1.7943438051735404e-14,5.90244672754454e-16,2.6206863470297758e-14,7.082936073053449e-16,2.479027625568707e-14,9.443914764071264e-16,1.4874165753412243e-14,9.443914764071264e-16,5.076104185688305e-15,1.180489345508908e-15,1.0624404109580172e-15,1.0624404109580172e-15,1.180489345508908e-15,1.180489345508908e-15
additive,20260923,74,5313,7,15.04763127391433,True,True,64,1.5047631273914331e-07,9.414691248821327e-14,31.403855015650677,4.963517692096226e-13,5.33448946391618e-15,4.910172797457064e-13,,3.298537558333638e-14,3.545069231702753e-16,3.26308686601661e-14,7.105427357601002e-15,2.3092638912203256e-14,1.0658141036401503e-14,0.0,7.105427357601002e-15,3.552713678800501e-15,9.478132564514191e-15,1.4210854715202004e-14,2.4849674921302656,0.9436158072966281,5.430250989340977e-15,4.721957382035632e-16,9.207816894969482e-15,4.721957382035632e-16,1.3103431735148879e-14,4.721957382035632e-16,1.5582459360717586e-14,1.180489345508908e-15,1.1922942389639972e-14,1.4165872146106898e-15,4.249761643832069e-15,1.298538280059799e-15,2.360978691017816e-16,2.360978691017816e-16,1.4165872146106898e-15,1.4165872146106898e-15
additive,20260923,75,5523,7,15.04763127391433,True,True,32,1.5047631273914331e-07,6.679909247964133e-08,36.3893725757479,6.938254203973991e-13,1.6501984963686786e-13,5.288055707605313e-13,,4.610861389195343e-14,1.0966500084497443e-14,3.5142113807455985e-14,3.161915174132446e-13,3.161915174132446e-13,1.5987211554602254e-14,0.0,2.842170943040401e-14,3.410605131648481e-13,1.5676349107707212e-14,1.0658141036401503e-14,2.602593435627604,0.9721555075005279,7.0829360730534484e-15,4.721957382035632e-16,1.322148066969977e-14,4.721957382035632e-16,1.6762948706226494e-14,5.90244672754454e-16,1.4874165753412243e-14,5.90244672754454e-16,8.617572222215029e-15,8.263425418562356e-16,3.0692722983231612e-15,9.443914764071264e-16,3.5414680365267244e-16,3.5414680365267244e-16,9.443914764071264e-16,9.443914764071264e-16
additive,20260923,76,7928,7,15.04763127391433,True,True,64,1.5047631273914331e-07,1.3145040611561853e-13,36.16263905026727,8.261148379130559e-13,6.823113502767749e-15,8.192917244102882e-13,,5.489999209012776e-14,4.534343896767253e-16,5.444655770045104e-14,1.0658141036401503e-14,4.263256414560601e-14,1.5987211554602254e-14,0.0,0.0,0.0,1.3790027321105988e-14,1.0658141036401503e-14,2.647065380852138,0.9020707202212342,8.381474353113247e-15,4.721957382035632e-16,1.6762948706226494e-14,7.082936073053449e-16,2.337368904107638e-14,8.263425418562356e-16,2.5380520928441524e-14,1.0624404109580172e-15,2.030441674275322e-14,1.7707340182633621e-15,1.1922942389639972e-14,3.187321232874052e-15,3.659516971077615e-15,3.659516971077615e-15,3.659516971077615e-15,3.659516971077615e-15
additive,20260923,77,8612,7,15.04763127391433,True,True,64,1.5047631273914331e-07,1.758593271006248e-13,35.2558963847525,4.967840953421879e-13,3.4506788960611415e-15,4.933334164461268e-13,,3.3014106094118813e-14,2.293170820874001e-16,3.278478901203142e-14,5.329070518200751e-15,1.9761969838327786e-14,1.7763568394002505e-14,0.0,3.552713678800501e-14,7.105427357601002e-15,1.8309163708961156e-14,1.0658141036401503e-14,2.5940527118901646,0.9759508292505464,5.548299923891868e-15,4.721957382035632e-16,1.0742453044131063e-14,5.90244672754454e-16,1.4756116818861352e-14,8.263425418562356e-16,1.5582459360717586e-14,9.443914764071264e-16,1.1568795585987299e-14,1.298538280059799e-15,4.0136637747302876e-15,9.443914764071264e-16,9.443914764071264e-16,9.443914764071264e-16,1.298538280059799e-15,1.298538280059799e-15
additive,20260923,78,8934,7,15.04763127391433,True,True,64,1.5047631273914331e-07,1.758593271006248e-13,34.092172720875695,5.295120162446529e-13,1.1104212787366964e-14,5.184078034572859e-13,,3.518906109578742e-14,7.379375919860929e-16,3.445112350380133e-14,1.4210854715202004e-14,1.9595436384634013e-14,2.3092638912203256e-14,0.0,4.263256414560601e-14,1.4210854715202004e-14,2.2324998992319577e-14,1.0658141036401503e-14,2.5256247172598907,1.0233196500876227,6.256593531197213e-15,4.721957382035632e-16,1.0742453044131063e-14,5.90244672754454e-16,1.4992214687963134e-14,5.90244672754454e-16,1.6644899771675602e-14,7.082936073053449e-16,1.0034159436825718e-14,1.180489345508908e-15,2.2429297564669255e-15,7.082936073053449e-16,3.5414680365267244e-16,3.5414680365267244e-16,1.180489345508908e-15,1.180489345508908e-15
additive,20260923,79,9879,7,15.04763127391433,True,True,32,1.5047631273914331e-07,3.140094761988621e-08,32.61464506798121,5.334005723884024e-13,1.4358620113003303e-14,5.190419522753992e-13,,3.5447477591577726e-14,9.542113208139638e-16,3.449326627076377e-14,2.842170943040401e-14,2.842170943040401e-14,2.220446049250313e-14,0.0,3.552713678800501e-14,2.1316282072803006e-14,2.036889175845621e-14,1.0658141036401503e-14,2.4716503582539033,0.9808114282467278,6.374642465748104e-15,3.5414680365267244e-16,1.1568795585987299e-14,4.721957382035632e-16,1.5110263622514022e-14,5.90244672754454e-16,1.5464410426166695e-14,1.180489345508908e-15,9.443914764071265e-15,1.4165872146106898e-15,3.4234191019758336e-15,9.443914764071264e-16,1.180489345508908e-15,1.180489345508908e-15,1.4165872146106898e-15,1.4165872146106898e-15
additive,20260923,80,298,8,15.04763127391433,True,True,32,1.5047631273914331e-07,8.094969139449404e-11,14.52141383925906,3.0122412500840515e-13,4.635445466625414e-15,2.9658867954177974e-13,,2.001804267563289e-14,3.0805150539946735e-16,1.9709991170233423e-14,3.552713678800501e-15,7.771561172376096e-15,5.329070518200751e-15,0.0,1.7763568394002505e-15,0.0,3.3592176659372573e-15,1.7763568394002505e-15,1.1785102653474655,0.49493034180462114,2.0363441210028666e-15,2.360978691017816e-16,5.6073243911673135e-15,2.360978691017816e-16,9.252085245426068e-15,3.5414680365267244e-16,9.694768749991908e-15,4.131712709281178e-16,5.813910026631372e-15,5.312202054790086e-16,2.2429297564669255e-15,5.90244672754454e-16,5.312202054790086e-16,5.312202054790086e-16,5.90244672754454e-16,5.90244672754454e-16
additive,20260923,81,523,8,15.04763127391433,True,True,32,1.5047631273914331e-07,9.302872916450156e-10,6.053309752888958,2.1842237013778404e-13,2.994694439518666e-15,2.1542767569826539e-13,,1.4515398879850807e-14,1.990143421915241e-16,1.4316384537659283e-14,1.3322676295501878e-15,5.329070518200751e-15,5.773159728050814e-15,0.0,7.993605777301127e-15,2.6645352591003757e-15,5.47710025481744e-15,4.440892098500626e-16,0.6195983600691959,0.17579929576957243,2.021588004184005e-15,1.180489345508908e-16,4.721957382035632e-15,1.9182951864519758e-16,7.496107343981567e-15,2.95122336377227e-16,7.732205213083348e-15,3.5414680365267244e-16,4.530127863390435e-15,3.5414680365267244e-16,1.298538280059799e-15,2.95122336377227e-16,5.90244672754454e-17,5.90244672754454e-17,3.5414680365267244e-16,3.5414680365267244e-16
additive,20260923,82,1566,8,15.04763127391433,True,True,32,1.5047631273914331e-07,6.27955822896098e-08,5.577052936852837,1.694324574821221e-13,4.3132164506687325e-15,1.6511924103145337e-13,,1.1259742772660839e-14,2.866375692063817e-16,1.0973105203454457e-14,3.774758283725532e-15,5.88418203051333e-15,4.884981308350689e-15,0.0,1.3322676295501878e-14,2.6645352591003757e-15,5.782940264220131e-15,8.881784197001252e-16,0.7868108402911607,0.1688522762038328,1.0034159436825719e-15,1.180489345508908e-16,3.231589583330636e-15,1.6231728500747486e-16,5.6073243911673135e-15,3.6890292047153377e-16,5.548299923891868e-15,3.2463457001494973e-16,3.3791507515192494e-15,2.803662195583657e-16,1.2100015791466308e-15,3.8365903729039515e-16,1.475611681886135e-17,1.475611681886135e-17,3.8365903729039515e-16,3.8365903729039515e-16
additive,20260923,83,2304,8,15.04763127391433,True,True,64,1.5047631273914331e-07,5.417888360170764e-13,14.511148088467168,3.37891355107174e-13,5.128966034952836e-15,3.327623890722212e-13,,2.245478699979326e-14,3.4084873170996043e-16,2.21139382680833e-14,3.1086244689504383e-15,1.9206858326015208e-14,6.217248937900877e-15,0.0,5.329070518200751e-15,1.7763568394002505e-15,5.972999872483342e-15,0.0,0.964347665377927,0.2468782497500312,1.7559779014445007e-15,2.360978691017816e-16,5.858178377087957e-15,2.95122336377227e-16,1.0476842941391559e-14,4.131712709281178e-16,1.2159040258741754e-14,6.197569063921767e-16,9.119280194056315e-15,7.673180745807903e-16,3.969395424273703e-15,1.2395138127843534e-15,1.0034159436825719e-15,1.0034159436825719e-15,1.2395138127843534e-15,1.2395138127843534e-15
additive,20260923,84,4575,8,15.04763127391433,True,True,32,1.5047631273914331e-07,2.1013857320895113e-10,7.525607503826594,2.2731287751569306e-13,3.610339540554855e-15,2.2370253797513822e-13,,1.5106223257194574e-14,2.399274327523909e-16,1.4866295824442182e-14,3.83026943495679e-15,1.0047518372857667e-14,7.105427357601002e-15,0.0,6.217248937900877e-15,7.105427357601002e-15,7.183671646955536e-15,8.881784197001252e-16,0.7350843350649957,0.22681403134708,1.2837821632409375e-15,1.3280505136975215e-16,3.703785321534199e-15,2.803662195583657e-16,7.20098500760434e-15,4.279273877469792e-16,8.115864250373743e-15,5.754885559355927e-16,4.633420681122464e-15,6.640252568487608e-16,1.593660616437026e-15,2.95122336377227e-16,3.8365903729039515e-16,3.8365903729039515e-16,6.640252568487608e-16,6.640252568487608e-16
additive,20260923,85,5972,8,15.04763127391433,True,True,32,1.5047631273914331e-07,2.491501449597422e-09,13.845472425979455,1.8719103648098414e-13,3.502258007413519e-15,1.8368877847357062e-13,,1.2439900544711465e-14,2.3274480505678145e-16,1.2207155739654683e-14,2.6645352591003757e-15,1.0120376758848693e-14,7.993605777301127e-15,0.0,1.2434497875801753e-14,3.552713678800501e-15,7.0192529037848585e-15,4.440892098500626e-16,0.9201097617258293,0.3527650002635691,1.1362209950523241e-15,1.180489345508908e-16,3.4676874524324173e-15,2.065856354640589e-16,6.345130232110381e-15,2.95122336377227e-16,6.050007895733154e-15,3.5414680365267244e-16,3.3053701674249425e-15,3.2463457001494973e-16,1.5051239155238579e-15,4.721957382035632e-16,7.378058409430675e-16,7.378058409430675e-16,7.378058409430675e-16,7.378058409430675e-16
additive,20260923,86,6624,8,15.04763127391433,True,True,32,1.5047631273914331e-07,4.0746517271372795e-11,11.587449917790728,2.222312281286945e-13,2.4916576738373164e-15,2.197395704548572e-13,,1.476851898371149e-14,1.655847108745085e-16,1.4602934272836983e-14,1.8133642735544222e-15,1.0658141036401503e-14,4.884981308350689e-15,0.0,1.2434497875801753e-14,3.552713678800501e-15,4.96348993652061e-15,0.0,0.7700514258266038,0.13533219885601905,1.6526850837124713e-15,1.6231728500747486e-16,3.851346489722813e-15,2.95122336377227e-16,5.990983428457709e-15,3.3939068683381106e-16,7.42232675988726e-15,4.721957382035632e-16,6.5517158675744395e-15,7.230497241242062e-16,2.7593938451270726e-15,7.082936073053449e-16,7.820741913996516e-16,7.820741913996516e-16,7.820741913996516e-16,7.820741913996516e-16
additive,20260923,87,8070,8,15.04763127391433,True,True,32,1.5047631273914331e-07,1.4200507436612497e-10,4.668060708906636,1.836300291718509e-13,2.543269827541616e-15,1.8108675934430928e-13,,1.2203251517079693e-14,1.6901462969460686e-16,1.2034236887385086e-14,1.7763568394002505e-15,6.446232436729815e-15,2.6645352591003757e-15,0.0,8.881784197001252e-16,3.552713678800501e-15,3.1630782649201488e-15,2.220446049250313e-16,0.5642013980199563,0.1208753188966593,1.6084167332558873e-15,1.6231728500747486e-16,4.36781057838296e-15,2.5085398592064298e-16,7.378058409430676e-15,3.5414680365267244e-16,7.038667722596865e-15,4.574396213847019e-16,3.364394634700388e-15,4.574396213847019e-16,8.263425418562356e-16,2.656101027395043e-16,2.360978691017816e-16,2.360978691017816e-16,4.574396213847019e-16,4.574396213847019e-16
additive,20260923,88,9290,8,15.04763127391433,True,True,32,1.5047631273914331e-07,8.677210061591722e-10,14.848171101242416,2.4473663836251563e-13,3.304367361744469e-15,2.414322710007712e-13,,1.62641304739289e-14,2.1959385511211467e-16,1.6044536618816788e-14,2.6169542723307263e-15,1.7430501486614958e-14,1.0658141036401503e-14,0.0,1.5987211554602254e-14,1.7763568394002505e-15,9.88204227442544e-15,1.7763568394002505e-15,1.075667261146757,0.5230459065622314,1.4165872146106898e-15,1.180489345508908e-16,3.851346489722813e-15,2.360978691017816e-16,6.492691400298995e-15,3.5414680365267244e-16,8.366718236294387e-15,5.0170797184128595e-16,7.820741913996517e-15,7.96830308218513e-16,3.3496385178815267e-15,1.1657332286900467e-15,3.8365903729039515e-16,3.8365903729039515e-16,1.1657332286900467e-15,1.1657332286900467e-15
additive,20260923,89,9833,8,15.04763127391433,True,True,32,1.5047631273914331e-07,1.4373391366007127e-11,9.847006421373951,1.8391743154888036e-13,3.663207303632242e-15,1.802542242452481e-13,,1.2222351026616964e-14,2.4344079389973874e-16,1.1978910232717225e-14,1.8080774972466834e-15,1.099120794378905e-14,2.6645352591003757e-15,0.0,3.552713678800501e-15,7.105427357601002e-15,3.175766528058721e-15,0.0,0.780939548329531,0.2185836965963244,1.1509771118711853e-15,1.0329281773202945e-16,3.0840284151420222e-15,1.3280505136975215e-16,5.194153120239196e-15,2.5085398592064298e-16,7.09769218987231e-15,2.95122336377227e-16,5.799153909812511e-15,6.197569063921767e-16,2.5380520928441523e-15,7.378058409430675e-16,3.8365903729039515e-16,3.8365903729039515e-16,7.378058409430675e-16,7.378058409430675e-16
additive,20260923,90,428,9,15.04763127391433,True,True,64,1.5047631273914331e-07,1.7603696278456482e-12,32.45335976541547,3.848847827749223e-13,8.598611241017992e-15,3.7628617153390434e-13,,2.5577765414955072e-14,5.714262321089717e-16,2.50063391828461e-14,9.769962616701378e-15,1.5987211554602254e-14,4.440892098500626e-15,0.0,7.105427357601002e-15,7.105427357601002e-15,4.383794914377048e-15,7.105427357601002e-15,2.3336660817096506,0.7851410102083287,1.180489345508908e-15,1.180489345508908e-16,3.718541438353061e-15,2.360978691017816e-16,9.443914764071265e-15,5.90244672754454e-16,1.3516603006076998e-14,8.263425418562356e-16,9.916110502274827e-15,1.0624404109580172e-15,3.8956148401793966e-15,7.673180745807903e-16,4.721957382035632e-16,4.721957382035632e-16,1.0624404109580172e-15,1.0624404109580172e-15
additive,20260923,91,623,9,15.04763127391433,True,True,32,1.5047631273914331e-07,7.794321410514726e-08,24.838445234998957,2.9907411699286745e-13,7.673598859511294e-15,2.9140051813335614e-13,,1.9875162512210434e-14,5.099539402466475e-16,1.9365208571963787e-14,3.9968028886505635e-15,1.2472661792273243e-14,1.3322676295501878e-14,0.0,0.0,0.0,1.3146097966823402e-14,3.552713678800501e-15,2.0117724823612995,0.514274404800667,2.1248808219160345e-15,3.5414680365267244e-16,5.194153120239196e-15,3.5414680365267244e-16,9.207816894969482e-15,4.721957382035632e-16,1.0565379642304728e-14,6.492691400298995e-16,7.496107343981567e-15,7.673180745807903e-16,2.4200031582932617e-15,8.853670091316811e-16,5.312202054790086e-16,5.312202054790086e-16,8.853670091316811e-16,8.853670091316811e-16
additive,20260923,92,995,9,15.04763127391433,True,True,64,1.5047631273914331e-07,1.3287149158713873e-12,29.23150366855142,4.781556103442394e-13,6.178655470854383e-15,4.719769548733851e-13,,3.1776138160239295e-14,4.1060651729055385e-16,3.136553164294875e-14,5.329070518200751e-15,2.6201263381153694e-14,2.6645352591003757e-14,0.0,3.552713678800501e-14,7.105427357601002e-15,2.4045316002857794e-14,1.7763568394002505e-15,2.158956640185309,0.7603939545505224,2.774149961945934e-15,2.360978691017816e-16,7.791229680358793e-15,4.721957382035632e-16,1.3044407267873435e-14,7.082936073053449e-16,1.5818557229819368e-14,1.2395138127843534e-15,1.4106847678831451e-14,1.7707340182633621e-15,6.374642465748104e-15,1.6526850837124713e-15,1.593660616437026e-15,1.593660616437026e-15,1.7707340182633621e-15,1.7707340182633621e-15
additive,20260923,93,2043,9,15.04763127391433,True,True,64,1.5047631273914331e-07,9.681144774731365e-13,34.41281928237877,3.194783062437658e-13,8.51765747880574e-15,3.1096064876496006e-13,,2.1231136012589184e-14,5.660463978520951e-16,2.0665089614737088e-14,7.105427357601002e-15,1.4210854715202004e-14,1.9539925233402755e-14,0.0,2.842170943040401e-14,0.0,1.9361232194201183e-14,7.105427357601002e-15,2.3028865466026383,0.758942052444706,1.5346361491615806e-15,1.180489345508908e-16,5.548299923891868e-15,3.5414680365267244e-16,1.02702573059275e-14,4.721957382035632e-16,1.2040991324190863e-14,7.082936073053449e-16,6.905862671227113e-15,8.263425418562356e-16,1.298538280059799e-15,5.312202054790086e-16,6.492691400298995e-16,6.492691400298995e-16,8.263425418562356e-16,8.263425418562356e-16
additive,20260923,94,2087,9,15.04763127391433,True,True,64,1.5047631273914331e-07,1.3695711231775931e-12,33.30934674834805,3.901120167644952e-13,5.3325069228007805e-15,3.847795098416944e-13,,2.5925144606697666e-14,3.5437517212725e-16,2.5570769434570414e-14,3.552713678800501e-15,1.5931700403370996e-14,1.509903313490213e-14,0.0,1.4210854715202004e-14,7.105427357601002e-15,1.5424698555458842e-14,1.7763568394002505e-15,2.278729518678769,0.8064946354394072,1.3575627473352442e-15,1.180489345508908e-16,6.492691400298995e-15,3.5414680365267244e-16,1.1745868987813635e-14,6.492691400298995e-16,1.398879874428056e-14,1.0624404109580172e-15,1.2040991324190863e-14,1.180489345508908e-15,6.5517158675744395e-15,1.1214648782334627e-15,9.443914764071264e-16,9.443914764071264e-16,1.180489345508908e-15,1.180489345508908e-15
additive,20260923,95,4442,9,15.04763127391433,True,True,64,1.5047631273914331e-07,1.1528555887707626e-12,31.414491790484504,5.49697324695823e-13,4.9352056832742105e-15,5.447621190125488e-13,,3.6530488732053476e-14,3.2797226310493046e-16,3.6202516468948546e-14,4.6946573612720904e-15,2.708944180085382e-14,1.4210854715202004e-14,0.0,7.105427357601002e-15,7.105427357601002e-15,1.2357310941708766e-14,3.552713678800501e-15,2.286289507398246,0.7731039633883188,2.2429297564669255e-15,2.360978691017816e-16,7.437082876706122e-15,3.5414680365267244e-16,1.516928808978947e-14,5.90244672754454e-16,2.0127343340926884e-14,7.673180745807903e-16,1.7235144444430058e-14,1.2395138127843534e-15,7.555131811257011e-15,1.7707340182633621e-15,1.0034159436825719e-15,1.0034159436825719e-15,1.7707340182633621e-15,1.7707340182633621e-15
additive,20260923,96,4850,9,15.04763127391433,True,True,64,1.5047631273914331e-07,1.3891110484109959e-12,27.57140377413991,3.5492574487893165e-13,4.032885136950881e-15,3.508928597419808e-13,,2.3586818311677374e-14,2.6800797172256926e-16,2.3318810339954806e-14,3.941291737419306e-15,1.0658141036401503e-14,1.7763568394002505e-14,0.0,1.4210854715202004e-14,3.552713678800501e-15,1.6840497250671303e-14,3.552713678800501e-15,2.032843760363757,0.7814545424966328,1.8297584855388076e-15,1.7707340182633622e-16,5.90244672754454e-15,4.721957382035632e-16,1.2926358333322544e-14,6.492691400298995e-16,1.463806788431046e-14,7.082936073053449e-16,8.912694558592256e-15,7.082936073053449e-16,2.774149961945934e-15,8.263425418562356e-16,5.90244672754454e-17,5.90244672754454e-17,8.263425418562356e-16,8.263425418562356e-16
additive,20260923,97,6965,9,15.04763127391433,True,True,32,1.5047631273914331e-07,9.298528169665587e-08,28.21158428580768,3.656006714301102e-13,3.5784602794191887e-14,3.298160686359183e-13,,2.4296227411146998e-14,2.3780887598054004e-15,2.19181386513416e-14,6.217248937900877e-14,6.217248937900877e-14,7.105427357601002e-15,0.0,3.552713678800501e-15,6.039613253960852e-14,5.848231951620704e-15,1.7763568394002505e-15,1.9646748384784218,0.7696241760027507,1.7117095509879168e-15,2.360978691017816e-16,4.131712709281179e-15,3.5414680365267244e-16,8.263425418562357e-15,4.721957382035632e-16,1.0211232838652055e-14,8.263425418562356e-16,7.791229680358793e-15,1.180489345508908e-15,2.6561010273950434e-15,7.673180745807903e-16,7.673180745807903e-16,7.673180745807903e-16,1.180489345508908e-15,1.180489345508908e-15
additive,20260923,98,9272,9,15.04763127391433,True,True,64,1.5047631273914331e-07,1.4050982599655981e-12,28.056373270816913,3.5070412182779453e-13,8.41601920428946e-15,3.4228810262350506e-13,,2.3306267640658775e-14,5.592919610463187e-16,2.2746975679612454e-14,5.329070518200751e-15,1.2434497875801753e-14,3.552713678800501e-15,0.0,0.0,0.0,2.3906802463595043e-15,3.552713678800501e-15,1.9972750365184553,0.7936299550019177,2.2429297564669255e-15,1.180489345508908e-16,5.90244672754454e-15,4.721957382035632e-16,1.0683428576855619e-14,5.312202054790086e-16,1.1981966856915417e-14,8.263425418562356e-16,8.027327549460575e-15,8.263425418562356e-16,3.0102478310477157e-15,8.263425418562356e-16,1.7707340182633622e-16,1.7707340182633622e-16,8.263425418562356e-16,8.263425418562356e-16
additive,20260923,99,9528,9,15.04763127391433,True,True,64,1.5047631273914331e-07,1.0302869668521453e-13,30.402306379558638,5.36209965318335e-13,7.3261502684491e-15,5.288838150498859e-13,,3.5634177602947804e-14,4.868640209937411e-16,3.514731358195406e-14,8.881784197001252e-15,2.7200464103316335e-14,1.7763568394002505e-14,0.0,1.7763568394002505e-14,0.0,1.2853210559374671e-14,3.552713678800501e-15,2.0850483809864366,0.7657722843450514,3.2463457001494974e-15,3.5414680365267244e-16,8.381474353113247e-15,7.082936073053449e-16,1.4992214687963134e-14,1.0624404109580172e-15,1.7294168911705505e-14,1.0624404109580172e-15,1.375270087517878e-14,1.4165872146106898e-15,6.433666933023549e-15,1.298538280059799e-15,1.6526850837124713e-15,1.6526850837124713e-15,1.6526850837124713e-15,1.6526850837124713e-15
additive,20260924,0,280,0,18.824564473822164,True,True,32,1.8824564473822165e-07,1.2545013639009284e-11,10.261615041585527,3.1256511928965493e-13,2.760754587901222e-15,3.098043647017537e-13,,1.66041089409699e-14,1.4665702315399569e-16,1.6457451917815904e-14,2.7755575615628914e-15,1.3489209749195652e-14,4.884981308350689e-15,0.0,1.7763568394002505e-15,5.329070518200751e-15,4.383794914377047e-15,0.0,0.5725856888850379,0.19117673860408702,8.964557983675878e-16,9.436376824921978e-17,3.397095656971912e-15,2.359094206230494e-16,7.407555807563753e-15,3.302731888722692e-16,9.861013782043466e-15,4.24636957121489e-16,7.454737691688362e-15,6.133644936199285e-16,2.878094931601203e-15,7.077282618691483e-16,3.774550729968791e-16,3.774550729968791e-16,7.077282618691483e-16,7.077282618691483e-16
additive,20260924,1,1403,0,18.824564473822164,True,True,32,1.8824564473822165e-07,1.07519220193808e-08,9.940781091574673,4.087403035083323e-13,1.6683083486108364e-15,4.0707199515972144e-13,,2.171313466915716e-14,8.86240077920964e-17,2.1624510661365066e-14,3.4046839421838135e-15,1.8332557694122897e-14,3.552713678800501e-15,0.0,1.7763568394002505e-15,1.7763568394002505e-15,3.897411494065074e-15,0.0,0.6837230406452205,0.22588672856571876,1.4154565237382966e-15,1.4154565237382966e-16,4.859734064834819e-15,2.830913047476593e-16,9.861013782043466e-15,3.774550729968791e-16,1.269192682952006e-14,6.605463777445384e-16,9.625104361420417e-15,9.436376824921977e-16,3.96327826646723e-15,1.0380014507414175e-15,5.661826094953186e-16,5.661826094953186e-16,1.0380014507414175e-15,1.0380014507414175e-15
additive,20260924,2,1512,0,18.824564473822164,True,True,32,1.8824564473822165e-07,2.3233498458452573e-12,9.836333296272857,2.439397890035317e-13,3.2684833675556924e-15,2.4067130563597604e-13,,1.2958588728188614e-14,1.7362863146719352e-16,1.278496009672142e-14,1.9243865760169383e-15,9.776901510605285e-15,1.7763568394002505e-15,0.0,0.0,5.329070518200751e-15,2.0047455758945676e-15,0.0,0.5878119103321875,0.18679830246440546,8.964557983675878e-16,9.436376824921978e-17,2.878094931601203e-15,1.4154565237382966e-16,5.992099283825455e-15,1.8872753649843955e-16,7.407555807563753e-15,3.302731888722692e-16,5.095643485457868e-15,3.774550729968791e-16,1.8872753649843954e-15,5.190007253707087e-16,1.8872753649843955e-16,1.8872753649843955e-16,5.190007253707087e-16,5.190007253707087e-16
additive,20260924,3,3341,0,18.824564473822164,True,True,32,1.8824564473822165e-07,7.931762668889064e-08,9.222119465088221,2.3853977655575147e-13,6.282904091172609e-15,2.3225687246457886e-13,,1.2671728840657638e-14,3.337609271072246e-16,1.2337967913550413e-14,5.329070518200751e-15,1.1553258350005535e-14,5.329070518200751e-15,0.0,1.0658141036401503e-14,8.881784197001252e-15,4.962696920074449e-15,0.0,0.6211533829238801,0.20087264866041293,9.908195666168076e-16,9.436376824921978e-17,3.019640583975033e-15,1.4154565237382966e-16,5.496689500517052e-15,2.5950036268535437e-16,6.747009429819214e-15,3.302731888722692e-16,5.425916674330137e-15,5.425916674330137e-16,2.406276090355104e-15,6.369554356822335e-16,7.077282618691483e-17,7.077282618691483e-17,6.369554356822335e-16,6.369554356822335e-16
additive,20260924,4,4116,0,18.824564473822164,True,True,32,1.8824564473822165e-07,3.702371742519972e-12,10.616370736665642,3.3969308847285144e-13,1.8045089232389595e-15,3.378885795496125e-13,,1.8045203061416682e-14,9.585926546924087e-17,1.7949343795947442e-14,3.0346096006420944e-15,1.9081958235744878e-14,4.884981308350689e-15,0.0,3.552713678800501e-15,1.7763568394002505e-15,5.2539982946308605e-15,0.0,0.5639636843353794,0.19589731637396546,1.226728987239857e-15,1.4154565237382966e-16,4.0104601505918406e-15,2.359094206230494e-16,7.266010155189923e-15,3.302731888722692e-16,9.153285520174319e-15,5.661826094953186e-16,7.78501088056063e-15,8.964557983675878e-16,4.05764203471645e-15,8.020920301183681e-16,9.908195666168076e-16,9.908195666168076e-16,9.908195666168076e-16,9.908195666168076e-16
additive,20260924,5,5544,0,18.824564473822164,True,True,32,1.8824564473822165e-07,2.152169997771125e-09,12.657784972645766,3.8852737165095437e-13,2.000251816032992e-15,3.8652711983492136e-13,,2.063938170740942e-14,1.0625753487229859e-16,2.0533124172537118e-14,4.0602442043434294e-15,2.290528877679776e-14,1.7763568394002505e-15,0.0,0.0,1.7763568394002505e-15,1.5130753792748571e-15,0.0,0.7504327467138623,0.23749148290648908,1.3210927554890768e-15,1.8872753649843955e-16,5.001279717208648e-15,3.302731888722692e-16,9.577922477295807e-15,5.190007253707087e-16,1.2078562335900131e-14,6.605463777445384e-16,8.49273914242978e-15,9.436376824921977e-16,3.019640583975033e-15,1.1795471031152472e-15,2.359094206230494e-16,2.359094206230494e-16,1.1795471031152472e-15,1.1795471031152472e-15
additive,20260924,6,6708,0,18.824564473822164,True,True,32,1.8824564473822165e-07,8.077767621461618e-12,7.3108014814264095,2.767894709728343e-13,1.715790208324717e-15,2.7507368076450957e-13,,1.470363212693412e-14,9.114634289206164e-17,1.4612485784042058e-14,2.3185818344627155e-15,1.5785983631388945e-14,3.1086244689504383e-15,0.0,4.440892098500626e-15,0.0,3.010290429626496e-15,0.0,0.38836497341508025,0.19239318675499423,7.549101459937582e-16,9.436376824921978e-17,2.8309130474765932e-15,1.8872753649843955e-16,6.039281167950066e-15,2.830913047476593e-16,8.728648563052828e-15,4.24636957121489e-16,7.596283344062191e-15,6.605463777445384e-16,2.8309130474765932e-15,8.49273914242978e-16,2.359094206230494e-16,2.359094206230494e-16,8.49273914242978e-16,8.49273914242978e-16
additive,20260924,7,7346,0,18.824564473822164,True,True,32,1.8824564473822165e-07,3.2825964169092003e-12,5.17524383654046,2.2883758380284495e-13,1.1810658271488568e-15,2.276565179756961e-13,,1.215632819134123e-14,6.27406721037967e-17,1.2093587519237433e-14,2.3869795029440866e-15,1.2490009027033011e-14,3.552713678800501e-15,0.0,6.217248937900877e-15,8.881784197001252e-16,3.3830081593220834e-15,0.0,0.46658957685454944,0.19615259248516584,8.020920301183681e-16,9.436376824921978e-17,2.7601402212896782e-15,1.179547103115247e-16,5.072052543395563e-15,2.359094206230494e-16,6.416736240946945e-15,3.302731888722692e-16,4.671006528336379e-15,3.5386413093457416e-16,2.19395761179436e-15,4.482278991837939e-16,6.369554356822335e-16,6.369554356822335e-16,6.369554356822335e-16,6.369554356822335e-16
additive,20260924,8,7393,0,18.824564473822164,True,True,32,1.8824564473822165e-07,1.479271505289148e-08,1.0449881881515317,2.3755257020733704e-13,1.3261878367962875e-15,2.3622638237054077e-13,,1.2619286387086546e-14,7.044985495629991e-17,1.2548836532130247e-14,1.887379141862766e-15,9.43689570931383e-15,3.9968028886505635e-15,0.0,7.105427357601002e-15,2.6645352591003757e-15,4.270657901391436e-15,0.0,0.5717502363665999,0.1922394072766082,1.1323652189906373e-15,1.651365944361346e-16,3.821732614093401e-15,2.359094206230494e-16,6.652645661569994e-15,2.830913047476593e-16,7.006509792504568e-15,4.24636957121489e-16,4.175596745027975e-15,5.190007253707087e-16,1.250319929302162e-15,3.5386413093457416e-16,9.436376824921978e-17,9.436376824921978e-17,5.190007253707087e-16,5.190007253707087e-16
additive,20260924,9,8134,0,18.824564473822164,True,True,32,1.8824564473822165e-07,5.17808018685173e-12,11.5860449571871,2.3113706715789597e-13,2.3483860358975938e-15,2.2878868112199837e-13,,1.2278481527650748e-14,1.2475114838185547e-16,1.2153730379268893e-14,3.552713678800501e-15,1.3038181645441682e-14,9.769962616701378e-15,0.0,1.7763568394002505e-15,1.7763568394002505e-15,8.137406092871623e-15,0.0,0.6810113373706681,0.22141407205805416,1.0851833348660274e-15,9.436376824921978e-17,3.2083681204734724e-15,2.359094206230494e-16,4.671006528336379e-15,4.24636957121489e-16,5.001279717208648e-15,3.302731888722692e-16,4.623824644211769e-15,4.718188412460988e-16,1.5570021761121263e-15,6.605463777445384e-16,5.661826094953186e-16,5.661826094953186e-16,6.605463777445384e-16,6.605463777445384e-16
additive,20260924,10,555,1,18.824564473822164,True,True,64,1.8824564473822165e-07,4.618527782440651e-14,33.58142775540752,4.075196529435792e-13,6.237206518462591e-15,4.012824464251166e-13,,2.1648291173497514e-14,3.3133337704233114e-16,2.131695779645518e-14,5.10702591327572e-15,2.6201263381153694e-14,1.4210854715202004e-14,0.0,7.105427357601002e-15,7.105427357601002e-15,1.4479422951635135e-14,7.105427357601002e-15,1.9575883545780917,1.1322293464574242,1.226728987239857e-15,1.8872753649843955e-16,3.585823193470351e-15,3.774550729968791e-16,9.861013782043466e-15,7.549101459937582e-16,1.3847882990573002e-14,1.0144105086791125e-15,1.0191286970915736e-14,1.3446836975513818e-15,3.349913772847302e-15,8.25682972180673e-16,2.359094206230494e-16,2.359094206230494e-16,1.3446836975513818e-15,1.3446836975513818e-15
additive,20260924,11,1680,1,18.824564473822164,True,True,32,1.8824564473822165e-07,5.911040545925061e-10,25.18952504965847,4.893280225459761e-13,6.330253781478795e-15,4.829977687644974e-13,,2.5994121841514368e-14,3.3627624109348073e-16,2.5657845600420887e-14,1.021405182655144e-14,2.398081733190338e-14,4.440892098500626e-15,0.0,3.552713678800501e-15,1.0658141036401503e-14,5.2212202815228794e-15,8.881784197001252e-16,1.5117930365818106,0.7034544447620338,1.3682746396136867e-15,1.8872753649843955e-16,4.505869933900244e-15,2.830913047476593e-16,8.39837537418056e-15,6.605463777445384e-16,1.2715517771582364e-14,8.25682972180673e-16,9.530740593171198e-15,9.672286245545026e-16,3.1140043522242526e-15,8.728648563052829e-16,1.8872753649843955e-16,1.8872753649843955e-16,9.672286245545026e-16,9.672286245545026e-16
additive,20260924,12,2586,1,18.824564473822164,True,True,32,1.8824564473822165e-07,2.6269713515603144e-08,31.068089306364378,6.347228298508867e-13,5.571865720133656e-15,6.29150964130753e-13,,3.371779627271301e-14,2.9598909063112774e-16,3.342180718208188e-14,5.551115123125783e-15,3.552713678800501e-14,3.552713678800501e-15,0.0,0.0,0.0,3.8260400139105974e-15,1.7763568394002505e-15,1.8240745910836837,1.051556780951206,1.8400934808597855e-15,3.5386413093457416e-16,6.8413731980684334e-15,7.549101459937582e-16,1.557002176112126e-14,1.1323652189906373e-15,2.0830801841015266e-14,1.226728987239857e-15,1.469715690481598e-14,1.4862293499252115e-15,5.425916674330137e-15,1.8872753649843954e-15,2.5950036268535437e-16,2.5950036268535437e-16,1.8872753649843954e-15,1.8872753649843954e-15
additive,20260924,13,3766,1,18.824564473822164,True,True,32,1.8824564473822165e-07,6.682667930135722e-08,27.003865630296687,3.984115947206067e-13,3.974730597565755e-15,3.9443686412304094e-13,,2.116445218558157e-14,2.1114595257133832e-16,2.095330623301023e-14,5.963483675129412e-15,3.172462292866385e-14,2.3092638912203256e-14,0.0,2.4868995751603507e-14,3.552713678800501e-15,2.1699044677483297e-14,1.7763568394002505e-15,1.6081745801315317,0.7129816605625758,1.1913425741463997e-15,1.8872753649843955e-16,4.328937868432957e-15,4.24636957121489e-16,8.893785157488963e-15,4.718188412460988e-16,1.2243698930336266e-14,9.200467404298927e-16,9.3066266435793e-15,8.728648563052829e-16,3.762755258937638e-15,1.5570021761121263e-15,7.549101459937582e-16,7.549101459937582e-16,1.5570021761121263e-15,1.5570021761121263e-15
additive,20260924,14,4718,1,18.824564473822164,True,True,32,1.8824564473822165e-07,1.4478551690899621e-09,20.8757201393397,2.5930831556072086e-13,5.4217212729938745e-15,2.5388659428772697e-13,,1.3774996809159673e-14,2.8801310545768187e-16,1.348698370370199e-14,7.105427357601002e-15,1.51684220739412e-14,3.552713678800501e-15,0.0,1.0658141036401503e-14,7.105427357601002e-15,3.815202122479734e-15,3.552713678800501e-15,1.2862298001645889,0.6881228713878441,1.226728987239857e-15,1.651365944361346e-16,3.4914594252211318e-15,1.8872753649843955e-16,6.617259248476537e-15,3.774550729968791e-16,6.935736966317653e-15,5.661826094953186e-16,5.072052543395563e-15,8.020920301183681e-16,2.2647304379812745e-15,5.661826094953186e-16,4.836143122772513e-16,4.836143122772513e-16,8.020920301183681e-16,8.020920301183681e-16
additive,20260924,15,4831,1,18.824564473822164,True,True,32,1.8824564473822165e-07,3.929043757011641e-08,32.09789147354012,3.397141034086747e-13,7.532466713858606e-15,3.321816366948161e-13,,1.8046319418496418e-14,4.001402913907205e-16,1.7646179127105695e-14,7.105427357601002e-15,1.7319479184152442e-14,2.1316282072803006e-14,0.0,2.842170943040401e-14,7.105427357601002e-15,2.1385274503618997e-14,3.552713678800501e-15,1.8787798231015505,0.8763640771308855,8.49273914242978e-16,9.436376824921978e-17,3.3381183018161493e-15,1.8872753649843955e-16,6.994714321473416e-15,5.190007253707087e-16,1.0710287696286445e-14,8.020920301183681e-16,9.058921751925098e-15,9.436376824921977e-16,3.644800548626114e-15,9.436376824921977e-16,3.1847771784111673e-16,3.1847771784111673e-16,9.436376824921977e-16,9.436376824921977e-16
additive,20260924,16,6080,1,18.824564473822164,True,True,32,1.8824564473822165e-07,2.4938181297784467e-08,33.02001818640267,5.394096545091862e-13,8.028101992709124e-15,5.313815525164771e-13,,2.865456224813597e-14,4.264694677995431e-16,2.822809278033643e-14,1.0658141036401503e-14,3.68594044175552e-14,4.263256414560601e-14,0.0,3.552713678800501e-14,7.105427357601002e-15,4.549746822676969e-14,3.552713678800501e-15,1.9277651111354317,1.0364158786362843,1.5570021761121263e-15,2.830913047476593e-16,6.06287211001237e-15,5.661826094953186e-16,1.1748289147027862e-14,7.785010880560632e-16,1.5923885892055837e-14,1.250319929302162e-15,1.2668335887457755e-14,1.4390474658006016e-15,6.180826820323895e-15,1.5570021761121263e-15,1.9108663070467005e-15,1.9108663070467005e-15,1.9108663070467005e-15,1.9108663070467005e-15
additive,20260924,17,6208,1,18.824564473822164,True,True,32,1.8824564473822165e-07,1.320117206660143e-07,31.13926144039487,4.934139076154121e-13,7.930296631015958e-15,4.854836109843961e-13,,2.621117255071499e-14,4.212738436548689e-16,2.578989870706012e-14,7.105427357601002e-15,3.1530333899354446e-14,3.552713678800501e-14,0.0,3.197442310920451e-14,1.4210854715202004e-14,3.94382939004702e-14,3.552713678800501e-15,1.8278554028060185,0.9724718202988833,1.8872753649843954e-15,3.302731888722692e-16,5.756189863202406e-15,6.605463777445384e-16,1.1937016683526301e-14,7.077282618691483e-16,1.4980248209563638e-14,1.3446836975513818e-15,1.1842652915277082e-14,1.674956886423651e-15,4.24636957121489e-15,1.203138045177552e-15,3.774550729968791e-16,3.774550729968791e-16,1.674956886423651e-15,1.674956886423651e-15
additive,20260924,18,7156,1,18.824564473822164,True,True,32,1.8824564473822165e-07,4.826148369829752e-10,21.854350771994675,3.4366861208686337e-13,6.123540827846206e-15,3.3754507125901716e-13,,1.8256391140670275e-14,3.252952192525745e-16,1.79310959214177e-14,7.105427357601002e-15,2.9531932455029164e-14,1.4210854715202004e-14,0.0,1.4210854715202004e-14,7.105427357601002e-15,1.442814122145007e-14,1.7763568394002505e-15,1.3346216453232367,0.708124278040913,7.785010880560632e-16,9.436376824921978e-17,2.8309130474765932e-15,2.5950036268535437e-16,6.2044177623862005e-15,4.718188412460988e-16,9.601513419358112e-15,6.369554356822335e-16,8.988148925738184e-15,1.226728987239857e-15,5.756189863202406e-15,1.226728987239857e-15,1.5805931181744312e-15,1.5805931181744312e-15,1.5805931181744312e-15,1.5805931181744312e-15
additive,20260924,19,8365,1,18.824564473822164,True,True,32,1.8824564473822165e-07,5.673699154939982e-08,21.070331204386328,3.086484771467705e-13,6.038688068106997e-15,3.026097890786635e-13,,1.6396048767873677e-14,3.2078766425138407e-16,1.6075261103622292e-14,5.329070518200751e-15,1.7957857423311907e-14,8.881784197001252e-15,0.0,7.105427357601002e-15,3.552713678800501e-15,9.419978025129066e-15,8.881784197001252e-16,1.292972895961804,0.4956307092521023,9.436376824921977e-16,9.436376824921978e-17,2.807322105414288e-15,1.8872753649843955e-16,6.086463052074675e-15,2.830913047476593e-16,8.30401160593134e-15,4.718188412460988e-16,7.92655653293446e-15,5.661826094953186e-16,3.326322830784997e-15,8.964557983675878e-16,7.549101459937582e-16,7.549101459937582e-16,8.964557983675878e-16,8.964557983675878e-16
additive,20260924,20,368,2,18.824564473822164,True,True,64,1.8824564473822165e-07,2.389199948993337e-13,4.364029592855767,3.8334890817282026e-13,4.3502238848229055e-15,3.7899868428799735e-13,,2.0364290961733183e-14,2.310929366186622e-16,2.013319802511452e-14,3.901640915111265e-15,2.55351295663786e-14,5.329070518200751e-15,0.0,5.329070518200751e-15,7.105427357601002e-15,5.262457136723243e-15,0.0,0.377743544109596,0.20563135791197576,9.908195666168076e-16,9.436376824921978e-17,3.2555500045980823e-15,1.8872753649843955e-16,7.077282618691483e-15,3.774550729968791e-16,1.0521560159788005e-14,7.549101459937582e-16,1.1229288421657152e-14,9.436376824921977e-16,6.1336449361992854e-15,1.3682746396136867e-15,1.1795471031152472e-15,1.1795471031152472e-15,1.3682746396136867e-15,1.3682746396136867e-15
additive,20260924,21,750,2,18.824564473822164,True,True,32,1.8824564473822165e-07,1.0962653007595691e-10,10.781123250632636,3.140598892059643e-13,3.08959207424258e-15,3.109702971317217e-13,,1.6683514226462058e-14,1.641255540620359e-16,1.651938867240002e-14,2.1316282072803005e-15,1.0547118733938987e-14,2.6645352591003757e-15,0.0,0.0,5.329070518200751e-15,2.7787296273475342e-15,0.0,0.5727156803879895,0.14366558817269717,1.6041840602367362e-15,1.8872753649843955e-16,4.812552180710208e-15,1.8872753649843955e-16,8.30401160593134e-15,3.774550729968791e-16,9.342013056672758e-15,5.661826094953186e-16,6.322372472697725e-15,5.661826094953186e-16,1.698547828485956e-15,4.718188412460988e-16,1.8872753649843955e-16,1.8872753649843955e-16,5.661826094953186e-16,5.661826094953186e-16
additive,20260924,22,1640,2,18.824564473822164,True,True,32,1.8824564473822165e-07,1.4021284133747258e-12,1.57758289626471,2.3121782266599666e-13,2.6899117853775213e-15,2.2852791088061916e-13,,1.2282771428126957e-14,1.4289370620596134e-16,1.2139877721920997e-14,1.7763568394002505e-15,9.131584377541913e-15,2.4424906541753444e-15,0.0,4.218847493575595e-15,3.9968028886505635e-15,2.2881167859893704e-15,0.0,0.17833109019991486,0.08535207246899712,6.133644936199285e-16,9.436376824921978e-17,2.6893673951027636e-15,1.8872753649843955e-16,5.378734790205527e-15,1.8872753649843955e-16,7.266010155189923e-15,3.774550729968791e-16,5.614644210828576e-15,4.718188412460988e-16,2.123184785607445e-15,4.718188412460988e-16,3.774550729968791e-16,3.774550729968791e-16,4.718188412460988e-16,4.718188412460988e-16
additive,20260924,23,2633,2,18.824564473822164,True,True,32,1.8824564473822165e-07,1.8886625596792328e-10,7.115410037275735,3.092199115809332e-13,3.781697177629443e-15,3.0543821440330375e-13,,1.642640455299462e-14,2.008916159993157e-16,1.6225512936995305e-14,2.886579864025407e-15,1.8693380177126073e-14,1.9984014443252818e-15,0.0,3.552713678800501e-15,7.993605777301127e-15,2.290231496512466e-15,0.0,0.4023020366491403,0.11998117541135483,1.226728987239857e-15,9.436376824921978e-17,4.15200580296567e-15,1.8872753649843955e-16,7.549101459937581e-15,3.774550729968791e-16,8.587102910679e-15,5.661826094953186e-16,6.794191313943824e-15,6.605463777445384e-16,3.397095656971912e-15,8.49273914242978e-16,1.0380014507414175e-15,1.0380014507414175e-15,1.0380014507414175e-15,1.0380014507414175e-15
additive,20260924,24,2999,2,18.824564473822164,True,True,32,1.8824564473822165e-07,1.1102230246251565e-15,1.1757107999468097,2.824178391147569e-13,2.241824450944731e-15,2.801760146638122e-13,,1.5002622743675855e-14,1.1909037545395855e-16,1.4883532368221897e-14,2.7200464103316335e-15,1.2760625889285393e-14,6.661338147750939e-16,0.0,8.881784197001252e-16,3.1086244689504383e-15,6.883382752675971e-16,0.0,0.1957060450167641,0.08108313462925067,1.1323652189906373e-15,1.8872753649843955e-16,3.6330050775949614e-15,1.8872753649843955e-16,7.407555807563753e-15,3.302731888722692e-16,8.823012331302049e-15,4.718188412460988e-16,5.709007979077796e-15,6.605463777445384e-16,2.1703666697320547e-15,3.774550729968791e-16,9.436376824921978e-17,9.436376824921978e-17,6.605463777445384e-16,6.605463777445384e-16
additive,20260924,25,6288,2,18.824564473822164,True,True,32,1.8824564473822165e-07,2.4990665092872177e-10,0.6331243991303612,2.144521663424318e-13,2.7466455036299444e-15,2.1170552083880187e-13,,1.1392144909416285e-14,1.4590751926555792e-16,1.1246237390150728e-14,2.0192181260370035e-15,8.756884106730922e-15,1.1102230246251565e-15,0.0,4.440892098500626e-16,1.7763568394002505e-15,1.1567466561332584e-15,0.0,0.30777922347120257,0.08662705830177626,1.1323652189906373e-15,1.4154565237382966e-16,3.302731888722692e-15,2.359094206230494e-16,5.5202804425793564e-15,2.830913047476593e-16,6.1336449361992854e-15,4.718188412460988e-16,4.38791522358872e-15,4.718188412460988e-16,1.4154565237382966e-15,3.774550729968791e-16,1.8872753649843955e-16,1.8872753649843955e-16,4.718188412460988e-16,4.718188412460988e-16
additive,20260924,26,6518,2,18.824564473822164,True,True,32,1.8824564473822165e-07,7.404965529644869e-11,3.223269420228462,5.016126403134535e-13,3.0875104060714055e-15,4.985251299073822e-13,,2.6646706276312882e-14,1.6401497152111872e-16,2.6482691304791765e-14,3.885780586188048e-15,2.9282132274488504e-14,1.3322676295501878e-15,0.0,0.0,1.7763568394002505e-15,1.3248661427193527e-15,0.0,0.23730618467525347,0.06789066467186299,1.3210927554890768e-15,1.8872753649843955e-16,5.5202804425793564e-15,2.830913047476593e-16,1.1370834074030982e-14,4.718188412460988e-16,1.3965837700884527e-14,7.077282618691483e-16,1.245601740889701e-14,1.0851833348660274e-15,6.558281893320774e-15,1.3682746396136867e-15,1.5570021761121263e-15,1.5570021761121263e-15,1.5570021761121263e-15,1.5570021761121263e-15
additive,20260924,27,7013,2,18.824564473822164,True,True,32,1.8824564473822165e-07,5.4738401589204955e-09,-1.620127336084768,2.08131395715955e-13,9.161983341311412e-16,2.0721519738182387e-13,,1.1056372433231426e-14,4.867036023092199e-17,1.1007702073000504e-14,1.3544720900426909e-15,7.993605777301127e-15,1.5543122344752192e-15,0.0,8.881784197001252e-16,6.661338147750939e-16,1.5109606687517624e-15,0.0,0.44799246809304777,0.08530138071779349,8.964557983675878e-16,9.436376824921978e-17,3.0668224680996427e-15,1.4154565237382966e-16,5.331552906080917e-15,2.830913047476593e-16,6.180826820323895e-15,3.302731888722692e-16,4.435097107713329e-15,4.24636957121489e-16,1.5570021761121263e-15,3.774550729968791e-16,2.359094206230494e-16,2.359094206230494e-16,4.24636957121489e-16,4.24636957121489e-16
additive,20260924,28,7633,2,18.824564473822164,True,True,32,1.8824564473822165e-07,2.4965210454475084e-10,4.756117923999648,2.679967359142665e-13,1.7240177539536357e-15,2.6627271816031286e-13,,1.4236543761049474e-14,9.158340722044811e-17,1.4144960353829025e-14,1.850371707708594e-15,1.0103029524088925e-14,2.6645352591003757e-15,0.0,3.552713678800501e-15,0.0,2.667707324885018e-15,0.0,0.46751905773105645,0.1770149265521522,1.1795471031152472e-15,1.8872753649843955e-16,4.10482391884106e-15,1.8872753649843955e-16,7.313192039314532e-15,2.830913047476593e-16,7.78501088056063e-15,3.774550729968791e-16,5.331552906080917e-15,5.190007253707087e-16,2.028821017358225e-15,5.190007253707087e-16,4.718188412460989e-17,4.718188412460989e-17,5.190007253707087e-16,5.190007253707087e-16
additive,20260924,29,8675,2,18.824564473822164,True,True,32,1.8824564473822165e-07,9.754419494356625e-13,1.1502066462276037,3.4267152607522384e-13,2.377331136182462e-15,3.402941949390414e-13,,1.8203423858849433e-14,1.262887722841306e-16,1.8077135086565306e-14,2.7533531010703883e-15,1.2101430968414206e-14,2.4424906541753444e-15,0.0,0.0,1.1102230246251565e-15,2.5566850224225037e-15,0.0,0.3930696125233046,0.09111733144245666,1.5570021761121263e-15,9.436376824921978e-17,4.906915948959428e-15,2.830913047476593e-16,9.483558709046587e-15,4.718188412460988e-16,1.1182106537532543e-14,6.133644936199285e-16,6.8413731980684334e-15,5.661826094953186e-16,1.4154565237382966e-15,5.661826094953186e-16,6.605463777445384e-16,6.605463777445384e-16,6.605463777445384e-16,6.605463777445384e-16
additive,20260924,30,1852,3,18.824564473822164,True,True,32,1.8824564473822165e-07,9.422465030439753e-10,0.05297459037608521,2.1102194066221122e-13,3.003153281611049e-15,2.0801878738060017e-13,,1.1209924190047679e-14,1.595337456963372e-16,1.1050390444351341e-14,1.609823385706477e-15,9.547918011776346e-15,3.1086244689504383e-15,0.0,2.4424906541753444e-15,2.220446049250313e-16,3.1205197156428515e-15,4.440892098500626e-15,0.42452612337286333,0.0784353371331567,6.959327908379958e-16,9.436376824921978e-17,2.3119123221058844e-15,1.179547103115247e-16,4.6474155862740736e-15,1.651365944361346e-16,6.334167943728877e-15,3.302731888722692e-16,5.024870659270953e-15,4.954097833084038e-16,2.1349802566385972e-15,5.072052543395563e-16,4.3643242815264147e-16,4.3643242815264147e-16,5.072052543395563e-16,5.072052543395563e-16
additive,20260924,31,3313,3,18.824564473822164,True,True,64,1.8824564473822165e-07,2.2750690220618708e-12,1.343943232148023,1.9897800338614367e-13,4.154480992028875e-15,1.948235223941148e-13,,1.0570125203313292e-14,2.2069466721560457e-16,1.0349430536097686e-14,3.9968028886505635e-15,1.304512053934559e-14,4.440892098500626e-15,0.0,1.7763568394002505e-15,8.43769498715119e-15,4.7520188842110575e-15,4.884981308350689e-15,0.7639255130828544,0.19613328764862956,1.1087742769283323e-15,1.4154565237382966e-16,3.078617939130795e-15,1.651365944361346e-16,5.083848014426715e-15,2.123184785607445e-16,5.43771214536129e-15,2.5950036268535437e-16,3.2555500045980823e-15,2.830913047476593e-16,1.651365944361346e-15,3.774550729968791e-16,6.723418487756909e-16,6.723418487756909e-16,6.723418487756909e-16,6.723418487756909e-16
additive,20260924,32,5269,3,18.824564473822164,True,True,32,1.8824564473822165e-07,2.7141927594342974e-11,8.404835238592527,1.9681201113286305e-13,4.930051076374161e-15,1.918819600564889e-13,,1.0455063191849881e-14,2.618945624601299e-16,1.0193168629389752e-14,2.6645352591003757e-15,7.105427357601002e-15,7.105427357601002e-15,0.0,5.329070518200751e-15,1.7763568394002505e-15,6.750684667351725e-15,3.552713678800501e-15,0.5466135840696807,0.1573793669581243,1.1323652189906373e-15,1.4154565237382966e-16,3.0904134101619475e-15,2.830913047476593e-16,4.623824644211769e-15,3.774550729968791e-16,5.685417037015491e-15,3.302731888722692e-16,3.656596019657266e-15,3.5386413093457416e-16,1.5098202919875164e-15,3.5386413093457416e-16,1.179547103115247e-16,1.179547103115247e-16,3.774550729968791e-16,3.774550729968791e-16
additive,20260924,33,5365,3,18.824564473822164,True,True,32,1.8824564473822165e-07,1.4033618711550844e-10,3.727572178827163,2.3094347201797695e-13,4.013291022260325e-15,2.269301809957166e-13,,1.2268197351345461e-14,2.1319436249594469e-16,1.2055002988849516e-14,3.0531133177191805e-15,8.382183835919932e-15,3.1086244689504383e-15,0.0,4.440892098500626e-15,1.3322676295501878e-15,2.621183693376917e-15,3.552713678800501e-15,0.25681240739723316,0.10687256623732837,1.203138045177552e-15,1.4154565237382966e-16,3.373504714909607e-15,2.359094206230494e-16,5.685417037015491e-15,3.302731888722692e-16,6.935736966317653e-15,3.302731888722692e-16,4.906915948959428e-15,4.482278991837939e-16,1.7457297126105659e-15,4.482278991837939e-16,0.0,0.0,4.482278991837939e-16,4.482278991837939e-16
additive,20260924,34,6132,3,18.824564473822164,True,True,32,1.8824564473822165e-07,3.019806626980426e-14,3.212797540336429,1.4971185666840234e-13,2.583251073368891e-15,1.4712860559503346e-13,,7.953005068276336e-15,1.3722766744278277e-16,7.815777400833554e-15,1.5543122344752192e-15,6.661338147750939e-15,2.6645352591003757e-15,0.0,7.105427357601002e-15,8.881784197001252e-16,2.541882048760834e-15,3.552713678800501e-15,0.30517881873175345,0.08900880661113868,6.605463777445384e-16,7.077282618691483e-17,1.7929115967351756e-15,9.436376824921978e-17,3.774550729968791e-15,1.4154565237382966e-16,4.505869933900244e-15,2.123184785607445e-16,3.1140043522242526e-15,3.5386413093457416e-16,1.3446836975513818e-15,2.5950036268535437e-16,2.359094206230494e-16,2.359094206230494e-16,3.5386413093457416e-16,3.5386413093457416e-16
additive,20260924,35,6433,3,18.824564473822164,True,True,32,1.8824564473822165e-07,6.047437550726897e-11,0.9747814157139505,1.7627050612795916e-13,2.074663192564414e-15,1.7419584293539474e-13,,9.363855741421515e-15,1.1021042189047636e-16,9.25364531953104e-15,1.4710455076283324e-15,6.744604874597826e-15,2.4424906541753444e-15,0.0,4.6629367034256575e-15,4.440892098500626e-16,1.822351793277578e-15,3.552713678800501e-15,0.392335065212147,0.16755524439792113,8.610693852741305e-16,1.4154565237382966e-16,2.7129583371650683e-15,1.8872753649843955e-16,4.8479385938036655e-15,2.359094206230494e-16,5.3905302612366795e-15,3.302731888722692e-16,3.5150503672834365e-15,3.0668224680996426e-16,8.964557983675878e-16,3.774550729968791e-16,9.436376824921978e-17,9.436376824921978e-17,3.774550729968791e-16,3.774550729968791e-16
additive,20260924,36,8177,3,18.824564473822164,True,True,32,1.8824564473822165e-07,1.059035525940999e-08,10.719823962209453,2.309259926138095e-13,1.866892883670278e-15,2.290590997301392e-13,,1.2267268809057444e-14,9.917323113989801e-17,1.2168095577917547e-14,2.854859206178974e-15,1.4627188349436437e-14,6.661338147750939e-15,0.0,1.7763568394002505e-15,3.552713678800501e-15,6.7919215225520895e-15,3.552713678800501e-15,0.6245134784224411,0.19557399410970047,1.1795471031152472e-15,1.4154565237382966e-16,3.019640583975033e-15,2.359094206230494e-16,5.921326457638541e-15,2.830913047476593e-16,6.086463052074675e-15,3.302731888722692e-16,4.529460875962549e-15,4.718188412460988e-16,2.028821017358225e-15,7.313192039314533e-16,7.077282618691483e-17,7.077282618691483e-17,7.313192039314533e-16,7.313192039314533e-16
additive,20260924,37,8415,3,18.824564473822164,True,True,32,1.8824564473822165e-07,2.547131949803827e-11,5.741131549744072,2.432061166214253e-13,2.4251764617674996e-15,2.407809401596578e-13,,1.291961452598985e-14,1.2883041544679565e-16,1.2790784110543053e-14,1.9984014443252818e-15,1.0408340855860843e-14,1.3322676295501878e-15,0.0,1.7763568394002505e-15,0.0,1.5299930634596202e-15,3.552713678800501e-15,0.3476958255203936,0.10688147146640334,1.5334112340498214e-15,1.4154565237382966e-16,4.175596745027975e-15,2.359094206230494e-16,6.652645661569994e-15,3.302731888722692e-16,7.030100734566873e-15,5.190007253707087e-16,4.741779354523293e-15,5.190007253707087e-16,1.674956886423651e-15,5.661826094953186e-16,3.302731888722692e-16,3.302731888722692e-16,5.661826094953186e-16,5.661826094953186e-16
additive,20260924,38,8439,3,18.824564473822164,True,True,32,1.8824564473822165e-07,3.5851057678115694e-09,8.875807268329915,3.1440868427286735e-13,3.795244541918023e-15,3.106134397309493e-13,,1.6702042945540157e-14,2.0161128015449015e-16,1.6500431665385667e-14,2.7200464103316335e-15,1.607047828144914e-14,3.552713678800501e-15,0.0,0.0,3.552713678800501e-15,3.20695850827438e-15,3.552713678800501e-15,0.5265554780424655,0.17960914986150206,1.4626384078629065e-15,2.359094206230494e-16,4.529460875962549e-15,3.774550729968791e-16,8.25682972180673e-15,4.24636957121489e-16,9.813831897918856e-15,6.133644936199285e-16,6.558281893320774e-15,8.49273914242978e-16,1.9344572491090053e-15,5.661826094953186e-16,3.302731888722692e-16,3.302731888722692e-16,8.49273914242978e-16,8.49273914242978e-16
additive,20260924,39,8661,3,18.824564473822164,True,True,32,1.8824564473822165e-07,7.878768748526e-09,13.47989511419923,2.565646108264121e-13,3.33066907387547e-15,2.532339417525366e-13,,1.362924550967414e-14,1.769320654672871e-16,1.3452313444206854e-14,3.1720657846433046e-15,1.892930256985892e-14,7.105427357601002e-15,0.0,1.0658141036401503e-14,3.552713678800501e-15,6.453567838856804e-15,3.552713678800501e-15,0.7334360461413961,0.32287394407694814,1.3682746396136867e-15,1.179547103115247e-16,3.349913772847302e-15,1.8872753649843955e-16,5.543871384641662e-15,2.5950036268535437e-16,6.463918125071554e-15,5.425916674330137e-16,5.1900072537070875e-15,5.897735515576236e-16,2.547821742728934e-15,1.0144105086791125e-15,2.5950036268535437e-16,2.5950036268535437e-16,1.0144105086791125e-15,1.0144105086791125e-15
additive,20260924,40,239,4,18.824564473822164,True,True,32,1.8824564473822165e-07,3.1540868361545904e-08,-0.6876044938437822,2.8035880495465227e-13,4.941021137212721e-15,2.7541778381743956e-13,,1.4893242568481473e-14,2.6247731489797856e-16,1.4630765253583495e-14,4.440892098500626e-15,1.0436096431476471e-14,4.440892098500626e-15,0.0,1.4210854715202004e-14,5.329070518200751e-15,5.195843755245732e-15,1.7763568394002505e-15,0.7717561205970657,0.20537574397811223,1.4154565237382966e-15,1.8872753649843955e-16,3.727368845844181e-15,2.830913047476593e-16,6.9829188504422635e-15,3.774550729968791e-16,8.020920301183681e-15,4.24636957121489e-16,5.567462326703967e-15,5.661826094953186e-16,2.3119123221058844e-15,4.718188412460988e-16,2.830913047476593e-16,2.830913047476593e-16,5.661826094953186e-16,5.661826094953186e-16
additive,20260924,41,1142,4,18.824564473822164,True,True,32,1.8824564473822165e-07,2.7133850721838826e-13,-5.256574252046816,2.4171273448389673e-13,1.89821703329363e-15,2.398145174506031e-13,,1.2840282962191639e-14,1.0083723508893556e-16,1.2739445727102703e-14,2.220446049250313e-15,1.1546319456101628e-14,8.881784197001252e-15,0.0,1.2434497875801753e-14,1.7763568394002505e-15,9.514082643406818e-15,1.7763568394002505e-15,0.49504902825167346,0.22898946443954515,1.698547828485956e-15,1.4154565237382966e-16,3.8689144982180105e-15,1.8872753649843955e-16,5.756189863202406e-15,2.830913047476593e-16,6.794191313943824e-15,4.718188412460988e-16,5.001279717208648e-15,6.133644936199285e-16,1.7457297126105659e-15,5.190007253707087e-16,9.436376824921978e-17,9.436376824921978e-17,6.133644936199285e-16,6.133644936199285e-16
additive,20260924,42,3916,4,18.824564473822164,True,True,32,1.8824564473822165e-07,3.154068117794395e-10,3.1311355984487115,2.4502622153477205e-13,1.683309576384047e-15,2.43342911958388e-13,,1.3016302282876753e-14,8.942090419807018e-17,1.2926881378678683e-14,1.7763568394002505e-15,8.992806499463768e-15,6.217248937900877e-15,0.0,8.881784197001252e-15,2.220446049250313e-15,6.4731289111954364e-15,1.7763568394002505e-15,0.4891622866687268,0.12787216082033373,1.226728987239857e-15,1.8872753649843955e-16,3.585823193470351e-15,1.8872753649843955e-16,6.228008704448505e-15,2.830913047476593e-16,7.360373923439142e-15,3.774550729968791e-16,4.906915948959428e-15,4.718188412460988e-16,1.698547828485956e-15,3.774550729968791e-16,9.436376824921978e-17,9.436376824921978e-17,4.718188412460988e-16,4.718188412460988e-16
additive,20260924,43,5343,4,18.824564473822164,True,True,32,1.8824564473822165e-07,8.615330671091215e-14,-0.9359979910541512,3.570060913560269e-13,2.769081260585911e-15,3.54237010095441e-13,,1.8964905767274833e-14,1.4709935331766393e-16,1.881780641395717e-14,2.98835030794938e-15,1.7791323969618134e-14,3.1086244689504383e-15,0.0,4.9960036108132044e-15,2.886579864025407e-15,3.618269705016463e-15,1.7763568394002505e-15,0.19142557625864112,0.11084537408762334,1.8872753649843954e-15,1.8872753649843955e-16,4.529460875962549e-15,1.8872753649843955e-16,9.058921751925098e-15,3.774550729968791e-16,1.1606743494654032e-14,5.661826094953186e-16,7.737828996436021e-15,9.436376824921977e-16,2.453457974479714e-15,5.661826094953186e-16,9.436376824921978e-17,9.436376824921978e-17,9.436376824921977e-16,9.436376824921977e-16
additive,20260924,44,6289,4,18.824564473822164,True,True,32,1.8824564473822165e-07,1.2601697463310302e-11,3.07093290891212,3.239075674343894e-13,1.4850554648438408e-15,3.224225119695456e-13,,1.720664336669367e-14,7.88892336345412e-17,1.7127754133059128e-14,2.479498088329516e-15,1.3988810110276972e-14,2.886579864025407e-15,0.0,8.881784197001252e-16,1.7763568394002505e-15,2.721632443223955e-15,1.7763568394002505e-15,0.47332219473938997,0.15227832650992398,9.436376824921977e-16,9.436376824921978e-17,3.397095656971912e-15,2.830913047476593e-16,8.020920301183681e-15,3.774550729968791e-16,1.0380014507414175e-14,5.661826094953186e-16,7.549101459937581e-15,7.549101459937582e-16,3.019640583975033e-15,7.549101459937582e-16,6.605463777445384e-16,6.605463777445384e-16,7.549101459937582e-16,7.549101459937582e-16
additive,20260924,45,6993,4,18.824564473822164,True,True,32,1.8824564473822165e-07,6.303566557619433e-10,-1.1107973224708836,3.4296092751454456e-13,2.9413806046903137e-15,3.4001954690985426e-13,,1.821879746495454e-14,1.5625225267658433e-16,1.8062545212277957e-14,3.520993020954068e-15,2.2658958043209054e-14,3.552713678800501e-15,0.0,1.0658141036401503e-14,8.881784197001252e-16,3.708144902248022e-15,1.7763568394002505e-15,0.5130023547583521,0.19680755643253744,1.8872753649843954e-15,1.8872753649843955e-16,4.718188412460989e-15,2.830913047476593e-16,8.020920301183681e-15,3.302731888722692e-16,8.587102910679e-15,5.661826094953186e-16,7.737828996436021e-15,9.436376824921977e-16,4.19918768709028e-15,1.226728987239857e-15,1.0851833348660274e-15,1.0851833348660274e-15,1.226728987239857e-15,1.226728987239857e-15
additive,20260924,46,7594,4,18.824564473822164,True,True,32,1.8824564473822165e-07,1.3558043576722412e-12,2.0831061452969255,2.197547699367419e-13,2.200356299280905e-15,2.17554413637461e-13,,1.1673830236143711e-14,1.1688750102775377e-16,1.1556942735115957e-14,1.8041124150158794e-15,1.071365218763276e-14,3.1086244689504383e-15,0.0,6.217248937900877e-15,3.552713678800501e-15,2.973282995472325e-15,1.7763568394002505e-15,0.35031829018042565,0.11020511706920774,1.226728987239857e-15,1.8872753649843955e-16,3.680186961719571e-15,2.830913047476593e-16,5.756189863202406e-15,2.830913047476593e-16,5.850553631451626e-15,3.774550729968791e-16,4.15200580296567e-15,5.661826094953186e-16,1.981639133233615e-15,5.661826094953186e-16,1.8872753649843955e-16,1.8872753649843955e-16,5.661826094953186e-16,5.661826094953186e-16
additive,20260924,47,8085,4,18.824564473822164,True,True,32,1.8824564473822165e-07,1.5409756803919095e-12,2.0177346613330283,2.856673231299567e-13,3.040425054580608e-15,2.826268980753761e-13,,1.5175242090047377e-14,1.6151369976228067e-16,1.5013728390285097e-14,2.960594732333751e-15,8.902600878712974e-15,1.7763568394002505e-15,0.0,4.440892098500626e-16,1.7763568394002505e-15,1.6304418133066582e-15,1.7763568394002505e-15,0.2597913790854965,0.08424606376530186,1.4154565237382966e-15,2.830913047476593e-16,5.095643485457868e-15,4.718188412460988e-16,8.870194215426658e-15,4.718188412460988e-16,7.92655653293446e-15,4.718188412460988e-16,4.3407333394641095e-15,4.718188412460988e-16,1.7929115967351756e-15,4.718188412460988e-16,9.436376824921978e-17,9.436376824921978e-17,4.718188412460988e-16,4.718188412460988e-16
additive,20260924,48,8903,4,18.824564473822164,True,True,32,1.8824564473822165e-07,6.612488334667432e-13,-1.168957897517549,2.9905244947059373e-13,1.4405143744511392e-15,2.976119350961426e-13,,1.5886287828144038e-14,7.652311831460159e-17,1.5809764709829436e-14,3.4416913763379853e-15,2.6825763832505345e-14,2.6645352591003757e-15,0.0,2.6645352591003757e-15,4.440892098500626e-16,2.4720966014986818e-15,1.7763568394002505e-15,0.2571109199757614,0.09761740982803406,1.3210927554890768e-15,9.436376824921978e-17,3.774550729968791e-15,1.8872753649843955e-16,6.463918125071554e-15,2.830913047476593e-16,8.681466678928219e-15,4.718188412460988e-16,5.8977355155762356e-15,7.549101459937582e-16,3.8689144982180105e-15,1.0380014507414175e-15,1.4154565237382966e-15,1.4154565237382966e-15,1.4154565237382966e-15,1.4154565237382966e-15
additive,20260924,49,9143,4,18.824564473822164,True,True,32,1.8824564473822165e-07,3.6781488965687004e-10,2.3073127993680167,3.149663070039261e-13,3.3187738271830576e-15,3.1164753317674303e-13,,1.6731665024278512e-14,1.7630016523347536e-16,1.6555364859045036e-14,3.0642155479654322e-15,1.454392162258955e-14,1.3322676295501878e-15,0.0,2.6645352591003757e-15,1.7763568394002505e-15,1.342841182165665e-15,1.7763568394002505e-15,0.3675087553905619,0.07214090892021467,1.4154565237382966e-15,9.436376824921978e-17,4.3407333394641095e-15,2.830913047476593e-16,8.20964783768212e-15,3.774550729968791e-16,9.625104361420417e-15,7.549101459937582e-16,6.322372472697725e-15,7.549101459937582e-16,2.076002901482835e-15,7.549101459937582e-16,2.830913047476593e-16,2.830913047476593e-16,7.549101459937582e-16,7.549101459937582e-16
additive,20260924,50,1325,5,18.824564473822164,True,True,64,1.8824564473822165e-07,7.105427357601002e-15,22.792791414706095,3.9937808351436524e-13,7.79290653171859e-15,3.9158517698264665e-13,,2.1215794079578777e-14,4.1397539595434303e-16,2.0801818683624435e-14,6.090366306515144e-15,2.6617597015388128e-14,1.0658141036401503e-14,0.0,1.0658141036401503e-14,1.4210854715202004e-14,1.1454858225977745e-14,0.0,1.4657822214331615,0.6511019059362657,9.672286245545026e-16,9.436376824921978e-17,3.0432315260373376e-15,1.8872753649843955e-16,6.605463777445384e-15,3.774550729968791e-16,8.988148925738184e-15,6.605463777445384e-16,7.902965590872156e-15,6.133644936199285e-16,3.326322830784997e-15,1.226728987239857e-15,1.179547103115247e-16,1.179547103115247e-16,1.226728987239857e-15,1.226728987239857e-15
additive,20260924,51,1435,5,18.824564473822164,True,True,32,1.8824564473822165e-07,6.504371263815756e-09,23.056491920396898,3.134889173647285e-13,3.814937783664346e-15,3.096739795810641e-13,,1.6653183015239093e-14,2.0265742609713381e-16,1.6450525589141956e-14,3.552713678800501e-15,1.4210854715202004e-14,1.0658141036401503e-14,0.0,3.552713678800501e-15,3.552713678800501e-15,1.1355995509023029e-14,0.0,1.6249974362712205,0.6134211500399785,8.728648563052829e-16,1.8872753649843955e-16,3.4914594252211318e-15,2.830913047476593e-16,7.171646386940702e-15,4.718188412460988e-16,9.200467404298928e-15,7.549101459937582e-16,6.228008704448505e-15,5.661826094953186e-16,1.8636844229220906e-15,5.661826094953186e-16,1.4154565237382966e-16,1.4154565237382966e-16,7.549101459937582e-16,7.549101459937582e-16
additive,20260924,52,3703,5,18.824564473822164,True,True,64,1.8824564473822165e-07,7.105427357601002e-15,21.146390030750158,4.441780276920326e-13,3.4670679026151332e-15,4.407109597894175e-13,,2.3595660250717402e-14,1.841778548149951e-16,2.341148239590241e-14,3.941291737419306e-15,2.5340840537069198e-14,9.769962616701378e-15,0.0,2.4868995751603507e-14,7.105427357601002e-15,9.534701071007e-15,8.881784197001252e-16,1.4872708763181923,0.6494088670820206,1.698547828485956e-15,1.8872753649843955e-16,5.355143848143222e-15,2.830913047476593e-16,1.0144105086791126e-14,4.718188412460988e-16,1.2762699655706974e-14,6.605463777445384e-16,9.955377550292686e-15,9.436376824921977e-16,5.001279717208648e-15,1.226728987239857e-15,1.2975018134267719e-15,1.2975018134267719e-15,1.2975018134267719e-15,1.2975018134267719e-15
additive,20260924,53,4857,5,18.824564473822164,True,True,64,1.8824564473822165e-07,8.881784197001252e-15,14.6556773102205,3.4026524983875643e-13,5.4085043322245265e-15,3.348567455065319e-13,,1.8075597462663025e-14,2.873109940867799e-16,1.7788286468576245e-14,5.329070518200751e-15,1.426636586643326e-14,1.9539925233402755e-14,0.0,1.2434497875801753e-14,8.881784197001252e-15,1.844239047191617e-14,4.440892098500626e-16,1.0736439547847114,0.6495831220625922,1.203138045177552e-15,1.8872753649843955e-16,4.24636957121489e-15,2.359094206230494e-16,9.294831172548147e-15,3.774550729968791e-16,1.0757469580411054e-14,5.190007253707087e-16,7.171646386940702e-15,7.313192039314533e-16,2.2883213800435797e-15,7.549101459937582e-16,4.24636957121489e-16,4.24636957121489e-16,7.549101459937582e-16,7.549101459937582e-16
additive,20260924,54,4983,5,18.824564473822164,True,True,64,1.8824564473822165e-07,7.460698725481052e-14,29.638804482130084,3.6661692200586533e-13,6.692397958558906e-15,3.599245240473064e-13,,1.9475453071739882e-14,3.5551409265619375e-16,1.9119938979083687e-14,3.9968028886505635e-15,2.3092638912203256e-14,1.5987211554602254e-14,0.0,1.0658141036401503e-14,7.105427357601002e-15,1.9979256344575853e-14,3.552713678800501e-15,1.5984402449657866,0.618585396596189,1.6041840602367362e-15,1.8872753649843955e-16,5.072052543395563e-15,2.830913047476593e-16,9.200467404298928e-15,5.661826094953186e-16,9.931786608230382e-15,8.49273914242978e-16,7.619874286124497e-15,1.273910871364467e-15,3.916096382342621e-15,1.0851833348660274e-15,1.250319929302162e-15,1.250319929302162e-15,1.273910871364467e-15,1.273910871364467e-15
additive,20260924,55,6323,5,18.824564473822164,True,True,32,1.8824564473822165e-07,4.5456070907334833e-08,24.02211463870008,3.383374268581395e-13,5.342948306008565e-15,3.3299447855213093e-13,,1.797318749810327e-14,2.838285216871063e-16,1.7689358976416164e-14,3.219646771412954e-15,2.2898349882893854e-14,1.5987211554602254e-14,0.0,1.7763568394002505e-14,7.105427357601002e-15,1.6280098962050987e-14,0.0,1.4292340760200575,0.5594721771692421,9.908195666168076e-16,9.436376824921978e-17,3.279140946660387e-15,1.8872753649843955e-16,8.233238779744426e-15,4.24636957121489e-16,1.0285650739164955e-14,6.605463777445384e-16,8.44555725830517e-15,8.728648563052829e-16,3.231959062535777e-15,9.908195666168076e-16,1.1795471031152472e-15,1.1795471031152472e-15,1.1795471031152472e-15,1.1795471031152472e-15
additive,20260924,56,6699,5,18.824564473822164,True,True,32,1.8824564473822165e-07,5.09180342334048e-09,15.731732096347177,3.418376692820857e-13,3.3306690738754684e-15,3.3850700020821023e-13,,1.815912765245923e-14,1.76932065467287e-16,1.7982195586991944e-14,3.552713678800501e-15,1.3433698597964394e-14,7.105427357601002e-15,0.0,7.105427357601002e-15,5.329070518200751e-15,7.145606857539818e-15,0.0,0.8963722613358898,0.4111998960274715,1.4154565237382966e-15,1.4154565237382966e-16,4.081232976778755e-15,2.123184785607445e-16,7.478328633750667e-15,2.830913047476593e-16,9.459967766984282e-15,4.0104601505918405e-16,7.431146749626058e-15,6.369554356822335e-16,3.0668224680996427e-15,6.605463777445384e-16,4.24636957121489e-16,4.24636957121489e-16,6.605463777445384e-16,6.605463777445384e-16
additive,20260924,57,6794,5,18.824564473822164,True,True,32,1.8824564473822165e-07,5.9832974130813454e-09,18.937257562016754,4.128951149238804e-13,5.693329405803958e-15,4.0720178551807646e-13,,2.193384688915704e-14,3.0244149412971664e-16,2.1631405395027325e-14,6.513308411134252e-15,2.19824158875781e-14,5.329070518200751e-15,0.0,3.552713678800501e-15,0.0,8.075550810071078e-15,8.881784197001252e-16,1.4401935688747909,0.5095630096562533,1.3446836975513818e-15,1.8872753649843955e-16,5.095643485457868e-15,2.830913047476593e-16,9.554331535233503e-15,3.774550729968791e-16,1.068669675422414e-14,5.661826094953186e-16,6.25159964651081e-15,9.436376824921977e-16,2.453457974479714e-15,1.0380014507414175e-15,8.25682972180673e-16,8.25682972180673e-16,1.0380014507414175e-15,1.0380014507414175e-15
additive,20260924,58,7277,5,18.824564473822164,True,True,64,1.8824564473822165e-07,6.217248937900877e-15,38.72714357785179,6.83347822771907e-13,5.235230238738386e-15,6.781125925331687e-13,,3.6300856985147514e-14,2.7810631401425555e-16,3.602275067113326e-14,9.643079985315646e-15,4.8183679268731794e-14,1.687538997430238e-14,0.0,0.0,0.0,1.4605248227759322e-14,3.552713678800501e-15,2.090921139485591,0.6523862049629054,1.4626384078629065e-15,9.436376824921978e-17,5.001279717208648e-15,2.830913047476593e-16,1.1512379726404813e-14,6.605463777445384e-16,1.7174205821358e-14,7.549101459937582e-16,1.5664385529370483e-14,1.3210927554890768e-15,7.97373841705907e-15,2.2647304379812745e-15,1.651365944361346e-15,1.651365944361346e-15,2.2647304379812745e-15,2.2647304379812745e-15
additive,20260924,59,7584,5,18.824564473822164,True,True,64,1.8824564473822165e-07,7.105427357601002e-15,23.44296175019343,2.7921104581824216e-13,7.533656238527848e-15,2.7167738957971433e-13,,1.4832271217032346e-14,4.0020348141410174e-16,1.4432067735618248e-14,3.552713678800501e-15,1.6042722705833512e-14,7.993605777301127e-15,0.0,3.552713678800501e-15,1.4210854715202004e-14,7.666883001482866e-15,0.0,1.6838386566480181,0.6507995211982766,1.3918655816759917e-15,1.8872753649843955e-16,3.727368845844181e-15,1.8872753649843955e-16,5.6618260949531865e-15,2.830913047476593e-16,7.077282618691483e-15,5.661826094953186e-16,5.638235152890882e-15,6.605463777445384e-16,3.0904134101619475e-15,8.25682972180673e-16,4.24636957121489e-16,4.24636957121489e-16,8.25682972180673e-16,8.25682972180673e-16
additive,20260924,60,430,6,18.824564473822164,True,True,32,1.8824564473822165e-07,5.1455284477697205e-11,-2.0685042393591875,3.383959779057477e-13,3.908778063126714e-15,3.34487199842621e-13,,1.7976297851476368e-14,2.0764241683053774e-16,1.776865543464583e-14,4.746203430272544e-15,1.5931700403370996e-14,2.6645352591003757e-15,0.0,4.440892098500626e-16,1.3322676295501878e-15,2.4636377594063005e-15,3.552713678800501e-15,0.29699578250426323,0.1295537455364857,1.4154565237382966e-15,1.8872753649843955e-16,4.435097107713329e-15,1.8872753649843955e-16,7.92655653293446e-15,3.774550729968791e-16,9.342013056672758e-15,5.661826094953186e-16,7.92655653293446e-15,7.549101459937582e-16,3.680186961719571e-15,8.49273914242978e-16,6.605463777445384e-16,6.605463777445384e-16,8.49273914242978e-16,8.49273914242978e-16
additive,20260924,61,3174,6,18.824564473822164,True,True,32,1.8824564473822165e-07,6.7053029795260954e-12,-4.7806849240608695,2.366664817163961e-13,2.0700620450590872e-15,2.34596419671337e-13,,1.2572215524322461e-14,1.0996599936948125e-16,1.246224952495298e-14,2.3314683517128287e-15,8.465450562766819e-15,1.7763568394002505e-15,0.0,3.552713678800501e-15,4.440892098500626e-15,1.5120180240133062e-15,3.552713678800501e-15,0.38793279475373543,0.18863966252986378,2.2647304379812745e-15,1.8872753649843955e-16,4.718188412460989e-15,2.830913047476593e-16,5.850553631451626e-15,3.774550729968791e-16,5.095643485457868e-15,2.830913047476593e-16,3.2083681204734724e-15,2.830913047476593e-16,1.5098202919875164e-15,4.718188412460988e-16,4.718188412460988e-16,4.718188412460988e-16,4.718188412460988e-16,4.718188412460988e-16
additive,20260924,62,4412,6,18.824564473822164,True,True,32,1.8824564473822165e-07,4.440892098500626e-16,0.23344513381494103,4.0557487923642555e-13,2.3557544803765032e-15,4.0321912475604904e-13,,2.1544980751104576e-14,1.251425754711332e-16,2.1419838175633443e-14,3.907985046680551e-15,1.9317880628477724e-14,1.7763568394002505e-15,0.0,4.884981308350689e-15,3.9968028886505635e-15,1.8376834445700216e-15,3.552713678800501e-15,0.16877887308381886,0.0629173339826756,1.4154565237382966e-15,1.8872753649843955e-16,5.378734790205527e-15,2.830913047476593e-16,1.1040560885158713e-14,6.605463777445384e-16,1.3682746396136867e-14,1.0380014507414175e-15,9.058921751925098e-15,9.436376824921977e-16,2.076002901482835e-15,6.605463777445384e-16,9.436376824921978e-17,9.436376824921978e-17,1.0380014507414175e-15,1.0380014507414175e-15
additive,20260924,63,4542,6,18.824564473822164,True,True,32,1.8824564473822165e-07,1.616484723854228e-13,-6.572950387038597,3.0378741850121234e-13,1.4747462510437506e-15,3.023126722501686e-13,,1.6137819226769657e-14,7.834158676523771e-17,1.605947764000442e-14,2.1316282072803005e-15,1.1324274851176597e-14,3.9968028886505635e-15,0.0,3.552713678800501e-15,2.6645352591003757e-15,3.4755267447075133e-15,3.552713678800501e-15,0.45553532005610237,0.11624168515839389,1.698547828485956e-15,9.436376824921978e-17,5.567462326703967e-15,2.830913047476593e-16,9.011739867800489e-15,3.774550729968791e-16,7.737828996436021e-15,5.661826094953186e-16,5.331552906080917e-15,5.190007253707087e-16,1.9344572491090053e-15,5.661826094953186e-16,2.359094206230494e-16,2.359094206230494e-16,5.661826094953186e-16,5.661826094953186e-16
additive,20260924,64,5260,6,18.824564473822164,True,True,32,1.8824564473822165e-07,1.3235479823237029e-08,-5.750160788359258,3.6683364679213073e-13,2.106020384539688e-15,3.6472762640759104e-13,,1.9486965942944248e-14,1.118761811179411e-16,1.9375089761826307e-14,2.7755575615628914e-15,1.3308798507694064e-14,3.552713678800501e-15,0.0,3.552713678800501e-15,3.552713678800501e-15,4.3277550855150134e-15,3.552713678800501e-15,0.4906982372535478,0.12695174490026315,2.453457974479714e-15,1.8872753649843955e-16,6.5111000091961646e-15,2.830913047476593e-16,1.0332832623289566e-14,3.774550729968791e-16,1.0615923928037224e-14,4.718188412460988e-16,6.180826820323895e-15,7.077282618691483e-16,2.076002901482835e-15,5.190007253707087e-16,4.24636957121489e-16,4.24636957121489e-16,7.077282618691483e-16,7.077282618691483e-16
additive,20260924,65,5777,6,18.824564473822164,True,True,32,1.8824564473822165e-07,1.6389492429880193e-08,-5.880334381281569,4.796737081610066e-13,1.930995046401611e-15,4.77742713114605e-13,,2.548126459063905e-14,1.0257847128877236e-16,2.537868611935028e-14,3.552713678800501e-15,1.787459069646502e-14,5.329070518200751e-15,0.0,8.881784197001252e-15,8.881784197001252e-16,5.332242583985394e-15,3.552713678800501e-15,0.5268173101610572,0.129816720430797,2.2647304379812745e-15,1.8872753649843955e-16,7.077282618691483e-15,3.774550729968791e-16,1.2078562335900131e-14,5.661826094953186e-16,1.4013019585009137e-14,9.436376824921977e-16,9.861013782043466e-15,9.436376824921977e-16,3.727368845844181e-15,9.436376824921977e-16,8.020920301183681e-16,8.020920301183681e-16,9.436376824921977e-16,9.436376824921977e-16
additive,20260924,66,6206,6,18.824564473822164,True,True,32,1.8824564473822165e-07,2.333200299631244e-11,0.6996403839137386,2.969508898035637e-13,3.071881373611653e-15,2.9387900842995205e-13,,1.5774648609613776e-14,1.631847248250272e-16,1.561146388478875e-14,2.960594732333751e-15,1.2038980923279041e-14,1.3322676295501878e-15,0.0,4.440892098500626e-16,4.440892098500626e-15,1.1546319456101622e-15,3.552713678800501e-15,0.27828881037940695,0.06899040495431745,1.226728987239857e-15,1.8872753649843955e-16,3.774550729968791e-15,4.718188412460988e-16,7.454737691688362e-15,4.718188412460988e-16,8.587102910679e-15,6.605463777445384e-16,6.039281167950066e-15,5.661826094953186e-16,2.453457974479714e-15,5.661826094953186e-16,1.8872753649843955e-16,1.8872753649843955e-16,6.605463777445384e-16,6.605463777445384e-16
additive,20260924,67,6466,6,18.824564473822164,True,True,32,1.8824564473822165e-07,2.2105112851278363e-08,-2.5634976379499523,5.979799988509171e-13,1.0934242929073168e-14,5.870457559218439e-13,,3.176594070383305e-14,5.808497160334603e-16,3.1185090987799595e-14,1.6209256159527285e-14,2.3314683517128287e-14,2.4424906541753444e-15,0.0,4.440892098500626e-16,2.042810365310288e-14,2.3050344701741342e-15,3.552713678800501e-15,0.41028729889597987,0.0907041954624691,2.453457974479714e-15,1.8872753649843955e-16,6.1336449361992854e-15,3.774550729968791e-16,1.283347248189389e-14,4.718188412460988e-16,1.7929115967351758e-14,6.605463777445384e-16,1.4626384078629065e-14,1.0380014507414175e-15,6.228008704448505e-15,1.226728987239857e-15,1.1323652189906373e-15,1.1323652189906373e-15,1.226728987239857e-15,1.226728987239857e-15
additive,20260924,68,7419,6,18.824564473822164,True,True,32,1.8824564473822165e-07,3.1443292414223833e-11,1.9011951522515016,2.308978157482068e-13,1.3289881761217934e-15,2.29568827572085e-13,,1.22657719953786e-14,7.059861480300978e-17,1.2195173380575591e-14,1.6653345369377348e-15,8.48626724447854e-15,1.5543122344752192e-15,0.0,2.886579864025407e-15,3.9968028886505635e-15,1.630441813306658e-15,3.552713678800501e-15,0.28853497500255976,0.08308516009609747,1.0380014507414175e-15,9.436376824921978e-17,2.8309130474765932e-15,1.8872753649843955e-16,5.473098558454747e-15,2.830913047476593e-16,6.888555082193044e-15,3.774550729968791e-16,4.906915948959428e-15,4.718188412460988e-16,2.1703666697320547e-15,4.718188412460988e-16,2.830913047476593e-16,2.830913047476593e-16,4.718188412460988e-16,4.718188412460988e-16
additive,20260924,69,9004,6,18.824564473822164,True,True,32,1.8824564473822165e-07,9.048317650695026e-15,-2.6203369740963183,3.199993510912454e-13,2.4503216915811838e-15,3.175490293996642e-13,,1.6999030789596393e-14,1.3016618232993665e-16,1.6868864607266457e-14,3.1086244689504383e-15,1.657007864253046e-14,2.220446049250313e-15,0.0,1.3322676295501878e-15,3.552713678800501e-15,2.708944180085383e-15,3.552713678800501e-15,0.3523974769717487,0.15295899456262554,1.7929115967351756e-15,1.8872753649843955e-16,5.001279717208648e-15,2.830913047476593e-16,9.436376824921977e-15,3.774550729968791e-16,9.436376824921977e-15,5.661826094953186e-16,5.756189863202406e-15,8.49273914242978e-16,1.8872753649843954e-15,4.718188412460988e-16,9.436376824921978e-17,9.436376824921978e-17,8.49273914242978e-16,8.49273914242978e-16
additive,20260924,70,60,7,18.824564473822164,True,True,32,1.8824564473822165e-07,1.6830261628797416e-08,34.54579509911897,3.8672768691109616e-13,4.978028571366893e-15,3.8174965833972926e-13,,2.0543778712590553e-14,2.64443226736504e-16,2.0279335485854048e-14,3.552713678800501e-15,1.7763568394002505e-14,9.769962616701378e-15,0.0,2.1316282072803006e-14,7.105427357601002e-15,1.0161184063474051e-14,3.552713678800501e-15,2.1011861157263816,0.5822664372697044,1.7929115967351756e-15,1.8872753649843955e-16,5.6618260949531865e-15,4.718188412460988e-16,1.0096923202666515e-14,5.661826094953186e-16,1.0946197116909494e-14,7.549101459937582e-16,7.266010155189923e-15,9.436376824921977e-16,2.6421855109781537e-15,6.605463777445384e-16,4.718188412460988e-16,4.718188412460988e-16,9.436376824921977e-16,9.436376824921977e-16
additive,20260924,71,1722,7,18.824564473822164,True,True,32,1.8824564473822165e-07,2.6274779685309113e-08,32.048058928944,5.616618281578667e-13,6.366336029779115e-15,5.552954921280875e-13,,2.9836643973300176e-14,3.381930051360432e-16,2.949845096816413e-14,8.659739592076221e-15,2.220446049250313e-14,1.4210854715202004e-14,0.0,2.842170943040401e-14,0.0,1.4348310899203214e-14,3.552713678800501e-15,2.106794356073912,0.6198731626989759,2.925276815725813e-15,2.830913047476593e-16,7.832192764685242e-15,3.774550729968791e-16,1.3682746396136867e-14,5.661826094953186e-16,1.4909475383376725e-14,8.49273914242978e-16,1.0663105812161834e-14,7.549101459937582e-16,3.1140043522242526e-15,1.0380014507414175e-15,6.605463777445384e-16,6.605463777445384e-16,1.0380014507414175e-15,1.0380014507414175e-15
additive,20260924,72,2164,7,18.824564473822164,True,True,64,1.8824564473822165e-07,2.424727085781342e-13,33.951632172114756,5.016976252426004e-13,5.432162656201657e-15,4.962654625863987e-13,,2.6651220852427778e-14,2.8856777344069428e-16,2.6362653078987083e-14,4.773959005888173e-15,2.531308496145357e-14,1.2434497875801753e-14,0.0,1.4210854715202004e-14,7.105427357601002e-15,1.0964774062250357e-14,7.105427357601002e-15,2.109152706683028,0.6489518404152015,3.96327826646723e-15,3.774550729968791e-16,9.342013056672758e-15,4.718188412460988e-16,1.2267289872398571e-14,5.661826094953186e-16,1.0946197116909494e-14,6.605463777445384e-16,8.39837537418056e-15,8.49273914242978e-16,3.585823193470351e-15,1.226728987239857e-15,9.436376824921978e-17,9.436376824921978e-17,1.226728987239857e-15,1.226728987239857e-15
additive,20260924,73,5110,7,18.824564473822164,True,True,32,1.8824564473822165e-07,1.7280854969214943e-08,34.037801857181705,4.4778572384443364e-13,5.221220281522879e-15,4.4256450356291076e-13,,2.3787308570518798e-14,2.773620759610995e-16,2.3509946494557698e-14,4.0602442043434294e-15,2.886579864025407e-14,1.509903313490213e-14,0.0,2.1316282072803006e-14,1.4210854715202004e-14,1.3739274268551697e-14,3.552713678800501e-15,2.1659523079118346,0.5918125225001124,2.547821742728934e-15,1.8872753649843955e-16,6.794191313943824e-15,3.774550729968791e-16,1.1889834799401692e-14,5.661826094953186e-16,1.2267289872398571e-14,5.661826094953186e-16,8.681466678928219e-15,1.0380014507414175e-15,5.001279717208648e-15,1.5098202919875164e-15,1.6041840602367362e-15,1.6041840602367362e-15,1.6041840602367362e-15,1.6041840602367362e-15
additive,20260924,74,5313,7,18.824564473822164,True,True,32,1.8824564473822165e-07,1.0544926709599167e-08,30.388070010102478,4.160063827809847e-13,6.010535984268289e-15,4.099958467967164e-13,,2.2099123905867353e-14,3.1929216703136304e-16,2.177983173883599e-14,5.329070518200751e-15,1.8762769116165146e-14,2.4868995751603507e-14,0.0,2.4868995751603507e-14,3.552713678800501e-15,2.2923462070355614e-14,3.552713678800501e-15,2.0302002104381853,0.6425920172957219,1.7929115967351756e-15,1.8872753649843955e-16,4.529460875962549e-15,3.774550729968791e-16,9.058921751925098e-15,3.774550729968791e-16,1.1040560885158713e-14,5.661826094953186e-16,8.964557983675879e-15,7.549101459937582e-16,3.96327826646723e-15,1.0380014507414175e-15,7.549101459937582e-16,7.549101459937582e-16,1.0380014507414175e-15,1.0380014507414175e-15
additive,20260924,75,5523,7,18.824564473822164,True,True,32,1.8824564473822165e-07,2.324853198842902e-09,34.15906148375784,4.364434739538107e-13,3.2365644555977194e-15,4.3320690949821297e-13,,2.3184784676465593e-14,1.7193303250646537e-16,2.3012851643959128e-14,2.886579864025407e-15,1.4210854715202004e-14,7.105427357601002e-15,0.0,0.0,0.0,5.278317465646459e-15,3.552713678800501e-15,2.0999448500366316,0.6246004748275853,2.6421855109781537e-15,2.830913047476593e-16,8.020920301183681e-15,3.774550729968791e-16,1.2267289872398571e-14,5.661826094953186e-16,1.236165364064779e-14,7.549101459937582e-16,7.360373923439142e-15,6.605463777445384e-16,2.8309130474765932e-15,6.605463777445384e-16,7.549101459937582e-16,7.549101459937582e-16,7.549101459937582e-16,7.549101459937582e-16
additive,20260924,76,7928,7,18.824564473822164,True,True,32,1.8824564473822165e-07,2.6059094437869135e-08,34.64915979759603,4.702904732312163e-13,5.61667114934174e-15,4.646738020818746e-13,,2.4982807643980934e-14,2.9836924817848516e-16,2.4684438395802453e-14,4.440892098500626e-15,2.4868995751603507e-14,1.7763568394002505e-14,0.0,1.4210854715202004e-14,0.0,1.7209514236951475e-14,7.105427357601002e-15,2.165370924056113,0.5714830664884688,2.8309130474765932e-15,2.830913047476593e-16,7.643465228186802e-15,3.774550729968791e-16,1.2267289872398571e-14,4.718188412460988e-16,1.1701107262903252e-14,6.605463777445384e-16,8.681466678928219e-15,6.605463777445384e-16,3.680186961719571e-15,1.3210927554890768e-15,5.661826094953186e-16,5.661826094953186e-16,1.3210927554890768e-15,1.3210927554890768e-15
additive,20260924,77,8612,7,18.824564473822164,True,True,32,1.8824564473822165e-07,1.5178792356351778e-07,33.7591176890539,3.4930471213913603e-13,4.103067092436115e-14,3.082740412147749e-13,,1.8555792492563985e-14,2.1796345398279607e-15,1.6376157952736026e-14,7.549516567451064e-14,7.549516567451064e-14,1.0658141036401503e-14,0.0,1.4210854715202004e-14,7.815970093361102e-14,1.0209822405505248e-14,3.552713678800501e-15,2.131997058646137,0.6190815306988957,1.981639133233615e-15,1.8872753649843955e-16,5.001279717208648e-15,2.830913047476593e-16,8.587102910679e-15,3.774550729968791e-16,8.587102910679e-15,5.661826094953186e-16,5.6618260949531865e-15,7.549101459937582e-16,2.547821742728934e-15,5.661826094953186e-16,1.8872753649843955e-16,1.8872753649843955e-16,7.549101459937582e-16,7.549101459937582e-16
additive,20260924,78,8934,7,18.824564473822164,True,True,32,1.8824564473822165e-07,2.0667201283686154e-08,32.421938491644795,5.667651533277271e-13,5.504062813986906e-15,5.612610905137402e-13,,3.0107743215832836e-14,2.9238725929840087e-16,2.9815355956534436e-14,5.329070518200751e-15,2.042810365310288e-14,1.1546319456101628e-14,0.0,1.4210854715202004e-14,0.0,1.0510111299784816e-14,3.552713678800501e-15,2.0561824558670474,0.6394026422135157,2.547821742728934e-15,2.830913047476593e-16,7.549101459937581e-15,3.774550729968791e-16,1.3965837700884527e-14,4.718188412460988e-16,1.557002176112126e-14,5.661826094953186e-16,1.0096923202666515e-14,9.436376824921977e-16,3.8689144982180105e-15,5.661826094953186e-16,7.549101459937582e-16,7.549101459937582e-16,9.436376824921977e-16,9.436376824921977e-16
additive,20260924,79,9879,7,18.824564473822164,True,True,32,1.8824564473822165e-07,8.447608834671883e-09,30.872649850371264,4.72535767129113e-13,4.702587525733698e-15,4.678331796033793e-13,,2.5102082323669758e-14,2.4981122576690763e-16,2.485227109790285e-14,4.736951571734002e-15,2.042810365310288e-14,9.769962616701378e-15,0.0,3.907985046680551e-14,3.552713678800501e-15,1.0391687510491465e-14,3.552713678800501e-15,2.002530646563382,0.6034032839558716,2.2647304379812745e-15,1.8872753649843955e-16,5.567462326703967e-15,2.830913047476593e-16,9.436376824921977e-15,3.774550729968791e-16,1.245601740889701e-14,5.661826094953186e-16,1.0191286970915736e-14,9.436376824921977e-16,4.05764203471645e-15,1.0380014507414175e-15,3.774550729968791e-16,3.774550729968791e-16,1.0380014507414175e-15,1.0380014507414175e-15
additive,20260924,80,298,8,18.824564473822164,True,True,32,1.8824564473822165e-07,5.9026614707136105e-09,14.505402465394244,3.9563537631200536e-13,6.179184148485157e-15,3.894561921635202e-13,,2.1016973692123622e-14,3.2825110812407167e-16,2.068872258399955e-14,4.0285235464969965e-15,2.7977620220553945e-14,3.9968028886505635e-15,0.0,1.7763568394002505e-15,1.2434497875801753e-14,3.975127105788834e-15,8.881784197001252e-16,0.8752383463491599,0.30265741164232646,1.1205697479594849e-15,1.8872753649843955e-16,4.175596745027975e-15,2.359094206230494e-16,8.25682972180673e-15,3.774550729968791e-16,1.1241083892688306e-14,5.190007253707087e-16,9.259444759454691e-15,8.49273914242978e-16,5.178211782675935e-15,1.4154565237382966e-15,1.5570021761121263e-15,1.5570021761121263e-15,1.5570021761121263e-15,1.5570021761121263e-15
additive,20260924,81,523,8,18.824564473822164,True,True,32,1.8824564473822165e-07,1.6852959028312853e-09,8.07165729528726,2.248061525293787e-13,4.634916788994641e-15,2.2017123574038405e-13,,1.1942170180988722e-14,2.4621641554788977e-16,1.1695953765440832e-14,2.3314683517128287e-15,7.605027718682322e-15,3.9968028886505635e-15,0.0,3.552713678800501e-15,1.0658141036401503e-14,3.3026491594444545e-15,8.881784197001252e-16,0.538083780746419,0.14981356449503794,9.672286245545026e-16,7.077282618691483e-17,2.8662994605700508e-15,1.4154565237382966e-16,5.496689500517052e-15,2.0052300752959202e-16,6.475713596102707e-15,3.5386413093457416e-16,4.505869933900244e-15,4.0104601505918405e-16,1.7575251836417183e-15,4.0104601505918405e-16,7.077282618691483e-17,7.077282618691483e-17,4.0104601505918405e-16,4.0104601505918405e-16
additive,20260924,82,1566,8,18.824564473822164,True,True,64,1.8824564473822165e-07,3.9745984281580604e-14,5.6147707191410765,1.794950431674568e-13,2.951078534979821e-15,1.7654396463247698e-13,,9.535149852580462e-15,1.5676742689498357e-16,9.378382425685478e-15,2.4147350785597155e-15,7.327471962526033e-15,3.552713678800501e-15,0.0,6.217248937900877e-15,2.6645352591003757e-15,3.640738504324353e-15,8.881784197001252e-16,0.5359300740409233,0.13555259388318197,7.785010880560632e-16,7.077282618691483e-17,2.2647304379812745e-15,1.8872753649843955e-16,4.258165042246042e-15,3.0668224680996426e-16,5.0130751882398e-15,4.0104601505918405e-16,3.845323556155706e-15,3.774550729968791e-16,1.3446836975513818e-15,3.302731888722692e-16,2.7129583371650684e-16,2.7129583371650684e-16,4.0104601505918405e-16,4.0104601505918405e-16
additive,20260924,83,2304,8,18.824564473822164,True,True,64,1.8824564473822165e-07,4.2450487569567485e-12,14.202262279752532,2.433852061688499e-13,3.4517362513226892e-15,2.399334699175272e-13,,1.2929128135065568e-14,1.8336340562474879e-16,1.2745764729440819e-14,2.4424906541753444e-15,1.454392162258955e-14,8.881784197001252e-15,0.0,8.881784197001252e-15,1.7763568394002505e-15,8.846891473370176e-15,1.7763568394002505e-15,0.8014892938601641,0.18155521148718345,7.902965590872156e-16,9.436376824921978e-17,2.4888443875731716e-15,1.4154565237382966e-16,5.402325732267832e-15,2.830913047476593e-16,8.044511243245986e-15,5.190007253707087e-16,6.381349827853487e-15,7.785010880560632e-16,2.4180715613862566e-15,7.785010880560632e-16,1.4154565237382966e-16,1.4154565237382966e-16,7.785010880560632e-16,7.785010880560632e-16
additive,20260924,84,4575,8,18.824564473822164,True,True,32,1.8824564473822165e-07,2.0359779140388667e-10,7.4136292832063395,2.1915987543271358e-13,2.6599093298311033e-15,2.1649996610288249e-13,,1.1642228203339415e-14,1.4129991339401393e-16,1.1500928289945401e-14,1.7763568394002505e-15,9.71445146547012e-15,1.0658141036401503e-14,0.0,1.1546319456101628e-14,1.7763568394002505e-15,1.1260833535483731e-14,8.881784197001252e-16,0.6916825590645423,0.3096530164706982,6.841373198068434e-16,9.436376824921978e-17,2.4888443875731716e-15,1.8872753649843955e-16,5.378734790205527e-15,2.7129583371650684e-16,7.006509792504568e-15,3.1847771784111673e-16,5.166416311644783e-15,4.128414860903365e-16,2.1113893145762925e-15,5.190007253707087e-16,1.4154565237382966e-16,1.4154565237382966e-16,5.190007253707087e-16,5.190007253707087e-16
additive,20260924,85,5972,8,18.824564473822164,True,True,32,1.8824564473822165e-07,1.1798477750346592e-09,14.48608338209564,3.099927721924208e-13,2.2045857203270954e-15,3.077881864720937e-13,,1.646746051540811e-14,1.1711217666644233e-16,1.635034833874167e-14,3.92278802034222e-15,2.2426505097428162e-14,3.9968028886505635e-15,0.0,3.552713678800501e-15,0.0,4.363176486776865e-15,8.881784197001252e-16,0.8748174042023332,0.35495662828933633,1.203138045177552e-15,1.4154565237382966e-16,3.762755258937638e-15,1.8872753649843955e-16,6.7706003718815184e-15,3.0668224680996426e-16,8.528125555523237e-15,8.020920301183681e-16,7.808601822622937e-15,1.1795471031152472e-15,3.432482070065369e-15,9.672286245545026e-16,5.897735515576236e-16,5.897735515576236e-16,1.1795471031152472e-15,1.1795471031152472e-15
additive,20260924,86,6624,8,18.824564473822164,True,True,32,1.8824564473822165e-07,3.6367844291618212e-09,13.04000972720888,2.5402616518225126e-13,3.566723636016008e-15,2.5045944154623525e-13,,1.3494397999778715e-14,1.8947177455159554e-16,1.3304926225227119e-14,2.6645352591003757e-15,1.5029644195863057e-14,4.440892098500626e-15,0.0,7.105427357601002e-15,3.552713678800501e-15,4.8833952754583665e-15,8.881784197001252e-16,0.6927124261144312,0.24987643294796785,1.0380014507414175e-15,9.436376824921978e-17,2.901685873663508e-15,1.651365944361346e-16,5.449507616392442e-15,2.5950036268535437e-16,6.699827545694604e-15,3.5386413093457416e-16,5.473098558454747e-15,5.897735515576236e-16,2.19395761179436e-15,8.25682972180673e-16,4.482278991837939e-16,4.482278991837939e-16,8.25682972180673e-16,8.25682972180673e-16
additive,20260924,87,8070,8,18.824564473822164,True,True,32,1.8824564473822165e-07,8.1565865173161e-11,4.972058807245056,1.6154960966846808e-13,4.038568421481701e-15,1.5751104124698638e-13,,8.581851117624652e-15,2.1453715049279463e-16,8.367313967131859e-15,2.220446049250313e-15,8.43769498715119e-15,4.884981308350689e-15,0.0,7.993605777301127e-15,6.217248937900877e-15,4.108882546374627e-15,8.881784197001252e-16,0.5928305203152671,0.14114804978515486,8.846603273364354e-16,1.179547103115247e-16,2.300116851074732e-15,1.179547103115247e-16,4.2109831581214325e-15,1.8872753649843955e-16,4.352528810495262e-15,2.359094206230494e-16,3.1611862363488625e-15,3.5386413093457416e-16,1.427251994769449e-15,4.482278991837939e-16,9.436376824921978e-17,9.436376824921978e-17,4.482278991837939e-16,4.482278991837939e-16
additive,20260924,88,9290,8,18.824564473822164,True,True,32,1.8824564473822165e-07,1.018642059591457e-08,14.165982125282131,2.767574529338206e-13,6.7956222659675065e-15,2.6996183066785305e-13,,1.4701931262138112e-14,3.6099758246293783e-16,1.4340933679675173e-14,5.329070518200751e-15,2.4980018054066022e-14,1.5987211554602254e-14,0.0,1.7763568394002505e-14,8.881784197001252e-15,1.8177522978898456e-14,8.881784197001252e-16,0.9957133438326772,0.5164251502851268,5.543871384641662e-16,9.436376824921978e-17,3.2083681204734724e-15,2.5950036268535437e-16,6.463918125071554e-15,3.5386413093457416e-16,8.233238779744426e-15,7.313192039314533e-16,6.900350553224196e-15,1.026205979710265e-15,2.9960496419127277e-15,1.3800701106448391e-15,1.8872753649843955e-16,1.8872753649843955e-16,1.3800701106448391e-15,1.3800701106448391e-15
additive,20260924,89,9833,8,18.824564473822164,True,True,32,1.8824564473822165e-07,9.121814414925211e-12,11.158358236430427,2.8896726281654347e-13,2.983327870457029e-15,2.8598393494608643e-13,,1.535054174657732e-14,1.5848057863998433e-16,1.5192061167937336e-14,2.791417890486108e-15,1.9539925233402755e-14,3.552713678800501e-15,0.0,7.105427357601002e-15,3.552713678800501e-15,3.540554093292702e-15,8.881784197001252e-16,0.5927551870826803,0.13398633256897,1.0144105086791125e-15,1.179547103115247e-16,3.2083681204734724e-15,1.4154565237382966e-16,6.487509067133859e-15,2.5950036268535437e-16,8.35119349005595e-15,4.482278991837939e-16,6.959327908379958e-15,6.605463777445384e-16,3.2555500045980823e-15,1.0380014507414175e-15,7.313192039314533e-16,7.313192039314533e-16,1.0380014507414175e-15,1.0380014507414175e-15
additive,20260924,90,428,9,18.824564473822164,True,True,32,1.8824564473822165e-07,4.480243376292492e-08,37.8010680333255,2.900349272918913e-13,4.439041726792917e-15,2.855958855650984e-13,,1.5407258303118776e-14,2.358111250311231e-16,1.5171447178087654e-14,5.83660104374368e-15,1.9595436384634013e-14,2.6645352591003757e-14,0.0,7.105427357601002e-15,0.0,2.4200747226305316e-14,7.105427357601002e-15,2.008071320103711,0.5876996960734338,1.4154565237382966e-15,9.436376824921978e-17,3.6330050775949614e-15,1.8872753649843955e-16,7.171646386940702e-15,4.24636957121489e-16,8.63428479480361e-15,6.133644936199285e-16,5.473098558454747e-15,6.133644936199285e-16,1.8400934808597855e-15,8.49273914242978e-16,3.774550729968791e-16,3.774550729968791e-16,8.49273914242978e-16,8.49273914242978e-16
additive,20260924,91,623,9,18.824564473822164,True,True,32,1.8824564473822165e-07,2.5488029464781903e-08,29.09166574487011,6.433890457439399e-13,3.887895296711143e-15,6.395011504472288e-13,,3.41781636774997e-14,2.0653308086451253e-16,3.397163059663518e-14,5.662137425588298e-15,2.398081733190338e-14,1.3322676295501878e-14,0.0,7.105427357601002e-15,0.0,1.3835493597352546e-14,3.552713678800501e-15,2.0841596057719927,0.481688294706532,3.1611862363488625e-15,2.830913047476593e-16,8.728648563052828e-15,3.774550729968791e-16,1.4154565237382967e-14,5.661826094953186e-16,1.4673565962753674e-14,7.549101459937582e-16,1.0096923202666515e-14,9.436376824921977e-16,4.435097107713329e-15,8.964557983675878e-16,8.964557983675878e-16,8.964557983675878e-16,9.436376824921977e-16,9.436376824921977e-16
additive,20260924,92,995,9,18.824564473822164,True,True,32,1.8824564473822165e-07,1.7939403562650114e-07,34.673855290709064,3.483663093445124e-13,4.020593382035391e-15,3.44345715962477e-13,,1.850594258522995e-14,2.135822790283681e-16,1.829236030620158e-14,3.552713678800501e-15,1.4876988529977098e-14,1.1546319456101628e-14,0.0,7.105427357601002e-15,7.105427357601002e-15,1.1778937613642138e-14,3.552713678800501e-15,1.8419472779265225,0.6037939050708089,2.028821017358225e-15,1.8872753649843955e-16,5.8977355155762356e-15,2.830913047476593e-16,9.342013056672758e-15,4.24636957121489e-16,1.0096923202666515e-14,5.190007253707087e-16,6.935736966317653e-15,6.605463777445384e-16,2.123184785607445e-15,5.661826094953186e-16,7.549101459937582e-16,7.549101459937582e-16,7.549101459937582e-16,7.549101459937582e-16
additive,20260924,93,2043,9,18.824564473822164,True,True,64,1.8824564473822165e-07,3.5349501104064984e-13,39.77757024056644,3.894364989217739e-13,4.9575423131744055e-15,3.844789566085995e-13,,2.0687676438056906e-14,2.6335495411160607e-16,2.0424321483945303e-14,5.329070518200751e-15,2.328692794151266e-14,2.4868995751603507e-14,0.0,7.105427357601002e-15,7.105427357601002e-15,2.6020455631429025e-14,7.105427357601002e-15,2.133977327359483,0.6101782496322381,1.1323652189906373e-15,1.8872753649843955e-16,4.529460875962549e-15,2.830913047476593e-16,8.728648563052828e-15,4.718188412460988e-16,1.0285650739164955e-14,7.549101459937582e-16,8.587102910679e-15,7.549101459937582e-16,3.2083681204734724e-15,1.3210927554890768e-15,1.0851833348660274e-15,1.0851833348660274e-15,1.3210927554890768e-15,1.3210927554890768e-15
additive,20260924,94,2087,9,18.824564473822164,True,True,32,1.8824564473822165e-07,1.58142615447332e-07,41.11232471590409,4.4501545305917846e-13,6.405458174456378e-15,4.386099948847221e-13,,2.364014602717775e-14,3.4027125479391263e-16,2.3299874772383838e-14,5.329070518200751e-15,2.2426505097428162e-14,1.4210854715202004e-14,0.0,7.105427357601002e-15,7.105427357601002e-15,1.4707811688129455e-14,7.105427357601002e-15,2.1839721589881003,0.6202547448705905,1.8872753649843954e-15,1.8872753649843955e-16,5.473098558454747e-15,2.830913047476593e-16,1.2078562335900131e-14,5.661826094953186e-16,1.3022200018392329e-14,7.549101459937582e-16,9.436376824921977e-15,8.49273914242978e-16,4.15200580296567e-15,1.0380014507414175e-15,1.226728987239857e-15,1.226728987239857e-15,1.226728987239857e-15,1.226728987239857e-15
additive,20260924,95,4442,9,18.824564473822164,True,True,32,1.8824564473822165e-07,1.341419739731009e-07,38.313489685114895,4.680673837938122e-13,4.667166124471851e-15,4.634002176693403e-13,,2.4864712511395233e-14,2.4792956729289063e-16,2.461678294410234e-14,6.597896832058073e-15,2.4424906541753444e-14,1.7763568394002505e-14,0.0,2.1316282072803006e-14,7.105427357601002e-15,2.0430218363625977e-14,7.105427357601002e-15,2.0352922235409183,0.6040961355898213,2.2647304379812745e-15,2.830913047476593e-16,6.8413731980684334e-15,3.774550729968791e-16,1.1040560885158713e-14,5.661826094953186e-16,1.2927836250143109e-14,6.605463777445384e-16,9.719468129669637e-15,9.436376824921977e-16,4.4822789918379395e-15,1.1323652189906373e-15,3.774550729968791e-16,3.774550729968791e-16,1.1323652189906373e-15,1.1323652189906373e-15
additive,20260924,96,4850,9,18.824564473822164,True,True,32,1.8824564473822165e-07,1.83136437570397e-07,31.63321587361491,4.896612216227715e-13,7.11441487732416e-15,4.825468067454473e-13,,2.601182206917481e-14,3.779325087290925e-16,2.563388956044572e-14,9.2148511043888e-15,2.2426505097428162e-14,2.3092638912203256e-14,0.0,7.105427357601002e-15,1.0658141036401503e-14,2.2679213004938077e-14,1.7763568394002505e-15,1.7961991728211517,0.6123574478799158,1.5570021761121263e-15,1.8872753649843955e-16,5.425916674330137e-15,2.830913047476593e-16,1.0285650739164955e-14,3.774550729968791e-16,1.0946197116909494e-14,6.133644936199285e-16,8.20964783768212e-15,8.49273914242978e-16,3.680186961719571e-15,8.964557983675878e-16,1.4154565237382966e-16,1.4154565237382966e-16,8.964557983675878e-16,8.964557983675878e-16
additive,20260924,97,6965,9,18.824564473822164,True,True,32,1.8824564473822165e-07,2.8005125329855218e-08,32.21188835256861,3.6367668136231635e-13,5.021776645313432e-15,3.5865490471700294e-13,,1.9319261376169036e-14,2.667672153741894e-16,1.9052494160794847e-14,3.552713678800501e-15,1.2462253451417382e-14,8.881784197001252e-15,0.0,7.105427357601002e-15,0.0,8.029555856193752e-15,1.7763568394002505e-15,1.7293189231194899,0.5534028373223251,1.4626384078629065e-15,1.8872753649843955e-16,4.4822789918379395e-15,1.8872753649843955e-16,8.39837537418056e-15,3.774550729968791e-16,9.577922477295807e-15,5.661826094953186e-16,7.643465228186802e-15,6.605463777445384e-16,3.349913772847302e-15,6.605463777445384e-16,1.8872753649843955e-16,1.8872753649843955e-16,6.605463777445384e-16,6.605463777445384e-16
additive,20260924,98,9272,9,18.824564473822164,True,True,64,1.8824564473822165e-07,2.9540814239226165e-12,34.121539627603156,4.1594188411003025e-13,5.089579551460184e-15,4.1085230455857007e-13,,2.209569760237735e-14,2.7036904670691644e-16,2.1825328555670433e-14,4.3140094671148944e-15,1.9984014443252818e-14,7.105427357601002e-15,0.0,0.0,7.105427357601002e-15,8.401744908258563e-15,5.329070518200751e-15,1.9199003010002431,0.614113275450733,1.1323652189906373e-15,1.8872753649843955e-16,5.001279717208648e-15,1.8872753649843955e-16,8.77583044717744e-15,3.774550729968791e-16,1.1889834799401692e-14,6.605463777445384e-16,9.106103636049708e-15,8.964557983675878e-16,4.10482391884106e-15,9.436376824921977e-16,1.8872753649843955e-16,1.8872753649843955e-16,9.436376824921977e-16,9.436376824921977e-16
additive,20260924,99,9528,9,18.824564473822164,True,True,64,1.8824564473822165e-07,6.872724611639569e-12,36.22674331600771,3.0938214952887694e-13,5.117599465891199e-15,3.0426455006298574e-13,,1.643502297007244e-14,2.7185752281322846e-16,1.6163165447259214e-14,4.107825191113079e-15,2.8199664825478976e-14,1.9539925233402755e-14,0.0,3.552713678800501e-14,0.0,2.073579403421328e-14,1.7763568394002505e-15,2.034017235481384,0.6464290131036747,9.436376824921977e-16,9.436376824921978e-17,3.019640583975033e-15,1.8872753649843955e-16,6.086463052074675e-15,2.830913047476593e-16,8.681466678928219e-15,4.718188412460988e-16,6.9829188504422635e-15,6.605463777445384e-16,4.623824644211769e-15,9.436376824921977e-16,1.4626384078629065e-15,1.4626384078629065e-15,1.4626384078629065e-15,1.4626384078629065e-15
quadratic,20260920,0,280,0,18.184480349450798,True,True,32,1.8184480349450797e-07,4.6629367034256575e-15,8.70507436210768,3.8034271499483234e-13,2.451544258602348e-15,3.7789117073622997e-13,,2.0915786851523603e-14,1.3481519468750662e-16,2.0780971656836096e-14,4.187126835729162e-15,1.4738210651898953e-14,8.881784197001252e-16,6.661338147750939e-16,1.7763568394002505e-15,0.0,1.1860882646412091e-15,8.881784197001252e-16,0.40615327401354573,0.10826392685618581,0.49761579607091555,0.05145708359604153,5.427640767978134e-15,2.442133078955291e-16,9.322843028911822e-15,3.357932983563525e-16,1.0098220281480128e-14,5.311639446727758e-16,6.6426019747583916e-15,5.494799427649404e-16,2.68634638685082e-15,5.983226043440462e-16,6.960079275022579e-16,6.960079275022579e-16,0.05145708359604153,6.960079275022579e-16
quadratic,20260920,1,1403,0,18.184480349450798,True,True,32,1.8184480349450797e-07,6.217248937900877e-15,12.028548827225471,4.578919584766591e-13,2.503883344048961e-15,4.553880751326102e-13,,2.5180370825965795e-14,1.3769342295913243e-16,2.5042677403006662e-14,9.103828801926284e-15,2.8699265186560297e-14,1.7763568394002505e-15,5.551115123125783e-17,3.552713678800501e-15,0.0,1.3470706032118552e-15,1.7763568394002505e-15,0.6511461181877682,0.20207425421647549,0.5511418347300586,0.049888949643273964,4.212679561197877e-15,4.3958395421195237e-16,7.973564502789024e-15,6.593759313179285e-16,9.414423019372647e-15,4.640052850015053e-16,7.74766719298566e-15,7.326399236865872e-16,4.688895511594159e-15,1.1478025471089867e-15,1.2699092010567513e-15,1.2699092010567513e-15,0.049888949643273964,1.2699092010567513e-15
quadratic,20260920,2,1512,0,18.184480349450798,True,True,32,1.8184480349450797e-07,3.1086244689504383e-15,7.321190267852686,2.5120035020341295e-13,1.6441543893548574e-15,2.495561958140581e-13,,1.3813996626579414e-14,9.041525288373245e-17,1.372358137369568e-14,3.2355071003361704e-15,9.006684287271582e-15,1.3322676295501878e-15,4.440892098500626e-16,8.881784197001252e-16,8.881784197001252e-16,9.46332959085252e-16,4.440892098500626e-16,0.3500372850138576,0.09069758898465093,0.3323482088132338,0.05850197023810671,3.644883620340772e-15,1.7094931552687036e-16,6.5449166516001796e-15,2.1979197710597619e-16,6.709760634429662e-15,3.0526663486941137e-16,3.5044609683008425e-15,4.02951958027623e-16,1.263803868359363e-15,4.1516262342239947e-16,2.442133078955291e-17,2.442133078955291e-17,0.05850197023810671,4.1516262342239947e-16
quadratic,20260920,3,3341,0,18.184480349450798,True,True,32,1.8184480349450797e-07,7.993605777301127e-15,9.821390311681633,5.245199777160705e-13,3.65977089903221e-15,5.208602068170384e-13,,2.8844375403441864e-14,2.0125793141747608e-16,2.864311747202439e-14,5.8471745963591575e-15,1.572353358625378e-14,8.881784197001252e-16,8.881784197001252e-16,0.0,3.552713678800501e-15,8.292308638688369e-16,8.881784197001252e-16,0.738975475851065,0.20484882566192295,0.9114421271661096,0.12427376809391728,4.023414247578842e-15,2.68634638685082e-16,8.443675120487918e-15,4.884266157910582e-16,8.297147135750601e-15,5.37269277370164e-16,5.836698058703145e-15,5.37269277370164e-16,2.58255573099522e-15,5.861119389492698e-16,5.128479465806111e-16,5.128479465806111e-16,0.12427376809391728,5.861119389492698e-16
quadratic,20260920,4,4116,0,18.184480349450798,True,True,32,1.8184480349450797e-07,1.176836406102666e-14,8.662737715221667,3.2635755870245136e-13,2.2184635081349103e-15,3.2413909519431647e-13,,1.7947037937342427e-14,1.2199763014959686e-16,1.7825040307192832e-14,1.3072876114961218e-14,9.06219543850284e-15,8.881784197001252e-16,8.881784197001252e-16,0.0,1.7763568394002505e-15,7.271960811294775e-16,4.440892098500626e-16,0.3512734447174067,0.10968138212736495,0.349364400175627,0.04941307492976564,3.2785636584974782e-15,1.7094931552687036e-16,5.75122340093971e-15,3.663199618432936e-16,7.265345909891991e-15,5.616906081597169e-16,4.920898154094911e-15,5.067426138832229e-16,1.3859105223071276e-15,3.663199618432936e-16,2.0758131171119974e-16,2.0758131171119974e-16,0.04941307492976564,5.616906081597169e-16
quadratic,20260920,5,5544,0,18.184480349450798,True,True,32,1.8184480349450797e-07,9.325873406851315e-15,14.613889335369038,4.717760573736909e-13,2.015715636733125e-15,4.697603417369578e-13,,2.5943884472230155e-14,1.1084812972365212e-16,2.5833036342506506e-14,8.310812355765458e-15,2.6451063561694355e-14,2.220446049250313e-15,8.881784197001252e-16,3.552713678800501e-15,0.0,1.2249460705030911e-15,1.7763568394002505e-15,0.6753004009594588,0.222481150942074,0.7294583681112625,0.06426083916254989,3.3213009873791958e-15,1.7094931552687036e-16,6.215228685941215e-15,3.663199618432936e-16,1.015927360845401e-14,4.884266157910582e-16,8.034617829762908e-15,9.035892392134577e-16,4.005098249486677e-15,1.074538554740328e-15,2.930559694746349e-16,2.930559694746349e-16,0.06426083916254989,1.074538554740328e-15
quadratic,20260920,6,6708,0,18.184480349450798,True,True,32,1.8184480349450797e-07,3.3306690738754696e-15,6.553489499695421,3.3630912208532355e-13,1.1959183643384122e-15,3.3511320372098515e-13,,1.8494293794624748e-14,6.576588064967888e-17,1.842852791397507e-14,3.191891195797325e-15,1.2129186544029835e-14,1.3322676295501878e-15,1.1102230246251565e-16,8.881784197001252e-16,0.0,1.2527016461187173e-15,4.440892098500626e-16,0.2901374717704012,0.10557953463695394,0.29332379591216734,0.05010162776154117,2.5398184021135025e-15,1.34317319342541e-16,4.878160825213194e-15,2.3200264250075266e-16,7.100501927062508e-15,3.846359599354583e-16,7.02723793469385e-15,4.884266157910582e-16,3.6570942857355485e-15,6.471652659231521e-16,6.71586596712705e-16,6.71586596712705e-16,0.05010162776154117,6.71586596712705e-16
quadratic,20260920,7,7346,0,18.184480349450798,True,True,32,1.8184480349450797e-07,5.551115123125783e-15,3.4925666338621806,2.801909167645296e-13,6.945502374291896e-16,2.7949636652710043e-13,,1.54082443589317e-14,3.8194670624732275e-17,1.537004968830697e-14,4.472612756347059e-15,8.548717289613705e-15,1.3322676295501878e-15,1.1102230246251565e-16,0.0,0.0,5.677997754511497e-16,4.440892098500626e-16,0.4053985951820214,0.11307063868856253,0.37689349997539096,0.04696690952526444,3.974571585999736e-15,1.831599809216468e-16,7.521769883182296e-15,2.930559694746349e-16,7.863668514236036e-15,4.3958395421195237e-16,4.566788857646394e-15,5.983226043440462e-16,1.5080171762548922e-15,4.8232128309367e-16,2.8084530407985847e-16,2.8084530407985847e-16,0.04696690952526444,5.983226043440462e-16
quadratic,20260920,8,7393,0,18.184480349450798,True,True,32,1.8184480349450797e-07,3.552713678800501e-15,6.284068434659731,3.288308448286193e-13,1.9433198436690266e-15,3.2688752498495027e-13,,1.8083048759683175e-14,1.0686694402723025e-16,1.7976181815655944e-14,3.790618612648749e-15,1.1969591984239969e-14,2.220446049250313e-16,2.220446049250313e-16,8.881784197001252e-16,8.881784197001252e-16,1.9019177767090377e-16,8.881784197001252e-16,0.30038590947111776,0.09380054072918523,0.5646719712387144,0.08050042741179798,2.7596103792194788e-15,1.831599809216468e-16,4.756054171265429e-15,2.68634638685082e-16,5.403219437188581e-15,3.9074129263284657e-16,3.907412926328466e-15,3.9074129263284657e-16,1.2393825375698102e-15,4.762159503962817e-16,9.15799904608234e-17,9.15799904608234e-17,0.08050042741179798,4.762159503962817e-16
quadratic,20260920,9,8134,0,18.184480349450798,True,True,32,1.8184480349450797e-07,1.199040866595169e-14,12.654296009153025,4.919895839934034e-13,1.781048853373369e-15,4.9020853514003e-13,,2.7055465679461242e-14,9.794334614720843e-17,2.6957522333314032e-14,5.717648576819556e-15,1.354472090042691e-14,2.6645352591003757e-15,1.3877787807814457e-17,1.7763568394002505e-15,1.7763568394002505e-15,2.394380989774918e-15,8.881784197001252e-16,0.5685831294361081,0.14540766819116116,0.5009963371720881,0.04899555476925895,6.935657944233026e-15,3.174773002641878e-16,1.1581816126945467e-14,4.3958395421195237e-16,1.1990873417670478e-14,5.616906081597169e-16,8.09567115673679e-15,8.547465776343518e-16,2.7779263773116433e-15,6.593759313179285e-16,4.1516262342239947e-16,4.1516262342239947e-16,0.04899555476925895,8.547465776343518e-16
quadratic,20260920,10,555,1,18.184480349450798,True,True,32,1.8184480349450797e-07,2.1316282072803006e-14,24.872740344307374,8.324013105782362e-13,4.21613802071788e-15,8.281851725575183e-13,,4.577536968788751e-14,2.318536433099236e-16,4.554351604457759e-14,1.560656366044506e-14,2.92300905702092e-14,4.440892098500626e-15,1.7763568394002505e-15,7.105427357601002e-15,3.552713678800501e-15,2.6571337722695417e-15,3.552713678800501e-15,1.0709857261669056,0.3845432046377436,1.4061711998974613,0.27821897286201325,7.375241898444979e-15,4.884266157910582e-16,1.2821198664515277e-14,6.349546005283756e-16,1.543428105899744e-14,9.280105700030107e-16,1.1893188094512266e-14,1.1233812163194339e-15,6.105332697388227e-15,1.7094931552687037e-15,1.4164371857940687e-15,1.4164371857940687e-15,0.27821897286201325,1.7094931552687037e-15
quadratic,20260920,11,1680,1,18.184480349450798,True,True,32,1.8184480349450797e-07,7.549516567451064e-15,22.092490896935104,5.597096529638823e-13,3.7873474198083336e-15,5.55922305544074e-13,,3.0779524199094665e-14,2.082736128295642e-16,3.0571250586265103e-14,8.511709855459534e-15,1.446759378964657e-14,8.881784197001252e-16,8.881784197001252e-16,3.552713678800501e-15,3.552713678800501e-15,1.462851004351337e-15,3.552713678800501e-15,0.8298031465700484,0.3011232825879645,1.290856852388015,0.20692243241150954,6.4716526592315206e-15,3.9074129263284657e-16,1.1087284178457021e-14,4.884266157910582e-16,1.0916334862930151e-14,5.861119389492698e-16,6.154175358967333e-15,5.128479465806111e-16,1.92928513237468e-15,7.082185928970343e-16,4.640052850015053e-16,4.640052850015053e-16,0.20692243241150954,7.082185928970343e-16
quadratic,20260920,12,2586,1,18.184480349450798,True,True,32,1.8184480349450797e-07,8.881784197001252e-15,23.37786653177138,6.295876766355362e-13,6.44385338739133e-15,6.231438232481449e-13,,3.4622252851704437e-14,3.543600511843026e-16,3.4267892800520133e-14,8.141635513917814e-15,2.2121193765656244e-14,8.881784197001252e-16,1.7763568394002505e-15,7.105427357601002e-15,3.552713678800501e-15,9.83340393239422e-16,2.6645352591003757e-15,0.9916773639570967,0.33317879233499925,1.3526716701824162,0.27028483055347974,6.886815282653921e-15,6.349546005283756e-16,1.133149748635255e-14,8.303252468447989e-16,1.1966452086880926e-14,9.280105700030107e-16,9.377791023188317e-15,9.768532315821165e-16,4.4446822036986294e-15,9.035892392134577e-16,1.904863801585127e-15,1.904863801585127e-15,0.27028483055347974,1.904863801585127e-15
quadratic,20260920,13,3766,1,18.184480349450798,True,True,32,1.8184480349450797e-07,2.4868995751603507e-14,21.701500850755743,8.774116354105998e-13,4.096921214978372e-15,8.733147141956214e-13,,4.825057513601696e-14,2.2529767891344257e-16,4.8025277457103523e-14,1.1250259982868252e-14,2.766536999487812e-14,4.440892098500626e-15,1.7763568394002505e-15,3.552713678800501e-15,0.0,4.010548507050685e-15,3.552713678800501e-15,1.292641666471038,0.4166421209423511,1.3147156174259458,0.28194890040693504,8.05903916055246e-15,3.9074129263284657e-16,1.3236361287937677e-14,5.861119389492698e-16,1.5214489081891463e-14,6.593759313179285e-16,1.2406036041092878e-14,9.280105700030107e-16,4.688895511594159e-15,1.0989598855298809e-15,5.37269277370164e-16,5.37269277370164e-16,0.28194890040693504,1.0989598855298809e-15
quadratic,20260920,14,4718,1,18.184480349450798,True,True,32,1.8184480349450797e-07,1.554312234475219e-14,13.853814210684305,4.939568760633928e-13,2.067988637475897e-15,4.91888887425917e-13,,2.716365090291465e-14,1.1372272386867264e-16,2.7049928179045976e-14,1.0769163338864018e-14,2.295386103412511e-14,2.6645352591003757e-15,6.661338147750939e-16,7.105427357601002e-15,3.552713678800501e-15,2.561971798730243e-15,2.6645352591003757e-15,0.615795777741718,0.16767003220737547,0.5840188267775019,0.09644006874574863,6.6181806439688386e-15,2.68634638685082e-16,9.963902962137588e-15,3.174773002641878e-16,9.47547634634653e-15,4.3958395421195237e-16,6.227439351335992e-15,6.105332697388227e-16,2.393290417376185e-15,5.616906081597169e-16,6.349546005283756e-16,6.349546005283756e-16,0.09644006874574863,6.349546005283756e-16
quadratic,20260920,15,4831,1,18.184480349450798,True,True,32,1.8184480349450797e-07,2.4868995751603507e-14,22.12792718173067,8.75804488455399e-13,6.848159605525665e-15,8.689563288498733e-13,,4.816219499403236e-14,3.765936377572918e-16,4.778560135627506e-14,1.9373391779708982e-14,4.496403249731884e-14,1.7763568394002505e-15,1.7763568394002505e-15,3.552713678800501e-15,3.552713678800501e-15,1.2534946625648737e-15,4.440892098500626e-15,1.385344823856924,0.3899767896534354,1.4395662928956743,0.19995519568664966,8.449780453185306e-15,4.884266157910582e-16,1.367594524214963e-14,8.303252468447989e-16,1.6069235659525816e-14,1.0256958931612223e-15,1.6753032921633297e-14,1.318751862635857e-15,9.915060300558482e-15,1.953706463164233e-15,2.2711837634284207e-15,2.2711837634284207e-15,0.19995519568664966,2.2711837634284207e-15
quadratic,20260920,16,6080,1,18.184480349450798,True,True,32,1.8184480349450797e-07,1.4210854715202004e-14,20.185379038081713,8.287462977778809e-13,7.537555236054804e-15,8.212087425418262e-13,,4.557437341358564e-14,4.1450484650678793e-16,4.515986856707885e-14,1.472895879336041e-14,3.397282455352979e-14,3.552713678800501e-15,4.440892098500626e-16,3.552713678800501e-15,0.0,1.2926168072421469e-15,5.329070518200751e-15,1.3138322958679882,0.3892665542475403,1.224748704371493,0.23738946533054173,7.54619121397185e-15,4.1516262342239947e-16,1.250372136425109e-14,5.128479465806111e-16,1.570291569768252e-14,7.326399236865872e-16,1.116054817082568e-14,1.074538554740328e-15,4.5423675268568414e-15,7.814825852656931e-16,2.68634638685082e-16,2.68634638685082e-16,0.23738946533054173,1.074538554740328e-15
quadratic,20260920,17,6208,1,18.184480349450798,True,True,32,1.8184480349450797e-07,1.2434497875801753e-14,16.152979519439008,5.929117481376234e-13,4.727187556740647e-15,5.881845605808827e-13,,3.260537209442613e-14,2.5995725288258875e-16,3.234541484154354e-14,1.0880185641326534e-14,3.232830669830378e-14,3.552713678800501e-15,2.220446049250313e-16,7.105427357601002e-15,0.0,3.6018806984624745e-15,2.6645352591003757e-15,0.8877150075583912,0.28266988500620216,0.6657960692420876,0.10968603029562005,6.6426019747583916e-15,3.418986310537407e-16,9.47547634634653e-15,3.9074129263284657e-16,9.98832429292714e-15,6.349546005283756e-16,7.326399236865873e-15,8.791679084239047e-16,3.5655142952747246e-15,9.768532315821165e-16,1.050117223950775e-15,1.050117223950775e-15,0.10968603029562005,1.050117223950775e-15
quadratic,20260920,18,7156,1,18.184480349450798,True,True,32,1.8184480349450797e-07,9.325873406851315e-15,16.171385406981486,3.4558262336437633e-13,1.781709700411837e-15,3.4380091366396447e-13,,1.900426169587043e-14,9.797968741326434e-17,1.8906282008457165e-14,4.366877230192283e-15,7.610231889110253e-15,8.881784197001252e-16,8.881784197001252e-16,0.0,0.0,1.1636194653333173e-15,3.552713678800501e-15,0.5139911593376867,0.17175999876850415,0.7282464753848332,0.1605723648068307,4.908687488700135e-15,3.9074129263284657e-16,7.082185928970344e-15,3.418986310537407e-16,5.861119389492698e-15,3.418986310537407e-16,3.492250302906066e-15,4.3958395421195237e-16,1.5629651705313863e-15,3.9074129263284657e-16,7.326399236865873e-17,7.326399236865873e-17,0.1605723648068307,4.3958395421195237e-16
quadratic,20260920,19,8365,1,18.184480349450798,True,True,32,1.8184480349450797e-07,9.769962616701378e-15,19.52050907028911,5.915289422308066e-13,3.4700086719363127e-15,5.880589335588702e-13,,3.2529328903735855e-14,1.9082253686952967e-16,3.233850636686633e-14,6.217248937900877e-15,1.8741952434453424e-14,5.329070518200751e-15,8.881784197001252e-16,0.0,0.0,3.734578783786713e-15,2.6645352591003757e-15,0.8007421021265435,0.29659456411940033,1.2039216390714156,0.23935352352127753,5.348271442912087e-15,2.442133078955291e-16,8.987049730555471e-15,4.3958395421195237e-16,1.1380340147931655e-14,6.837972621074814e-16,9.524319007925635e-15,9.768532315821165e-16,4.176047565013547e-15,1.318751862635857e-15,8.791679084239047e-16,8.791679084239047e-16,0.23935352352127753,1.318751862635857e-15
quadratic,20260920,20,368,2,18.184480349450798,True,True,32,1.8184480349450797e-07,5.773159728050814e-15,5.347471258600699,4.1806440914935565e-13,4.249692529096058e-15,4.138147166202596e-13,,2.2990176299537858e-14,2.336988710939109e-16,2.2756477428443947e-14,5.8683217015901136e-15,1.7659484985443896e-14,8.881784197001252e-16,4.440892098500626e-16,2.6645352591003757e-15,3.552713678800501e-15,6.571462950519373e-16,3.1086244689504383e-15,0.4087505475375214,0.13405039605345576,0.8710180992495927,0.08484149624285424,6.5204953208106266e-15,4.3958395421195237e-16,1.0281380262401774e-14,4.640052850015053e-16,9.133577715292787e-15,6.593759313179285e-16,6.032068705019569e-15,5.861119389492698e-16,2.10023444790155e-15,6.349546005283756e-16,1.2210665394776456e-16,1.2210665394776456e-16,0.08484149624285424,6.593759313179285e-16
quadratic,20260920,21,750,2,18.184480349450798,True,True,32,1.8184480349450797e-07,6.661338147750939e-15,13.404376740653042,6.103022848995871e-13,4.771844295365077e-15,6.05530440604222e-13,,3.356171158985136e-14,2.624130139363149e-16,3.329929857591504e-14,4.773959005888173e-15,2.120525977034049e-14,8.881784197001252e-16,4.440892098500626e-16,1.7763568394002505e-15,5.329070518200751e-15,4.573061506194075e-16,3.552713678800501e-15,0.6147398389071539,0.16996682049603776,0.5696518661785489,0.1605934611823105,8.352095130027094e-15,3.174773002641878e-16,1.611807832110492e-14,6.593759313179285e-16,1.880442470795574e-14,1.0989598855298809e-15,1.2210665394776454e-14,1.2454878702671985e-15,3.760884941591148e-15,1.2454878702671985e-15,6.105332697388227e-16,6.105332697388227e-16,0.1605934611823105,1.2454878702671985e-15
quadratic,20260920,22,1640,2,18.184480349450798,True,True,32,1.8184480349450797e-07,1.5543122344752192e-15,2.6340961898791857,2.410453316362931e-13,3.09110066412258e-15,2.379542309721705e-13,,1.3255552372359822e-14,1.6998564736087915e-16,1.3085566724998941e-14,2.886579864025407e-15,9.890525898281766e-15,3.3306690738754696e-16,2.220446049250313e-16,3.1086244689504383e-15,1.3322676295501878e-15,2.1517179572497074e-16,3.1086244689504383e-15,0.09389295894999913,0.04504523900484379,0.1819435245955782,0.029130157729189716,3.492250302906066e-15,1.9537064631642329e-16,5.763434066334487e-15,2.1979197710597619e-16,6.203018020546439e-15,2.930559694746349e-16,4.640052850015053e-15,4.3958395421195237e-16,1.880442470795574e-15,5.861119389492698e-16,4.1516262342239947e-16,4.1516262342239947e-16,0.029130157729189716,5.861119389492698e-16
quadratic,20260920,23,2633,2,18.184480349450798,True,True,32,1.8184480349450797e-07,6.661338147750939e-15,6.750079248065267,4.470763045486389e-13,2.1055577916127644e-15,4.4497074675702614e-13,,2.4585596946252104e-14,1.1578872484394947e-16,2.4469808221408153e-14,3.901640915111265e-15,1.5681900222830336e-14,1.1102230246251565e-15,4.440892098500626e-16,2.6645352591003757e-15,2.6645352591003757e-15,7.512509133296895e-16,3.552713678800501e-15,0.44749194858303404,0.12084671902580606,0.6957235711053634,0.14592733367565713,7.179871252128555e-15,3.663199618432936e-16,1.133149748635255e-14,4.1516262342239947e-16,1.0354644254770434e-14,5.616906081597169e-16,6.056490035809121e-15,8.05903916055246e-16,1.904863801585127e-15,5.128479465806111e-16,2.68634638685082e-16,2.68634638685082e-16,0.14592733367565713,8.05903916055246e-16
quadratic,20260920,24,2999,2,18.184480349450798,True,True,32,1.8184480349450797e-07,3.774758283725532e-15,2.045993254661436,3.0012146868237044e-13,2.002036103036852e-15,2.981194325793336e-13,,1.650426423603766e-14,1.1009586551629544e-16,1.6394168370521367e-14,3.2566542055671257e-15,8.743006318923108e-15,1.3322676295501878e-15,4.440892098500626e-16,1.7763568394002505e-15,1.7763568394002505e-15,1.1815945047796304e-15,3.1086244689504383e-15,0.3962191958901203,0.11516647447578907,0.2004373965719918,0.03176735734454417,3.516671633695619e-15,2.1979197710597619e-16,6.007647374230016e-15,3.174773002641878e-16,6.935657944233026e-15,4.1516262342239947e-16,5.201743458174769e-15,4.640052850015053e-16,2.075813117111997e-15,5.128479465806111e-16,4.1516262342239947e-16,4.1516262342239947e-16,0.03176735734454417,5.128479465806111e-16
quadratic,20260920,25,6288,2,18.184480349450798,True,True,32,1.8184480349450797e-07,2.7200464103316335e-15,2.8606237584795142,2.0268756910952438e-13,2.4653559617063135e-15,2.0022221314781807e-13,,1.1146184285417091e-14,1.3557472714807445e-16,1.1010609558269018e-14,2.831068712794149e-15,7.320533068622126e-15,4.440892098500626e-16,1.1102230246251565e-16,3.552713678800501e-15,0.0,3.071617034796275e-16,3.1086244689504383e-15,0.22123829844105486,0.07196996332945166,0.450766776404549,0.052823005578538085,2.5642397329030555e-15,1.2210665394776456e-16,4.298154218961312e-15,2.1979197710597619e-16,5.006372811858346e-15,2.68634638685082e-16,3.3945649797478544e-15,3.174773002641878e-16,8.791679084239047e-16,2.68634638685082e-16,4.1516262342239947e-16,4.1516262342239947e-16,0.052823005578538085,4.1516262342239947e-16
quadratic,20260920,26,6518,2,18.184480349450798,True,True,32,1.8184480349450797e-07,2.6645352591003757e-15,4.9306583581491275,3.492018512975986e-13,1.6774941224455335e-15,3.475243571751531e-13,,1.920329009061538e-14,9.224866975625161e-17,1.911104142085913e-14,3.552713678800501e-15,1.2864709297844001e-14,4.440892098500626e-16,3.469446951953614e-17,3.552713678800501e-15,1.7763568394002505e-15,3.0293228243343647e-16,3.1086244689504383e-15,0.27818713409611534,0.09044581329662628,0.317061721449262,0.0816562756378646,6.30070334370465e-15,3.174773002641878e-16,9.670846992662952e-15,4.1516262342239947e-16,1.0403486916349539e-14,7.082185928970343e-16,6.984500605812132e-15,6.593759313179285e-16,2.5398184021135025e-15,8.05903916055246e-16,6.105332697388227e-16,6.105332697388227e-16,0.0816562756378646,8.05903916055246e-16
quadratic,20260920,27,7013,2,18.184480349450798,True,True,32,1.8184480349450797e-07,7.993605777301127e-15,2.191865144926017,3.889632002728235e-13,1.3576441558273366e-15,3.876055561169962e-13,,2.1389844130716162e-14,7.465949698520474e-17,2.1315184633730957e-14,5.8471745963591575e-15,1.50712775592865e-14,6.661338147750939e-16,2.220446049250313e-16,3.552713678800501e-15,1.3322676295501878e-15,4.316652855268764e-16,3.1086244689504383e-15,0.5961145047992121,0.27051924193031596,0.8509393113410516,0.13142098451809517,5.5680634200180635e-15,2.68634638685082e-16,8.132303152921118e-15,2.930559694746349e-16,8.046828495157684e-15,4.1516262342239947e-16,4.872055492515806e-15,4.884266157910582e-16,1.6972824898739272e-15,6.593759313179285e-16,1.34317319342541e-16,1.34317319342541e-16,0.13142098451809517,6.593759313179285e-16
quadratic,20260920,28,7633,2,18.184480349450798,True,True,32,1.8184480349450797e-07,4.6629367034256575e-15,3.389164079060045,3.772899155794564e-13,1.8057975749639722e-15,3.754841180044924e-13,,2.07479074644468e-14,9.930432656100125e-17,2.06486031378858e-14,4.091964862189862e-15,1.0685896612017132e-14,3.3306690738754696e-16,2.220446049250313e-16,4.440892098500626e-15,0.0,3.351816179106421e-16,3.1086244689504383e-15,0.2461352244632132,0.0948291308002469,0.23011112971423717,0.038976781528906705,4.102783572644889e-15,1.9537064631642329e-16,7.155449921339003e-15,2.68634638685082e-16,8.376516460816648e-15,4.640052850015053e-16,4.346996880540418e-15,3.663199618432936e-16,8.303252468447989e-16,2.1979197710597619e-16,3.418986310537407e-16,3.418986310537407e-16,0.038976781528906705,4.640052850015053e-16
quadratic,20260920,29,8675,2,18.184480349450798,True,True,32,1.8184480349450797e-07,1.7763568394002505e-15,0.1010698712915783,3.6586433287728277e-13,1.3535551647768166e-15,3.6451077771250594e-13,,2.0119592413226835e-14,7.443463540148378e-17,2.0045157777825352e-14,3.774758283725532e-15,1.453351328173369e-14,4.440892098500626e-16,2.220446049250313e-16,2.4424906541753444e-15,2.4424906541753444e-15,4.625929269271487e-16,3.1086244689504383e-15,0.2622331499627259,0.09035884190100282,0.2141312032374716,0.03544906732948488,5.690170073965828e-15,2.68634638685082e-16,8.693993761080836e-15,3.174773002641878e-16,9.719689654242058e-15,3.418986310537407e-16,7.936932506604696e-15,5.128479465806111e-16,3.956255587907571e-15,7.082185928970343e-16,9.035892392134577e-16,9.035892392134577e-16,0.03544906732948488,9.035892392134577e-16
quadratic,20260920,30,1852,3,18.184480349450798,True,True,32,1.8184480349450797e-07,3.3861802251067274e-15,3.8205800764252125,3.1234948490100304e-13,1.851131681802831e-15,3.104983532192002e-13,,1.7176706669565982e-14,1.0179733741243469e-16,1.7074909332153544e-14,2.706168622523819e-15,1.0075273948473296e-14,8.881784197001252e-16,1.1102230246251565e-16,2.6645352591003757e-15,8.881784197001252e-16,3.789296918571814e-16,3.552713678800501e-15,0.4707543205260094,0.14086483610713355,0.8391592945457403,0.09172856939598263,3.541092964485172e-15,2.1979197710597619e-16,5.739012735544934e-15,2.3200264250075266e-16,6.5937593131792856e-15,3.418986310537407e-16,4.6156315192255e-15,4.8232128309367e-16,2.0574971190198326e-15,4.701106176988935e-16,2.3810797519814086e-16,2.3810797519814086e-16,0.09172856939598263,4.8232128309367e-16
quadratic,20260920,31,3313,3,18.184480349450798,True,True,32,1.8184480349450797e-07,4.107825191113079e-15,5.766576783546551,2.932174014173905e-13,1.6255515452219993e-15,2.9159184987216847e-13,,1.6124596127172043e-14,8.939224624425926e-17,1.6035203880927785e-14,2.886579864025407e-15,1.0567935415650709e-14,8.881784197001252e-16,4.440892098500626e-16,5.329070518200751e-15,1.7763568394002505e-15,9.814239368278698e-16,3.219646771412954e-15,0.5374195588901829,0.14234137907971445,0.9215874299546402,0.11258175080486438,3.904360259979771e-15,2.1979197710597619e-16,5.786329063949692e-15,2.8084530407985847e-16,6.517442654461933e-15,3.418986310537407e-16,4.082941241378377e-15,4.762159503962817e-16,1.5080171762548922e-15,4.517946196067288e-16,4.762159503962817e-16,4.762159503962817e-16,0.11258175080486438,4.762159503962817e-16
quadratic,20260920,32,5269,3,18.184480349450798,True,True,32,1.8184480349450797e-07,4.3298697960381105e-15,13.66735390586483,2.9570314451023345e-13,1.9653590924019152e-15,2.9373778541783156e-13,,1.6261291982377938e-14,1.0807892525019405e-16,1.6153213057127746e-14,3.747002708109903e-15,1.3183898417423734e-14,8.881784197001252e-16,2.220446049250313e-16,5.329070518200751e-15,5.329070518200751e-15,8.314777437996253e-16,3.552713678800501e-15,0.31339781335677797,0.06908987291229612,0.8018856163063458,0.12304726194704226,3.516671633695619e-15,2.442133078955291e-16,5.775644731729263e-15,3.0526663486941137e-16,6.81965662298265e-15,5.006372811858346e-16,4.798791500147147e-15,5.739012735544933e-16,1.3492785261227983e-15,3.7242529454068187e-16,1.4042265203992923e-16,1.4042265203992923e-16,0.12304726194704226,5.739012735544933e-16
quadratic,20260920,33,5365,3,18.184480349450798,True,True,32,1.8184480349450797e-07,3.3306690738754696e-15,4.86129839027856,2.6036785161749555e-13,1.897952694478244e-15,2.584698989230173e-13,,1.431813538874973e-14,1.04372116112494e-16,1.4213763272637237e-14,2.4107699963289115e-15,9.534040223968532e-15,6.661338147750939e-16,0.0,2.6645352591003757e-15,2.6645352591003757e-15,8.433069057881918e-16,3.9968028886505635e-15,0.33404268734194714,0.06908987291229612,0.40873160605196424,0.09981389820538426,3.0282450179045606e-15,1.587386501320939e-16,4.792686167449759e-15,3.113719675667996e-16,4.9850041474174875e-15,4.090572907250112e-16,3.675410283827713e-15,3.7853062723807007e-16,1.2699092010567513e-15,4.3958395421195237e-16,2.5947663963899964e-16,2.5947663963899964e-16,0.09981389820538426,4.3958395421195237e-16
quadratic,20260920,34,6132,3,18.184480349450798,True,True,32,1.8184480349450797e-07,3.219646771412954e-15,5.0143103626381835,2.571642634291173e-13,1.6592547441838357e-15,2.555050086849335e-13,,1.4141963833290629e-14,9.124565081310932e-17,1.405071818247752e-14,3.1086244689504383e-15,7.0273648011820455e-15,6.661338147750939e-16,2.220446049250313e-16,4.440892098500626e-15,1.7763568394002505e-15,9.47522483754494e-16,3.552713678800501e-15,0.39757073151147565,0.1628579468281821,0.3527740145783685,0.03830994922504898,3.2114049988262077e-15,1.7705464822425859e-16,5.934383381861357e-15,2.442133078955291e-16,5.836698058703145e-15,2.3200264250075266e-16,3.705936947314654e-15,3.174773002641878e-16,1.6057024994131038e-15,4.2126795611978767e-16,3.602146291459054e-16,3.602146291459054e-16,0.03830994922504898,4.2126795611978767e-16
quadratic,20260920,35,6433,3,18.184480349450798,True,True,32,1.8184480349450797e-07,7.549516567451064e-15,0.9300933864293156,3.358888564112103e-13,1.713510286042003e-15,3.341753461251683e-13,,1.847118256647651e-14,9.422926875629712e-17,1.8376953297720213e-14,7.230327447871332e-15,1.169203622808368e-14,4.440892098500626e-16,2.220446049250313e-16,3.219646771412954e-15,9.992007221626409e-16,3.54346182026193e-16,3.3306690738754696e-15,0.41567388757473583,0.15284801290088432,0.40019722880375364,0.03663200569141331,3.0160343525097845e-15,2.442133078955291e-16,5.662696076827581e-15,3.2968796565896427e-16,5.983226043440463e-15,4.1516262342239947e-16,4.02951958027623e-15,3.510566300998231e-16,1.3462258597741041e-15,3.5410929644851717e-16,3.4800396375112897e-16,3.4800396375112897e-16,0.03663200569141331,4.1516262342239947e-16
quadratic,20260920,36,8177,3,18.184480349450798,True,True,32,1.8184480349450797e-07,7.105427357601002e-15,14.593613546635993,4.751940904260518e-13,4.648860661506305e-15,4.705452297645455e-13,,2.613184876852439e-14,2.5564990432331535e-16,2.5876198864201075e-14,7.105427357601002e-15,2.3814283878209608e-14,1.3322676295501878e-15,8.881784197001252e-16,3.552713678800501e-15,0.0,6.270116700978255e-16,3.552713678800501e-15,0.6067932210217395,0.275880719384975,0.988958843731831,0.12584550269227252,5.128479465806111e-15,4.273732888171759e-16,9.383896355885706e-15,6.837972621074814e-16,1.0372960252862598e-14,8.05903916055246e-16,6.630391309363615e-15,8.791679084239047e-16,2.7107677176403728e-15,5.616906081597169e-16,9.768532315821165e-16,9.768532315821165e-16,0.12584550269227252,9.768532315821165e-16
quadratic,20260920,37,8415,3,18.184480349450798,True,True,32,1.8184480349450797e-07,4.884981308350689e-15,7.075128621311931,3.1767763023334995e-13,1.6291201192297222e-15,3.160485101141202e-13,,1.746971176126814e-14,8.958848908096098e-17,1.7380123272187176e-14,5.773159728050814e-15,1.049160758270773e-14,8.881784197001252e-16,2.220446049250313e-16,2.6645352591003757e-15,1.7763568394002505e-15,9.191060611003939e-16,3.552713678800501e-15,0.34450677032043364,0.11782177040074367,0.27123569843288003,0.04507792285222425,2.149077109480656e-15,1.0989598855298809e-16,3.834148933959807e-15,1.9537064631642329e-16,5.250586119753875e-15,3.5410929644851717e-16,3.431196975932184e-15,3.9074129263284657e-16,1.074538554740328e-15,2.930559694746349e-16,1.831599809216468e-16,1.831599809216468e-16,0.04507792285222425,3.9074129263284657e-16
quadratic,20260920,38,8439,3,18.184480349450798,True,True,32,1.8184480349450797e-07,3.552713678800501e-15,15.77980007692529,3.9554484026773534e-13,1.595945597898663e-15,3.939488946698367e-13,,2.1751781335873118e-14,8.776415752495579e-17,2.1664017178348162e-14,4.218847493575595e-15,1.3461454173580023e-14,1.3322676295501878e-15,4.440892098500626e-16,3.552713678800501e-15,3.552713678800501e-15,1.039908899732229e-15,4.440892098500626e-15,0.39777444225482667,0.0749742145080432,0.7955653737104432,0.1384597158021942,4.841528829028864e-15,2.68634638685082e-16,1.0098220281480128e-14,5.37269277370164e-16,1.3627102580570524e-14,5.616906081597169e-16,7.930827173907307e-15,5.861119389492698e-16,2.10023444790155e-15,5.128479465806111e-16,6.837972621074814e-16,6.837972621074814e-16,0.1384597158021942,6.837972621074814e-16
quadratic,20260920,39,8661,3,18.184480349450798,True,True,32,1.8184480349450797e-07,7.993605777301127e-15,14.853395484835936,3.494088616323985e-13,3.365297458691157e-15,3.460435641737073e-13,,1.9214673992207385e-14,1.8506426326297494e-16,1.9029609728944408e-14,1.0894063429134349e-14,1.259409243559162e-14,8.881784197001252e-16,8.881784197001252e-16,1.7763568394002505e-15,0.0,5.163858758583931e-16,3.552713678800501e-15,0.4341449254644314,0.17444358965741752,0.6950407398130416,0.1049097056528924,4.621736851922888e-15,2.3200264250075266e-16,7.759877858380437e-15,3.357932983563525e-16,7.936932506604696e-15,4.945319484884464e-16,4.701106176988935e-15,5.189532792779993e-16,1.4408585165836217e-15,3.9684662533023477e-16,9.15799904608234e-17,9.15799904608234e-17,0.1049097056528924,5.189532792779993e-16
quadratic,20260920,40,239,4,18.184480349450798,True,True,32,1.8184480349450797e-07,6.661338147750939e-15,1.2610267322780375,5.273520376994225e-13,3.902764355076663e-15,5.234492733443458e-13,,2.9000115899124356e-14,2.1462061494622433e-16,2.878549528417813e-14,5.9000423594365465e-15,1.3100631690576847e-14,6.661338147750939e-16,8.881784197001252e-16,4.440892098500626e-15,0.0,1.1778937613642119e-15,2.6645352591003757e-15,0.7417068607727112,0.1831985523600313,1.094830556767335,0.1380324590989364,4.762159503962818e-15,1.9537064631642329e-16,1.1014020186088363e-14,5.37269277370164e-16,1.511680375873325e-14,6.105332697388227e-16,9.866217638979376e-15,9.524319007925635e-16,3.467828972116513e-15,8.791679084239047e-16,4.3958395421195237e-16,4.3958395421195237e-16,0.1380324590989364,9.524319007925635e-16
quadratic,20260920,41,1142,4,18.184480349450798,True,True,32,1.8184480349450797e-07,7.105427357601002e-15,-4.9049364914185105,2.990295924236508e-13,2.073126723199978e-15,2.969564657004508e-13,,1.6444219833462657e-14,1.1400527721225698e-16,1.6330214556250403e-14,4.6629367034256575e-15,9.13852327144582e-15,4.440892098500626e-16,0.0,3.552713678800501e-15,8.881784197001252e-16,4.583635058809576e-16,2.6645352591003757e-15,0.3266906630826885,0.14457165960516025,0.1760898348090476,0.022908371302276676,4.273732888171759e-15,2.442133078955291e-16,7.057764598180791e-15,3.174773002641878e-16,7.350820567655425e-15,3.663199618432936e-16,4.298154218961312e-15,4.3958395421195237e-16,1.3675945242149629e-15,4.884266157910582e-16,1.7094931552687036e-16,1.7094931552687036e-16,0.022908371302276676,4.884266157910582e-16
quadratic,20260920,42,3916,4,18.184480349450798,True,True,32,1.8184480349450797e-07,6.8833827526759706e-15,4.786766866676772,4.545411666104623e-13,3.1135147370350958e-15,4.514276518734272e-13,,2.4996104253492742e-14,1.7121824089568384e-16,2.482488601259706e-14,9.825473767932635e-15,4.273664755416462e-14,8.881784197001252e-16,4.440892098500626e-16,4.440892098500626e-15,1.7763568394002505e-15,9.60607255116147e-16,2.6645352591003757e-15,0.5230036382845603,0.17223827094079433,0.56371472372278,0.1136108554337142,4.127204903434442e-15,2.930559694746349e-16,6.325124674494203e-15,2.930559694746349e-16,8.107881822131566e-15,3.418986310537407e-16,1.015927360845401e-14,6.349546005283756e-16,6.71586596712705e-15,1.1722238778985397e-15,1.880442470795574e-15,1.880442470795574e-15,0.1136108554337142,1.880442470795574e-15
quadratic,20260920,43,5343,4,18.184480349450798,True,True,32,1.8184480349450797e-07,2.2898349882893854e-15,0.4836609262903009,2.5328884162025727e-13,2.119204282957115e-15,2.5116963733730015e-13,,1.3928846838227469e-14,1.1653917198800343e-16,1.3812307666239465e-14,1.9891495857867385e-15,8.347489366400396e-15,2.220446049250313e-16,2.220446049250313e-16,2.6645352591003757e-15,2.220446049250313e-16,1.8768055892472906e-16,2.6645352591003757e-15,0.16926245512896224,0.06453866221171917,0.26755555407714093,0.032784690195294154,3.492250302906066e-15,1.9537064631642329e-16,6.276282012915097e-15,2.930559694746349e-16,7.47292722160319e-15,4.3958395421195237e-16,5.4215354352807455e-15,4.884266157910582e-16,1.4897011781627275e-15,3.418986310537407e-16,2.1979197710597619e-16,2.1979197710597619e-16,0.032784690195294154,4.884266157910582e-16
quadratic,20260920,44,6289,4,18.184480349450798,True,True,32,1.8184480349450797e-07,6.661338147750939e-15,4.9078552397594,4.646631624445552e-13,3.087609533127177e-15,4.615755529114281e-13,,2.5552732523290878e-14,1.6979366326629335e-16,2.5382938860024583e-14,3.8487731520338765e-15,1.6431300764452317e-14,5.551115123125783e-16,4.440892098500626e-16,2.6645352591003757e-15,8.881784197001252e-16,5.625129991434126e-16,2.6645352591003757e-15,0.45997166291539093,0.1054963061055337,0.5357799044928789,0.07846257773530649,6.862393951864368e-15,3.9074129263284657e-16,1.2943305318463041e-14,6.349546005283756e-16,1.4897011781627275e-14,8.791679084239047e-16,1.1209390832404785e-14,1.0256958931612223e-15,4.5179461960672884e-15,1.1233812163194339e-15,9.768532315821165e-16,9.768532315821165e-16,0.07846257773530649,1.1233812163194339e-15
quadratic,20260920,45,6993,4,18.184480349450798,True,True,32,1.8184480349450797e-07,3.9968028886505635e-15,0.19891239503825275,3.990494112397835e-13,1.541921352503957e-15,3.9750748988727955e-13,,2.194450452095737e-14,8.479325902488743e-17,2.1859711261932485e-14,5.360791176047184e-15,1.3287981825982342e-14,4.440892098500626e-16,2.220446049250313e-16,3.552713678800501e-15,4.440892098500626e-15,5.519394465279344e-16,2.6645352591003757e-15,0.36089691670348323,0.12463815676689471,0.3745443110280282,0.05990572278777981,3.2724583258000898e-15,1.9537064631642329e-16,7.521769883182296e-15,3.418986310537407e-16,9.670846992662952e-15,4.3958395421195237e-16,7.595033875550955e-15,5.616906081597169e-16,3.467828972116513e-15,6.593759313179285e-16,6.349546005283756e-16,6.349546005283756e-16,0.05990572278777981,6.593759313179285e-16
quadratic,20260920,46,7594,4,18.184480349450798,True,True,32,1.8184480349450797e-07,4.773959005888173e-15,1.9008757332147725,3.1447133257211405e-13,1.5894692969216828e-15,3.1288186327519237e-13,,1.7293391206618208e-14,8.740801311760814e-17,1.72059831935006e-14,3.774758283725532e-15,1.493596912816031e-14,6.661338147750939e-16,2.220446049250313e-16,1.7763568394002505e-15,1.7763568394002505e-15,7.512509133296903e-16,2.6645352591003757e-15,0.3605843886158709,0.08984741876778166,0.3793163803313589,0.06441969033544605,4.127204903434442e-15,1.9537064631642329e-16,7.64387653713006e-15,2.930559694746349e-16,8.156724483710672e-15,3.9074129263284657e-16,5.37269277370164e-15,5.37269277370164e-16,2.124655778691103e-15,6.837972621074814e-16,4.640052850015053e-16,4.640052850015053e-16,0.06441969033544605,6.837972621074814e-16
quadratic,20260920,47,8085,4,18.184480349450798,True,True,32,1.8184480349450797e-07,3.774758283725532e-15,3.942215440039882,5.203392528360265e-13,1.7885329460840126e-15,5.185507198899425e-13,,2.861446919772671e-14,9.835491098529133e-17,2.8516114286741416e-14,3.651840734570604e-15,2.4088370187413943e-14,6.661338147750939e-16,5.551115123125783e-17,3.552713678800501e-15,1.7763568394002505e-15,4.726378019118526e-16,2.6645352591003757e-15,0.20990311588589167,0.06814290110724794,0.31143940043870044,0.04338741138863251,5.5680634200180635e-15,3.9074129263284657e-16,1.1526868132668973e-14,5.37269277370164e-16,1.5678494366892968e-14,7.326399236865872e-16,1.284561999530483e-14,9.768532315821165e-16,5.4703780968598515e-15,1.318751862635857e-15,6.837972621074814e-16,6.837972621074814e-16,0.04338741138863251,1.318751862635857e-15
quadratic,20260920,48,8903,4,18.184480349450798,True,True,32,1.8184480349450797e-07,2.1094237467877974e-15,1.5997181447192474,2.9056330754149785e-13,2.09138262263764e-15,2.884719249188602e-13,,1.5978642334438408e-14,1.150092046870508e-16,1.5863633129751356e-14,2.7385501274087192e-15,1.4564738304301272e-14,4.440892098500626e-16,1.1102230246251565e-16,3.1086244689504383e-15,1.1102230246251565e-15,3.3759370960104834e-16,2.6645352591003757e-15,0.27720535983983097,0.09549645710781027,0.3222551310136808,0.05427117790172065,3.736463610801595e-15,1.9537064631642329e-16,6.5204953208106266e-15,2.930559694746349e-16,8.034617829762908e-15,3.9074129263284657e-16,6.6181806439688386e-15,6.105332697388227e-16,2.7351890484299258e-15,7.814825852656931e-16,3.418986310537407e-16,3.418986310537407e-16,0.05427117790172065,7.814825852656931e-16
quadratic,20260920,49,9143,4,18.184480349450798,True,True,32,1.8184480349450797e-07,3.774758283725532e-15,4.793940367255609,5.082772826963968e-13,3.3417713041217233e-15,5.04935511392275e-13,,2.7951157961560755e-14,1.8377051419138575e-16,2.7767387447369366e-14,4.75175454539567e-15,2.5590640717609858e-14,8.881784197001252e-16,4.440892098500626e-16,8.881784197001252e-16,1.7763568394002505e-15,5.572262228356754e-16,2.6645352591003757e-15,0.42400350125816216,0.12141169834934619,0.37778715656927586,0.04691109205569858,6.398388666862862e-15,2.930559694746349e-16,1.1868766763722714e-14,7.326399236865872e-16,1.3871315888466052e-14,1.1233812163194339e-15,9.57316166950474e-15,1.0256958931612223e-15,3.809727603170254e-15,1.2699092010567513e-15,4.884266157910582e-17,4.884266157910582e-17,0.04691109205569858,1.2699092010567513e-15
quadratic,20260920,50,1325,5,18.184480349450798,True,True,32,1.8184480349450797e-07,6.661338147750939e-15,13.854945714684593,4.3070312528121976e-13,2.796308158570765e-15,4.27906817122649e-13,,2.368520392138826e-14,1.537744331888603e-16,2.3531429488199398e-14,4.477899532654798e-15,1.7430501486614958e-14,1.7763568394002505e-15,4.440892098500626e-16,5.329070518200751e-15,1.7763568394002505e-15,1.4715741852591047e-15,5.329070518200751e-15,0.6812145985846573,0.1701515467459112,0.7607162933497421,0.11303607579905806,4.99416214646357e-15,2.3200264250075266e-16,8.364305795421872e-15,3.7853062723807007e-16,9.707478988847282e-15,5.006372811858346e-16,6.4838633246262975e-15,7.448505890813637e-16,2.30781575961275e-15,5.494799427649404e-16,2.8084530407985847e-16,2.8084530407985847e-16,0.11303607579905806,7.448505890813637e-16
quadratic,20260920,51,1435,5,18.184480349450798,True,True,32,1.8184480349450797e-07,7.396860901565105e-15,15.210356185277499,4.660493882347964e-13,4.879165854412175e-15,4.611702223803842e-13,,2.5628963780033e-14,2.6831483554379015e-16,2.5360648944489214e-14,7.359192620372467e-15,1.5765166949677223e-14,1.7763568394002505e-15,4.440892098500626e-16,5.329070518200751e-15,1.7763568394002505e-15,1.1889959916104644e-15,5.329070518200751e-15,0.9527838719628715,0.19517448574716031,1.2960248449168827,0.18816469205816108,4.2004688958031e-15,3.174773002641878e-16,7.839247183446484e-15,3.663199618432936e-16,9.622004331083846e-15,5.128479465806111e-16,7.082185928970344e-15,1.1966452086880925e-15,3.492250302906066e-15,8.547465776343518e-16,6.593759313179285e-16,6.593759313179285e-16,0.18816469205816108,1.1966452086880925e-15
quadratic,20260920,52,3703,5,18.184480349450798,True,True,32,1.8184480349450797e-07,6.217248937900877e-15,13.91679332629253,5.072965196066074e-13,2.9968752347456053e-15,5.042996443718618e-13,,2.789722388860722e-14,1.6480400743682048e-16,2.77324198811704e-14,5.360791176047184e-15,1.6112111644872584e-14,2.6645352591003757e-15,2.220446049250313e-16,5.329070518200751e-15,1.7763568394002505e-15,2.198770266388581e-15,7.105427357601002e-15,0.6063398847663212,0.16953349116964506,0.6967693498939955,0.10941884055176958,5.555852754623287e-15,2.442133078955291e-16,8.620729768712177e-15,3.9074129263284657e-16,8.193356479895e-15,4.02951958027623e-16,5.177322127385217e-15,4.762159503962817e-16,1.3798051896097394e-15,3.2968796565896427e-16,4.884266157910582e-16,4.884266157910582e-16,0.10941884055176958,4.884266157910582e-16
quadratic,20260920,53,4857,5,18.184480349450798,True,True,32,1.8184480349450797e-07,7.993605777301127e-15,8.591378020228495,4.3887122771902823e-13,2.8528766650635725e-15,4.3601835105396467e-13,,2.4134383786902268e-14,1.5688524556324394e-16,2.3977498541339023e-14,5.551115123125783e-15,1.849909114781667e-14,2.6645352591003757e-15,4.440892098500626e-16,5.329070518200751e-15,1.7763568394002505e-15,1.5680578528753393e-15,5.329070518200751e-15,0.5691835969182929,0.16922660930785655,0.7940762276666058,0.09787544334286986,3.882991595538913e-15,2.1979197710597619e-16,7.802615187262154e-15,3.418986310537407e-16,9.26789503463533e-15,4.884266157910582e-16,6.215228685941215e-15,8.05903916055246e-16,2.4299224135605144e-15,8.547465776343518e-16,7.814825852656931e-16,7.814825852656931e-16,0.09787544334286986,8.547465776343518e-16
quadratic,20260920,54,4983,5,18.184480349450798,True,True,32,1.8184480349450797e-07,9.769962616701378e-15,16.858644376520836,5.412120487219021e-13,4.857225732735063e-15,5.36354822989167e-13,,2.976230490624098e-14,2.671083055107351e-16,2.949519660073024e-14,7.486075251758199e-15,2.556288514199423e-14,8.881784197001252e-16,4.440892098500626e-16,7.105427357601002e-15,7.105427357601002e-15,9.013953604694733e-16,5.329070518200751e-15,0.7575250108313658,0.1696183867132315,0.7792092642203866,0.12384090599000125,5.177322127385217e-15,3.418986310537407e-16,7.057764598180791e-15,4.3958395421195237e-16,8.535255110948742e-15,5.494799427649404e-16,7.92472184120992e-15,6.71586596712705e-16,5.213954123569546e-15,1.4042265203992924e-15,1.6606504936895979e-15,1.6606504936895979e-15,0.12384090599000125,1.6606504936895979e-15
quadratic,20260920,55,6323,5,18.184480349450798,True,True,32,1.8184480349450797e-07,1.2434497875801753e-14,15.647326821112093,5.127064117176126e-13,5.1281730185066785e-15,5.07578238699106e-13,,2.819472439492049e-14,2.8200822459364685e-16,2.791271617032684e-14,6.38378239159465e-15,1.304512053934559e-14,1.3322676295501878e-15,6.661338147750939e-16,8.881784197001252e-15,1.7763568394002505e-15,1.2122578073645152e-15,5.329070518200751e-15,0.8510917757463816,0.1835375265456014,1.0645078114620483,0.11667321609806187,4.981951481068794e-15,2.442133078955291e-16,1.0403486916349539e-14,4.3958395421195237e-16,1.1551289463458526e-14,4.640052850015053e-16,8.47420178397486e-15,6.349546005283756e-16,2.7840317100090318e-15,8.791679084239047e-16,2.442133078955291e-17,2.442133078955291e-17,0.11667321609806187,8.791679084239047e-16
quadratic,20260920,56,6699,5,18.184480349450798,True,True,32,1.8184480349450797e-07,7.105427357601002e-15,12.755748639445914,5.150035490656771e-13,3.1629791378643793e-15,5.118405699278128e-13,,2.832104845279404e-14,1.7393838465996675e-16,2.8147110068134076e-14,8.75490156561552e-15,1.7930101847696278e-14,4.440892098500626e-16,5.759281940243e-16,7.105427357601002e-15,1.7763568394002505e-15,6.008421273745213e-16,7.105427357601002e-15,0.7298834747902957,0.17494776100716455,0.7321836469336624,0.13640333810557467,4.4813141998829586e-15,2.1979197710597619e-16,8.681783095686059e-15,4.884266157910582e-16,1.2039716079249584e-14,7.570612544761401e-16,1.0110430946874904e-14,8.05903916055246e-16,4.139415568829218e-15,9.524319007925635e-16,5.739012735544933e-16,5.739012735544933e-16,0.13640333810557467,9.524319007925635e-16
quadratic,20260920,57,6794,5,18.184480349450798,True,True,32,1.8184480349450797e-07,5.773159728050814e-15,12.233235268129683,5.031476888567575e-13,2.1690651920094773e-15,5.00978623664748e-13,,2.7669071603245093e-14,1.1928112051191976e-16,2.7549790482733173e-14,5.9119376061289586e-15,1.7805201757425948e-14,1.3322676295501878e-15,2.220446049250313e-16,7.105427357601002e-15,0.0,1.5344868233211975e-15,5.329070518200751e-15,0.589307205190846,0.1545102073053773,0.7255482214853426,0.12448949988000342,4.285943553566535e-15,2.1979197710597619e-16,8.217777810684554e-15,3.174773002641878e-16,9.035892392134577e-15,5.128479465806111e-16,6.12975402817778e-15,6.593759313179285e-16,2.381079751981409e-15,7.082185928970343e-16,3.5410929644851717e-16,3.5410929644851717e-16,0.12448949988000342,7.082185928970343e-16
quadratic,20260920,58,7277,5,18.184480349450798,True,True,32,1.8184480349450797e-07,2.1760371282653068e-14,32.79840324718781,7.195989835752568e-13,8.227281290103188e-15,7.113717022851536e-13,,3.9572149973314464e-14,4.524342258893125e-16,3.911971574742515e-14,9.325873406851315e-15,2.2315482794965646e-14,3.552713678800501e-15,8.881784197001252e-16,0.0,7.105427357601002e-15,3.1519760346738967e-15,7.105427357601002e-15,1.2915236713565883,0.2636335069380883,1.464283485534829,0.21671334492159652,4.908687488700135e-15,3.9074129263284657e-16,1.1526868132668973e-14,7.326399236865872e-16,1.7583358168478094e-14,1.0256958931612223e-15,1.2161822733197348e-14,1.1478025471089867e-15,3.2724583258000898e-15,1.2699092010567513e-15,4.884266157910582e-17,4.884266157910582e-17,0.21671334492159652,1.2699092010567513e-15
quadratic,20260920,59,7584,5,18.184480349450798,True,True,32,1.8184480349450797e-07,1.1102230246251565e-14,9.658031673910362,7.748383945042969e-13,4.364498180853801e-15,7.704738963234431e-13,,4.26098727934064e-14,2.4001225753946914e-16,4.2369860535866934e-14,6.957397620984314e-15,1.1796119636642288e-14,8.881784197001252e-16,8.881784197001252e-16,3.552713678800501e-15,0.0,1.5968707837525176e-15,7.105427357601002e-15,1.1982360660313582,0.2797542974023593,1.30709129396011,0.35097693910981553,4.4813141998829586e-15,2.1979197710597619e-16,7.790404521867378e-15,5.128479465806111e-16,9.939481631348034e-15,5.128479465806111e-16,7.424084560024085e-15,6.837972621074814e-16,3.980676918697124e-15,8.181145814500224e-16,9.6464256618734e-16,9.6464256618734e-16,0.35097693910981553,9.6464256618734e-16
quadratic,20260920,60,430,6,18.184480349450798,True,True,32,1.8184480349450797e-07,7.327471962526033e-15,-3.323648787812184,4.398581036439235e-13,3.179004678547209e-15,4.366790989653763e-13,,2.4188654016566822e-14,1.748196603618217e-16,2.4013834356205e-14,5.329070518200751e-15,1.5503223704804725e-14,2.220446049250313e-16,5.551115123125783e-17,3.9968028886505635e-15,8.881784197001252e-16,1.2476792086263797e-16,3.552713678800501e-15,0.2500448753830822,0.0802701418912317,0.13948022901916585,0.02215598110331772,6.447231328441968e-15,2.930559694746349e-16,1.1136126840036127e-14,4.884266157910582e-16,1.2357193379513772e-14,4.884266157910582e-16,7.912511175815142e-15,6.837972621074814e-16,2.979402356325455e-15,6.837972621074814e-16,5.861119389492698e-16,5.861119389492698e-16,0.02215598110331772,6.837972621074814e-16
quadratic,20260920,61,3174,6,18.184480349450798,True,True,32,1.8184480349450797e-07,5.773159728050814e-15,-2.5602801836759,6.237049897714475e-13,3.1979379461993013e-15,6.205070518252482e-13,,3.4298752440857315e-14,1.7586083763432286e-16,3.4122891603222996e-14,4.263256414560601e-15,2.0372592501871623e-14,1.3322676295501878e-15,2.3592239273284576e-16,4.884981308350689e-15,8.881784197001252e-16,5.477100254817431e-16,3.552713678800501e-15,0.6066280095084331,0.20056957594208458,0.4873688149545474,0.13767860651719943,1.1526868132668973e-14,5.861119389492698e-16,1.729030219900346e-14,7.814825852656931e-16,1.7094931552687037e-14,9.280105700030107e-16,1.0647700224245069e-14,1.1722238778985397e-15,3.6631996184329366e-15,9.768532315821165e-16,7.814825852656931e-16,7.814825852656931e-16,0.13767860651719943,1.1722238778985397e-15
quadratic,20260920,62,4412,6,18.184480349450798,True,True,32,1.8184480349450797e-07,2.1094237467877974e-15,-1.4726475765347864,6.23342928200247e-13,3.245469369441063e-15,6.200974588308059e-13,,3.427884196971694e-14,1.7847468319539202e-16,3.410036728652155e-14,4.343747583845925e-15,2.3946339702818342e-14,1.1102230246251565e-16,1.734723475976807e-18,3.774758283725532e-15,8.881784197001252e-16,1.9772543390943352e-16,3.552713678800501e-15,0.12115886230296655,0.03690199589254244,0.050701667107008214,0.005899211283980848,9.182420376871893e-15,3.9074129263284657e-16,1.553196638215565e-14,5.861119389492698e-16,1.8120627445848258e-14,5.861119389492698e-16,1.4652798473731746e-14,7.814825852656931e-16,6.789129959495709e-15,1.1233812163194339e-15,1.2699092010567513e-15,1.2699092010567513e-15,0.005899211283980848,1.2699092010567513e-15
quadratic,20260920,63,4542,6,18.184480349450798,True,True,32,1.8184480349450797e-07,8.43769498715119e-15,-4.989703817935811,5.005981657641143e-13,2.2637893543857946e-15,4.983343764097286e-13,,2.7528868361598973e-14,1.2449018673520494e-16,2.740437817486377e-14,7.771561172376096e-15,1.7819079545233762e-14,8.881784197001252e-16,1.1102230246251565e-16,4.440892098500626e-15,8.881784197001252e-16,8.52228340807501e-16,3.552713678800501e-15,0.47790425171138423,0.16314114385116685,0.3496144350374802,0.03960033827433638,7.179871252128555e-15,3.9074129263284657e-16,1.3382889272674994e-14,5.861119389492698e-16,1.4555113150573534e-14,8.303252468447989e-16,8.64515109950173e-15,9.768532315821165e-16,3.2724583258000898e-15,1.0256958931612223e-15,6.837972621074814e-16,6.837972621074814e-16,0.03960033827433638,1.0256958931612223e-15
quadratic,20260920,64,5260,6,18.184480349450798,True,True,32,1.8184480349450797e-07,6.661338147750939e-15,-1.5134257042367825,5.211353174391522e-13,3.4435417480456886e-15,5.176917756911066e-13,,2.865824634108345e-14,1.8936706916399124e-16,2.846887927191946e-14,5.10702591327572e-15,1.3100631690576847e-14,1.9984014443252818e-15,4.440892098500626e-16,3.9968028886505635e-15,2.6645352591003757e-15,1.6251550369989174e-15,3.552713678800501e-15,0.7440488012901303,0.20253149685731817,0.803227821187731,0.14872509720407046,8.449780453185306e-15,4.3958395421195237e-16,1.1136126840036127e-14,4.884266157910582e-16,1.015927360845401e-14,5.861119389492698e-16,5.4215354352807455e-15,4.884266157910582e-16,2.0025491247433385e-15,4.3958395421195237e-16,4.3958395421195237e-16,4.3958395421195237e-16,0.14872509720407046,5.861119389492698e-16
quadratic,20260920,65,5777,6,18.184480349450798,True,True,32,1.8184480349450797e-07,7.16093850883226e-15,-0.9747862928733131,4.148158668411857e-13,3.0927641400272203e-15,4.117231027011585e-13,,2.2811532629455307e-14,1.700771251415291e-16,2.2641455504313777e-14,6.217248937900877e-15,8.340550472496489e-15,1.3322676295501878e-15,2.220446049250313e-16,4.3298697960381105e-15,2.220446049250313e-16,6.703632358212856e-16,3.552713678800501e-15,0.8397906740652168,0.21186678632018613,0.939606268557162,0.16316558448092272,6.5937593131792856e-15,3.9074129263284657e-16,9.622004331083846e-15,3.9074129263284657e-16,8.547465776343518e-15,4.884266157910582e-16,4.640052850015053e-15,4.884266157910582e-16,1.6606504936895979e-15,3.9074129263284657e-16,2.930559694746349e-16,2.930559694746349e-16,0.16316558448092272,4.884266157910582e-16
quadratic,20260920,66,6206,6,18.184480349450798,True,True,32,1.8184480349450797e-07,8.43769498715119e-15,2.6946382208511874,6.282976453923321e-13,3.7875787162717985e-15,6.245100666760603e-13,,3.455131152050258e-14,2.0828633227268384e-16,3.434302518822989e-14,7.866723145915395e-15,1.4061668496267998e-14,1.3322676295501878e-15,4.440892098500626e-16,5.329070518200751e-15,1.7763568394002505e-15,1.8334540235238337e-15,3.552713678800501e-15,0.4214165786071217,0.17206285562101897,0.47880363090348793,0.03742410162003922,1.015927360845401e-14,4.884266157910582e-16,1.4408585165836218e-14,6.837972621074814e-16,1.528775307426012e-14,8.303252468447989e-16,1.0305801593191328e-14,8.791679084239047e-16,3.0770876794836666e-15,9.280105700030107e-16,9.768532315821164e-17,9.768532315821164e-17,0.03742410162003922,9.280105700030107e-16
quadratic,20260920,67,6466,6,18.184480349450798,True,True,32,1.8184480349450797e-07,9.103828801926284e-15,-1.5930441864778668,4.677509371894421e-13,3.107534071336966e-15,4.646434031181052e-13,,2.5722535271873686e-14,1.708893524378781e-16,2.555164591943581e-14,6.661338147750939e-15,1.55500612386561e-14,1.3322676295501878e-15,3.3306690738754696e-16,6.661338147750939e-16,2.220446049250313e-16,1.4855841424746153e-15,3.552713678800501e-15,0.7162452046261747,0.13673853701405114,0.8589138081730745,0.17889741433734094,7.765983191077826e-15,3.9074129263284657e-16,1.1233812163194339e-14,5.37269277370164e-16,1.1136126840036127e-14,4.884266157910582e-16,7.765983191077826e-15,6.349546005283756e-16,2.8328743715881374e-15,9.280105700030107e-16,1.4652798473731746e-16,1.4652798473731746e-16,0.17889741433734094,9.280105700030107e-16
quadratic,20260920,68,7419,6,18.184480349450798,True,True,32,1.8184480349450797e-07,3.9968028886505635e-15,2.4245049953927182,8.557892985531064e-13,2.9137571984823728e-15,8.52875541354624e-13,,4.706152070927629e-14,1.6023318469864183e-16,4.690128752457764e-14,7.739840514529664e-15,4.017619570362285e-14,2.6645352591003757e-15,4.440892098500626e-16,8.881784197001252e-16,2.6645352591003757e-15,2.536595272453091e-15,3.552713678800501e-15,0.45931733418215953,0.17506739894788786,0.433745454902706,0.0725234309560943,1.0110430946874904e-14,4.3958395421195237e-16,1.7729886153215413e-14,7.814825852656931e-16,2.3297949573233475e-14,1.074538554740328e-15,1.9537064631642327e-14,1.5629651705313863e-15,8.791679084239047e-15,2.0513917863224445e-15,1.5141225089522803e-15,1.5141225089522803e-15,0.0725234309560943,2.0513917863224445e-15
quadratic,20260920,69,9004,6,18.184480349450798,True,True,32,1.8184480349450797e-07,6.661338147750939e-15,-3.432023888775202,4.734122733379962e-13,2.6225384298057743e-15,4.707897349081905e-13,,2.6033863175655392e-14,1.4421849727946607e-16,2.588964467837593e-14,5.551115123125783e-15,1.5771238481843142e-14,4.440892098500626e-16,5.551115123125783e-17,4.440892098500626e-15,8.881784197001252e-16,6.693058805597376e-16,3.552713678800501e-15,0.40665636274352,0.1436979284021973,0.16858691649186616,0.045714060779209365,6.984500605812132e-15,3.9074129263284657e-16,1.1380340147931655e-14,5.37269277370164e-16,1.2308350717934666e-14,6.349546005283756e-16,8.791679084239047e-15,8.791679084239047e-16,3.223615664220984e-15,8.303252468447989e-16,7.326399236865872e-16,7.326399236865872e-16,0.045714060779209365,8.791679084239047e-16
quadratic,20260920,70,60,7,18.184480349450798,True,True,32,1.8184480349450797e-07,1.2878587085651816e-14,21.155641741232525,6.010469238717404e-13,4.464682591885449e-15,5.96582241279855e-13,,3.305274125635892e-14,2.4552159347354074e-16,3.2807219662885375e-14,6.8833827526759706e-15,2.0747292772682613e-14,8.881784197001252e-16,2.6645352591003757e-15,3.552713678800501e-15,3.552713678800501e-15,1.3835493597352542e-15,2.6645352591003757e-15,0.8140044682956494,0.1628165747795694,0.8068664955866006,0.13964841398739736,6.032068705019569e-15,3.174773002641878e-16,9.744110985031612e-15,4.1516262342239947e-16,1.1429182809510761e-14,6.349546005283756e-16,7.204292582918109e-15,6.349546005283756e-16,2.3688690865866323e-15,5.861119389492698e-16,4.640052850015053e-16,4.640052850015053e-16,0.13964841398739736,6.349546005283756e-16
quadratic,20260920,71,1722,7,18.184480349450798,True,True,32,1.8184480349450797e-07,1.2434497875801753e-14,18.106311386659407,6.457154916581604e-13,3.96389270613489e-15,6.417515989520256e-13,,3.550915281874756e-14,2.1798218205639329e-16,3.529117063669117e-14,6.827871601444713e-15,1.2254086634300165e-14,2.220446049250313e-15,0.0,3.552713678800501e-15,3.552713678800501e-15,1.4998584385055071e-15,2.6645352591003757e-15,0.7931401753101179,0.1945453697901123,0.716565565763954,0.09573415762135508,8.791679084239047e-15,4.3958395421195237e-16,1.2723513341357067e-14,4.884266157910582e-16,1.0696542885824175e-14,5.861119389492698e-16,6.4716526592315206e-15,5.128479465806111e-16,3.223615664220984e-15,7.570612544761401e-16,6.105332697388227e-16,6.105332697388227e-16,0.09573415762135508,7.570612544761401e-16
quadratic,20260920,72,2164,7,18.184480349450798,True,True,32,1.8184480349450797e-07,1.3766765505351941e-14,23.67288005069338,7.835395031209812e-13,3.995613363981325e-15,7.795438897569998e-13,,4.308836370705778e-14,2.1972656282707573e-16,4.2868637144230706e-14,8.564577618536921e-15,1.7430501486614958e-14,3.1086244689504383e-15,8.881784197001252e-16,0.0,7.105427357601002e-15,2.7766149168244427e-15,3.552713678800501e-15,0.9489764988779074,0.24956694039267568,1.1634286109885652,0.20215734827058873,7.912511175815142e-15,3.9074129263284657e-16,1.1380340147931655e-14,4.884266157910582e-16,1.0769806878192833e-14,5.616906081597169e-16,7.692719198709166e-15,7.814825852656931e-16,3.4434076413269604e-15,9.280105700030107e-16,1.4652798473731746e-16,1.4652798473731746e-16,0.20215734827058873,9.280105700030107e-16
quadratic,20260920,73,5110,7,18.184480349450798,True,True,32,1.8184480349450797e-07,9.325873406851315e-15,23.39579479019978,7.495089866209931e-13,3.3019222277021403e-15,7.462070643932909e-13,,4.12169593091303e-14,1.8157913584821598e-16,4.103538017328208e-14,1.0325074129013956e-14,4.6004866582904924e-14,1.7763568394002505e-15,8.881784197001252e-16,7.105427357601002e-15,3.552713678800501e-15,1.7541523789077458e-15,3.552713678800501e-15,0.872027845093422,0.18691010634956098,0.8835265278025795,0.13781623039525576,6.789129959495709e-15,3.9074129263284657e-16,1.0647700224245069e-14,4.3958395421195237e-16,1.1282654824773443e-14,8.791679084239047e-16,1.0110430946874904e-14,7.814825852656931e-16,7.082185928970344e-15,1.4652798473731745e-15,1.611807832110492e-15,1.611807832110492e-15,0.13781623039525576,1.611807832110492e-15
quadratic,20260920,74,5313,7,18.184480349450798,True,True,32,1.8184480349450797e-07,7.549516567451064e-15,17.318321728599944,6.999837548218207e-13,2.7423830402318344e-15,6.972413717815889e-13,,3.8493470331307073e-14,1.5080898587870064e-16,3.8342661345428374e-14,8.104628079763643e-15,2.8917840344533374e-14,8.881784197001252e-16,4.440892098500626e-16,3.552713678800501e-15,3.552713678800501e-15,8.152209066533275e-16,3.552713678800501e-15,0.8356304365320992,0.21222899852921293,0.6098746240804963,0.09428497324859869,4.859844827121029e-15,2.442133078955291e-16,7.424084560024085e-15,3.174773002641878e-16,7.936932506604696e-15,6.349546005283756e-16,6.056490035809121e-15,5.861119389492698e-16,2.173498440270209e-15,5.861119389492698e-16,7.326399236865872e-16,7.326399236865872e-16,0.09428497324859869,7.326399236865872e-16
quadratic,20260920,75,5523,7,18.184480349450798,True,True,32,1.8184480349450797e-07,1.6431300764452317e-14,21.667149994743298,5.942972304749462e-13,1.7816436157079905e-15,5.925155868592382e-13,,3.2681562467243944e-14,9.797605328665876e-17,3.258358641395728e-14,1.1712852909795402e-14,1.5806800313100666e-14,1.7763568394002505e-15,8.881784197001252e-16,0.0,3.552713678800501e-15,2.104665648110831e-15,3.552713678800501e-15,0.7872465817537395,0.17005301859665115,0.8196987284160536,0.13289627868307308,6.056490035809121e-15,2.930559694746349e-16,9.353369692398764e-15,4.3958395421195237e-16,1.0354644254770434e-14,4.3958395421195237e-16,6.6670233055479446e-15,5.37269277370164e-16,2.3444477557970793e-15,5.616906081597169e-16,2.68634638685082e-16,2.68634638685082e-16,0.13289627868307308,5.616906081597169e-16
quadratic,20260920,76,7928,7,18.184480349450798,True,True,32,1.8184480349450797e-07,1.3322676295501878e-14,22.935127888245404,8.959917464053325e-13,3.0877417025348712e-15,8.929040047027976e-13,,4.9272331635937724e-14,1.6980093151950456e-16,4.910253070441822e-14,1.3489209749195652e-14,5.1306181525490047e-14,2.6645352591003757e-15,8.881784197001252e-16,0.0,7.105427357601002e-15,2.526550397468394e-15,3.552713678800501e-15,0.8392893735482736,0.18093709970000482,0.8502695116647818,0.13041897005340491,6.71586596712705e-15,2.930559694746349e-16,1.1697817448195844e-14,4.3958395421195237e-16,1.4555113150573534e-14,6.349546005283756e-16,1.1819924102143608e-14,8.791679084239047e-16,5.104058135016558e-15,1.3920158550045159e-15,1.6362291629000449e-15,1.6362291629000449e-15,0.13041897005340491,1.6362291629000449e-15
quadratic,20260920,77,8612,7,18.184480349450798,True,True,32,1.8184480349450797e-07,7.327471962526033e-15,20.476083933532262,6.026500727023581e-13,2.4413011295061003e-15,6.00208771572852e-13,,3.314090153368387e-14,1.3425190506364026e-16,3.300664962862023e-14,8.945225512694118e-15,2.4952262478450393e-14,8.881784197001252e-16,4.440892098500626e-16,3.552713678800501e-15,3.552713678800501e-15,7.708119856683238e-16,3.552713678800501e-15,0.7689699449934498,0.16280313714271263,0.7371140778152521,0.1365984336746244,6.740287297916603e-15,3.9074129263284657e-16,1.1429182809510761e-14,7.326399236865872e-16,1.1478025471089867e-14,7.326399236865872e-16,7.277556575286767e-15,7.326399236865872e-16,2.7351890484299258e-15,6.349546005283756e-16,7.326399236865872e-16,7.326399236865872e-16,0.1365984336746244,7.326399236865872e-16
quadratic,20260920,78,8934,7,18.184480349450798,True,True,32,1.8184480349450797e-07,1.0658141036401503e-14,20.038999071624197,9.058227052036844e-13,3.902169592742036e-15,9.019205356109424e-13,,4.981295521216485e-14,2.145879078067737e-16,4.9598367304358077e-14,1.1268763699945339e-14,3.7470027081099033e-14,8.881784197001252e-16,4.440892098500626e-16,3.552713678800501e-15,7.105427357601002e-15,1.1149811233021225e-15,3.552713678800501e-15,0.7815797676882481,0.18047736461268307,0.7415771149854263,0.1515815054432911,8.425359122395754e-15,4.884266157910582e-16,1.7412408852951225e-14,6.349546005283756e-16,2.310257892691705e-14,9.280105700030107e-16,1.9268429992957247e-14,1.1233812163194339e-15,9.011471061345023e-15,1.7094931552687037e-15,1.8315998092164683e-15,1.8315998092164683e-15,0.1515815054432911,1.8315998092164683e-15
quadratic,20260920,79,9879,7,18.184480349450798,True,True,32,1.8184480349450797e-07,9.325873406851315e-15,20.05255457084848,7.617275692481517e-13,4.405553303118586e-15,7.573220159450331e-13,,4.188888297108568e-14,2.4226995869319087e-16,4.164661301239249e-14,8.945225512694118e-15,1.9258900030294512e-14,2.6645352591003757e-15,8.881784197001252e-16,7.105427357601002e-15,0.0,2.236835055804304e-15,3.552713678800501e-15,0.6055396548558979,0.15717683347290898,0.9229632252869481,0.1462042823606793,9.719689654242058e-15,4.884266157910582e-16,1.5165646420312355e-14,5.128479465806111e-16,1.6557662275316873e-14,7.570612544761401e-16,1.1624553455827185e-14,8.303252468447989e-16,5.079636804227005e-15,1.2943305318463043e-15,1.4408585165836217e-15,1.4408585165836217e-15,0.1462042823606793,1.4408585165836217e-15
quadratic,20260920,80,298,8,18.184480349450798,True,True,32,1.8184480349450797e-07,7.105427357601002e-15,12.599090503079198,5.038886305562871e-13,3.3244571117138785e-15,5.005641734445732e-13,,2.770981743074695e-14,1.8281837302072164e-16,2.7526999057726226e-14,5.487673807432917e-15,2.1703125407945834e-14,1.7763568394002505e-15,4.440892098500626e-16,1.7763568394002505e-15,1.7763568394002505e-15,1.8942519510628264e-15,2.6645352591003757e-15,0.7659339779924782,0.20065241653074267,0.6900480375521567,0.13590264904444346,5.4093247698859694e-15,2.442133078955291e-16,9.976113627532364e-15,3.9074129263284657e-16,1.1014020186088363e-14,5.37269277370164e-16,7.997985833578578e-15,7.570612544761401e-16,3.2480369950105368e-15,1.0012745623716693e-15,6.105332697388227e-16,6.105332697388227e-16,0.13590264904444346,1.0012745623716693e-15
quadratic,20260920,81,523,8,18.184480349450798,True,True,32,1.8184480349450797e-07,8.43769498715119e-15,11.436446887716293,5.142342900705493e-13,5.340833595485472e-15,5.088934564750637e-13,,2.827874540204169e-14,2.937028440104297e-16,2.798504255803126e-14,5.625129991434126e-15,1.5654144647214707e-14,3.552713678800501e-15,5.551115123125783e-16,0.0,3.552713678800501e-15,2.480819782406451e-15,3.552713678800501e-15,0.7357017388743292,0.2249708905927405,1.01847644480297,0.19728111098398582,4.3714182113299704e-15,2.442133078955291e-16,7.729351194893496e-15,4.1516262342239947e-16,8.693993761080836e-15,4.762159503962817e-16,6.105332697388227e-15,5.739012735544933e-16,1.7827571476373623e-15,5.739012735544933e-16,8.547465776343518e-17,8.547465776343518e-17,0.19728111098398582,5.739012735544933e-16
quadratic,20260920,82,1566,8,18.184480349450798,True,True,32,1.8184480349450797e-07,9.769962616701378e-15,17.728654039686432,6.224898903218174e-13,6.675546359077987e-15,6.158143439627395e-13,,3.423193175496036e-14,3.671012990634951e-16,3.386483045589687e-14,1.0023727879472843e-14,2.193384363025075e-14,2.6645352591003757e-15,8.881784197001252e-16,0.0,7.105427357601002e-15,4.07108209577429e-15,3.552713678800501e-15,0.968366541518964,0.29394010793725733,1.469525499170022,0.21085367517329764,5.971015378045686e-15,3.418986310537407e-16,1.1624553455827185e-14,5.861119389492698e-16,1.305320130701603e-14,6.593759313179285e-16,8.828311080423377e-15,6.837972621074814e-16,3.431196975932184e-15,8.913785738186812e-16,7.204292582918108e-16,7.204292582918108e-16,0.21085367517329764,8.913785738186812e-16
quadratic,20260920,83,2304,8,18.184480349450798,True,True,32,1.8184480349450797e-07,1.554312234475219e-14,25.073851742344544,8.504044029813312e-13,8.447872031543584e-15,8.419565309497877e-13,,4.6765394811351584e-14,4.645649404987657e-16,4.630082987085282e-14,9.80697005085555e-15,4.18554080283684e-14,1.7763568394002505e-15,3.0531133177191805e-16,7.105427357601002e-15,7.105427357601002e-15,1.8360974116776978e-15,7.105427357601002e-15,1.2193647831140333,0.2155800196458681,1.2565410555769487,0.13089509349341075,7.521769883182296e-15,4.884266157910582e-16,1.577617969005118e-14,7.814825852656931e-16,2.1576245752569996e-14,1.2821198664515278e-15,1.5934918340183274e-14,2.2101304364545382e-15,5.4215354352807455e-15,1.3920158550045159e-15,8.547465776343518e-16,8.547465776343518e-16,0.13089509349341075,2.2101304364545382e-15
quadratic,20260920,84,4575,8,18.184480349450798,True,True,32,1.8184480349450797e-07,1.1102230246251565e-14,15.507131647468968,4.652720008210951e-13,2.418435821975133e-15,4.6285356499912e-13,,2.5586213731708155e-14,1.329944972581069e-16,2.5453219234450047e-14,6.471014200672341e-15,2.1344037648418634e-14,1.3322676295501878e-15,0.0,1.7763568394002505e-15,5.329070518200751e-15,1.2619535046572605e-15,2.6645352591003757e-15,0.7818227872592746,0.2608273020727012,0.48037405733799304,0.06772731127655615,4.933108819489688e-15,3.9074129263284657e-16,6.960079275022579e-15,4.1516262342239947e-16,6.92344727883825e-15,3.9074129263284657e-16,7.582823210156178e-15,7.814825852656931e-16,4.835423496331476e-15,1.2210665394776455e-15,1.2210665394776455e-15,1.2210665394776455e-15,0.06772731127655615,1.2210665394776455e-15
quadratic,20260920,85,5972,8,18.184480349450798,True,True,32,1.8184480349450797e-07,1.0658141036401503e-14,23.342683852076497,7.515321698292609e-13,4.156463533144275e-15,7.473757062961167e-13,,4.132821809516039e-14,2.2857202698507727e-16,4.109964606817531e-14,1.062642037855507e-14,2.1871393585115584e-14,1.7763568394002505e-15,2.220446049250313e-16,0.0,0.0,3.0327592289343855e-15,2.6645352591003757e-15,0.9822607734984018,0.27722248725067256,0.5917050046797179,0.08566408232454112,6.935657944233026e-15,3.174773002641878e-16,1.1429182809510761e-14,4.3958395421195237e-16,1.2540353360435419e-14,5.37269277370164e-16,7.448505890813637e-15,1.2943305318463043e-15,4.6278421846202766e-15,1.0134852277664458e-15,9.890638969768928e-16,9.890638969768928e-16,0.08566408232454112,1.2943305318463043e-15
quadratic,20260920,86,6624,8,18.184480349450798,True,True,32,1.8184480349450797e-07,1.687538997430238e-14,20.43287604411153,5.796595016152463e-13,2.7601267832146815e-15,5.768993748320317e-13,,3.1876605241169456e-14,1.5178474887230098e-16,3.172482049229716e-14,1.08484649834801e-14,2.3647750424515834e-14,1.7763568394002505e-15,8.881784197001252e-16,0.0,3.552713678800501e-15,1.1969261560720728e-15,3.552713678800501e-15,1.0381272843981562,0.22284755196644762,0.6191889272422446,0.08842503242267025,4.053940911065783e-15,1.7094931552687036e-16,6.886815282653921e-15,3.663199618432936e-16,9.841796308189822e-15,5.128479465806111e-16,8.425359122395754e-15,7.326399236865872e-16,4.249311557382206e-15,9.280105700030107e-16,1.2210665394776455e-15,1.2210665394776455e-15,0.08842503242267025,1.2210665394776455e-15
quadratic,20260920,87,8070,8,18.184480349450798,True,True,32,1.8184480349450797e-07,1.021405182655144e-14,5.802131320550362,4.075477059003621e-13,3.305424717006017e-15,4.042422811833561e-13,,2.2411842300056197e-14,1.8177174455831214e-16,2.2230070555497886e-14,5.403085386509095e-15,1.1407541578023483e-14,1.7763568394002505e-15,1.7763568394002505e-15,1.7763568394002505e-15,8.881784197001252e-16,1.4443472872742493e-15,2.6645352591003757e-15,0.5858075661534534,0.20385070677627734,0.5059460323107953,0.08369953475348677,3.699831614617266e-15,2.1979197710597619e-16,6.6426019747583916e-15,2.68634638685082e-16,8.107881822131566e-15,3.418986310537407e-16,5.848908724097922e-15,4.884266157910582e-16,2.381079751981409e-15,6.593759313179285e-16,4.884266157910582e-16,4.884266157910582e-16,0.08369953475348677,6.593759313179285e-16
quadratic,20260920,88,9290,8,18.184480349450798,True,True,32,1.8184480349450797e-07,1.3766765505351941e-14,24.987871308410682,6.160420388098434e-13,3.860800568133981e-15,6.121812382417094e-13,,3.387735183911642e-14,2.1231294455167556e-16,3.3665038894564745e-14,1.0658141036401503e-14,2.3599178167188484e-14,1.7763568394002505e-15,2.498001805406602e-16,0.0,7.105427357601002e-15,1.0303927023783013e-15,2.6645352591003757e-15,0.9826224703271096,0.2484416106991957,0.679913058062794,0.07986046547495568,4.713316842383712e-15,3.174773002641878e-16,8.718415091870389e-15,4.3958395421195237e-16,9.866217638979376e-15,4.884266157910582e-16,8.523044445553965e-15,1.050117223950775e-15,3.980676918697124e-15,9.035892392134577e-16,1.050117223950775e-15,1.050117223950775e-15,0.07986046547495568,1.050117223950775e-15
quadratic,20260920,89,9833,8,18.184480349450798,True,True,32,1.8184480349450797e-07,6.439293542825908e-15,10.720793961108667,3.880755505307542e-13,2.9448004881143826e-15,3.851307500426398e-13,,2.1341030542149903e-14,1.6194031567161723e-16,2.1179090226478284e-14,6.716849298982197e-15,2.373101715136272e-14,6.661338147750939e-16,1.1102230246251565e-16,1.7763568394002505e-15,1.7763568394002505e-15,8.131061961302344e-16,2.6645352591003757e-15,0.7066549505898371,0.18474837824837245,0.33164461975668974,0.05362269170169039,3.797516937775478e-15,2.1979197710597619e-16,6.251860682125545e-15,2.3200264250075266e-16,6.837972621074815e-15,3.174773002641878e-16,4.090572907250112e-15,4.762159503962817e-16,2.2101304364545382e-15,5.494799427649404e-16,8.05903916055246e-16,8.05903916055246e-16,0.05362269170169039,8.05903916055246e-16
quadratic,20260920,90,428,9,18.184480349450798,True,True,32,1.8184480349450797e-07,1.1546319456101628e-14,23.415281545109607,4.3969332143488167e-13,4.428996851808215e-15,4.3526432458307343e-13,,2.417959232187579e-14,2.4355916510652325e-16,2.3936033156769266e-14,5.1440333474298914e-15,1.709743457922741e-14,1.7763568394002505e-15,1.7763568394002505e-15,7.105427357601002e-15,7.105427357601002e-15,1.3896291524891557e-15,5.329070518200751e-15,0.6861577635322634,0.18880399967709394,1.4236503293582015,0.23843379485021618,4.3714182113299704e-15,2.68634638685082e-16,7.704929864103944e-15,4.3958395421195237e-16,9.963902962137588e-15,7.326399236865872e-16,6.032068705019569e-15,8.181145814500224e-16,2.1124451132963266e-15,6.105332697388227e-16,9.6464256618734e-16,9.6464256618734e-16,0.23843379485021618,9.6464256618734e-16
quadratic,20260920,91,623,9,18.184480349450798,True,True,32,1.8184480349450797e-07,6.217248937900877e-15,17.39240965946793,5.766095603633118e-13,5.733674117502391e-15,5.708758862458093e-13,,3.1708883030068346e-14,3.153059096173489e-16,3.1393577120451e-14,6.938893903907228e-15,2.4119595209981526e-14,2.220446049250313e-15,8.881784197001252e-16,7.105427357601002e-15,0.0,9.468616367160248e-16,5.329070518200751e-15,0.5742555553745707,0.16054634127430512,1.4937637827533483,0.2571318197068802,7.460716556208414e-15,3.418986310537407e-16,1.4078897200177252e-14,5.37269277370164e-16,1.443300649662577e-14,8.181145814500224e-16,9.365580357793541e-15,1.0989598855298809e-15,3.5533036298799485e-15,1.3920158550045159e-15,1.2210665394776456e-16,1.2210665394776456e-16,0.2571318197068802,1.3920158550045159e-15
quadratic,20260920,92,995,9,18.184480349450798,True,True,32,1.8184480349450797e-07,9.769962616701378e-15,17.63815437155006,5.145433021457365e-13,3.563815909046755e-15,5.109794862366897e-13,,2.829573857804942e-14,1.9598117958616223e-16,2.8099757398463256e-14,7.835002488068962e-15,1.6431300764452317e-14,1.7763568394002505e-15,8.881784197001252e-16,3.552713678800501e-15,0.0,1.6690352803531542e-15,4.440892098500626e-15,0.655401765653401,0.2107611163362707,1.2788844360446632,0.18311949477983708,6.947868609627803e-15,3.174773002641878e-16,1.2613617352804078e-14,5.128479465806111e-16,1.3907947884650382e-14,7.814825852656931e-16,8.046828495157684e-15,1.050117223950775e-15,2.8817170331672434e-15,9.157999046082342e-16,1.050117223950775e-15,1.050117223950775e-15,0.18311949477983708,1.050117223950775e-15
quadratic,20260920,93,2043,9,18.184480349450798,True,True,32,1.8184480349450797e-07,7.993605777301127e-15,28.73756093037515,5.499134216774018e-13,6.77711854889042e-15,5.431363031285113e-13,,3.024081035639878e-14,3.7268695165628423e-16,2.986812340474249e-14,7.2957513046796e-15,1.6958656701149266e-14,1.7763568394002505e-15,8.881784197001252e-16,3.552713678800501e-15,3.552713678800501e-15,1.8450849314008587e-15,5.329070518200751e-15,0.7723045586585314,0.22639584233934945,1.6438951031428797,0.20661748654640164,6.30070334370465e-15,3.2968796565896427e-16,9.255684369240553e-15,3.5410929644851717e-16,9.8540069735846e-15,4.884266157910582e-16,7.131028590549449e-15,7.936932506604695e-16,2.8817170331672434e-15,5.37269277370164e-16,1.9537064631642329e-16,1.9537064631642329e-16,0.20661748654640164,7.936932506604695e-16
quadratic,20260920,94,2087,9,18.184480349450798,True,True,32,1.8184480349450797e-07,1.4876988529977098e-14,25.985104078449194,6.365815943159838e-13,3.661489101332224e-15,6.329201052146515e-13,,3.500686200995618e-14,2.013524187092213e-16,3.4805509591246957e-14,7.581237225297498e-15,1.9567680809018384e-14,1.3322676295501878e-15,1.7763568394002505e-15,3.552713678800501e-15,0.0,1.1094300081789927e-15,5.329070518200751e-15,0.6765068776392986,0.19275563132216003,1.5414234585939546,0.24613798402852174,7.607244540945732e-15,3.9074129263284657e-16,1.2198454729381678e-14,5.983226043440462e-16,1.2967726649252595e-14,7.936932506604695e-16,7.057764598180791e-15,8.547465776343518e-16,2.356658421191856e-15,6.593759313179285e-16,5.494799427649404e-16,5.494799427649404e-16,0.24613798402852174,8.547465776343518e-16
quadratic,20260920,95,4442,9,18.184480349450798,True,True,32,1.8184480349450797e-07,9.325873406851315e-15,20.08283722081564,4.527463721386888e-13,4.1776767230790774e-15,4.4856869541560973e-13,,2.4897405009011572e-14,2.297385816254711e-16,2.4667666427386102e-14,8.34253301361189e-15,2.398081733190338e-14,1.3322676295501878e-15,1.1102230246251565e-16,7.105427357601002e-15,0.0,1.1741930179487988e-15,5.329070518200751e-15,0.6721031718162798,0.21626955406520423,1.0470027761148044,0.14678545337374876,5.116268800411334e-15,2.930559694746349e-16,6.6426019747583916e-15,4.3958395421195237e-16,7.204292582918109e-15,4.640052850015053e-16,5.6169060815971695e-15,4.884266157910582e-16,3.2358263296157603e-15,9.524319007925635e-16,5.37269277370164e-16,5.37269277370164e-16,0.14678545337374876,9.524319007925635e-16
quadratic,20260920,96,4850,9,18.184480349450798,True,True,32,1.8184480349450797e-07,7.105427357601002e-15,16.306824540165394,4.986591827291352e-13,2.8708186621579608e-15,4.957883640669773e-13,,2.7422239907130232e-14,1.5787191093666114e-16,2.7264367996193574e-14,5.2973498603543185e-15,1.664640647547344e-14,8.881784197001252e-16,8.881784197001252e-16,3.552713678800501e-15,7.105427357601002e-15,1.259310116503391e-15,4.440892098500626e-15,0.5415979633658542,0.17647488545391082,1.1377131574034736,0.23096019114326655,8.083460491342012e-15,4.1516262342239947e-16,1.1355918817142103e-14,5.37269277370164e-16,1.057443623187641e-14,7.082185928970343e-16,7.131028590549449e-15,9.280105700030107e-16,2.0513917863224445e-15,7.204292582918108e-16,1.4652798473731746e-16,1.4652798473731746e-16,0.23096019114326655,9.280105700030107e-16
quadratic,20260920,97,6965,9,18.184480349450798,True,True,32,1.8184480349450797e-07,8.215650382226158e-15,19.439723946057814,5.717503851318132e-13,5.179058240468666e-15,5.665713268913446e-13,,3.144166751782275e-14,2.8480650207994984e-16,3.11568610157428e-14,7.264030646833167e-15,2.1371793224034263e-14,4.440892098500626e-16,8.881784197001252e-16,3.552713678800501e-15,7.105427357601002e-15,1.9360174838939625e-15,5.329070518200751e-15,0.7081662894541214,0.19294277634258747,1.191441106562864,0.12482087973945426,6.154175358967333e-15,2.930559694746349e-16,8.681783095686059e-15,4.640052850015053e-16,8.57188710713307e-15,3.7853062723807007e-16,6.105332697388227e-15,6.105332697388227e-16,3.2480369950105368e-15,8.303252468447989e-16,1.9537064631642329e-16,1.9537064631642329e-16,0.12482087973945426,8.303252468447989e-16
quadratic,20260920,98,9272,9,18.184480349450798,True,True,32,1.8184480349450797e-07,1.6209256159527285e-14,18.77019275190252,5.815401070749648e-13,4.035396355697059e-15,5.775047107192677e-13,,3.1980023399047986e-14,2.219143070436398e-16,3.1758109092004344e-14,8.881784197001252e-15,1.2601031329495527e-14,1.7763568394002505e-15,0.0,3.552713678800501e-15,0.0,1.0219338602859192e-15,5.329070518200751e-15,0.5815598982117538,0.16872356609254727,1.2572057751792076,0.1291631409688629,8.57188710713307e-15,3.418986310537407e-16,1.1783292105959278e-14,5.128479465806111e-16,1.188097742911749e-14,5.861119389492698e-16,7.424084560024085e-15,7.082185928970343e-16,3.4556183067217365e-15,8.05903916055246e-16,1.074538554740328e-15,1.074538554740328e-15,0.1291631409688629,1.074538554740328e-15
quadratic,20260920,99,9528,9,18.184480349450798,True,True,32,1.8184480349450797e-07,1.021405182655144e-14,29.06338684526388,5.992079187330933e-13,5.5016837646484244e-15,5.937062349684449e-13,,3.29516107811786e-14,3.0254830816843134e-16,3.264906247301017e-14,1.0911906299172968e-14,1.827704654289164e-14,3.552713678800501e-15,8.881784197001252e-16,3.552713678800501e-15,0.0,2.3008050491279448e-15,4.440892098500626e-15,0.6736888750777871,0.20196682361798204,1.646688939146979,0.23554093027974757,7.533980548577072e-15,3.418986310537407e-16,1.2625828018198855e-14,5.616906081597169e-16,1.2186244063986902e-14,8.303252468447989e-16,7.09439659436512e-15,1.050117223950775e-15,2.6008717290873846e-15,5.739012735544933e-16,4.3958395421195237e-16,4.3958395421195237e-16,0.23554093027974757,1.050117223950775e-15
quadratic,20260921,0,280,0,19.705887098361334,True,True,32,1.9705887098361335e-07,6.217248937900877e-15,11.236431345167485,2.8464509188850344e-13,1.585570299394725e-15,2.830595215891087e-13,,1.4444672826333885e-14,8.04617570110089e-17,1.4364211069322875e-14,4.187126835729162e-15,1.815214645262131e-14,4.440892098500626e-16,4.440892098500626e-16,0.0,1.7763568394002505e-15,4.501690026039633e-16,8.881784197001252e-16,0.3761023091152874,0.10645389931944646,0.46240710185890027,0.06006766114415277,2.3042921884468155e-15,1.4648312200395403e-16,4.653656106741001e-15,2.8169831154606544e-16,6.428355469481214e-15,4.394493660118621e-16,5.493117075148276e-15,6.535400827868719e-16,2.6592320609948578e-15,1.2056687734171602e-15,3.0423417646975067e-16,3.0423417646975067e-16,0.06006766114415277,1.2056687734171602e-15
quadratic,20260921,1,1403,0,19.705887098361334,True,True,32,1.9705887098361335e-07,8.43769498715119e-15,13.162514767028803,4.376137184107046e-13,2.4092004846125507e-15,4.3520451792609205e-13,,2.2207257974551924e-14,1.2225790559882436e-16,2.20850000689531e-14,6.143234069592532e-15,1.9817480989559044e-14,8.881784197001252e-16,8.881784197001252e-16,1.7763568394002505e-15,3.552713678800501e-15,1.11802101967907e-15,8.881784197001252e-16,0.5393527383723157,0.19918895699379563,0.5048734561440145,0.07142509773044879,3.3888306878991673e-15,2.028227843131671e-16,7.355142914467769e-15,3.3803797385527855e-16,1.0560869699861994e-14,6.760759477105571e-16,8.617151350194142e-15,9.239704618710947e-16,4.107161382341634e-15,8.788987320237242e-16,9.690421917184651e-16,9.690421917184651e-16,0.07142509773044879,9.690421917184651e-16
quadratic,20260921,2,1512,0,19.705887098361334,True,True,32,1.9705887098361335e-07,4.440892098500626e-15,8.125500118061609,2.769052018104459e-13,1.3622040003927587e-15,2.7554299781005313e-13,,1.4051902379643304e-14,6.912675352260768e-17,1.3982775626120696e-14,4.912736883966318e-15,7.66053886991358e-15,1.1102230246251565e-15,1.1102230246251565e-16,3.552713678800501e-15,3.552713678800501e-15,1.307684119719203e-15,8.881784197001252e-16,0.28253384151035116,0.0978563379834228,0.3242358669417815,0.042430133705865396,2.918394507617238e-15,1.3521518954211142e-16,5.7860833191561844e-15,2.2535864923685234e-16,6.343845976017394e-15,2.9296624400790806e-16,4.298716234192959e-15,3.943776361644916e-16,1.402857591499406e-15,3.83109703702649e-16,1.915548518513245e-16,1.915548518513245e-16,0.042430133705865396,3.943776361644916e-16
quadratic,20260921,3,3341,0,19.705887098361334,True,True,32,1.9705887098361335e-07,9.769962616701378e-15,13.534638630029363,4.932361397620643e-13,2.3129646346357446e-15,4.909231751274286e-13,,2.502988763206098e-14,1.1737429647752737e-16,2.4912513335583452e-14,4.8109664400423445e-15,2.042810365310288e-14,8.881784197001252e-16,4.440892098500626e-16,3.552713678800501e-15,3.552713678800501e-15,1.4506914188435392e-15,2.6645352591003757e-15,0.7875245772498003,0.2845804745458092,0.8229516026369609,0.10834833023556294,4.484637119813362e-15,2.7043037908422283e-16,8.901666644855668e-15,3.605738387789638e-16,1.0839751028292599e-14,5.183248932447604e-16,7.121333315884535e-15,8.338270021763538e-16,3.132485224392248e-15,5.408607581684457e-16,3.155021089315933e-16,3.155021089315933e-16,0.10834833023556294,8.338270021763538e-16
quadratic,20260921,4,4116,0,19.705887098361334,True,True,32,1.9705887098361335e-07,2.220446049250313e-15,8.863217517309526,2.0674828416738274e-13,1.193679744995603e-15,2.0555460442238712e-13,,1.0491701446141703e-14,6.057477844247189e-17,1.043112666769923e-14,2.458350983098561e-15,1.3340023530261647e-14,8.881784197001252e-16,4.440892098500626e-16,0.0,0.0,7.508544051066092e-16,4.440892098500626e-16,0.24819496454258907,0.066290421592464,0.34968395188028323,0.0392483967981947,2.1127373365954907e-15,1.0141139215658356e-16,3.645176151406087e-15,1.7465295315856058e-16,4.439565389965991e-15,2.986002102388294e-16,3.870534800642939e-15,3.324040076243572e-16,1.7746993627402122e-15,6.366381840941079e-16,1.971888180822458e-16,1.971888180822458e-16,0.0392483967981947,6.366381840941079e-16
quadratic,20260921,5,5544,0,19.705887098361334,True,True,32,1.9705887098361335e-07,7.549516567451064e-15,15.675810273032468,4.536031272817098e-13,2.022092810654337e-15,4.5158103447105546e-13,,2.301866061738625e-14,1.0261364030764625e-16,2.2916046977078602e-14,6.716849298982197e-15,3.083644450896372e-14,8.881784197001252e-16,2.6645352591003757e-15,0.0,1.7763568394002505e-15,7.179442225909324e-16,8.881784197001252e-16,0.6202335601296982,0.18141131171275254,0.6855723345696768,0.0793825979876441,3.718417712408064e-15,2.7043037908422283e-16,6.895974666647682e-15,4.056455686263342e-16,8.980542172088566e-15,5.859324880158161e-16,8.631236265771445e-15,7.66219407405298e-16,5.3184641219897156e-15,1.0366497864895209e-15,1.1042573812605767e-15,1.1042573812605767e-15,0.0793825979876441,1.1042573812605767e-15
quadratic,20260921,6,6708,0,19.705887098361334,True,True,32,1.9705887098361335e-07,4.440892098500626e-15,6.8992312367573,2.085303160307258e-13,1.882356704370413e-15,2.066479593263554e-13,,1.058213289205673e-14,9.552255602473957e-17,1.048661033603199e-14,2.456368441983159e-15,9.173217740965356e-15,4.440892098500626e-16,4.440892098500626e-16,0.0,0.0,4.1593712601135354e-16,4.440892098500626e-16,0.22019720150067584,0.06535113859581368,0.28797418697531374,0.03937827951016689,2.8113491492297333e-15,1.183132908493475e-16,4.326886065347565e-15,1.971888180822458e-16,4.067723618725185e-15,2.647964128533015e-16,2.7212056895349924e-15,2.591624466223802e-16,1.7070917679691567e-15,3.4367194008619983e-16,6.366381840941079e-16,6.366381840941079e-16,0.03937827951016689,6.366381840941079e-16
quadratic,20260921,7,7346,0,19.705887098361334,True,True,32,1.9705887098361335e-07,2.4424906541753444e-15,4.216478274668118,2.3945899000449564e-13,1.7524341766077328e-15,2.377065558278879e-13,,1.2151647312767164e-14,8.892947411403054e-17,1.2062717838653134e-14,2.7015426932545475e-15,8.951173136040325e-15,8.881784197001252e-16,2.220446049250313e-16,8.881784197001252e-16,8.881784197001252e-16,7.883905168915555e-16,8.881784197001252e-16,0.2738631358826104,0.07352679125469912,0.3256949418412301,0.0398315647608325,2.2141487287520742e-15,1.183132908493475e-16,4.326886065347565e-15,1.859208856204032e-16,5.526920872533804e-15,2.8733227777698677e-16,4.017017922646893e-15,3.155021089315933e-16,1.2732763681882158e-15,3.0423417646975067e-16,2.816983115460654e-17,2.816983115460654e-17,0.0398315647608325,3.155021089315933e-16
quadratic,20260921,8,7393,0,19.705887098361334,True,True,32,1.9705887098361335e-07,3.1086244689504383e-15,6.054813532640559,2.271466414431666e-13,1.1897229233527791e-15,2.2595691851981381e-13,,1.152684171533974e-14,6.037398455671209e-17,1.1466467730783027e-14,2.1788126858268697e-15,7.993605777301127e-15,7.771561172376096e-16,0.0,1.7763568394002505e-15,8.881784197001252e-16,6.033533461206951e-16,4.440892098500626e-16,0.28099105281043524,0.057089947898720926,0.3528538445718248,0.04890134178014555,2.0225938769007498e-15,1.3521518954211142e-16,3.4761571644784476e-15,1.971888180822458e-16,4.118429314803477e-15,2.647964128533015e-16,3.3296740424744937e-15,2.986002102388294e-16,1.6225822745053369e-15,4.2254746731909817e-16,2.986002102388294e-16,2.986002102388294e-16,0.04890134178014555,4.2254746731909817e-16
quadratic,20260921,9,8134,0,19.705887098361334,True,True,32,1.9705887098361335e-07,9.769962616701378e-15,14.91256601469657,3.4434360125195395e-13,1.3582058758100306e-15,3.4298539537614394e-13,,1.7474148691361794e-14,6.892386366726793e-17,1.7405224827694527e-14,5.455953149586483e-15,1.484923295436147e-14,1.1102230246251565e-15,2.220446049250313e-16,1.7763568394002505e-15,0.0,9.23599820961976e-16,4.440892098500626e-16,0.5402777364403778,0.14373318007901462,0.43205224319014146,0.06129199487023082,3.2113607516251462e-15,2.478945141605376e-16,6.366381840941079e-15,3.83109703702649e-16,7.290352302812173e-15,3.83109703702649e-16,4.5297088496607324e-15,5.859324880158161e-16,2.1296392352882547e-15,6.760759477105571e-16,5.408607581684457e-16,5.408607581684457e-16,0.06129199487023082,6.760759477105571e-16
quadratic,20260921,10,555,1,19.705887098361334,True,True,32,1.9705887098361335e-07,1.5987211554602254e-14,33.198964472936204,8.72370132481188e-13,3.9345510976269405e-15,8.68435581383561e-13,,4.426951845033817e-14,1.9966373896225776e-16,4.406985471137591e-14,1.080617077301819e-14,2.7977620220553945e-14,8.881784197001252e-15,1.7763568394002505e-15,0.0,7.105427357601002e-15,6.1136281222691965e-15,3.552713678800501e-15,1.0713105701860386,0.342248624013313,1.2014228043919521,0.2413476257655672,5.566358636150253e-15,3.155021089315933e-16,1.0749607568597858e-14,6.310042178631866e-16,1.2529940897568992e-14,1.0366497864895209e-15,9.848172971650448e-15,1.2169367058790027e-15,4.890282688439696e-15,1.3070801655737438e-15,3.155021089315933e-16,3.155021089315933e-16,0.2413476257655672,1.3070801655737438e-15
quadratic,20260921,11,1680,1,19.705887098361334,True,True,32,1.9705887098361335e-07,1.199040866595169e-14,27.20737164546105,6.237401137915418e-13,3.3550543295949167e-15,6.203850594619469e-13,,3.1652475764128865e-14,1.702564473676453e-16,3.148221931676122e-14,1.08484649834801e-14,3.452793606584237e-14,1.7763568394002505e-15,1.7763568394002505e-15,3.552713678800501e-15,3.552713678800501e-15,2.59792187762286e-15,3.552713678800501e-15,0.7810059545813185,0.3086967968486468,1.0683565846701746,0.2525858771832697,5.476215176455512e-15,3.605738387789638e-16,9.960852296268875e-15,7.211476775579276e-16,1.2101759464018972e-14,9.4650632679478e-16,1.0298890270124153e-14,1.3070801655737438e-15,5.611430365997624e-15,1.7577974640474484e-15,1.0366497864895209e-15,1.0366497864895209e-15,0.2525858771832697,1.7577974640474484e-15
quadratic,20260921,12,2586,1,19.705887098361334,True,True,32,1.9705887098361335e-07,1.2434497875801753e-14,30.285527444117456,6.514480258145214e-13,3.5291214395272157e-15,6.479189043749941e-13,,3.305854857296393e-14,1.7908970156541107e-16,3.287945887139852e-14,9.917992353318065e-15,2.6756374893466273e-14,1.7763568394002505e-15,0.0,3.552713678800501e-15,3.552713678800501e-15,1.2645968928111278e-15,3.552713678800501e-15,0.9507307835360657,0.25988563738873016,1.1001790841393295,0.23888231789129927,6.242434583860811e-15,4.957890283210752e-16,1.1853864949858434e-14,6.760759477105571e-16,1.3701805873600624e-14,9.014345969474093e-16,1.0253818540276782e-14,1.3070801655737438e-15,4.6649240392028436e-15,1.4648312200395404e-15,9.014345969474093e-16,9.014345969474093e-16,0.23888231789129927,1.4648312200395404e-15
quadratic,20260921,13,3766,1,19.705887098361334,True,True,32,1.9705887098361335e-07,2.7533531010703882e-14,32.6370280324294,7.253105193169705e-13,3.2084784564628584e-15,7.221020408605077e-13,,3.680679360927043e-14,1.6281827052229804e-16,3.664397533874813e-14,1.1482878140408762e-14,2.275957200481571e-14,4.440892098500626e-15,1.1102230246251565e-16,0.0,0.0,2.149603246726615e-15,3.552713678800501e-15,1.0412371989198868,0.31385694612277054,1.2024164771480381,0.20004158637540084,6.2875063137081805e-15,3.605738387789638e-16,1.1313004191689988e-14,4.507172984737047e-16,1.3251088575126919e-14,8.338270021763538e-16,8.698843860542501e-15,9.4650632679478e-16,2.862054845308025e-15,8.112911372526684e-16,2.7043037908422283e-16,2.7043037908422283e-16,0.20004158637540084,9.4650632679478e-16
quadratic,20260921,14,4718,1,19.705887098361334,True,True,32,1.9705887098361335e-07,1.3322676295501878e-14,17.901337260386306,4.5347374995275385e-13,2.360083028478467e-15,4.511136669242754e-13,,2.3012095202273995e-14,1.1976537857434098e-16,2.2892329823699655e-14,9.547918011776346e-15,1.7052331768852014e-14,8.881784197001252e-16,2.220446049250313e-16,0.0,3.552713678800501e-15,1.0964774062250368e-15,1.7763568394002505e-15,0.7522681048610003,0.24633670302993838,0.5028499844508815,0.09150904879995267,4.417029525042307e-15,2.478945141605376e-16,7.346691965121387e-15,3.3803797385527855e-16,7.459371289739813e-15,5.408607581684457e-16,4.619852309355474e-15,5.859324880158161e-16,2.929662440079081e-15,8.112911372526684e-16,1.0366497864895209e-15,1.0366497864895209e-15,0.09150904879995267,1.0366497864895209e-15
quadratic,20260921,15,4831,1,19.705887098361334,True,True,32,1.9705887098361335e-07,1.9539925233402755e-14,29.654754765415532,7.24617398161262e-13,5.49976730823687e-15,7.191176308530251e-13,,3.6771620305361357e-14,2.790926021642644e-16,3.649252770319709e-14,1.0602629885170245e-14,2.609024107869118e-14,1.7763568394002505e-15,5.329070518200751e-15,0.0,0.0,2.6777521998697237e-15,3.552713678800501e-15,1.14358755166162,0.31944760552411866,0.9763520091625816,0.21747672487749073,5.408607581684457e-15,2.2535864923685234e-16,9.758029511955707e-15,4.957890283210752e-16,1.428773836161644e-14,8.56362867100039e-16,1.1470755246155785e-14,1.4422953551158551e-15,4.0113839564159716e-15,9.915780566421504e-16,2.2535864923685236e-17,2.2535864923685236e-17,0.21747672487749073,1.4422953551158551e-15
quadratic,20260921,16,6080,1,19.705887098361334,True,True,32,1.9705887098361335e-07,1.509903313490213e-14,27.80921184876039,6.494532507683197e-13,3.5350690628734237e-15,6.459181817054463e-13,,3.295732120693647e-14,1.793915211849248e-16,3.277792968575154e-14,1.1926967350258825e-14,2.015054789694659e-14,3.552713678800501e-15,1.7763568394002505e-15,0.0,0.0,1.6843669316455961e-15,0.0,1.140041168967639,0.33646240606739986,1.0359875018546207,0.18813087667811648,4.687459904126529e-15,2.7043037908422283e-16,7.459371289739813e-15,3.605738387789638e-16,9.127025294092521e-15,4.957890283210752e-16,8.022767912831943e-15,7.211476775579276e-16,3.628274252713323e-15,9.014345969474093e-16,3.605738387789638e-16,3.605738387789638e-16,0.18813087667811648,9.014345969474093e-16
quadratic,20260921,17,6208,1,19.705887098361334,True,True,32,1.9705887098361335e-07,1.9539925233402755e-14,27.42002132133222,7.24353117169991e-13,3.570160040616034e-15,7.207829571293751e-13,,3.675820903440706e-14,1.8117225694005497e-16,3.6577036777467006e-14,1.2138438402568378e-14,2.167710455580618e-14,3.552713678800501e-15,1.7763568394002505e-15,0.0,3.552713678800501e-15,2.2199173716195374e-15,0.0,1.138806473804503,0.35232122061590404,0.7846150975707545,0.1399937163178689,5.588894501073939e-15,5.408607581684457e-16,1.0434105459666265e-14,4.957890283210752e-16,1.2484869167721621e-14,9.014345969474093e-16,8.901666644855668e-15,8.788987320237242e-16,2.974734169926451e-15,7.436835424816128e-16,2.478945141605376e-16,2.478945141605376e-16,0.1399937163178689,9.014345969474093e-16
quadratic,20260921,18,7156,1,19.705887098361334,True,True,32,1.9705887098361335e-07,1.021405182655144e-14,22.772909300900636,5.929937757762733e-13,2.5817641675323366e-15,5.904120116087409e-13,,3.009221421072611e-14,1.3101486650387977e-16,2.996119934422223e-14,1.426636586643326e-14,4.5775883084075986e-14,2.220446049250313e-15,1.7763568394002505e-15,0.0,0.0,2.3055631478049063e-15,1.7763568394002505e-15,0.817701331870776,0.21298893159605803,0.6946934749527262,0.07694818297073451,4.8001392287449555e-15,2.028227843131671e-16,7.188940910655591e-15,3.3803797385527855e-16,7.819945128518777e-15,6.535400827868719e-16,6.084683529395013e-15,7.66219407405298e-16,3.583202522865953e-15,1.3746877603447993e-15,1.825405058818504e-15,1.825405058818504e-15,0.07694818297073451,1.825405058818504e-15
quadratic,20260921,19,8365,1,19.705887098361334,True,True,32,1.9705887098361335e-07,1.5987211554602254e-14,27.269178126367624,5.487423842040617e-13,2.6279904178731322e-15,5.461143937861885e-13,,2.7846621746335542e-14,1.3336067565776656e-16,2.7713261070677774e-14,1.5709655798445965e-14,3.0705472886527474e-14,8.881784197001252e-16,4.440892098500626e-16,0.0,3.552713678800501e-15,8.146922290225546e-16,0.0,0.6719180354423312,0.2542702015054821,1.1060965129364329,0.22502445080466538,5.859324880158162e-15,4.281814335500195e-16,9.622814322413596e-15,5.183248932447604e-16,1.0704535838750487e-14,7.211476775579276e-16,7.301620235274016e-15,7.436835424816128e-16,2.974734169926451e-15,8.338270021763538e-16,6.084683529395013e-16,6.084683529395013e-16,0.22502445080466538,8.338270021763538e-16
quadratic,20260921,20,368,2,19.705887098361334,True,True,32,1.9705887098361335e-07,4.884981308350689e-15,8.71085253593241,4.2745575597654315e-13,2.352285033424549e-15,4.251034709431186e-13,,2.1691779407996748e-14,1.1936965951764515e-16,2.15724097484791e-14,5.2656292025078855e-15,1.8485213360008856e-14,1.3322676295501878e-15,2.220446049250313e-16,0.0,1.7763568394002505e-15,7.512509133296862e-16,8.881784197001252e-16,0.3030723110501806,0.14323772559221426,0.7585856757285456,0.0846936129336367,4.30435020042388e-15,2.2535864923685234e-16,6.231166651398968e-15,3.3803797385527855e-16,7.188940910655591e-15,5.183248932447604e-16,5.633966230921309e-15,7.211476775579276e-16,2.647964128533015e-15,6.084683529395013e-16,5.633966230921309e-16,5.633966230921309e-16,0.0846936129336367,7.211476775579276e-16
quadratic,20260921,21,750,2,19.705887098361334,True,True,32,1.9705887098361335e-07,1.0658141036401503e-14,12.339801134139297,4.2179130558632025e-13,2.884597322910004e-15,4.1890670826341027e-13,,2.1404329755923286e-14,1.463825154641161e-16,2.125794724045917e-14,1.1268763699945339e-14,1.8242352073372103e-14,1.7763568394002505e-15,1.7763568394002505e-15,1.7763568394002505e-15,3.552713678800501e-15,1.1699635969026044e-15,1.7763568394002505e-15,0.4485501604450206,0.17481397659884138,0.452758803488812,0.13569463370419174,4.4959050522752044e-15,4.507172984737047e-16,8.045303777755629e-15,5.070569607829178e-16,8.991810104550409e-15,4.957890283210752e-16,6.118487326780541e-15,6.084683529395013e-16,2.2873902897540515e-15,5.859324880158161e-16,6.760759477105571e-17,6.760759477105571e-17,0.13569463370419174,6.084683529395013e-16
quadratic,20260921,22,1640,2,19.705887098361334,True,True,32,1.9705887098361335e-07,2.886579864025407e-15,3.839908079853025,2.7825982259107226e-13,1.0925123239942316e-15,2.77167310267078e-13,,1.4120644313151032e-14,5.5440910553328033e-17,1.4065203402597704e-14,2.60109394340751e-15,1.3378187446733136e-14,2.220446049250313e-16,0.0,4.440892098500626e-16,4.440892098500626e-16,2.0459824310949265e-16,8.881784197001252e-16,0.19051962963094846,0.062322677626610944,0.14158278687514927,0.02158462683944218,3.83109703702649e-15,2.2535864923685234e-16,6.603008422639774e-15,2.7043037908422283e-16,6.850902936800312e-15,3.83109703702649e-16,3.8761687668738604e-15,4.281814335500195e-16,1.712725734200078e-15,6.084683529395013e-16,4.7325316339739e-16,4.7325316339739e-16,0.02158462683944218,6.084683529395013e-16
quadratic,20260921,23,2633,2,19.705887098361334,True,True,32,1.9705887098361335e-07,6.439293542825908e-15,8.666281945748793,5.611139198782734e-13,1.945335427136355e-15,5.591685844511371e-13,,2.847443086817104e-14,9.871849044025639e-17,2.8375712377730785e-14,6.153807622208011e-15,2.2093438190040615e-14,4.440892098500626e-16,4.440892098500626e-16,0.0,3.552713678800501e-15,2.4266303252521153e-16,8.881784197001252e-16,0.378876660100188,0.12959146942831765,0.6059076948409591,0.18340360027477362,4.6649240392028436e-15,3.155021089315933e-16,9.622814322413596e-15,4.7325316339739e-16,1.1290468326766304e-14,5.859324880158161e-16,7.52697888451087e-15,6.535400827868719e-16,3.1099493594685626e-15,7.66219407405298e-16,8.788987320237242e-16,8.788987320237242e-16,0.18340360027477362,8.788987320237242e-16
quadratic,20260921,24,2999,2,19.705887098361334,True,True,32,1.9705887098361335e-07,2.55351295663786e-15,1.7004854502167914,2.8082784114020447e-13,1.2434828299320987e-15,2.795843583102724e-13,,1.42509616409787e-14,6.310209856198263e-17,1.418785954241672e-14,3.4575517052612017e-15,9.91567938868343e-15,4.440892098500626e-16,5.551115123125783e-17,8.881784197001252e-16,6.661338147750939e-16,4.261141704037504e-16,8.881784197001252e-16,0.28086309834530376,0.08825818574975051,0.13882557830362027,0.0218011010290903,2.6704999934567004e-15,2.028227843131671e-16,5.566358636150253e-15,2.478945141605376e-16,7.346691965121387e-15,2.9296624400790806e-16,4.879014755977853e-15,4.507172984737047e-16,1.6563860718908649e-15,4.957890283210752e-16,9.014345969474094e-17,9.014345969474094e-17,0.0218011010290903,4.957890283210752e-16
quadratic,20260921,25,6288,2,19.705887098361334,True,True,32,1.9705887098361335e-07,7.771561172376096e-15,3.972408861409142,2.969369128887001e-13,1.3320032907348008e-15,2.956049095979653e-13,,1.5068436726880072e-14,6.759418056574399e-17,1.500084254631433e-14,3.608224830031759e-15,9.395262345890387e-15,6.661338147750939e-16,2.220446049250313e-16,1.3322676295501878e-15,0.0,8.538143736998235e-16,8.881784197001252e-16,0.24573848152011474,0.09133326544617096,0.39460746748798836,0.03349310643259796,3.1775569542396182e-15,2.028227843131671e-16,6.107219394318699e-15,3.3803797385527855e-16,6.6255442875634595e-15,4.281814335500195e-16,4.1465991459580835e-15,4.281814335500195e-16,1.1042573812605767e-15,4.056455686263342e-16,1.1267932461842617e-16,1.1267932461842617e-16,0.03349310643259796,4.281814335500195e-16
quadratic,20260921,26,6518,2,19.705887098361334,True,True,32,1.9705887098361335e-07,2.4424906541753444e-15,5.71466732270862,4.0919083597680736e-13,2.237330691083153e-15,4.069535052857242e-13,,2.07649030939e-14,1.1353615698271207e-16,2.065136693691729e-14,3.164135620181696e-15,1.7236212457305555e-14,6.661338147750939e-16,2.7755575615628914e-17,0.0,1.7763568394002505e-15,4.3615904538845616e-16,8.881784197001252e-16,0.24950281808326483,0.06983928809093763,0.33007657246116134,0.1289395424285881,4.0789915511870276e-15,3.3803797385527855e-16,9.98338816119256e-15,3.3803797385527855e-16,1.2890514736347955e-14,5.633966230921309e-16,9.059417699321465e-15,7.211476775579276e-16,3.583202522865953e-15,7.436835424816128e-16,9.239704618710947e-16,9.239704618710947e-16,0.1289395424285881,9.239704618710947e-16
quadratic,20260921,27,7013,2,19.705887098361334,True,True,32,1.9705887098361335e-07,3.497202527569243e-15,2.3780034391959175,3.4861416002628957e-13,1.624428105256606e-15,3.4698973192103297e-13,,1.7690863562050906e-14,8.243364519183139e-17,1.7608429916859073e-14,3.4416913763379853e-15,1.4627188349436437e-14,2.220446049250313e-16,2.220446049250313e-16,1.7763568394002505e-15,8.881784197001252e-16,3.7668281192639303e-16,8.881784197001252e-16,0.359590899638072,0.12926305523086698,0.7628988414597264,0.12190817714737705,3.2789683463962018e-15,2.2535864923685234e-16,6.264970448784496e-15,3.2677004139343594e-16,6.850902936800312e-15,4.394493660118621e-16,4.439565389965991e-15,4.7325316339739e-16,1.2507405032645307e-15,3.83109703702649e-16,1.1267932461842618e-17,1.1267932461842618e-17,0.12190817714737705,4.7325316339739e-16
quadratic,20260921,28,7633,2,19.705887098361334,True,True,32,1.9705887098361335e-07,4.6629367034256575e-15,3.591028890439497,3.584044602105998e-13,1.4297921312520086e-15,3.569746680793478e-13,,1.818768464579315e-14,7.255659814324749e-17,1.8115128047649905e-14,3.584434336646934e-15,1.0345890810725678e-14,4.440892098500626e-16,5.551115123125783e-17,1.7763568394002505e-15,4.440892098500626e-16,3.423187659260902e-16,8.881784197001252e-16,0.24837545874303885,0.10489774335262533,0.2781517073124502,0.0647538432147005,3.797293239640963e-15,2.478945141605376e-16,6.9072425991095245e-15,3.3803797385527855e-16,7.83121306098062e-15,3.155021089315933e-16,4.326886065347565e-15,4.507172984737047e-16,1.4197594901921698e-15,4.845210958592326e-16,1.0141139215658356e-16,1.0141139215658356e-16,0.0647538432147005,4.845210958592326e-16
quadratic,20260921,29,8675,2,19.705887098361334,True,True,32,1.9705887098361335e-07,2.3314683517128287e-15,0.0691548089960623,2.2532204276995822e-13,2.1146774807436134e-15,2.232073652892146e-13,,1.143425016317561e-14,1.0731196571807527e-16,1.1326938197457534e-14,2.3314683517128287e-15,6.944098074335159e-15,4.440892098500626e-16,1.3877787807814457e-17,1.6653345369377348e-15,0.0,5.701788247896324e-16,8.881784197001252e-16,0.2491213839735781,0.06410557879978108,0.15594827839661743,0.018421900657813944,2.535284803914589e-15,1.5775105446579664e-16,4.2142067407291395e-15,2.2535864923685234e-16,5.1156413376765484e-15,2.9296624400790806e-16,3.695881847484379e-15,3.3803797385527855e-16,1.2282046383408453e-15,3.2677004139343594e-16,3.3803797385527854e-17,3.3803797385527854e-17,0.018421900657813944,3.3803797385527855e-16
quadratic,20260921,30,1852,3,19.705887098361334,True,True,32,1.9705887098361335e-07,4.191091917959966e-15,2.9552254910626625,4.210561793407291e-13,1.032771751716782e-15,4.200234075890123e-13,,2.1367024850951397e-14,5.240930015287986e-17,2.1314615550798513e-14,3.127128186027524e-15,1.2698175844150228e-14,8.881784197001252e-16,1.1102230246251565e-16,0.0,2.6645352591003757e-15,5.590765945433819e-16,4.440892098500626e-16,0.36203413240703214,0.13760687128524196,0.7039029366170103,0.16185725359169748,6.6255442875634595e-15,3.2677004139343594e-16,1.243698045475879e-14,5.521286906302883e-16,1.4569436673162506e-14,7.211476775579276e-16,1.0217197759775794e-14,8.676307995618816e-16,3.802927205871884e-15,8.169251034835898e-16,5.126909270138391e-16,5.126909270138391e-16,0.16185725359169748,8.676307995618816e-16
quadratic,20260921,31,3313,3,19.705887098361334,True,True,32,1.9705887098361335e-07,5.773159728050814e-15,5.632837443036685,3.6204138232327697e-13,1.9653590924019132e-15,3.600760232308751e-13,,1.8372244827962246e-14,9.973461649261885e-17,1.8272510211469627e-14,5.1209037010835345e-15,8.465450562766819e-15,1.3322676295501878e-15,5.551115123125783e-17,8.881784197001252e-16,0.0,7.265352340910104e-16,4.440892098500626e-16,0.48800031900277807,0.15444528153715836,0.8558293714728081,0.15800333425818217,4.253644504345588e-15,1.915548518513245e-16,5.3353660206824795e-15,2.8169831154606544e-16,5.211418763602211e-15,3.5493987254804245e-16,3.44235336709292e-15,4.281814335500195e-16,9.070685631783307e-16,1.802869193894819e-16,1.7465295315856058e-16,1.7465295315856058e-16,0.15800333425818217,4.281814335500195e-16
quadratic,20260921,32,5269,3,19.705887098361334,True,True,32,1.9705887098361335e-07,6.8833827526759706e-15,13.823225766693941,4.072742143534925e-13,2.9064052751794295e-15,4.0436780907831304e-13,,2.0667641721511732e-14,1.4748918740233294e-16,2.05201525341094e-14,4.432961934039018e-15,1.4349632593280148e-14,4.440892098500626e-16,4.440892098500626e-16,0.0,0.0,6.346774957440478e-16,4.440892098500626e-16,0.45188898533516497,0.08964618338692992,0.7398954375910093,0.12916882222561554,3.5212288943258182e-15,1.802869193894819e-16,7.149503147039141e-15,2.7043037908422283e-16,9.188998922632655e-15,4.7325316339739e-16,7.290352302812173e-15,5.633966230921309e-16,3.3409419749363364e-15,7.211476775579276e-16,4.507172984737047e-16,4.507172984737047e-16,0.12916882222561554,7.211476775579276e-16
quadratic,20260921,33,5365,3,19.705887098361334,True,True,32,1.9705887098361335e-07,3.1086244689504383e-15,3.6024105408509426,3.2662734950590567e-13,7.217440930621214e-16,3.2590560541284355e-13,,1.657511523716518e-14,3.662581082798038e-17,1.65384894263372e-14,3.219646771412954e-15,1.1875916916537221e-14,2.220446049250313e-16,1.1102230246251565e-16,0.0,8.881784197001252e-16,4.701265831656771e-16,4.440892098500626e-16,0.23795482352701747,0.05593606913605737,0.36402985231907875,0.05589178543112285,3.2395305827797525e-15,1.4084915577303272e-16,6.58610652394701e-15,2.478945141605376e-16,8.096009473833921e-15,3.324040076243572e-16,6.484695131790426e-15,5.46494724399367e-16,2.895858642693553e-15,6.028343867085801e-16,5.352267919375243e-16,5.352267919375243e-16,0.05589178543112285,6.028343867085801e-16
quadratic,20260921,34,6132,3,19.705887098361334,True,True,32,1.9705887098361335e-07,2.3314683517128287e-15,3.0103846000067733,2.4300936593689756e-13,9.336446959466791e-16,2.420757212409509e-13,,1.233181560027842e-14,4.7378973160985855e-17,1.2284436627117435e-14,1.7763568394002505e-15,8.614636781700824e-15,5.551115123125783e-16,1.1102230246251565e-16,4.440892098500626e-16,4.440892098500626e-16,5.563010369818199e-16,4.440892098500626e-16,0.22853498806161712,0.06417715399388504,0.20493280335662445,0.025879879486630404,3.447987333323841e-15,1.802869193894819e-16,5.915664542467374e-15,2.478945141605376e-16,5.6846719269996005e-15,2.591624466223802e-16,3.2169947178560675e-15,3.324040076243572e-16,1.0704535838750487e-15,2.591624466223802e-16,6.19736285401344e-17,6.19736285401344e-17,0.025879879486630404,3.324040076243572e-16
quadratic,20260921,35,6433,3,19.705887098361334,True,True,32,1.9705887098361335e-07,5.329070518200751e-15,-0.07364981827691852,2.324604298736028e-13,8.229858593553211e-16,2.316374440142475e-13,,1.179649658567938e-14,4.176345146236819e-17,1.1754733134217012e-14,3.092764140027222e-15,7.839215387939191e-15,2.220446049250313e-16,1.1102230246251565e-16,1.6653345369377348e-16,0.0,1.7459578756307494e-16,4.440892098500626e-16,0.18859680371563992,0.07684249656669716,0.2499938126380428,0.025391784164267076,2.9888190855037544e-15,1.802869193894819e-16,4.833943026130483e-15,1.7465295315856058e-16,5.1832489324476044e-15,2.1409071677500975e-16,2.9381133894254625e-15,3.155021089315933e-16,1.2253876552253847e-15,3.91560653049031e-16,4.901550620901539e-16,4.901550620901539e-16,0.025391784164267076,4.901550620901539e-16
quadratic,20260921,36,8177,3,19.705887098361334,True,True,32,1.9705887098361335e-07,1.199040866595169e-14,14.592794783166466,4.0192518625473e-13,3.810576193210463e-15,3.9811461006151956e-13,,2.0396198569926473e-14,1.9337247667106222e-16,2.0202826093255414e-14,4.533410683886055e-15,1.6306400674181987e-14,1.3322676295501878e-15,3.3306690738754696e-16,1.7763568394002505e-15,3.552713678800501e-15,1.7553419035769875e-15,1.7763568394002505e-15,0.5264251581441456,0.13890951250674563,1.0399214091905997,0.201102677994553,4.439565389965991e-15,3.155021089315933e-16,9.617180356182674e-15,6.648080152487144e-16,9.228436686249105e-15,5.915664542467374e-16,4.6480221405100796e-15,8.39460968407275e-16,1.3127141318046649e-15,4.1127953485725555e-16,2.8733227777698677e-16,2.8733227777698677e-16,0.201102677994553,8.39460968407275e-16
quadratic,20260921,37,8415,3,19.705887098361334,True,True,32,1.9705887098361335e-07,3.552713678800501e-15,7.2063583792284245,2.303969845595164e-13,1.796710928185044e-15,2.2860027363133134e-13,,1.1691784460628283e-14,9.117635350374313e-17,1.1600608107124539e-14,2.7279765747932416e-15,1.1709383462843448e-14,6.661338147750939e-16,2.220446049250313e-16,0.0,1.7763568394002505e-15,3.1020159985657473e-16,4.440892098500626e-16,0.2616710666569736,0.06801998181916995,0.21805633602418328,0.04306518195581141,3.155021089315933e-15,1.4648312200395403e-16,5.29592825706603e-15,1.971888180822458e-16,5.555090703688411e-15,2.8733227777698677e-16,3.774757374717277e-15,5.690305893230522e-16,1.402857591499406e-15,5.7466455555397355e-16,2.816983115460654e-17,2.816983115460654e-17,0.04306518195581141,5.7466455555397355e-16
quadratic,20260921,38,8439,3,19.705887098361334,True,True,32,1.9705887098361335e-07,7.549516567451064e-15,14.948228687596872,3.113050822414093e-13,2.8143492827209254e-15,3.0849073295868837e-13,,1.579756753337414e-14,1.4281769040252727e-16,1.565474984297161e-14,4.489464355827977e-15,1.935257509799726e-14,1.7763568394002505e-15,8.881784197001252e-16,1.7763568394002505e-15,1.7763568394002505e-15,1.397559316950762e-15,8.881784197001252e-16,0.3111974335688846,0.07859060142754203,0.7594642782146119,0.16591550687974424,3.1437531568540902e-15,2.028227843131671e-16,5.98327213723843e-15,2.986002102388294e-16,6.180460955320676e-15,4.281814335500195e-16,4.619852309355474e-15,5.29592825706603e-16,2.2085147625211533e-15,5.690305893230522e-16,9.070685631783307e-16,9.070685631783307e-16,0.16591550687974424,9.070685631783307e-16
quadratic,20260921,39,8661,3,19.705887098361334,True,True,32,1.9705887098361335e-07,8.881784197001252e-15,15.978944020263784,4.3147416856335153e-13,2.6912334794544545e-15,4.2878293508389706e-13,,2.1895698803594143e-14,1.3657002427859475e-16,2.175912877931555e-14,5.6145564388186486e-15,1.5487611193520934e-14,6.661338147750939e-16,8.881784197001252e-16,1.7763568394002505e-15,5.329070518200751e-15,9.230711433311995e-16,8.881784197001252e-16,0.40721585102663754,0.18304245532973623,0.5342162120997385,0.12817875522486136,4.811407161206798e-15,4.2254746731909817e-16,8.73828162415895e-15,4.901550620901539e-16,9.391821706945823e-15,4.676191971664687e-16,7.256548505426645e-15,5.633966230921309e-16,2.1747109651356253e-15,6.760759477105571e-16,8.788987320237242e-16,8.788987320237242e-16,0.12817875522486136,8.788987320237242e-16
quadratic,20260921,40,239,4,19.705887098361334,True,True,32,1.9705887098361335e-07,9.769962616701378e-15,0.4081031923164957,6.157030573214616e-13,2.1505284325804667e-15,6.135525288888811e-13,,3.124462523550442e-14,1.0913126731347691e-16,3.113549396819095e-14,1.1863526034565959e-14,2.0650148258027912e-14,1.3322676295501878e-15,4.440892098500626e-16,5.329070518200751e-15,4.440892098500626e-15,1.3132352348423257e-15,1.7763568394002505e-15,0.7850657078426274,0.23104568539011183,1.0811419866447205,0.12844929283039122,5.566358636150253e-15,3.155021089315933e-16,9.870708836574133e-15,5.859324880158161e-16,1.1718649760316323e-14,6.760759477105571e-16,7.098797450960849e-15,7.436835424816128e-16,2.095835437902727e-15,8.112911372526684e-16,2.2535864923685234e-16,2.2535864923685234e-16,0.12844929283039122,8.112911372526684e-16
quadratic,20260921,41,1142,4,19.705887098361334,True,True,32,1.9705887098361335e-07,6.217248937900877e-15,-3.1782989125515675,2.670808019189508e-13,1.6182822277988587e-15,2.6546251969115196e-13,,1.3553350863415847e-14,8.212176491833392e-17,1.3471229098497515e-14,3.933361572957698e-15,1.0880185641326534e-14,1.7763568394002505e-15,1.1102230246251565e-16,8.881784197001252e-16,4.440892098500626e-16,1.3550007676734634e-15,1.7763568394002505e-15,0.31161249823035236,0.11823509393299554,0.1637405278772781,0.02324778856785962,3.1099493594685626e-15,1.3521518954211142e-16,5.543822771226568e-15,2.2535864923685234e-16,5.656502095844994e-15,3.605738387789638e-16,3.538130793018582e-15,5.408607581684457e-16,1.3521518954211142e-15,4.7325316339739e-16,2.478945141605376e-16,2.478945141605376e-16,0.02324778856785962,5.408607581684457e-16
quadratic,20260921,42,3916,4,19.705887098361334,True,True,32,1.9705887098361335e-07,5.88418203051333e-15,4.1098898822187255,3.6487658133006153e-13,2.5593944952802207e-15,3.623171868347813e-13,,1.8516120563808735e-14,1.2987968937937587e-16,1.8386240874429357e-14,5.233908544661452e-15,1.5029644195863057e-14,1.3322676295501878e-15,4.440892098500626e-16,1.7763568394002505e-15,2.6645352591003757e-15,7.47550169914271e-16,1.7763568394002505e-15,0.5070501386396551,0.10223537464946383,0.3767879177797775,0.11283681019559483,3.3127721437817298e-15,1.802869193894819e-16,6.174826989089755e-15,3.155021089315933e-16,8.248126562068796e-15,4.507172984737047e-16,6.400185638326607e-15,5.633966230921309e-16,2.095835437902727e-15,6.760759477105571e-16,2.7043037908422283e-16,2.7043037908422283e-16,0.11283681019559483,6.760759477105571e-16
quadratic,20260921,43,5343,4,19.705887098361334,True,True,32,1.9705887098361335e-07,2.9976021664879227e-15,-0.30431986960654367,3.2533106499760006e-13,2.124755398080245e-15,3.232063095995198e-13,,1.6509333651092183e-14,1.0782338229558473e-16,1.6401510268796598e-14,2.7755575615628914e-15,1.5041787260194894e-14,1.1102230246251565e-16,5.551115123125783e-17,1.5543122344752192e-15,3.552713678800501e-15,1.977254339094276e-16,1.7763568394002505e-15,0.2614148163868937,0.09195351520637048,0.2180979020670755,0.027906138583181708,3.447987333323841e-15,2.7043037908422283e-16,6.084683529395013e-15,2.7043037908422283e-16,6.535400827868718e-15,3.605738387789638e-16,5.476215176455512e-15,4.957890283210752e-16,1.8704767886658747e-15,6.310042178631866e-16,1.3521518954211142e-16,1.3521518954211142e-16,0.027906138583181708,6.310042178631866e-16
quadratic,20260921,44,6289,4,19.705887098361334,True,True,32,1.9705887098361335e-07,4.6629367034256575e-15,5.635104460864715,3.947540707015053e-13,3.2973623831367145e-15,3.914567083183686e-13,,2.0032291301127546e-14,1.6732879705836285e-16,1.9864962504069184e-14,6.439293542825908e-15,1.582067810090848e-14,1.1102230246251565e-15,0.0,0.0,3.552713678800501e-15,1.1377142614253986e-15,1.7763568394002505e-15,0.48307898078662376,0.10587738444116937,0.4664406013557036,0.09711119075444688,3.8085611721028045e-15,1.802869193894819e-16,7.391763694968757e-15,3.155021089315933e-16,9.577742592566226e-15,4.7325316339739e-16,7.57205061435824e-15,7.211476775579276e-16,2.7944472505369693e-15,8.338270021763538e-16,1.802869193894819e-16,1.802869193894819e-16,0.09711119075444688,8.338270021763538e-16
quadratic,20260921,45,6993,4,19.705887098361334,True,True,32,1.9705887098361335e-07,1.0658141036401503e-14,-1.1378716045396864,3.5431461005893303e-13,9.455069002871695e-16,3.5336910315864584e-13,,1.798014006121026e-14,4.798093562434924e-17,1.793215912558591e-14,9.159339953157541e-15,1.6838960781306866e-14,1.3322676295501878e-15,2.220446049250313e-16,2.6645352591003757e-15,1.7763568394002505e-15,3.970369007111881e-16,1.7763568394002505e-15,0.3115662888098041,0.17755195977891025,0.2999725874528998,0.03147086325156118,3.538130793018582e-15,1.802869193894819e-16,7.166405045731906e-15,3.155021089315933e-16,7.932624453137203e-15,3.83109703702649e-16,5.566358636150253e-15,5.183248932447604e-16,2.276122357292209e-15,5.859324880158161e-16,6.535400827868719e-16,6.535400827868719e-16,0.03147086325156118,6.535400827868719e-16
quadratic,20260921,46,7594,4,19.705887098361334,True,True,32,1.9705887098361335e-07,2.886579864025407e-15,-0.38249829996938445,3.511172173115404e-13,1.9795673037289645e-15,3.4913765000781144e-13,,1.781788434892322e-14,1.0045563002812381e-16,1.7717428718895094e-14,3.156205455720088e-15,8.534839501805891e-15,2.220446049250313e-16,2.220446049250313e-16,2.220446049250313e-15,1.7763568394002505e-15,2.363189009559263e-16,1.7763568394002505e-15,0.3407101096055317,0.07256517446211362,0.23363562729228438,0.02708430885033025,4.867746823516011e-15,2.7043037908422283e-16,8.157983102374055e-15,3.155021089315933e-16,7.549514749434555e-15,3.83109703702649e-16,4.552244714584418e-15,4.056455686263342e-16,1.915548518513245e-15,4.957890283210752e-16,2.9296624400790806e-16,2.9296624400790806e-16,0.02708430885033025,4.957890283210752e-16
quadratic,20260921,47,8085,4,19.705887098361334,True,True,32,1.9705887098361335e-07,2.4216739724636227e-15,1.0578359187552504,3.4656097436247533e-13,1.784716554436861e-15,3.447762578080385e-13,,1.7586672075843467e-14,9.056768393772394e-17,1.7496104391905743e-14,2.7755575615628914e-15,1.2746748101477579e-14,1.1102230246251565e-16,5.551115123125783e-17,1.9984014443252818e-15,1.7763568394002505e-15,1.485584142474603e-16,1.7763568394002505e-15,0.19306799349503145,0.04278682256363755,0.20019840092669763,0.040479783674888685,4.957890283210752e-15,2.7043037908422283e-16,9.194632888863577e-15,4.056455686263342e-16,1.059185651413206e-14,4.957890283210752e-16,7.391763694968757e-15,6.760759477105571e-16,2.929662440079081e-15,5.408607581684457e-16,4.056455686263342e-16,4.056455686263342e-16,0.040479783674888685,6.760759477105571e-16
quadratic,20260921,48,8903,4,19.705887098361334,True,True,32,1.9705887098361335e-07,3.3306690738754696e-15,0.19757550958391246,2.31582445019471e-13,1.728990627918103e-15,2.298534543915529e-13,,1.1751942141124341e-14,8.77398017804476e-17,1.1664202339343893e-14,3.3750779948604757e-15,8.678821550311966e-15,2.220446049250313e-16,2.220446049250313e-16,1.7763568394002505e-15,1.7763568394002505e-15,2.7121162458700334e-16,1.7763568394002505e-15,0.24066953999499377,0.11752994757260038,0.24019298835119526,0.03634035641738216,2.6592320609948578e-15,1.3521518954211142e-16,4.4621012548896765e-15,1.802869193894819e-16,4.349421930271251e-15,2.028227843131671e-16,2.681767925918543e-15,2.028227843131671e-16,8.338270021763538e-16,2.2535864923685234e-16,4.7325316339739e-16,4.7325316339739e-16,0.03634035641738216,4.7325316339739e-16
quadratic,20260921,49,9143,4,19.705887098361334,True,True,32,1.9705887098361335e-07,4.218847493575595e-15,4.5665757980829795,4.4551022923687894e-13,1.797173521111975e-15,4.4371305571576697e-13,,2.26079763378897e-14,9.119982836303883e-17,2.251677650952666e-14,5.42423249174005e-15,1.7680301667155618e-14,1.1102230246251565e-15,4.440892098500626e-16,1.7763568394002505e-15,8.881784197001252e-16,6.619043937288991e-16,1.7763568394002505e-15,0.3368572312000602,0.09951789948345663,0.4249292626136414,0.09572243646463036,4.957890283210752e-15,3.155021089315933e-16,1.0772143433521543e-14,5.408607581684457e-16,1.2890514736347955e-14,6.760759477105571e-16,8.879130779931982e-15,7.66219407405298e-16,3.695881847484379e-15,7.66219407405298e-16,9.014345969474093e-16,9.014345969474093e-16,0.09572243646463036,9.014345969474093e-16
quadratic,20260921,50,1325,5,19.705887098361334,True,True,32,1.9705887098361335e-07,4.440892098500626e-15,13.219123013213562,3.8878353248424027e-13,8.15468724292755e-16,3.879680637599475e-13,,1.9729308837690947e-14,4.138198499881623e-17,1.968792685269213e-14,3.9968028886505635e-15,9.547918011776346e-15,8.881784197001252e-16,8.881784197001252e-16,1.7763568394002505e-15,1.7763568394002505e-15,9.600785774853746e-16,2.6645352591003757e-15,0.6784753781437524,0.23974960602753873,0.48826475166857297,0.06164540188858175,4.2142067407291395e-15,2.2535864923685234e-16,6.242434583860811e-15,3.155021089315933e-16,6.4903290980213476e-15,4.056455686263342e-16,3.763489442255435e-15,3.3803797385527855e-16,1.0366497864895209e-15,3.155021089315933e-16,1.3521518954211142e-16,1.3521518954211142e-16,0.06164540188858175,4.056455686263342e-16
quadratic,20260921,51,1435,5,19.705887098361334,True,True,32,1.9705887098361335e-07,7.105427357601002e-15,13.770731625724988,5.393931994179284e-13,2.258378669258338e-15,5.371348207486701e-13,,2.7372185617707222e-14,1.1460426308065756e-16,2.7257581354626565e-14,6.851662094829538e-15,1.5654144647214707e-14,1.7763568394002505e-15,2.220446049250313e-16,3.552713678800501e-15,0.0,8.479989197613096e-16,3.552713678800501e-15,0.7696745366141109,0.23676742982714163,0.5839164189109439,0.05361321180122001,4.574780579508103e-15,2.478945141605376e-16,6.7156877472582e-15,2.9296624400790806e-16,7.369227830045072e-15,4.507172984737047e-16,5.20578479737129e-15,6.535400827868719e-16,1.6676540043527075e-15,6.084683529395013e-16,4.507172984737047e-16,4.507172984737047e-16,0.05361321180122001,6.535400827868719e-16
quadratic,20260921,52,3703,5,19.705887098361334,True,True,32,1.9705887098361335e-07,1.6431300764452317e-14,11.813702164708864,3.831510505695032e-13,2.7972333444246187e-15,3.803538172250786e-13,,1.944348146607237e-14,1.4194912060859345e-16,1.9301532345463776e-14,5.255055649892408e-15,1.5154544286133387e-14,8.881784197001252e-16,1.1102230246251565e-16,1.7763568394002505e-15,1.7763568394002505e-15,2.971168284949222e-16,3.552713678800501e-15,0.7414586856266709,0.2396931568400475,0.5271526556175911,0.054779584946867806,4.236742605652824e-15,2.7043037908422283e-16,7.121333315884535e-15,3.605738387789638e-16,7.369227830045072e-15,6.760759477105571e-16,4.439565389965991e-15,8.788987320237242e-16,1.0141139215658356e-15,6.535400827868719e-16,9.014345969474094e-17,9.014345969474094e-17,0.054779584946867806,8.788987320237242e-16
quadratic,20260921,53,4857,5,19.705887098361334,True,True,32,1.9705887098361335e-07,6.661338147750939e-15,8.960856154933317,4.4466627594008126e-13,3.1794817275031068e-15,4.4148679421257813e-13,,2.2565148867470066e-14,1.6134679507868997e-16,2.2403802072391375e-14,6.026924990822278e-15,1.7041923427996153e-14,1.7763568394002505e-15,1.1102230246251565e-16,1.7763568394002505e-15,1.7763568394002505e-15,1.819179727492932e-15,2.6645352591003757e-15,0.7900681405587476,0.24030838312833658,0.40096161541472214,0.06698199366704591,4.507172984737047e-15,2.9296624400790806e-16,6.648080152487145e-15,2.9296624400790806e-16,6.219898718937125e-15,3.155021089315933e-16,4.484637119813362e-15,5.183248932447604e-16,2.2310506274448382e-15,4.7325316339739e-16,2.2535864923685236e-17,2.2535864923685236e-17,0.06698199366704591,5.183248932447604e-16
quadratic,20260921,54,4983,5,19.705887098361334,True,True,32,1.9705887098361335e-07,1.199040866595169e-14,17.475525639773934,5.617089465517094e-13,2.0007804936637643e-15,5.597081660580457e-13,,2.8504626244327715e-14,1.0153212000438902e-16,2.840309412432333e-14,9.07210814407985e-15,1.6611712005953905e-14,3.552713678800501e-15,8.881784197001252e-16,3.552713678800501e-15,0.0,1.785344359123405e-15,3.552713678800501e-15,0.811627550316113,0.2465757624912999,0.5932216298120586,0.08055584972639702,5.543822771226568e-15,2.7043037908422283e-16,8.405877616534594e-15,3.605738387789638e-16,7.504443019587184e-15,4.507172984737047e-16,3.78602530717912e-15,4.957890283210752e-16,1.712725734200078e-15,4.281814335500195e-16,2.028227843131671e-16,2.028227843131671e-16,0.08055584972639702,4.957890283210752e-16
quadratic,20260921,55,6323,5,19.705887098361334,True,True,32,1.9705887098361335e-07,9.325873406851315e-15,16.65866993584616,5.918609517829325e-13,1.6552896619530328e-15,5.902056621209794e-13,,3.0034727633862744e-14,8.399975366197447e-17,2.9950727880200765e-14,8.501136302844056e-15,2.2065682614424986e-14,1.7763568394002505e-15,8.881784197001252e-16,3.552713678800501e-15,3.552713678800501e-15,1.247679208626367e-15,2.6645352591003757e-15,0.9018767411690255,0.23351232897404106,0.9284248154420589,0.12475528276154635,5.273392392142345e-15,3.155021089315933e-16,8.698843860542501e-15,3.3803797385527855e-16,1.0749607568597858e-14,6.084683529395013e-16,8.924202509779353e-15,7.211476775579276e-16,4.957890283210752e-15,1.0817215163368913e-15,1.4422953551158551e-15,1.4422953551158551e-15,0.12475528276154635,1.4422953551158551e-15
quadratic,20260921,56,6699,5,19.705887098361334,True,True,32,1.9705887098361335e-07,8.43769498715119e-15,11.263096693903746,4.898852487688119e-13,2.0645522328758622e-15,4.87820696535936e-13,,2.4859842458426996e-14,1.0476829703584075e-16,2.4755074161391153e-14,5.773159728050814e-15,1.4863110742169283e-14,2.220446049250313e-15,8.881784197001252e-16,1.7763568394002505e-15,3.552713678800501e-15,1.990471279863669e-15,3.552713678800501e-15,0.873825524624499,0.20933015916703437,0.530063830603593,0.05785207266324302,5.002962013058123e-15,2.7043037908422283e-16,7.481907154663499e-15,2.7043037908422283e-16,7.076261586037164e-15,4.281814335500195e-16,4.574780579508103e-15,4.281814335500195e-16,1.5775105446579664e-15,4.507172984737047e-16,2.2535864923685236e-17,2.2535864923685236e-17,0.05785207266324302,4.507172984737047e-16
quadratic,20260921,57,6794,5,19.705887098361334,True,True,32,1.9705887098361335e-07,1.2434497875801753e-14,13.02262032688488,4.616290154368401e-13,2.0109575380561602e-15,4.596180578987839e-13,,2.3425944395836278e-14,1.0204856690889007e-16,2.3323895828927385e-14,4.366877230192283e-15,1.5487611193520934e-14,1.3322676295501878e-15,4.440892098500626e-16,3.552713678800501e-15,5.329070518200751e-15,6.73535301605927e-16,3.552713678800501e-15,0.7649614838061184,0.2538040589014866,0.4866104721369817,0.06547842377267035,4.6649240392028436e-15,2.028227843131671e-16,8.203054832221426e-15,3.155021089315933e-16,8.856594915008297e-15,3.83109703702649e-16,6.400185638326607e-15,5.183248932447604e-16,2.2310506274448382e-15,4.507172984737047e-16,9.014345969474094e-17,9.014345969474094e-17,0.06547842377267035,5.183248932447604e-16
quadratic,20260921,58,7277,5,19.705887098361334,True,True,32,1.9705887098361335e-07,8.881784197001252e-15,22.688451051435056,9.253840418811336e-13,4.1234211812209074e-15,9.212606206999127e-13,,4.695977589144337e-14,2.0924818865747969e-16,4.6750527702785896e-14,8.289665250534503e-15,2.6256774532384952e-14,2.6645352591003757e-15,2.220446049250313e-16,0.0,3.552713678800501e-15,1.7562670894308394e-15,3.552713678800501e-15,0.9582854022138343,0.2400786709220971,0.7098465013092283,0.09335323128651038,1.1425683516308414e-14,4.507172984737047e-16,1.656386071890865e-14,5.408607581684457e-16,1.5482139202571756e-14,7.66219407405298e-16,1.0389033729818894e-14,1.2620084357263731e-15,3.83109703702649e-15,1.2169367058790027e-15,6.310042178631866e-16,6.310042178631866e-16,0.09335323128651038,1.2620084357263731e-15
quadratic,20260921,59,7584,5,19.705887098361334,True,True,32,1.9705887098361335e-07,1.7763568394002505e-14,9.434137067353738,6.460308478649169e-13,2.5926351013151277e-15,6.434382127636017e-13,,3.278364707157174e-14,1.315665256973243e-16,3.265208054587441e-14,1.0023727879472843e-14,1.1934897514720433e-14,2.220446049250313e-15,4.440892098500626e-16,1.7763568394002505e-15,3.552713678800501e-15,1.9143417010322355e-15,3.552713678800501e-15,0.8348133536339816,0.2405524284169021,0.7289677329084084,0.06816568923751695,5.340999986913401e-15,2.028227843131671e-16,7.66219407405298e-15,3.3803797385527855e-16,7.932624453137203e-15,3.605738387789638e-16,5.340999986913401e-15,5.183248932447604e-16,2.5465527363764316e-15,4.507172984737047e-16,1.5775105446579664e-16,1.5775105446579664e-16,0.06816568923751695,5.183248932447604e-16
quadratic,20260921,60,430,6,19.705887098361334,True,True,32,1.9705887098361335e-07,3.3306690738754696e-15,-4.711815877691993,5.272216360575568e-13,2.0112714403994348e-15,5.252103646171574e-13,,2.6754524342190035e-14,1.0206449627769786e-16,2.6652459845912337e-14,4.033810322804735e-15,2.0490553698238045e-14,6.661338147750939e-16,4.440892098500626e-16,1.7763568394002505e-15,0.0,6.703632358212846e-16,1.7763568394002505e-15,0.290383145551634,0.0997316840935818,0.14784465947690295,0.020726599932444602,8.518556941153019e-15,3.605738387789638e-16,1.3837021063142734e-14,4.507172984737047e-16,1.4062379712379587e-14,6.760759477105571e-16,8.743915590389872e-15,9.915780566421504e-16,2.569088601300117e-15,6.310042178631866e-16,4.507172984737047e-17,4.507172984737047e-17,0.020726599932444602,9.915780566421504e-16
quadratic,20260921,61,3174,6,19.705887098361334,True,True,32,1.9705887098361335e-07,4.218847493575595e-15,-4.242985787245735,4.3528329089307737e-13,2.0576959448517646e-15,4.332255949482256e-13,,2.2088997502135993e-14,1.0442036608556814e-16,2.1984577136050424e-14,3.9968028886505635e-15,1.5792922525292852e-14,1.3322676295501878e-15,4.440892098500626e-16,2.6645352591003757e-15,1.7763568394002505e-15,9.378741169928698e-16,1.7763568394002505e-15,0.5142448361627695,0.18640570798240388,0.399916016839018,0.09177728317226332,5.633966230921309e-15,3.605738387789638e-16,9.55520672764254e-15,5.408607581684457e-16,9.825637106726763e-15,7.66219407405298e-16,6.3551139084792364e-15,7.211476775579276e-16,2.7493755206895987e-15,7.66219407405298e-16,7.211476775579276e-16,7.211476775579276e-16,0.09177728317226332,7.66219407405298e-16
quadratic,20260921,62,4412,6,19.705887098361334,True,True,32,1.9705887098361335e-07,1.4432899320127035e-15,-2.9368563800875505,4.408160220776518e-13,2.982741368710388e-15,4.378332807089414e-13,,2.236976289762202e-14,1.5136295838000724e-16,2.2218399939242012e-14,4.218847493575595e-15,1.2601031329495527e-14,2.220446049250313e-16,5.204170427930421e-18,1.3322676295501878e-15,8.881784197001252e-16,1.5437386818597478e-16,1.7763568394002505e-15,0.16209066151895202,0.04155309315129761,0.037068299992150784,0.006178111352178767,7.211476775579275e-15,4.507172984737047e-16,1.234965397817951e-14,4.507172984737047e-16,1.2079223599095287e-14,6.310042178631866e-16,5.814253150310791e-15,6.310042178631866e-16,1.4873670849632256e-15,3.605738387789638e-16,4.507172984737047e-17,4.507172984737047e-17,0.006178111352178767,6.310042178631866e-16
quadratic,20260921,63,4542,6,19.705887098361334,True,True,32,1.9705887098361335e-07,4.884981308350689e-15,-5.306093190413568,3.9891337587691494e-13,2.7503792893972847e-15,3.9616299658751764e-13,,2.024336046815609e-14,1.3957145271709161e-16,2.0103789015439e-14,5.170467228968586e-15,1.326716514427062e-14,4.440892098500626e-16,1.0408340855860843e-17,1.7763568394002505e-15,0.0,4.409171440654209e-16,1.7763568394002505e-15,0.4510659719985073,0.12977830260053358,0.27197400185162607,0.03237958743270083,6.129755259242384e-15,2.7043037908422283e-16,9.645350187337282e-15,4.056455686263342e-16,9.149561159016206e-15,4.957890283210752e-16,5.994540069700273e-15,5.408607581684457e-16,2.5240168714527462e-15,6.310042178631866e-16,3.155021089315933e-16,3.155021089315933e-16,0.03237958743270083,6.310042178631866e-16
quadratic,20260921,64,5260,6,19.705887098361334,True,True,32,1.9705887098361335e-07,1.0436096431476471e-14,-2.459903521942749,3.8176241268757175e-13,2.445067957625365e-15,3.7931734472994637e-13,,1.937301329201859e-14,1.2407804558205793e-16,1.924893524643653e-14,5.88418203051333e-15,9.96425164601078e-15,6.661338147750939e-16,2.220446049250313e-16,3.1086244689504383e-15,8.881784197001252e-16,4.1977003883446443e-16,1.7763568394002505e-15,0.5778957089462978,0.18467096621766227,0.6730063150792789,0.14287658822101507,5.273392392142345e-15,2.7043037908422283e-16,7.797409263595092e-15,2.7043037908422283e-16,8.834059050084613e-15,3.605738387789638e-16,6.084683529395013e-15,5.859324880158161e-16,2.2535864923685236e-15,5.859324880158161e-16,2.2535864923685234e-16,2.2535864923685234e-16,0.14287658822101507,5.859324880158161e-16
quadratic,20260921,65,5777,6,19.705887098361334,True,True,32,1.9705887098361335e-07,5.773159728050814e-15,-3.4144139498392665,5.604319918192789e-13,2.293007054074026e-15,5.581389847652049e-13,,2.8439825572018135e-14,1.1636152397649247e-16,2.8323464048041642e-14,7.803281830222528e-15,1.777744618181032e-14,3.3306690738754696e-16,4.440892098500626e-16,8.881784197001252e-16,3.1086244689504383e-15,3.2249335477206695e-16,1.7763568394002505e-15,0.534244329585918,0.16883089322129707,0.7766642391028828,0.14723824400099622,5.408607581684457e-15,2.7043037908422283e-16,8.56362867100039e-15,3.605738387789638e-16,9.600278457489911e-15,4.957890283210752e-16,6.174826989089755e-15,5.408607581684457e-16,3.0198058997738218e-15,7.211476775579276e-16,9.4650632679478e-16,9.4650632679478e-16,0.14723824400099622,9.4650632679478e-16
quadratic,20260921,66,6206,6,19.705887098361334,True,True,32,1.9705887098361335e-07,7.327471962526033e-15,3.177026476769468,5.060302705962002e-13,6.756896629513318e-15,4.992733739666868e-13,,2.5679141876250762e-14,3.4288720907546433e-16,2.5336254667175297e-14,7.327471962526033e-15,4.2847669856627135e-14,8.881784197001252e-16,2.220446049250313e-16,1.7763568394002505e-15,2.220446049250313e-15,4.345730124961339e-16,1.7763568394002505e-15,0.35754778402025905,0.11901830487537969,0.39674832990289416,0.058938939951814165,5.949468339852902e-15,2.7043037908422283e-16,1.0050995755963616e-14,5.408607581684457e-16,1.239472570802688e-14,7.211476775579276e-16,1.0096067485810985e-14,8.112911372526684e-16,6.445257368173978e-15,1.4422953551158551e-15,1.9380843834369302e-15,1.9380843834369302e-15,0.058938939951814165,1.9380843834369302e-15
quadratic,20260921,67,6466,6,19.705887098361334,True,True,32,1.9705887098361335e-07,5.329070518200751e-15,-0.9260514875037629,6.259139370822284e-13,2.014526112063886e-15,6.238994109701646e-13,,3.1762789158285444e-14,1.0222965868059837e-16,3.166055949960485e-14,5.255055649892407e-15,1.8068879725774423e-14,1.3322676295501878e-15,8.881784197001252e-16,9.992007221626409e-16,1.5543122344752192e-15,1.006602208993475e-15,1.7763568394002505e-15,0.5587694980827433,0.12371517075088304,0.6914043101692466,0.17254925619830255,7.346691965121387e-15,3.155021089315933e-16,1.1944008409553175e-14,4.507172984737047e-16,1.234965397817951e-14,6.310042178631866e-16,7.121333315884535e-15,6.760759477105571e-16,1.983156113284301e-15,5.408607581684457e-16,9.014345969474094e-17,9.014345969474094e-17,0.17254925619830255,6.760759477105571e-16
quadratic,20260921,68,7419,6,19.705887098361334,True,True,32,1.9705887098361335e-07,5.10702591327572e-15,2.1436019158681834,4.56341479155007e-13,3.79808618418343e-15,4.5254339297082353e-13,,2.3157621723761656e-14,1.9273865547008354e-16,2.296488306829157e-14,3.9888727241889555e-15,2.069525106840331e-14,6.661338147750939e-16,1.1102230246251565e-16,2.6645352591003757e-15,8.881784197001252e-16,5.244482097276933e-16,1.7763568394002505e-15,0.2902972244264291,0.07225781179026299,0.3069442662046462,0.05530129350936271,4.957890283210752e-15,3.605738387789638e-16,9.374919808253058e-15,3.605738387789638e-16,1.2620084357263732e-14,5.408607581684457e-16,9.735493647032021e-15,8.112911372526684e-16,3.2451645490106738e-15,1.0817215163368913e-15,1.802869193894819e-16,1.802869193894819e-16,0.05530129350936271,1.0817215163368913e-15
quadratic,20260921,69,9004,6,19.705887098361334,True,True,32,1.9705887098361335e-07,5.773159728050814e-15,-4.5536165051367075,5.897219551311733e-13,3.6714348492611644e-15,5.860505202819121e-13,,2.9926181561256e-14,1.8631157435010713e-16,2.9739869986905887e-14,6.106226635438361e-15,1.8846035843012032e-14,1.3322676295501878e-15,2.7755575615628914e-17,1.7763568394002505e-15,8.881784197001252e-16,4.451465651116116e-16,1.7763568394002505e-15,0.33730972225456207,0.1419449818337535,0.18495764833757727,0.03183105879771881,6.895974666647682e-15,3.155021089315933e-16,1.1628506300621582e-14,6.310042178631866e-16,1.1944008409553175e-14,8.112911372526684e-16,7.57205061435824e-15,9.4650632679478e-16,3.2000928191633035e-15,4.957890283210752e-16,5.859324880158161e-16,5.859324880158161e-16,0.03183105879771881,9.4650632679478e-16
quadratic,20260921,70,60,7,19.705887098361334,True,True,32,1.9705887098361335e-07,8.659739592076221e-15,16.26819231689525,5.228568570167117e-13,2.0435042547006795e-15,5.20813352762011e-13,,2.6533028145695124e-14,1.0370019093789538e-16,2.642932795475723e-14,7.438494264988549e-15,1.7069679003611782e-14,2.6645352591003757e-15,8.881784197001252e-16,3.552713678800501e-15,3.552713678800501e-15,1.330152919027092e-15,3.552713678800501e-15,0.38359176124054883,0.10455602460447933,0.7583682463598197,0.10811034407681176,6.9410463964950524e-15,3.605738387789638e-16,1.0817215163368914e-14,5.183248932447604e-16,1.054678478428469e-14,5.408607581684457e-16,6.467793233097663e-15,6.310042178631866e-16,2.7493755206895987e-15,7.887552723289832e-16,1.3521518954211142e-16,1.3521518954211142e-16,0.10811034407681176,7.887552723289832e-16
quadratic,20260921,71,1722,7,19.705887098361334,True,True,32,1.9705887098361335e-07,7.105427357601002e-15,12.963674661318898,4.0574019012309817e-13,2.108432476230095e-15,4.0363175764686806e-13,,2.0589795734536507e-14,1.0699505511758586e-16,2.048280067941892e-14,3.3306690738754696e-15,1.1129985821867194e-14,1.3322676295501878e-15,0.0,1.7763568394002505e-15,1.7763568394002505e-15,1.0599986497016385e-15,2.6645352591003757e-15,0.34317699924046563,0.09889096773986729,0.5288607938317894,0.07892061151882009,7.256548505426645e-15,3.83109703702649e-16,1.0479177189513635e-14,4.056455686263342e-16,8.834059050084613e-15,4.281814335500195e-16,4.1465991459580835e-15,5.408607581684457e-16,1.1267932461842618e-15,3.3803797385527855e-16,1.1267932461842617e-16,1.1267932461842617e-16,0.07892061151882009,5.408607581684457e-16
quadratic,20260921,72,2164,7,19.705887098361334,True,True,32,1.9705887098361335e-07,5.995204332975845e-15,17.711174440350888,6.238179450514975e-13,2.004844702950336e-15,6.218131003485472e-13,,3.1656425409205345e-14,1.0173836341105653e-16,3.155468704579429e-14,4.958996176659032e-15,1.802724636235098e-14,1.3322676295501878e-15,8.881784197001252e-16,7.105427357601002e-15,0.0,1.1498738469332007e-15,3.552713678800501e-15,0.5868111005555107,0.1494812026439175,1.1210673611580388,0.14730522050151984,8.56362867100039e-15,5.183248932447604e-16,1.2732763681882158e-14,6.535400827868719e-16,1.2890514736347955e-14,8.338270021763538e-16,8.473485211305648e-15,9.4650632679478e-16,3.4705231982475262e-15,7.436835424816128e-16,3.83109703702649e-16,3.83109703702649e-16,0.14730522050151984,9.4650632679478e-16
quadratic,20260921,73,5110,7,19.705887098361334,True,True,32,1.9705887098361335e-07,6.8833827526759706e-15,18.67145825726413,6.450128790868619e-13,2.4691888745294267e-15,6.425436902123324e-13,,3.273198896691632e-14,1.2530209181675231e-16,3.260668687509957e-14,6.693058805597372e-15,1.7735812818386876e-14,1.3322676295501878e-15,8.881784197001252e-16,3.552713678800501e-15,3.552713678800501e-15,7.301038080987335e-16,2.6645352591003757e-15,0.45676721789814384,0.13340587032000176,0.9270915537731949,0.09190803058587396,9.532670862718855e-15,3.83109703702649e-16,1.4580704605624347e-14,4.957890283210752e-16,1.3994772117608532e-14,5.859324880158161e-16,8.586164535924075e-15,6.760759477105571e-16,3.0198058997738218e-15,7.66219407405298e-16,2.9296624400790806e-16,2.9296624400790806e-16,0.09190803058587396,7.66219407405298e-16
quadratic,20260921,74,5313,7,19.705887098361334,True,True,32,1.9705887098361335e-07,5.773159728050814e-15,11.186904780024786,3.628421637221398e-13,1.909054924724495e-15,3.609331087974153e-13,,1.841288148617843e-14,9.687739076122306e-17,1.8316004095417208e-14,4.6629367034256575e-15,1.491862189340054e-14,8.881784197001252e-16,5.551115123125783e-17,3.552713678800501e-15,0.0,6.619043937289022e-16,3.552713678800501e-15,0.4035683940672246,0.11615981221025523,0.5009130312484111,0.06675878179388993,3.628274252713323e-15,1.5775105446579664e-16,5.859324880158162e-15,3.155021089315933e-16,6.219898718937125e-15,3.83109703702649e-16,5.881860745081846e-15,6.084683529395013e-16,2.9071265751553955e-15,8.112911372526684e-16,8.56362867100039e-16,8.56362867100039e-16,0.06675878179388993,8.56362867100039e-16
quadratic,20260921,75,5523,7,19.705887098361334,True,True,32,1.9705887098361335e-07,5.10702591327572e-15,16.626917712607558,6.460987829404714e-13,2.0521943932565234e-15,6.440465885472148e-13,,3.2787094522336856e-14,1.04141182937518e-16,3.268295333939934e-14,4.821539992657823e-15,1.7638668303732175e-14,8.881784197001252e-16,4.440892098500626e-16,3.552713678800501e-15,3.552713678800501e-15,3.8752070335725624e-16,2.6645352591003757e-15,0.3525881268981159,0.11018025443834742,0.7765196400047879,0.09630873446239818,1.0839751028292599e-14,4.507172984737047e-16,1.845687337249821e-14,5.859324880158161e-16,1.8547016832192948e-14,7.436835424816128e-16,9.93831643134519e-15,8.112911372526684e-16,2.771911385613284e-15,6.986118126342423e-16,2.2535864923685236e-17,2.2535864923685236e-17,0.09630873446239818,8.112911372526684e-16
quadratic,20260921,76,7928,7,19.705887098361334,True,True,32,1.9705887098361335e-07,5.440092820663267e-15,17.173056921664248,5.590307317589127e-13,2.1159000477647795e-15,5.569148317111479e-13,,2.836871686966072e-14,1.0737400641764205e-16,2.8261342863243076e-14,4.884981308350689e-15,1.759703494030873e-14,1.7763568394002505e-15,4.440892098500626e-16,7.105427357601002e-15,0.0,1.7055140368765499e-15,3.552713678800501e-15,0.45944195430423274,0.10680311501522569,0.779907854972167,0.08212403999481399,9.532670862718855e-15,3.605738387789638e-16,1.4175059036998014e-14,4.281814335500195e-16,1.2507405032645307e-14,5.633966230921309e-16,6.805831206952941e-15,6.310042178631866e-16,2.5916244662238022e-15,6.535400827868719e-16,4.507172984737047e-16,4.507172984737047e-16,0.08212403999481399,6.535400827868719e-16
quadratic,20260921,77,8612,7,19.705887098361334,True,True,32,1.9705887098361335e-07,8.659739592076221e-15,16.775410546971287,6.919866795975677e-13,1.7459578756307547e-15,6.902407217219369e-13,,3.511573349342444e-14,8.860082608389358e-17,3.5027132667340545e-14,5.218048215738236e-15,2.9531932455029164e-14,1.3322676295501878e-15,4.440892098500626e-16,3.552713678800501e-15,0.0,6.354705121902115e-16,3.552713678800501e-15,0.3860300567550776,0.08499861275975533,0.8205903382111691,0.09937838720141261,8.00023204790826e-15,4.7325316339739e-16,1.509902949886911e-14,5.859324880158161e-16,1.906534172543771e-14,8.338270021763538e-16,1.6022999960740204e-14,9.690421917184651e-16,7.729801668824036e-15,1.2620084357263731e-15,1.4873670849632256e-15,1.4873670849632256e-15,0.09937838720141261,1.4873670849632256e-15
quadratic,20260921,78,8934,7,19.705887098361334,True,True,32,1.9705887098361335e-07,8.215650382226158e-15,14.964760876429331,4.2224801697460495e-13,2.1094237467877966e-15,4.2013859322781716e-13,,2.14275061491506e-14,1.0704535838750482e-16,2.1320460790763095e-14,6.161737786669619e-15,1.3433698597964394e-14,2.220446049250313e-15,8.881784197001252e-16,3.552713678800501e-15,1.7763568394002505e-15,2.6682360025157943e-15,3.552713678800501e-15,0.40202558583771064,0.10032666990504932,0.618765570756533,0.08269972060644037,5.340999986913401e-15,2.478945141605376e-16,9.712957782108336e-15,3.3803797385527855e-16,1.0727071703674172e-14,4.957890283210752e-16,7.14386918080822e-15,5.633966230921309e-16,2.0507637080553564e-15,6.986118126342423e-16,2.9296624400790806e-16,2.9296624400790806e-16,0.08269972060644037,6.986118126342423e-16
quadratic,20260921,79,9879,7,19.705887098361334,True,True,32,1.9705887098361335e-07,4.218847493575595e-15,14.216196278856433,4.028769051171787e-13,3.5236033667560147e-15,3.9935330175042267e-13,,2.0444494739375646e-14,1.7880968002952906e-16,2.0265685059346115e-14,4.04121180963557e-15,1.2059797604990763e-14,1.3322676295501878e-15,8.881784197001252e-16,0.0,1.7763568394002505e-15,8.279091697919019e-16,2.6645352591003757e-15,0.25722327331163297,0.08748766806012856,0.6503183275930079,0.07239748575976615,7.211476775579275e-15,3.155021089315933e-16,9.848172971650448e-15,3.83109703702649e-16,9.014345969474094e-15,4.957890283210752e-16,5.1832489324476044e-15,5.633966230921309e-16,1.6451181394290222e-15,5.408607581684457e-16,3.155021089315933e-16,3.155021089315933e-16,0.07239748575976615,5.633966230921309e-16
quadratic,20260921,80,298,8,19.705887098361334,True,True,32,1.9705887098361335e-07,7.993605777301127e-15,15.160208439122398,5.679720582740799e-13,2.075191870195188e-15,5.658968664038847e-13,,2.882245571788089e-14,1.0530821879963745e-16,2.871714749908125e-14,7.216449660063518e-15,1.9262369477246466e-14,2.6645352591003757e-15,1.1102230246251565e-16,1.7763568394002505e-15,0.0,6.592610055750285e-16,0.0,0.8649896803502253,0.22308455092211602,0.793337533192634,0.12140435299840278,5.448045345300906e-15,3.3803797385527855e-16,1.0552418750515612e-14,4.056455686263342e-16,1.2676424019572945e-14,6.760759477105571e-16,9.634082254875439e-15,9.014345969474093e-16,4.552244714584418e-15,1.1718649760316322e-15,1.4873670849632256e-15,1.4873670849632256e-15,0.12140435299840278,1.4873670849632256e-15
quadratic,20260921,81,523,8,19.705887098361334,True,True,32,1.9705887098361335e-07,7.993605777301127e-15,10.909530167660455,4.894646196288274e-13,2.619267236965363e-15,4.86845352391862e-13,,2.4838497104224726e-14,1.3291800688247987e-16,2.4705579097342246e-14,6.957397620984314e-15,1.5903944827755367e-14,2.220446049250313e-15,2.220446049250313e-16,3.552713678800501e-15,1.7763568394002505e-15,1.4750105898591384e-15,1.7763568394002505e-15,0.7933004898075036,0.15663502277148814,0.9158146875112165,0.16447946444881464,3.4367194008619986e-15,2.2535864923685234e-16,6.918510531571367e-15,4.281814335500195e-16,9.51013499779517e-15,6.084683529395013e-16,8.259394494530639e-15,8.112911372526684e-16,4.360689862733093e-15,1.0366497864895209e-15,1.0817215163368913e-15,1.0817215163368913e-15,0.16447946444881464,1.0817215163368913e-15
quadratic,20260921,82,1566,8,19.705887098361334,True,True,32,1.9705887098361335e-07,1.0880185641326534e-14,16.341911173452043,6.240341576813079e-13,6.1623986337080876e-15,6.178717590475998e-13,,3.166739739076249e-14,3.12718661329412e-16,3.1354678729433076e-14,8.818342881308386e-15,2.257916076331412e-14,3.552713678800501e-15,8.881784197001252e-16,7.105427357601002e-15,1.0658141036401503e-14,3.2645843700287334e-15,3.552713678800501e-15,1.0420033106729252,0.2511016240419112,1.340901523555365,0.14349820986484946,5.104373405214706e-15,3.0423417646975067e-16,9.419991538100428e-15,3.605738387789638e-16,1.2428529505412408e-14,6.422721503250292e-16,9.55520672764254e-15,6.873438801723997e-16,3.9775801590304444e-15,1.239472570802688e-15,6.760759477105571e-17,6.760759477105571e-17,0.14349820986484946,1.239472570802688e-15
quadratic,20260921,83,2304,8,19.705887098361334,True,True,32,1.9705887098361335e-07,1.021405182655144e-14,21.023569513309685,7.934081962852295e-13,3.982528592619665e-15,7.894256676926099e-13,,4.026249578742417e-14,2.020984172263342e-16,4.006039737019784e-14,1.3322676295501878e-14,2.736699755701011e-14,3.552713678800501e-15,8.881784197001252e-16,3.552713678800501e-15,3.552713678800501e-15,2.0243066482332014e-15,1.7763568394002505e-15,0.9902891824879234,0.24721615170829453,1.0986937043629736,0.11866296210251548,7.921356520675361e-15,4.507172984737047e-16,1.454690080823882e-14,8.788987320237242e-16,1.8287854385570568e-14,8.56362867100039e-16,1.2473601235259779e-14,1.3972236252684847e-15,6.028343867085801e-15,1.3972236252684847e-15,6.760759477105571e-17,6.760759477105571e-17,0.11866296210251548,1.3972236252684847e-15
quadratic,20260921,84,4575,8,19.705887098361334,True,True,32,1.9705887098361335e-07,4.884981308350689e-15,11.540374522422262,3.6158004500572296e-13,3.2593306360729186e-15,3.5832071436965006e-13,,1.8348833686141974e-14,1.6539882826913953e-16,1.8183434857872835e-14,5.773159728050814e-15,1.6708856520608606e-14,4.440892098500626e-16,5.551115123125783e-17,0.0,0.0,7.433207488680806e-16,8.881784197001252e-16,0.5133199693976661,0.15968472373361597,0.18200415349204488,0.03060884777981901,4.248010538114667e-15,2.478945141605376e-16,6.726955679720043e-15,2.478945141605376e-16,6.963582261418738e-15,4.169135010881769e-16,3.898704631797546e-15,3.3803797385527855e-16,1.6901898692763927e-15,4.7325316339739e-16,7.211476775579276e-16,7.211476775579276e-16,0.03060884777981901,7.211476775579276e-16
quadratic,20260921,85,5972,8,19.705887098361334,True,True,32,1.9705887098361335e-07,7.105427357601002e-15,18.542115125349486,4.93117749015123e-13,3.712903000924988e-15,4.89404846014198e-13,,2.5023879744856997e-14,1.8841592780838265e-16,2.4835463817048613e-14,9.43689570931383e-15,2.0670964939739633e-14,8.881784197001252e-16,8.881784197001252e-16,3.552713678800501e-15,0.0,1.427429603089485e-15,1.7763568394002505e-15,0.7841990501280182,0.20515854717738594,0.5791473798958149,0.07812330355989569,4.371957795194936e-15,2.478945141605376e-16,8.079107575141156e-15,3.155021089315933e-16,9.81436917426492e-15,5.408607581684457e-16,6.7156877472582e-15,6.310042178631866e-16,2.940930372540923e-15,7.211476775579276e-16,5.859324880158161e-16,5.859324880158161e-16,0.07812330355989569,7.211476775579276e-16
quadratic,20260921,86,6624,8,19.705887098361334,True,True,32,1.9705887098361335e-07,5.329070518200751e-15,18.595128184649102,5.745583902829649e-13,2.7813730155014066e-15,5.717770172674634e-13,,2.915668741097897e-14,1.4114426828989065e-16,2.901554314268908e-14,5.662137425588298e-15,2.3397950243975174e-14,1.7763568394002505e-15,8.881784197001252e-16,3.552713678800501e-15,3.552713678800501e-15,1.0325074129013957e-15,0.0,0.7610414518554319,0.16784891166127286,0.5283862671632976,0.09166680058464982,5.8029852178489484e-15,3.2677004139343594e-16,1.1955276342015018e-14,6.535400827868719e-16,1.4129987307150643e-14,1.0366497864895209e-15,8.541092806076704e-15,1.3746877603447993e-15,2.974734169926451e-15,9.577742592566225e-16,1.802869193894819e-16,1.802869193894819e-16,0.09166680058464982,1.3746877603447993e-15
quadratic,20260921,87,8070,8,19.705887098361334,True,True,32,1.9705887098361335e-07,7.771561172376096e-15,5.291128955703691,3.7390051372503717e-13,1.0456913113188184e-15,3.7285482241371837e-13,,1.8974051351188818e-14,5.306491943749004e-17,1.892098643175133e-14,6.716849298982197e-15,1.711478181398718e-14,8.881784197001252e-16,1.1102230246251565e-16,1.7763568394002505e-15,1.7763568394002505e-15,7.466249840604167e-16,0.0,0.5207904656557016,0.15983315637988052,0.5012711800210434,0.07102287340351376,3.2564324814725165e-15,1.4648312200395403e-16,5.72410969061605e-15,2.1409071677500975e-16,6.518498929175954e-15,3.0423417646975067e-16,4.8170411274377195e-15,4.957890283210752e-16,1.4873670849632256e-15,4.788871296283112e-16,3.774757374717277e-16,3.774757374717277e-16,0.07102287340351376,4.957890283210752e-16
quadratic,20260921,88,9290,8,19.705887098361334,True,True,32,1.9705887098361335e-07,1.2434497875801753e-14,21.63954791743029,6.29391611579811e-13,5.842746921201423e-15,6.235488646586096e-13,,3.1939268120142064e-14,2.964975335562175e-16,3.164277058658585e-14,1.2751704454266084e-14,2.833844270355712e-14,4.440892098500626e-15,8.881784197001252e-16,3.552713678800501e-15,3.552713678800501e-15,4.554557789117009e-15,3.552713678800501e-15,0.7904878584764565,0.2291689453498213,0.606093930097064,0.08769223381942551,4.980426148134437e-15,3.155021089315933e-16,9.104489429168836e-15,4.7325316339739e-16,9.746761579493864e-15,6.535400827868719e-16,6.41145357078845e-15,9.4650632679478e-16,2.5803565337619595e-15,9.014345969474093e-16,2.9296624400790806e-16,2.9296624400790806e-16,0.08769223381942551,9.4650632679478e-16
quadratic,20260921,89,9833,8,19.705887098361334,True,True,32,1.9705887098361335e-07,6.217248937900877e-15,8.419839683200372,3.052176897465672e-13,2.71905513977393e-15,3.024986346067933e-13,,1.5488655152801923e-14,1.37981869387653e-16,1.535067328341427e-14,4.6629367034256575e-15,1.176836406102666e-14,6.661338147750939e-16,1.1102230246251565e-16,1.7763568394002505e-15,5.329070518200751e-15,7.41206038344986e-16,0.0,0.4934767476283841,0.10601259667421642,0.4258375972291585,0.07798032999392195,3.515594928094897e-15,2.1409071677500975e-16,5.340999986913401e-15,3.0423417646975067e-16,6.5410347940996396e-15,3.83109703702649e-16,5.188882898678526e-15,5.408607581684457e-16,1.7577974640474484e-15,8.000232047908259e-16,0.0,0.0,0.07798032999392195,8.000232047908259e-16
quadratic,20260921,90,428,9,19.705887098361334,True,True,32,1.9705887098361335e-07,9.575673587391975e-15,20.999461857825402,4.277151384391416e-13,3.1505221711892668e-15,4.2456461626795233e-13,,2.170494209695887e-14,1.5987720600770377e-16,2.1545064890951168e-14,4.6074255521944e-15,1.9415025143132425e-14,8.881784197001252e-16,8.881784197001252e-16,3.552713678800501e-15,0.0,8.8500635391548e-16,5.329070518200751e-15,0.3416461243046917,0.1429449319884472,1.0435194130573977,0.12486887933977818,4.552244714584418e-15,2.7043037908422283e-16,7.188940910655591e-15,3.3803797385527855e-16,1.011860335073467e-14,5.183248932447604e-16,7.27908437035033e-15,6.422721503250292e-16,2.276122357292209e-15,7.436835424816128e-16,6.986118126342423e-16,6.986118126342423e-16,0.12486887933977818,7.436835424816128e-16
quadratic,20260921,91,623,9,19.705887098361334,True,True,32,1.9705887098361335e-07,3.885780586188048e-15,17.011968401301438,4.778158854029394e-13,2.93341739787678e-15,4.748824680050626e-13,,2.4247367450038455e-14,1.4885995150762393e-16,2.4098507498530832e-14,4.4778995326547975e-15,1.459943277382081e-14,8.881784197001252e-16,4.440892098500626e-16,7.105427357601002e-15,0.0,1.1752503732103439e-15,3.552713678800501e-15,0.38974949486384075,0.09009304738499731,1.3276135569252467,0.1627122399885905,6.850902936800312e-15,4.507172984737047e-16,1.0524248919361004e-14,6.084683529395013e-16,1.0050995755963616e-14,5.633966230921309e-16,6.535400827868718e-15,7.211476775579276e-16,2.6366961960711725e-15,7.211476775579276e-16,2.9296624400790806e-16,2.9296624400790806e-16,0.1627122399885905,7.211476775579276e-16
quadratic,20260921,92,995,9,19.705887098361334,True,True,32,1.9705887098361335e-07,4.884981308350689e-15,19.04791227747897,3.8290686758878947e-13,2.69744544161605e-15,3.8020942214717344e-13,,1.943109009391567e-14,1.3688525810342022e-16,1.929420483581225e-14,4.37745078280776e-15,1.3773704399255848e-14,1.7763568394002505e-15,8.881784197001252e-16,0.0,0.0,2.3370194668359546e-15,3.552713678800501e-15,0.36089824784892427,0.11968697747610495,0.7499719279948471,0.11413447462150708,3.628274252713323e-15,2.478945141605376e-16,5.464947243993669e-15,2.478945141605376e-16,6.9410463964950524e-15,4.056455686263342e-16,5.926932474929217e-15,4.7325316339739e-16,3.650810117637008e-15,8.000232047908259e-16,9.577742592566225e-16,9.577742592566225e-16,0.11413447462150708,9.577742592566225e-16
quadratic,20260921,93,2043,9,19.705887098361334,True,True,32,1.9705887098361335e-07,7.993605777301127e-15,28.22599105402231,6.778538709176086e-13,4.274358644806852e-15,6.735795122728018e-13,,3.43985463599848e-14,2.1690769989047036e-16,3.4181638660094327e-14,1.218073261303029e-14,2.576411306520754e-14,8.881784197001252e-16,2.220446049250313e-16,7.105427357601002e-15,3.552713678800501e-15,1.4988010832439605e-15,3.552713678800501e-15,0.6463639507382878,0.28299663921807017,1.217017203365612,0.21841027866512605,7.369227830045072e-15,4.507172984737047e-16,1.1673578030468953e-14,5.859324880158161e-16,1.0614392379055746e-14,6.084683529395013e-16,8.405877616534594e-15,5.633966230921309e-16,4.507172984737047e-15,9.4650632679478e-16,1.5099029498869109e-15,1.5099029498869109e-15,0.21841027866512605,1.5099029498869109e-15
quadratic,20260921,94,2087,9,19.705887098361334,True,True,32,1.9705887098361335e-07,7.549516567451064e-15,25.58600062031111,5.337175476704034e-13,3.0317349160247622e-15,5.306858127543787e-13,,2.7084167538683672e-14,1.538491974957509e-16,2.6930318341187922e-14,8.818342881308386e-15,2.974009927214638e-14,1.7763568394002505e-15,8.881784197001252e-16,3.552713678800501e-15,0.0,8.495849526536324e-16,7.105427357601002e-15,0.5742679049920512,0.20418822259463498,0.9759201398605313,0.1955267114922979,6.084683529395013e-15,3.83109703702649e-16,9.712957782108336e-15,4.507172984737047e-16,1.1110181407376821e-14,6.084683529395013e-16,9.059417699321465e-15,8.788987320237242e-16,4.980426148134437e-15,1.3521518954211142e-15,1.0141139215658356e-15,1.0141139215658356e-15,0.1955267114922979,1.3521518954211142e-15
quadratic,20260921,95,4442,9,19.705887098361334,True,True,32,1.9705887098361335e-07,6.217248937900877e-15,21.131351836971824,4.4068175035031725e-13,2.8483168204981462e-15,4.378334335298191e-13,,2.2362949110114542e-14,1.445414157850829e-16,2.221840769432946e-14,5.709718412357948e-15,1.3100631690576847e-14,1.7763568394002505e-15,4.440892098500626e-16,3.552713678800501e-15,0.0,1.5400379384443222e-15,7.105427357601002e-15,0.5349930052295379,0.14764223286009093,0.7227148712179254,0.12530282143124138,4.507172984737047e-15,2.478945141605376e-16,6.5579366927924035e-15,3.3803797385527855e-16,6.67061601741083e-15,3.3803797385527855e-16,5.7015738256923645e-15,5.183248932447604e-16,2.3437299520632644e-15,5.408607581684457e-16,3.83109703702649e-16,3.83109703702649e-16,0.12530282143124138,5.408607581684457e-16
quadratic,20260921,96,4850,9,19.705887098361334,True,True,32,1.9705887098361335e-07,6.8833827526759706e-15,16.160526285856708,4.210268459928091e-13,2.6965285163501768e-15,4.1833031747645894e-13,,2.136553629335571e-14,1.3683872757874523e-16,2.1228697565776963e-14,4.6629367034256575e-15,1.427330476033717e-14,8.881784197001252e-16,4.440892098500626e-16,3.552713678800501e-15,0.0,6.04542870789935e-16,3.552713678800501e-15,0.3105158021087017,0.09703901534696689,0.9464101408302423,0.10118719322503544,4.586048511969946e-15,2.2535864923685234e-16,7.110065383422692e-15,3.155021089315933e-16,8.214322764683268e-15,3.4930590631712116e-16,4.969158215672595e-15,3.943776361644916e-16,1.4310274226540124e-15,3.4930590631712116e-16,2.1409071677500975e-16,2.1409071677500975e-16,0.10118719322503544,3.943776361644916e-16
quadratic,20260921,97,6965,9,19.705887098361334,True,True,32,1.9705887098361335e-07,5.329070518200751e-15,18.355958481868996,5.005632069557794e-13,2.876989321379652e-15,4.976862176343997e-13,,2.5401708862799907e-14,1.459964378674884e-16,2.5255712424932416e-14,5.773159728050814e-15,2.1420365481361614e-14,1.7763568394002505e-15,4.440892098500626e-16,3.552713678800501e-15,0.0,9.177843670234638e-16,4.440892098500626e-15,0.4470053029853144,0.14284318911845612,0.8100470525482847,0.10957667979869638,8.383341751610908e-15,4.056455686263342e-16,1.106510967752945e-14,5.408607581684457e-16,9.03688183439778e-15,4.7325316339739e-16,5.002962013058123e-15,5.408607581684457e-16,2.028227843131671e-15,9.4650632679478e-16,7.211476775579276e-16,7.211476775579276e-16,0.10957667979869638,9.4650632679478e-16
quadratic,20260921,98,9272,9,19.705887098361334,True,True,32,1.9705887098361335e-07,8.215650382226158e-15,17.801734178738695,4.719410708791962e-13,1.7464535109096023e-15,4.701946173682867e-13,,2.3949242605700358e-14,8.86259777188529e-17,2.3860616627981504e-14,7.771561172376096e-15,1.5112910922709943e-14,2.6645352591003757e-15,8.881784197001252e-16,3.552713678800501e-15,0.0,1.3288312249501567e-15,3.552713678800501e-15,0.7371791154316509,0.26960747621800374,0.685930627042031,0.10056224636984806,5.20578479737129e-15,3.3803797385527855e-16,6.433989435712135e-15,3.0423417646975067e-16,5.1832489324476044e-15,3.155021089315933e-16,4.033919821339657e-15,3.3803797385527855e-16,2.602892398685645e-15,6.873438801723997e-16,4.845210958592326e-16,4.845210958592326e-16,0.10056224636984806,6.873438801723997e-16
quadratic,20260921,99,9528,9,19.705887098361334,True,True,32,1.9705887098361335e-07,1.1546319456101628e-14,25.11611924101493,5.221496598190838e-13,3.670650093402977e-15,5.184790097256808e-13,,2.64971405353532e-14,1.8627175092808758e-16,2.6310868784425114e-14,6.5133084111342514e-15,1.494637746901617e-14,3.552713678800501e-15,8.881784197001252e-16,0.0,0.0,4.09830899375915e-15,3.552713678800501e-15,0.7320525580776938,0.30128952523283414,1.012810644872896,0.17164654262498,4.709995769050214e-15,3.605738387789638e-16,1.0839751028292599e-14,4.957890283210752e-16,1.4220130766845385e-14,7.66219407405298e-16,9.059417699321465e-15,1.3746877603447993e-15,4.169135010881769e-15,7.436835424816128e-16,7.66219407405298e-16,7.66219407405298e-16,0.17164654262498,1.3746877603447993e-15
quadratic,20260922,0,280,0,21.900210453733774,True,True,32,2.1900210453733774e-07,6.217248937900877e-15,9.655416247683004,3.294896101989155e-13,2.057877677787348e-15,3.2743173252112814e-13,,1.504504310106941e-14,9.396611425880155e-17,1.495107698681061e-14,3.73775084957136e-15,1.3156142841808105e-14,1.3322676295501878e-15,0.0,1.7763568394002505e-15,3.552713678800501e-15,1.4586215833051483e-15,2.6645352591003757e-15,0.41181909436357483,0.08242532099818477,0.5957908215938968,0.08588705922970134,3.710846778127924e-15,2.4333421495920813e-16,4.937656778547265e-15,2.838899174524095e-16,4.684183637964757e-15,3.5486239681551187e-16,4.055570249320136e-15,4.2583487617861427e-16,1.4498663641319486e-15,3.8527917368541287e-16,3.8527917368541287e-16,3.8527917368541287e-16,0.08588705922970134,4.2583487617861427e-16
quadratic,20260922,1,1403,0,21.900210453733774,True,True,32,2.1900210453733774e-07,4.884981308350689e-15,12.64211579164693,4.412438668412376e-13,2.456500611390854e-15,4.3878736622984673e-13,,2.0147928156827816e-14,1.1216789978253586e-16,2.003576025704528e-14,4.282288809268461e-15,1.687538997430238e-14,1.7763568394002505e-15,1.7763568394002505e-15,1.7763568394002505e-15,0.0,1.8704614576780023e-15,2.6645352591003757e-15,0.5255421143458747,0.11894892721617822,0.5844234628404327,0.10724875447233899,3.4218873978638646e-15,1.825006612194061e-16,7.269609671906343e-15,3.244456199456109e-16,9.88545248271783e-15,4.866684299184163e-16,8.435586118585883e-15,6.691690911378224e-16,3.918694753405581e-15,7.300026448776244e-16,6.894469423844231e-16,6.894469423844231e-16,0.10724875447233899,7.300026448776244e-16
quadratic,20260922,2,1512,0,21.900210453733774,True,True,32,2.1900210453733774e-07,2.942091015256665e-15,6.874301766869979,2.447220336429655e-13,1.3648473885466293e-15,2.433571862544189e-13,,1.117441470071548e-14,6.232119967203036e-17,1.111209350104345e-14,3.747002708109903e-15,1.4113710200547303e-14,8.881784197001252e-16,8.881784197001252e-16,4.440892098500626e-15,0.0,1.1723426462410886e-15,1.9984014443252818e-15,0.3069866396756113,0.0841560477579524,0.33711103820082117,0.05255084137454529,2.0734102899649192e-15,9.125033060970306e-17,3.264734050702709e-15,1.520838843495051e-16,3.822374959984228e-15,2.2812582652425763e-16,4.283696075844393e-15,4.2076541336696407e-16,2.7729961579726427e-15,7.0972479363102375e-16,7.1986371925432405e-16,7.1986371925432405e-16,0.05255084137454529,7.1986371925432405e-16
quadratic,20260922,3,3341,0,21.900210453733774,True,True,32,2.1900210453733774e-07,8.215650382226158e-15,11.243385856331205,4.840805666370261e-13,2.3013998114625622e-15,4.817791668255635e-13,,2.2103923049492662e-14,1.0508573953316489e-16,2.1998837309959497e-14,4.8109664400423445e-15,1.995625886763719e-14,8.881784197001252e-16,8.881784197001252e-16,1.7763568394002505e-15,5.329070518200751e-15,5.072661867275432e-16,2.6645352591003757e-15,0.47774283703031983,0.10291024352220068,1.1636117737726328,0.14531398801267464,4.3293212411492446e-15,2.230563637126075e-16,8.511628060760636e-15,3.8527917368541287e-16,1.2121085582655555e-14,6.488912398912218e-16,1.0280870582026543e-14,1.013892562330034e-15,4.942726241358915e-15,1.1152818185630373e-15,8.9222545485043e-16,8.9222545485043e-16,0.14531398801267464,1.1152818185630373e-15
quadratic,20260922,4,4116,0,21.900210453733774,True,True,32,2.1900210453733774e-07,4.6629367034256575e-15,6.795092186589531,2.864288832570865e-13,1.553221836861748e-15,2.8487566142022473e-13,,1.3078818756659626e-14,7.092268999620224e-17,1.3007896066663423e-14,2.680395588023592e-15,7.778500066280003e-15,1.3322676295501878e-15,1.3322676295501878e-15,3.552713678800501e-15,8.881784197001252e-16,9.352307288390002e-16,1.9984014443252818e-15,0.2822757612071837,0.08415763975074503,0.28840668105271566,0.04756043021019552,2.712162604232841e-15,1.520838843495051e-16,4.674044712341456e-15,2.1291743808930713e-16,4.76022558013951e-15,2.7882045464075933e-16,3.4827209516036664e-15,3.7514024806211257e-16,1.6526448765979554e-15,3.1430669432231053e-16,8.111140498640272e-17,8.111140498640272e-17,0.04756043021019552,3.7514024806211257e-16
quadratic,20260922,5,5544,0,21.900210453733774,True,True,32,2.1900210453733774e-07,8.43769498715119e-15,15.78882054187639,3.575843325146858e-13,2.887637219286954e-15,3.5469669529539886e-13,,1.6327894805856587e-14,1.3185431370111057e-16,1.6196040492155475e-14,5.138746571122153e-15,1.2378986724570495e-14,1.7763568394002505e-15,4.440892098500626e-16,5.329070518200751e-15,0.0,2.217802661096445e-15,2.6645352591003757e-15,0.5698086527441296,0.12939549661006916,0.6840893625463648,0.13059343933972348,3.5384850425318184e-15,1.9263958684270644e-16,5.5966869440617876e-15,2.4333421495920813e-16,6.803219093234528e-15,3.650013224388122e-16,5.039046034780269e-15,5.67779834904819e-16,2.656398513304689e-15,5.475019836582184e-16,7.908361986174264e-16,7.908361986174264e-16,0.13059343933972348,7.908361986174264e-16
quadratic,20260922,6,6708,0,21.900210453733774,True,True,32,2.1900210453733774e-07,7.327471962526033e-15,5.067098699796941,2.1741011768661169e-13,1.124100812432972e-15,2.1628601687417871e-13,,9.927307235056518e-15,5.1328310967958014e-17,9.87597892408856e-15,1.970645868709653e-15,6.702971511174383e-15,8.881784197001252e-16,1.1102230246251565e-16,1.7763568394002505e-15,0.0,5.997847721129724e-16,1.9984014443252818e-15,0.24275516360002708,0.08358203210207214,0.27640638717496707,0.06411762259048003,2.3522307446056786e-15,1.6222280997280544e-16,4.3293212411492446e-15,1.825006612194061e-16,4.77543396857446e-15,2.230563637126075e-16,3.4472347119221154e-15,2.9402884307570983e-16,1.105142892939737e-15,3.7514024806211257e-16,1.7236173559610576e-16,1.7236173559610576e-16,0.06411762259048003,3.7514024806211257e-16
quadratic,20260922,7,7346,0,21.900210453733774,True,True,32,2.1900210453733774e-07,3.6637359812630166e-15,3.1192349104857833,2.3582392652411415e-13,3.0610434821807885e-15,2.3276288304193337e-13,,1.076811234404866e-14,1.3977233180692609e-16,1.0628340012241735e-14,2.4424906541753444e-15,6.966649479522857e-15,2.220446049250313e-16,4.440892098500626e-16,1.7763568394002505e-15,0.0,4.759420371041895e-16,1.9984014443252818e-15,0.3334804552550233,0.08335619564330124,0.24753212141921216,0.038174780981229506,3.011260910120201e-15,1.9263958684270644e-16,5.0643933488385195e-15,1.9263958684270644e-16,5.08467120008512e-15,2.4333421495920813e-16,3.3204981416308612e-15,2.4840367777085833e-16,1.2166710747960407e-15,2.68681529017459e-16,1.2673657029125424e-16,1.2673657029125424e-16,0.038174780981229506,2.68681529017459e-16
quadratic,20260922,8,7393,0,21.900210453733774,True,True,32,2.1900210453733774e-07,3.774758283725532e-15,4.970242174087953,2.586859959045961e-13,1.6949404842610726e-15,2.56991055420335e-13,,1.1812032420925555e-14,7.739379892452594e-17,1.173463862200103e-14,4.912736883966318e-15,1.4137996329210978e-14,3.3306690738754696e-16,2.220446049250313e-16,2.6645352591003757e-15,0.0,3.275157922644212e-16,1.9984014443252818e-15,0.3235317074161907,0.1325774220442779,0.5132127423831659,0.10208256326453455,2.6969542157978904e-15,2.331952893359078e-16,4.273557150221093e-15,2.534731405825085e-16,4.2228625221045914e-15,2.230563637126075e-16,2.960566282003699e-15,3.4472347119221153e-16,1.4752136781901993e-15,4.0555702493201357e-16,4.562516530485153e-16,4.562516530485153e-16,0.10208256326453455,4.562516530485153e-16
quadratic,20260922,9,8134,0,21.900210453733774,True,True,32,2.1900210453733774e-07,6.8833827526759706e-15,11.374193509444769,3.7941871866564725e-13,1.958221944386466e-15,3.774604967212608e-13,,1.7324889158814455e-14,8.941566787786772e-17,1.723547349093659e-14,4.567774729886358e-15,1.049160758270773e-14,8.881784197001252e-16,8.881784197001252e-16,1.7763568394002505e-15,1.7763568394002505e-15,4.0655309806511836e-16,2.6645352591003757e-15,0.47842279232430995,0.11637882147477649,0.5050966600859488,0.08698341384460397,2.8490381001473953e-15,1.825006612194061e-16,5.637242646554989e-15,2.4333421495920813e-16,6.772802316364626e-15,5.06946281165017e-16,5.6980762002947906e-15,6.286133886446211e-16,3.5080682656619175e-15,7.0972479363102375e-16,6.691690911378224e-16,6.691690911378224e-16,0.08698341384460397,7.0972479363102375e-16
quadratic,20260922,10,555,1,21.900210453733774,True,True,32,2.1900210453733774e-07,3.108624468950438e-14,33.70695629346046,8.249263375567243e-13,4.450309168798787e-15,8.204760283879255e-13,,3.7667507319140046e-14,2.0320851154378072e-16,3.7464298807596265e-14,1.7171449447535753e-14,3.6165515027164474e-14,5.329070518200751e-15,1.7763568394002505e-15,0.0,7.105427357601002e-15,3.815995138925895e-15,3.552713678800501e-15,1.172455770686031,0.3643309969850467,1.2374929430796375,0.4630397077444372,6.144188927720005e-15,4.0555702493201357e-16,1.1558375210562388e-14,6.488912398912218e-16,1.3870050252674864e-14,8.111140498640271e-16,9.976702813327534e-15,8.719476036038291e-16,4.075848100566736e-15,1.135559669809638e-15,1.2166710747960407e-15,1.2166710747960407e-15,0.4630397077444372,1.2166710747960407e-15
quadratic,20260922,11,1680,1,21.900210453733774,True,True,32,2.1900210453733774e-07,1.4210854715202004e-14,29.61104176171886,7.381977965411782e-13,3.9966376768909436e-15,7.342011588642873e-13,,3.370733802310665e-14,1.8249311737593625e-16,3.3524844905730715e-14,1.6494742080145184e-14,3.186340080674199e-14,1.7763568394002505e-15,8.881784197001252e-16,0.0,0.0,2.176037128265303e-15,3.552713678800501e-15,0.9393011469320122,0.36484122258948887,1.2794289153824066,0.3794898007849413,4.582794381731754e-15,2.4333421495920813e-16,7.76641702744806e-15,4.0555702493201357e-16,9.753646449614926e-15,7.0972479363102375e-16,7.76641702744806e-15,9.53059008590232e-16,3.1227890919765046e-15,8.719476036038291e-16,1.6222280997280543e-15,1.6222280997280543e-15,0.3794898007849413,1.6222280997280543e-15
quadratic,20260922,12,2586,1,21.900210453733774,True,True,32,2.1900210453733774e-07,1.865174681370263e-14,31.690537757603405,7.915430546462112e-13,4.442048580817941e-15,7.871010060653932e-13,,3.614317114981244e-14,2.0283131937029466e-16,3.594033983044214e-14,1.7263968032921184e-14,4.032885136950881e-14,5.329070518200751e-15,3.552713678800501e-15,0.0,7.105427357601002e-15,2.016905161402366e-15,3.552713678800501e-15,1.057339405681296,0.3372251112470287,1.3055891650320122,0.4823223829121965,5.1302963653899714e-15,2.4333421495920813e-16,9.24670016844991e-15,4.0555702493201357e-16,1.0503926945739152e-14,3.650013224388122e-16,5.251963472869576e-15,5.475019836582184e-16,1.5208388434950509e-15,5.06946281165017e-16,4.663905786718156e-16,4.663905786718156e-16,0.4823223829121965,5.475019836582184e-16
quadratic,20260922,13,3766,1,21.900210453733774,True,True,32,2.1900210453733774e-07,1.7763568394002505e-14,33.47123623235976,8.863474768953476e-13,6.674654215576058e-15,8.796728226797716e-13,,4.047209860233256e-14,3.047758024826695e-16,4.016732279984989e-14,1.5765166949677223e-14,3.1002977962657496e-14,5.329070518200751e-15,1.7763568394002505e-15,0.0,7.105427357601002e-15,1.7594391552154862e-15,3.552713678800501e-15,1.266438163173872,0.44824532049105764,1.2523554086929924,0.37374350390907674,5.150574216636572e-15,3.244456199456109e-16,7.340582151269445e-15,3.244456199456109e-16,7.948917688667467e-15,4.46112727425215e-16,6.245578183953009e-15,7.300026448776244e-16,2.7577877695376922e-15,1.1963932235494401e-15,1.6222280997280544e-16,1.6222280997280544e-16,0.37374350390907674,1.1963932235494401e-15
quadratic,20260922,14,4718,1,21.900210453733774,True,True,32,2.1900210453733774e-07,9.769962616701378e-15,13.887111829598078,6.68529880924817e-13,2.8034783489381343e-15,6.657264025758789e-13,,3.052618523174233e-14,1.2801147983763637e-16,3.03981737519047e-14,8.585724723767877e-15,1.3766765505351941e-14,1.7763568394002505e-15,8.881784197001252e-16,1.7763568394002505e-15,1.7763568394002505e-15,8.65973959207621e-16,2.6645352591003757e-15,0.6790367645300927,0.20223606402913752,0.5840908715314567,0.17242765894690867,5.6575204978015894e-15,4.0555702493201357e-16,1.1477263805575984e-14,6.083355373980204e-16,1.3423937525249649e-14,6.691690911378224e-16,8.597808928558687e-15,5.880576861514197e-16,2.8794548770172962e-15,6.286133886446211e-16,5.67779834904819e-16,5.67779834904819e-16,0.17242765894690867,6.691690911378224e-16
quadratic,20260922,15,4831,1,21.900210453733774,True,True,32,2.1900210453733774e-07,1.709743457922741e-14,31.669126247036246,1.1013154673936552e-12,4.401241276192583e-15,1.0969142261174627e-12,,5.0287894251988414e-14,2.0096799003327448e-16,5.0086926261955143e-14,1.4932499681208355e-14,2.9032332093947844e-14,5.329070518200751e-15,1.7763568394002505e-15,7.105427357601002e-15,0.0,3.91168579009597e-15,1.7763568394002505e-15,1.2557254272122398,0.37940024601592737,1.1316565124269042,0.18010716613040081,4.7855728941977605e-15,3.244456199456109e-16,1.0037536367067336e-14,6.488912398912218e-16,1.3586160335222455e-14,8.9222545485043e-16,1.0098369920807138e-14,1.2977824797824435e-15,3.974458844333733e-15,1.0341704135766345e-15,5.880576861514197e-16,5.880576861514197e-16,0.18010716613040081,1.2977824797824435e-15
quadratic,20260922,16,6080,1,21.900210453733774,True,True,32,2.1900210453733774e-07,2.4868995751603507e-14,30.04583718842953,7.046170690567471e-13,2.43844296606473e-15,7.021786260906823e-13,,3.217398620644838e-14,1.1134335769129558e-16,3.2062642848757084e-14,1.258252761241844e-14,3.272382365082649e-14,3.552713678800501e-15,1.7763568394002505e-15,0.0,3.552713678800501e-15,2.628056502576978e-15,3.552713678800501e-15,1.2242464422795925,0.39621467861846565,1.072319085765508,0.19024499705796577,6.26585603519961e-15,3.244456199456109e-16,9.733368598368326e-15,4.0555702493201357e-16,1.0220037028286742e-14,5.67779834904819e-16,6.6105795063918215e-15,6.488912398912218e-16,2.2508414883726752e-15,6.691690911378224e-16,6.083355373980203e-17,6.083355373980203e-17,0.19024499705796577,6.691690911378224e-16
quadratic,20260922,17,6208,1,21.900210453733774,True,True,32,2.1900210453733774e-07,1.9539925233402755e-14,19.622733558747367,7.60055725367885e-13,4.53719403318128e-15,7.555185313347037e-13,,3.470540737375895e-14,2.0717581882450506e-16,3.449823155493445e-14,1.5860328923216522e-14,3.2612801348363973e-14,1.3322676295501878e-15,1.1102230246251565e-16,0.0,7.105427357601002e-15,2.332525706974377e-15,1.7763568394002505e-15,0.983212894549144,0.36135612800007966,0.9255327947444822,0.14692982456061324,5.738631902787992e-15,2.4333421495920813e-16,1.0524204796985752e-14,4.0555702493201357e-16,1.2369489260426415e-14,6.286133886446211e-16,9.936147110834333e-15,7.908361986174264e-16,3.4269568606755148e-15,9.327811573436311e-16,4.46112727425215e-16,4.46112727425215e-16,0.14692982456061324,9.327811573436311e-16
quadratic,20260922,18,7156,1,21.900210453733774,True,True,32,2.1900210453733774e-07,9.769962616701378e-15,20.611614487175054,4.695099798364344e-13,1.3128056842673264e-15,4.681971741521671e-13,,2.143860584483048e-14,5.99448889790694e-17,2.137866095585141e-14,5.403085386509095e-15,1.3058998327153404e-14,7.105427357601002e-15,4.440892098500626e-16,1.0658141036401503e-14,0.0,6.318226365378691e-15,1.7763568394002505e-15,0.5502818684411812,0.2354495796336764,0.8214376863216427,0.19257843585370177,4.217793059292941e-15,2.4333421495920813e-16,7.746139176201459e-15,3.244456199456109e-16,8.760031738531494e-15,6.286133886446211e-16,5.556131241568586e-15,5.67779834904819e-16,1.764173058454259e-15,3.8527917368541287e-16,5.475019836582184e-16,5.475019836582184e-16,0.19257843585370177,6.286133886446211e-16
quadratic,20260922,19,8365,1,21.900210453733774,True,True,32,2.1900210453733774e-07,1.2434497875801753e-14,29.69780082902466,8.597845319300406e-13,2.839296258423072e-15,8.569452356716175e-13,,3.925919039665921e-14,1.2964698510187145e-16,3.9129543411557336e-14,1.3148212677346497e-14,3.008704396734174e-14,8.881784197001252e-16,8.881784197001252e-16,3.552713678800501e-15,3.552713678800501e-15,8.638592486845326e-16,3.552713678800501e-15,0.9671718667325377,0.4143184600183254,1.5703335277475496,0.3643825327699621,5.819743307774395e-15,3.650013224388122e-16,1.0625594053218755e-14,5.272241324116177e-16,1.2937269095331233e-14,9.327811573436311e-16,7.644749919968456e-15,8.9222545485043e-16,3.3255676044425114e-15,6.894469423844231e-16,5.272241324116177e-16,5.272241324116177e-16,0.3643825327699621,9.327811573436311e-16
quadratic,20260922,20,368,2,21.900210453733774,True,True,32,2.1900210453733774e-07,8.659739592076221e-15,8.168224841523962,4.1860404031979213e-13,3.1638712813663107e-15,4.154401690384258e-13,,1.911415605818638e-14,1.4446761998247836e-16,1.8969688438203902e-14,5.495603971894525e-15,1.4835355166553654e-14,8.881784197001252e-16,4.440892098500626e-16,0.0,3.552713678800501e-15,2.9870286138724354e-16,1.7763568394002505e-15,0.39531555828165654,0.13804641368727094,0.6796313173204142,0.12082372383470202,3.8730695881007295e-15,2.0277851246600679e-16,6.042799671487002e-15,2.6361206620580883e-16,7.239192895036442e-15,4.0555702493201357e-16,5.312797026609378e-15,4.2583487617861427e-16,1.4802831410018495e-15,4.663905786718156e-16,6.083355373980203e-17,6.083355373980203e-17,0.12082372383470202,4.663905786718156e-16
quadratic,20260922,21,750,2,21.900210453733774,True,True,32,2.1900210453733774e-07,6.217248937900877e-15,14.699886608698534,3.741406159752883e-13,5.172449770083987e-15,3.689681662052043e-13,,1.7083882219565653e-14,2.361826513499159e-16,1.6847699568215737e-14,5.0118639397364205e-15,1.3773704399255848e-14,8.881784197001252e-16,4.440892098500626e-16,1.7763568394002505e-15,7.105427357601002e-15,1.5511401686905763e-15,1.7763568394002505e-15,0.4377213064104753,0.10772778821978891,0.6779810794730419,0.1054550614972027,3.670291075634723e-15,2.0277851246600679e-16,6.367245291432613e-15,2.838899174524095e-16,6.833635870104429e-15,4.0555702493201357e-16,4.461127274252149e-15,5.272241324116177e-16,1.764173058454259e-15,6.083355373980204e-16,4.055570249320136e-17,4.055570249320136e-17,0.1054550614972027,6.083355373980204e-16
quadratic,20260922,22,1640,2,21.900210453733774,True,True,32,2.1900210453733774e-07,2.6645352591003757e-15,4.908079038231076,3.3740776789589356e-13,1.5366304459022271e-15,3.3587113744999133e-13,,1.5406599338791687e-14,7.016509951575587e-17,1.5336434239275932e-14,3.83026943495679e-15,2.1566082253343666e-14,3.3306690738754696e-16,2.220446049250313e-16,1.7763568394002505e-15,1.7763568394002505e-15,2.4424906541753377e-16,8.881784197001252e-16,0.1859542400909813,0.05380422676912919,0.2052846174857449,0.03571829157711859,3.974458844333733e-15,2.0277851246600679e-16,6.28613388644621e-15,2.4333421495920813e-16,6.245578183953009e-15,3.650013224388122e-16,5.191129919129774e-15,4.866684299184163e-16,2.838899174524095e-15,6.894469423844231e-16,9.327811573436311e-16,9.327811573436311e-16,0.03571829157711859,9.327811573436311e-16
quadratic,20260922,23,2633,2,21.900210453733774,True,True,32,2.1900210453733774e-07,5.995204332975845e-15,9.724922156774918,3.5174213079229113e-13,2.3484521206014403e-15,3.493936786716897e-13,,1.6061130167464784e-14,1.0723422615334055e-16,1.5953895941311443e-14,3.589721112954672e-15,1.314226505400029e-14,6.661338147750939e-16,4.440892098500626e-16,1.7763568394002505e-15,0.0,6.6137571609813e-16,8.881784197001252e-16,0.2902085865775886,0.1139109443495747,0.6538203886262184,0.15380996789180656,4.055570249320136e-15,1.825006612194061e-16,8.658642482298489e-15,3.244456199456109e-16,1.0220037028286742e-14,4.866684299184163e-16,7.847528432434462e-15,6.488912398912218e-16,2.960566282003699e-15,9.327811573436311e-16,5.06946281165017e-16,5.06946281165017e-16,0.15380996789180656,9.327811573436311e-16
quadratic,20260922,24,2999,2,21.900210453733774,True,True,32,2.1900210453733774e-07,3.1086244689504383e-15,2.190117878750887,3.048493005649736e-13,1.736458199452783e-15,3.031128423655208e-13,,1.3919925619390554e-14,7.928956678846588e-17,1.3840636052602089e-14,3.552713678800501e-15,1.0269562977782698e-14,4.440892098500626e-16,1.1102230246251565e-16,0.0,2.6645352591003757e-15,3.769471507417784e-16,8.881784197001252e-16,0.2945854791820819,0.08440097257663012,0.10876930380496957,0.012199693581307154,4.035292398073535e-15,2.0277851246600679e-16,6.4686345476656165e-15,2.838899174524095e-16,6.9553029775840325e-15,4.0555702493201357e-16,4.48140512549875e-15,3.650013224388122e-16,1.9872294221668667e-15,4.0555702493201357e-16,4.663905786718156e-16,4.663905786718156e-16,0.012199693581307154,4.663905786718156e-16
quadratic,20260922,25,6288,2,21.900210453733774,True,True,32,2.1900210453733774e-07,3.885780586188048e-15,4.188653833360833,3.5763191350145547e-13,1.5623745683445193e-15,3.5606953893311096e-13,,1.6330067432775866e-14,7.134061892442452e-17,1.6258726813851442e-14,3.6478756523398005e-15,1.899869150889799e-14,1.1102230246251565e-16,2.220446049250313e-16,8.881784197001252e-16,8.881784197001252e-16,2.7861311141783493e-16,8.881784197001252e-16,0.2628296745105316,0.0832434337915847,0.48480350117587784,0.07185493926667826,4.1569595055531395e-15,2.0277851246600679e-16,6.935025126337432e-15,3.041677686990102e-16,8.212529754873274e-15,4.2583487617861427e-16,6.4686345476656165e-15,7.0972479363102375e-16,3.1633447944697058e-15,9.53059008590232e-16,7.908361986174264e-16,7.908361986174264e-16,0.07185493926667826,9.53059008590232e-16
quadratic,20260922,26,6518,2,21.900210453733774,True,True,32,2.1900210453733774e-07,4.3298697960381105e-15,5.370250981081314,2.8898325531487435e-13,1.2660507562957589e-15,2.877172045585786e-13,,1.3195455629313621e-14,5.780998127713926e-17,1.3137645648036482e-14,2.9024401929486235e-15,8.097689185859736e-15,9.992007221626409e-16,2.220446049250313e-16,2.6645352591003757e-15,1.7763568394002505e-15,6.92039018683014e-16,8.881784197001252e-16,0.24507653550280875,0.06334347518400829,0.3428472531975661,0.09237359561844759,3.4472347119221154e-15,1.6222280997280544e-16,6.144188927720005e-15,2.230563637126075e-16,6.205022481459808e-15,3.041677686990102e-16,3.4269568606755148e-15,3.244456199456109e-16,1.2572267772892421e-15,3.244456199456109e-16,1.0138925623300339e-16,1.0138925623300339e-16,0.09237359561844759,3.244456199456109e-16
quadratic,20260922,27,7013,2,21.900210453733774,True,True,32,2.1900210453733774e-07,9.992007221626409e-15,0.37789252637483095,3.0384610171822825e-13,1.7106025590727488e-15,3.021354991591555e-13,,1.3874117893073737e-14,7.810895528545515e-17,1.3796008937788281e-14,4.718447854656915e-15,7.688294445529209e-15,8.881784197001252e-16,2.220446049250313e-16,3.3306690738754696e-16,6.661338147750939e-16,5.63041676774187e-16,8.881784197001252e-16,0.2982494206563317,0.16780151673745738,0.7385630888712015,0.11390028138854814,3.406679009428914e-15,2.838899174524095e-16,5.150574216636572e-15,2.6361206620580883e-16,4.927517852923965e-15,2.6361206620580883e-16,2.9200105795104978e-15,3.8527917368541287e-16,7.300026448776244e-16,1.4194495872620474e-16,1.825006612194061e-16,1.825006612194061e-16,0.11390028138854814,3.8527917368541287e-16
quadratic,20260922,28,7633,2,21.900210453733774,True,True,32,2.1900210453733774e-07,4.440892098500626e-15,5.7450530091870355,2.478248757003294e-13,1.5063347394824888e-15,2.463185409608469e-13,,1.1316095624920246e-14,6.87817472194964e-17,1.124731387770075e-14,2.4424906541753444e-15,8.101158632811689e-15,3.3306690738754696e-16,3.3306690738754696e-16,0.0,3.552713678800501e-15,3.441691376337994e-16,8.881784197001252e-16,0.23222250064745123,0.06480278017490222,0.29283286127443825,0.05872318207810404,2.7577877695376922e-15,1.6222280997280544e-16,4.035292398073535e-15,1.6222280997280544e-16,4.440849423005549e-15,3.244456199456109e-16,2.9402884307570984e-15,3.041677686990102e-16,1.4600052897552489e-15,2.838899174524095e-16,2.6361206620580883e-16,2.6361206620580883e-16,0.05872318207810404,3.244456199456109e-16
quadratic,20260922,29,8675,2,21.900210453733774,True,True,32,2.1900210453733774e-07,2.6645352591003757e-15,0.9590896577303099,2.7790764068309704e-13,2.533489291372298e-15,2.7537415139172476e-13,,1.2689724661331575e-14,1.1568333083942408e-16,1.2574041330492151e-14,3.1086244689504383e-15,7.157469061880306e-15,6.661338147750939e-16,1.1102230246251565e-16,2.220446049250313e-16,8.881784197001252e-16,8.691460249922649e-16,8.881784197001252e-16,0.22016644509457933,0.0524421675538957,0.14466167842384375,0.019556375071490786,3.264734050702709e-15,1.6222280997280544e-16,4.846406447937562e-15,1.6222280997280544e-16,4.8869621504307635e-15,3.244456199456109e-16,3.3255676044425114e-15,3.244456199456109e-16,1.1761153723028393e-15,4.46112727425215e-16,2.0277851246600679e-16,2.0277851246600679e-16,0.019556375071490786,4.46112727425215e-16
quadratic,20260922,30,1852,3,21.900210453733774,True,True,32,2.1900210453733774e-07,5.329070518200751e-15,3.916290613598174,3.937126418535846e-13,2.7285713371278614e-15,3.9098407051645676e-13,,1.797757344320225e-14,1.2459110120846654e-16,1.7852982341993786e-14,3.774758283725532e-15,1.3572476476042539e-14,6.661338147750939e-16,1.1102230246251565e-16,1.3322676295501878e-15,8.881784197001252e-16,3.7536111784945793e-16,1.3322676295501878e-15,0.2820335452174286,0.11800832173187502,0.6261047386604884,0.08744955501148369,4.76529504295116e-15,3.5486239681551187e-16,7.082039547875287e-15,3.7514024806211257e-16,6.945164051960732e-15,4.3597380180191457e-16,5.429394671277332e-15,5.779187605281194e-16,2.930149505133798e-15,5.981966117747201e-16,7.705583473708257e-16,7.705583473708257e-16,0.08744955501148369,7.705583473708257e-16
quadratic,20260922,31,3313,3,21.900210453733774,True,True,32,2.1900210453733774e-07,3.497202527569243e-15,4.70609614391736,3.27637454204203e-13,3.653625021574468e-15,3.2398382918262855e-13,,1.4960470580699102e-14,1.6683058956410897e-16,1.4793639991134993e-14,3.4416913763379853e-15,1.1712852909795402e-14,4.440892098500626e-16,2.220446049250313e-16,0.0,1.7763568394002505e-15,5.091165584352505e-16,2.220446049250313e-15,0.37844607865822083,0.12102247087075922,0.5565664322024192,0.08810211463628136,2.9048021910755473e-15,2.331952893359078e-16,5.5206450018870346e-15,2.0277851246600679e-16,6.483842936100567e-15,3.345845455689112e-16,4.060639712131786e-15,4.562516530485153e-16,1.3788938847688461e-15,4.968073555417167e-16,2.1291743808930713e-16,2.1291743808930713e-16,0.08810211463628136,4.968073555417167e-16
quadratic,20260922,32,5269,3,21.900210453733774,True,True,32,2.1900210453733774e-07,4.440892098500626e-15,15.551022165336912,4.103141107304422e-13,1.8863217866012168e-15,4.08427788943841e-13,,1.8735624098100284e-14,8.613258719984662e-17,1.8649491510900434e-14,6.689093723366568e-15,1.4488410471358293e-14,8.881784197001252e-16,4.440892098500626e-16,0.0,0.0,7.459641370219507e-16,8.881784197001252e-16,0.4753076610398099,0.15061874035714326,0.8735136856357729,0.20212076063419154,2.7932740092192437e-15,2.4333421495920813e-16,5.191129919129774e-15,2.4333421495920813e-16,8.045237482088819e-15,4.866684299184163e-16,6.493981861723867e-15,7.300026448776244e-16,2.6057038851881873e-15,7.705583473708257e-16,7.097247936310237e-17,7.097247936310237e-17,0.20212076063419154,7.705583473708257e-16
quadratic,20260922,33,5365,3,21.900210453733774,True,True,32,2.1900210453733774e-07,4.690692279041286e-15,4.308116130141263,2.8022597469992035e-13,1.839137308054649e-15,2.783868373918657e-13,,1.2795583644820388e-14,8.397806550489536e-17,1.2711605579315493e-14,3.901640915111265e-15,1.1379786002407855e-14,4.440892098500626e-16,4.440892098500626e-16,1.7763568394002505e-15,0.0,3.9518652900347763e-16,1.7763568394002505e-15,0.25027647771607375,0.06953771648077815,0.3565758968850162,0.08877597193505375,2.4333421495920814e-15,1.520838843495051e-16,3.688034195475499e-15,2.331952893359078e-16,3.835048617013353e-15,2.4840367777085833e-16,2.5879607653474118e-15,3.802097108737627e-16,8.339266325164529e-16,1.825006612194061e-16,7.097247936310237e-17,7.097247936310237e-17,0.08877597193505375,3.802097108737627e-16
quadratic,20260922,34,6132,3,21.900210453733774,True,True,32,2.1900210453733774e-07,3.4416913763379853e-15,3.8694722660835783,2.7305753557720144e-13,1.7227621445805469e-15,2.7133477343262087e-13,,1.2468260802975424e-14,7.86641821648263e-17,1.2389596620810597e-14,5.037636974236648e-15,9.259953914764196e-15,1.3322676295501878e-15,4.440892098500626e-16,8.881784197001252e-16,4.440892098500626e-16,1.1970583254797677e-15,1.5543122344752192e-15,0.25343128283192434,0.09561473093168686,0.2697508306047257,0.044954093576599546,2.925080042322148e-15,1.520838843495051e-16,4.598002770166704e-15,2.0784797527765696e-16,4.869219030589988e-15,2.6361206620580883e-16,2.631051199246438e-15,3.802097108737627e-16,7.401415705009247e-16,2.1798690090095728e-16,5.576409092815187e-17,5.576409092815187e-17,0.044954093576599546,3.802097108737627e-16
quadratic,20260922,35,6433,3,21.900210453733774,True,True,32,2.1900210453733774e-07,2.886579864025407e-15,1.3767283891856625,1.902001704282933e-13,1.2486043944802213e-15,1.8895156603381308e-13,,8.684855829587063e-15,5.701335140673711e-17,8.627842478180326e-15,2.1279274638648835e-15,6.716849298982197e-15,6.661338147750939e-16,1.249000902703301e-16,1.7763568394002505e-15,4.440892098500626e-16,6.672242123885654e-16,1.2212453270876722e-15,0.15912841962717464,0.04521293641673273,0.4555735732494341,0.05149018990058498,2.1443827693280217e-15,1.520838843495051e-16,3.3559843813124123e-15,2.38264752147558e-16,3.875604319506555e-15,2.737509918291092e-16,2.7844024492988557e-15,2.737509918291092e-16,1.0595177276348855e-15,3.3331717986599864e-16,2.8008782034367187e-16,2.8008782034367187e-16,0.05149018990058498,3.3331717986599864e-16
quadratic,20260922,36,8177,3,21.900210453733774,True,True,32,2.1900210453733774e-07,9.325873406851315e-15,14.745668531083181,4.537861488690133e-13,2.7503132046934397e-15,4.5103583566431985e-13,,2.0720629595212276e-14,1.2558387100908146e-16,2.0595045724203194e-14,4.599495387732792e-15,1.532107773982716e-14,8.881784197001252e-16,2.220446049250313e-16,1.7763568394002505e-15,1.7763568394002505e-15,3.7298206851097576e-16,1.7763568394002505e-15,0.5907177484249052,0.17909306649860982,0.6826124867263919,0.12447877354512359,3.923764216217231e-15,2.0277851246600679e-16,7.898223060550965e-15,4.46112727425215e-16,1.0260592730779943e-14,6.184744630213207e-16,7.634610994345156e-15,5.475019836582184e-16,3.2444561994561086e-15,7.604194217475254e-16,4.3597380180191457e-16,4.3597380180191457e-16,0.12447877354512359,7.604194217475254e-16
quadratic,20260922,37,8415,3,21.900210453733774,True,True,32,2.1900210453733774e-07,2.6645352591003757e-15,6.083386948020648,3.2420144611239587e-13,1.0695809317594132e-15,3.2313186518063647e-13,,1.4803576741753304e-14,4.883884262295114e-17,1.4754737899130353e-14,2.7478019859472624e-15,1.0144662887512368e-14,4.440892098500626e-16,2.7755575615628914e-17,0.0,8.881784197001252e-16,4.665580091579515e-16,1.7763568394002505e-15,0.31065110983556826,0.09204210222617219,0.16540088090330407,0.020583277160198487,2.889593802640597e-15,1.2166710747960407e-16,5.809604382151095e-15,2.838899174524095e-16,6.945164051960732e-15,3.8527917368541287e-16,4.7855728941977605e-15,4.76529504295116e-16,2.0480629759066685e-15,4.76529504295116e-16,4.76529504295116e-16,4.76529504295116e-16,0.020583277160198487,4.76529504295116e-16
quadratic,20260922,38,8439,3,21.900210453733774,True,True,32,2.1900210453733774e-07,8.43769498715119e-15,14.285314705236825,4.1657239826943197e-13,2.8878354733984956e-15,4.136845627960335e-13,,1.9021387906270573e-14,1.3186336631327428e-16,1.88895245399573e-14,6.6058269965196814e-15,1.3690437672408962e-14,2.6645352591003757e-15,4.440892098500626e-16,1.7763568394002505e-15,1.7763568394002505e-15,3.2460806529516477e-15,8.881784197001252e-16,0.41396665171687513,0.11775095875419073,0.6552794205175771,0.14201925886973182,3.8375833484191785e-15,2.838899174524095e-16,6.965441903207333e-15,3.4979293400386173e-16,8.374752564846081e-15,4.663905786718156e-16,6.605510043580171e-15,6.691690911378224e-16,2.580356571129936e-15,9.53059008590232e-16,1.825006612194061e-16,1.825006612194061e-16,0.14201925886973182,9.53059008590232e-16
quadratic,20260922,39,8661,3,21.900210453733774,True,True,32,2.1900210453733774e-07,7.993605777301127e-15,12.719663538718263,4.755392260524794e-13,3.403692671626111e-15,4.721355333808532e-13,,2.1713911245606525e-14,1.5541826316312019e-16,2.1558492982443404e-14,8.382183835919932e-15,3.101338630351336e-14,1.2212453270876722e-15,4.440892098500626e-16,1.7763568394002505e-15,5.329070518200751e-15,6.108870023592223e-16,1.7763568394002505e-15,0.42614474997574325,0.13966213075043446,0.4898473855382567,0.1263872523885493,3.715916240939574e-15,2.230563637126075e-16,7.441971407502448e-15,3.041677686990102e-16,9.317672647813012e-15,5.170852067883173e-16,7.842458969622813e-15,6.488912398912218e-16,4.1164038030599375e-15,7.705583473708257e-16,1.1152818185630373e-15,1.1152818185630373e-15,0.1263872523885493,1.1152818185630373e-15
quadratic,20260922,40,239,4,21.900210453733774,True,True,32,2.1900210453733774e-07,7.549516567451064e-15,6.732609686376925,7.333318476275355e-13,3.828551232656773e-15,7.295032963948787e-13,,3.348515071016176e-14,1.748180110298457e-16,3.331033269913191e-14,4.850286838831153e-15,2.3814283878209608e-14,1.3322676295501878e-15,8.881784197001252e-16,1.7763568394002505e-15,0.0,1.249265241518689e-15,1.7763568394002505e-15,0.7275490351535958,0.18807963539103614,0.9657648074433381,0.07953212864342711,1.0402537689506149e-14,4.866684299184163e-16,1.739839636958338e-14,6.083355373980204e-16,1.887867951058523e-14,8.9222545485043e-16,1.2754768434111826e-14,1.2166710747960407e-15,5.393908431595781e-15,1.2572267772892421e-15,2.230563637126075e-16,2.230563637126075e-16,0.07953212864342711,1.2572267772892421e-15
quadratic,20260922,41,1142,4,21.900210453733774,True,True,32,2.1900210453733774e-07,3.9968028886505635e-15,-3.413352283502232,4.4821880995109323e-13,2.2345881758735146e-15,4.459842217752197e-13,,2.0466415649201045e-14,1.0203500923401122e-16,2.0364380639967033e-14,4.6946573612720904e-15,1.7770507287906412e-14,1.3322676295501878e-15,1.1102230246251565e-16,2.6645352591003757e-15,1.7763568394002505e-15,1.2524373073033314e-15,1.7763568394002505e-15,0.29957901125219727,0.1331123434914564,0.13130804752138436,0.010780290884504206,4.988351406663767e-15,2.4333421495920813e-16,8.658642482298489e-15,3.650013224388122e-16,1.015920347454694e-14,6.083355373980204e-16,6.488912398912217e-15,6.488912398912218e-16,2.210285785879474e-15,7.300026448776244e-16,1.4194495872620474e-16,1.4194495872620474e-16,0.010780290884504206,7.300026448776244e-16
quadratic,20260922,42,3916,4,21.900210453733774,True,True,32,2.1900210453733774e-07,5.329070518200751e-15,4.90409070580904,4.754776598902581e-13,2.6876649054467338e-15,4.727899949848114e-13,,2.171110003233753e-14,1.2272324556536456e-16,2.1588376786772167e-14,4.37745078280776e-15,1.5765166949677223e-14,4.440892098500626e-16,0.0,8.881784197001252e-16,0.0,4.832113545273301e-16,1.7763568394002505e-15,0.4640076678468241,0.10810258704267231,0.38225550808060077,0.049476874627577924,5.0289071091569684e-15,2.4333421495920813e-16,7.016136531323835e-15,3.244456199456109e-16,7.989473391160668e-15,4.0555702493201357e-16,6.732246613871425e-15,5.272241324116177e-16,2.3116750421124774e-15,8.9222545485043e-16,4.46112727425215e-16,4.46112727425215e-16,0.049476874627577924,8.9222545485043e-16
quadratic,20260922,43,5343,4,21.900210453733774,True,True,32,2.1900210453733774e-07,1.9984014443252818e-15,0.4322325495035262,3.423923553741173e-13,4.077756650862814e-15,3.383145987232545e-13,,1.563420388573219e-14,1.8619714451956768e-16,1.5448006741212623e-14,4.052314039881821e-15,1.3027773304585821e-14,2.7755575615628914e-16,5.551115123125783e-17,2.0539125955565396e-15,1.2212453270876722e-15,3.9545086781886703e-16,1.7763568394002505e-15,0.2301639192474227,0.06144624831716481,0.3143293288895739,0.030096146464013415,4.055570249320136e-15,4.0555702493201357e-16,6.488912398912217e-15,3.244456199456109e-16,7.543360663735453e-15,4.0555702493201357e-16,5.5966869440617876e-15,5.67779834904819e-16,2.5550092570716854e-15,6.083355373980204e-16,4.866684299184163e-16,4.866684299184163e-16,0.030096146464013415,6.083355373980204e-16
quadratic,20260922,44,6289,4,21.900210453733774,True,True,32,2.1900210453733774e-07,7.993605777301127e-15,3.7300803980765807,4.2629752241457333e-13,2.3274041424262537e-15,4.2397011827214707e-13,,1.9465453234578105e-14,1.0627314049529847e-16,1.9359180094082806e-14,4.6312160455792245e-15,1.586925035823583e-14,6.661338147750939e-16,0.0,2.6645352591003757e-15,3.552713678800501e-15,7.137148015447429e-16,1.7763568394002505e-15,0.3425291970241493,0.09896252900941314,0.2872858324801563,0.06956785780161684,4.420571571758948e-15,2.4333421495920813e-16,6.651135208885023e-15,2.838899174524095e-16,7.056692233817036e-15,3.244456199456109e-16,5.7589097540345924e-15,6.083355373980204e-16,2.1900079346328734e-15,5.67779834904819e-16,2.0277851246600679e-16,2.0277851246600679e-16,0.06956785780161684,6.083355373980204e-16
quadratic,20260922,45,6993,4,21.900210453733774,True,True,32,2.1900210453733774e-07,7.327471962526033e-15,-1.4277240617560238,3.694284323245584e-13,3.781666813515026e-15,3.6564676551104336e-13,,1.68687160840308e-14,1.7267719054591496e-16,1.6696038893484887e-14,5.10702591327572e-15,9.381384558082573e-15,4.440892098500626e-16,5.551115123125783e-17,2.6645352591003757e-15,0.0,8.215650382226153e-16,1.7763568394002505e-15,0.2373719266220649,0.12386099322670362,0.3834072062904387,0.05834043367725338,4.7855728941977605e-15,2.838899174524095e-16,7.705583473708258e-15,3.650013224388122e-16,7.502804961242252e-15,4.663905786718156e-16,3.933903141840531e-15,4.2583487617861427e-16,8.516697523572285e-16,2.6361206620580883e-16,1.2166710747960407e-16,1.2166710747960407e-16,0.05834043367725338,4.663905786718156e-16
quadratic,20260922,46,7594,4,21.900210453733774,True,True,32,2.1900210453733774e-07,7.993605777301127e-15,2.2984430538455047,4.3917776161782124e-13,2.9233560017161142e-15,4.362544056161051e-13,,2.005358635916422e-14,1.3348529265926348e-16,1.9920101066504956e-14,5.2656292025078855e-15,1.5515366769136563e-14,6.661338147750939e-16,1.1102230246251565e-16,8.881784197001252e-16,1.7763568394002505e-15,5.154606900045378e-16,1.7763568394002505e-15,0.4097416985780371,0.11923303385627074,0.27228368830207844,0.03751544176009106,6.7119687626248245e-15,3.244456199456109e-16,8.212529754873274e-15,4.0555702493201357e-16,8.881698846011097e-15,4.46112727425215e-16,5.637242646554989e-15,7.705583473708257e-16,1.6830616534678563e-15,5.272241324116177e-16,6.083355373980203e-17,6.083355373980203e-17,0.03751544176009106,7.705583473708257e-16
quadratic,20260922,47,8085,4,21.900210453733774,True,True,32,2.1900210453733774e-07,1.6653345369377348e-15,2.6142570688966593,3.0848889910815663e-13,2.7434403954933783e-15,3.0574545871266323e-13,,1.4086115736644086e-14,1.2527004712074117e-16,1.3960845689523344e-14,3.3861802251067274e-15,9.773432063653331e-15,2.220446049250313e-16,1.3877787807814457e-17,2.220446049250313e-15,8.881784197001252e-16,1.7340626289383356e-16,1.7763568394002505e-15,0.23834510689146493,0.040229113139178936,0.18138970524909748,0.01576096214703055,4.096125951813337e-15,2.4333421495920813e-16,6.894469423844231e-15,3.244456199456109e-16,6.8539137213510295e-15,4.0555702493201357e-16,4.0150145468269345e-15,4.46112727425215e-16,1.3788938847688461e-15,3.650013224388122e-16,8.111140498640272e-17,8.111140498640272e-17,0.01576096214703055,4.46112727425215e-16
quadratic,20260922,48,8903,4,21.900210453733774,True,True,32,2.1900210453733774e-07,3.3306690738754696e-15,3.080099849217669,4.236315498131643e-13,2.2824004591066277e-15,4.2134914935405765e-13,,1.9343720495660314e-14,1.0421819753414747e-16,1.9239502298126168e-14,3.4786988104921574e-15,1.3612375115990005e-14,2.220446049250313e-16,1.1102230246251565e-16,2.220446049250313e-15,8.881784197001252e-16,2.2310196018657927e-16,1.7763568394002505e-15,0.2500733826156435,0.07255931362261835,0.28193817340070304,0.04797098321288756,5.06946281165017e-15,2.838899174524095e-16,9.043921655983902e-15,4.866684299184163e-16,9.24670016844991e-15,5.272241324116177e-16,5.799465456527794e-15,4.866684299184163e-16,2.149452232139672e-15,6.083355373980204e-16,3.650013224388122e-16,3.650013224388122e-16,0.04797098321288756,6.083355373980204e-16
quadratic,20260922,49,9143,4,21.900210453733774,True,True,32,2.1900210453733774e-07,5.773159728050814e-15,5.696034231367182,4.098000295586305e-13,4.1027284083289e-15,4.056973011503016e-13,,1.8712150297567738e-14,1.8733739646001548e-16,1.8524812901107722e-14,3.552713678800501e-15,1.2973129515092552e-14,4.440892098500626e-16,4.440892098500626e-16,1.7763568394002505e-15,3.552713678800501e-15,3.0028889427956725e-16,1.7763568394002505e-15,0.28244997778768055,0.08664622744398162,0.23054261522614256,0.028862700172792195,4.704461489211357e-15,3.244456199456109e-16,7.016136531323835e-15,2.4333421495920813e-16,7.78669487869466e-15,4.0555702493201357e-16,6.0833553739802036e-15,4.866684299184163e-16,2.2305636371260746e-15,6.083355373980204e-16,8.111140498640272e-17,8.111140498640272e-17,0.028862700172792195,6.083355373980204e-16
quadratic,20260922,50,1325,5,21.900210453733774,True,True,32,2.1900210453733774e-07,1.2434497875801753e-14,16.568449778278598,8.089005655774276e-13,4.13491991969024e-15,8.047656456577373e-13,,3.693574394119659e-14,1.8880731436008993e-16,3.67469366268365e-14,1.167320208748736e-14,2.6124935548210715e-14,1.9984014443252818e-15,1.1102230246251565e-16,3.552713678800501e-15,0.0,7.549516567451053e-16,3.552713678800501e-15,0.9914181295417593,0.262938279514031,0.6390979482324017,0.12558263133780942,8.111140498640271e-15,4.0555702493201357e-16,1.1761153723028394e-14,4.866684299184163e-16,1.0503926945739152e-14,4.866684299184163e-16,7.259470746283043e-15,5.272241324116177e-16,3.0011219844969006e-15,6.894469423844231e-16,2.4333421495920813e-16,2.4333421495920813e-16,0.12558263133780942,6.894469423844231e-16
quadratic,20260922,51,1435,5,21.900210453733774,True,True,32,2.1900210453733774e-07,1.509903313490213e-14,20.5911674449164,6.703364054315233e-13,5.8022369977433805e-15,6.645341684337799e-13,,3.060867414254631e-14,2.6493978265647925e-16,3.034373435988983e-14,1.0769163338864018e-14,1.790234627208065e-14,2.6645352591003757e-15,8.881784197001252e-16,0.0,3.552713678800501e-15,2.8072782194093203e-15,3.552713678800501e-15,0.9601409641281411,0.25095764011993815,0.6851416622977643,0.10295431113562335,5.921132564007398e-15,3.244456199456109e-16,9.571145788395521e-15,4.46112727425215e-16,9.327811573436312e-15,5.67779834904819e-16,6.407800993925815e-15,6.488912398912218e-16,2.6361206620580882e-15,6.083355373980204e-16,3.650013224388122e-16,3.650013224388122e-16,0.10295431113562335,6.488912398912218e-16
quadratic,20260922,52,3703,5,21.900210453733774,True,True,32,2.1900210453733774e-07,1.554312234475219e-14,18.720045538197937,6.903830681740227e-13,3.216739044443702e-15,6.871663291295789e-13,,3.1524038074087045e-14,1.468816498927881e-16,3.137715642419426e-14,1.2878587085651816e-14,1.4474532683550478e-14,2.6645352591003757e-15,1.7763568394002505e-15,3.552713678800501e-15,0.0,2.480555443591065e-15,5.329070518200751e-15,0.969412781736971,0.31748335697617214,0.5445870947428365,0.08231440274829781,6.245578183953009e-15,2.838899174524095e-16,9.206144465956709e-15,4.0555702493201357e-16,8.638364631051889e-15,4.866684299184163e-16,6.042799671487002e-15,6.083355373980204e-16,2.3927864470988802e-15,9.327811573436311e-16,3.244456199456109e-16,3.244456199456109e-16,0.08231440274829781,9.327811573436311e-16
quadratic,20260922,53,4857,5,21.900210453733774,True,True,32,2.1900210453733774e-07,1.7763568394002505e-14,14.90081771873707,5.602993928610105e-13,3.4377262941071813e-15,5.568616665669033e-13,,2.5584201304580834e-14,1.5697229491788204e-16,2.5427229009662955e-14,7.84557604068444e-15,2.7519653222896068e-14,1.3322676295501878e-15,1.1102230246251565e-16,5.329070518200751e-15,1.7763568394002505e-15,1.0584126168093163e-15,3.552713678800501e-15,0.9123874357944087,0.3483226600175908,0.5227019556576277,0.06549806930775941,4.055570249320136e-15,2.0277851246600679e-16,6.245578183953009e-15,3.650013224388122e-16,7.867806283681063e-15,6.083355373980204e-16,7.016136531323835e-15,7.705583473708257e-16,3.2444561994561086e-15,7.705583473708257e-16,7.705583473708257e-16,7.705583473708257e-16,0.06549806930775941,7.705583473708257e-16
quadratic,20260922,54,4983,5,21.900210453733774,True,True,32,2.1900210453733774e-07,1.4654943925052066e-14,24.97034450824045,5.354638690119053e-13,3.451075404284223e-15,5.320127936076211e-13,,2.445017001745816e-14,1.5758183747023527e-16,2.4292588179987928e-14,9.103828801926284e-15,1.837419105754634e-14,2.6645352591003757e-15,2.220446049250313e-16,0.0,0.0,3.1889834688280688e-15,3.552713678800501e-15,1.0055109730288527,0.27811083579494983,0.831686307272414,0.11604953490076127,4.582794381731754e-15,2.0277851246600679e-16,6.6105795063918215e-15,2.838899174524095e-16,6.975580828830633e-15,3.650013224388122e-16,5.7589097540345924e-15,6.083355373980204e-16,2.7577877695376922e-15,7.300026448776244e-16,8.111140498640272e-17,8.111140498640272e-17,0.11604953490076127,7.300026448776244e-16
quadratic,20260922,55,6323,5,21.900210453733774,True,True,32,2.1900210453733774e-07,1.0658141036401503e-14,20.911586041336363,8.088692414278041e-13,4.487415730008726e-15,8.043818256977953e-13,,3.693431362847473e-14,2.0490285878707916e-16,3.672941076968765e-14,1.0658141036401503e-14,2.6867397195928788e-14,5.329070518200751e-15,5.551115123125783e-16,7.105427357601002e-15,0.0,2.1570047335574456e-15,5.329070518200751e-15,1.2130461930224359,0.31977998006966374,1.020770217734753,0.16387299142131634,5.475019836582183e-15,2.4333421495920813e-16,8.638364631051889e-15,4.46112727425215e-16,9.611701490888722e-15,5.67779834904819e-16,7.583916366228654e-15,6.894469423844231e-16,3.0011219844969006e-15,1.0950039673164367e-15,6.488912398912218e-16,6.488912398912218e-16,0.16387299142131634,1.0950039673164367e-15
quadratic,20260922,56,6699,5,21.900210453733774,True,True,32,2.1900210453733774e-07,1.5987211554602254e-14,15.726022353239365,6.188252787182284e-13,3.7494313209762694e-15,6.150758473972521e-13,,2.8256590502888284e-14,1.7120526439219802e-16,2.8085385238496082e-14,8.881784197001252e-15,1.6930901125533637e-14,2.220446049250313e-15,2.220446049250313e-16,7.105427357601002e-15,0.0,2.077703088941366e-15,3.552713678800501e-15,0.9632435277467712,0.25539236567312434,0.6220058326966001,0.08057448749250971,4.298904464279344e-15,2.4333421495920813e-16,7.543360663735453e-15,2.838899174524095e-16,7.948917688667467e-15,3.244456199456109e-16,5.921132564007398e-15,4.866684299184163e-16,2.149452232139672e-15,5.67779834904819e-16,4.46112727425215e-16,4.46112727425215e-16,0.08057448749250971,5.67779834904819e-16
quadratic,20260922,57,6794,5,21.900210453733774,True,True,32,2.1900210453733774e-07,1.4210854715202004e-14,17.417121931392487,5.72591246903559e-13,3.2018039013743343e-15,5.693894430021847e-13,,2.61454677850339e-14,1.4619968644312537e-16,2.5999268098590778e-14,8.585724723767877e-15,1.887379141862766e-14,8.881784197001252e-16,1.1102230246251565e-16,7.105427357601002e-15,0.0,2.466809825190944e-15,3.552713678800501e-15,1.0555809198360293,0.2616478435272478,0.6192721384761873,0.1336677692578972,3.2039004969629074e-15,2.0277851246600679e-16,6.8539137213510295e-15,3.244456199456109e-16,8.638364631051889e-15,3.650013224388122e-16,5.353352729102579e-15,4.0555702493201357e-16,1.8655623146872623e-15,3.650013224388122e-16,2.838899174524095e-16,2.838899174524095e-16,0.1336677692578972,4.0555702493201357e-16
quadratic,20260922,58,7277,5,21.900210453733774,True,True,32,2.1900210453733774e-07,1.9539925233402755e-14,33.01897471764542,9.67140653277251e-13,5.216990860476683e-15,9.619236624167743e-13,,4.416124928664158e-14,2.3821647154935156e-16,4.392303281509223e-14,1.1926967350258825e-14,4.98212582300539e-14,1.7763568394002505e-15,4.440892098500626e-16,7.105427357601002e-15,7.105427357601002e-15,2.180266549311498e-15,3.552713678800501e-15,1.186744935303379,0.2814104359915156,1.175280004095547,0.17027319556838102,6.002243968993801e-15,4.0555702493201357e-16,1.0017258515820736e-14,5.272241324116177e-16,1.2207266450453608e-14,6.083355373980204e-16,1.3018380500317635e-14,1.2572267772892421e-15,7.948917688667467e-15,1.5816723972348529e-15,1.8655623146872623e-15,1.8655623146872623e-15,0.17027319556838102,1.8655623146872623e-15
quadratic,20260922,59,7584,5,21.900210453733774,True,True,32,2.1900210453733774e-07,1.3322676295501878e-14,16.816360927860686,9.321759964460374e-13,4.452523006377648e-15,9.277234734396597e-13,,4.2564704956390516e-14,2.0330959904627473e-16,4.236139535734424e-14,1.573344629183079e-14,2.8310687127941492e-14,2.6645352591003757e-15,3.3306690738754696e-16,0.0,0.0,1.5585416555214086e-15,3.552713678800501e-15,1.0764249042993375,0.30249946764588914,1.0537104463547922,0.1604088300443414,4.866684299184163e-15,2.838899174524095e-16,1.0260592730779943e-14,4.46112727425215e-16,1.2369489260426415e-14,5.67779834904819e-16,7.989473391160668e-15,8.111140498640271e-16,3.2444561994561086e-15,8.516697523572285e-16,8.111140498640271e-16,8.111140498640271e-16,0.1604088300443414,8.516697523572285e-16
quadratic,20260922,60,430,6,21.900210453733774,True,True,32,2.1900210453733774e-07,2.886579864025407e-15,-4.2481611462746285,4.66917460383351e-13,3.844741985099224e-15,4.630727183982518e-13,,2.1320227098719323e-14,1.7555730768987808e-16,2.1144669791029443e-14,5.10702591327572e-15,1.8197249262996706e-14,4.440892098500626e-16,1.1102230246251565e-16,2.6645352591003757e-15,1.7763568394002505e-15,4.0073764412660507e-16,1.7763568394002505e-15,0.22296397622041403,0.07236444402212412,0.1336194569650183,0.015708082676860732,6.123911076473405e-15,3.244456199456109e-16,1.0017258515820736e-14,4.866684299184163e-16,1.074726116069836e-14,5.67779834904819e-16,7.624472068721855e-15,7.705583473708257e-16,2.4333421495920814e-15,6.894469423844231e-16,8.111140498640272e-17,8.111140498640272e-17,0.015708082676860732,7.705583473708257e-16
quadratic,20260922,61,3174,6,21.900210453733774,True,True,32,2.1900210453733774e-07,8.881784197001252e-15,-4.1604143267042835,4.730520869202675e-13,3.4538509618457836e-15,4.695982359584217e-13,,2.1600344340052527e-14,1.5770857404052642e-16,2.1442635766012e-14,7.105427357601002e-15,1.0672018824209317e-14,2.220446049250313e-15,1.6653345369377348e-16,1.7763568394002505e-15,1.7763568394002505e-15,4.3774507828077623e-16,1.7763568394002505e-15,0.5093138160241641,0.23843230324126452,0.41608296554449703,0.13231596281308688,4.542238679238552e-15,2.838899174524095e-16,7.665027771215057e-15,4.0555702493201357e-16,8.476141821079084e-15,5.272241324116177e-16,5.353352729102579e-15,6.488912398912218e-16,1.8655623146872623e-15,4.46112727425215e-16,4.46112727425215e-16,4.46112727425215e-16,0.13231596281308688,6.488912398912218e-16
quadratic,20260922,62,4412,6,21.900210453733774,True,True,32,2.1900210453733774e-07,1.3877787807814457e-15,-1.4514625635019005,3.535264673596809e-13,3.4345046647946525e-15,3.5009196269488625e-13,,1.6142605940090775e-14,1.5682518997022253e-16,1.598578075012055e-14,3.9968028886505635e-15,1.3157877565284082e-14,6.661338147750939e-16,2.220446049250313e-16,1.7763568394002505e-15,3.3306690738754696e-15,2.981741837564721e-16,1.7763568394002505e-15,0.15151203465246704,0.04739103700841169,0.06727948502705822,0.008459577810851347,4.7855728941977605e-15,3.244456199456109e-16,7.381137853762647e-15,3.244456199456109e-16,7.705583473708258e-15,4.866684299184163e-16,4.7855728941977605e-15,4.866684299184163e-16,1.5411166947416515e-15,5.67779834904819e-16,2.4333421495920813e-16,2.4333421495920813e-16,0.008459577810851347,5.67779834904819e-16
quadratic,20260922,63,4542,6,21.900210453733774,True,True,32,2.1900210453733774e-07,5.773159728050814e-15,-2.2284318450435183,4.404681976298365e-13,2.341876692568689e-15,4.381263209372678e-13,,2.011250981173749e-14,1.0693398118324574e-16,2.0005575830554245e-14,5.595524044110789e-15,1.6209256159527285e-14,8.881784197001252e-16,2.220446049250313e-16,0.0,2.6645352591003757e-15,5.974057227744877e-16,1.7763568394002505e-15,0.3654533010035751,0.13927273070287835,0.3334827886168558,0.04071378193576257,5.191129919129774e-15,2.838899174524095e-16,8.35447471359948e-15,4.0555702493201357e-16,9.368367275929513e-15,5.67779834904819e-16,7.259470746283043e-15,6.488912398912218e-16,2.3522307446056786e-15,5.272241324116177e-16,2.0277851246600679e-16,2.0277851246600679e-16,0.04071378193576257,6.488912398912218e-16
quadratic,20260922,64,5260,6,21.900210453733774,True,True,32,2.1900210453733774e-07,8.43769498715119e-15,-2.9367638514605936,4.939251719267225e-13,3.670113155184224e-15,4.902550587715383e-13,,2.2553444085397498e-14,1.6758346514238655e-16,2.2385860620255115e-14,4.3298697960381105e-15,1.6764367671839864e-14,8.881784197001252e-16,3.3306690738754696e-16,1.7763568394002505e-15,2.220446049250313e-15,2.992315390180191e-16,1.7763568394002505e-15,0.5241815534450209,0.15793561015939145,0.6284493213579655,0.128844872272194,7.746139176201459e-15,3.244456199456109e-16,1.1436708103082782e-14,3.650013224388122e-16,1.0301148433273144e-14,4.866684299184163e-16,6.002243968993801e-15,5.67779834904819e-16,2.068340827153269e-15,8.516697523572285e-16,2.838899174524095e-16,2.838899174524095e-16,0.128844872272194,8.516697523572285e-16
quadratic,20260922,65,5777,6,21.900210453733774,True,True,32,2.1900210453733774e-07,3.9968028886505635e-15,-3.9837665163289184,6.117926932254426e-13,3.4149931559839033e-15,6.083777000694587e-13,,2.7935470963528474e-14,1.5593426205644888e-16,2.7779536701472025e-14,5.329070518200751e-15,1.5903944827755367e-14,4.440892098500626e-16,1.1102230246251565e-16,1.7763568394002505e-15,8.881784197001252e-16,2.154361345403569e-16,1.7763568394002505e-15,0.5393995668244874,0.15966070927108908,0.6667838545915219,0.12231690306186858,7.340582151269445e-15,3.244456199456109e-16,1.228837785544001e-14,4.46112727425215e-16,1.2207266450453608e-14,5.272241324116177e-16,7.381137853762647e-15,7.300026448776244e-16,2.149452232139672e-15,6.894469423844231e-16,6.488912398912218e-16,6.488912398912218e-16,0.12231690306186858,7.300026448776244e-16
quadratic,20260922,66,6206,6,21.900210453733774,True,True,32,2.1900210453733774e-07,4.218847493575595e-15,5.8091586479427075,6.218887838556276e-13,6.2420967865472505e-15,6.156466870690803e-13,,2.8396475237962913e-14,2.850245115102551e-16,2.8111450726452655e-14,7.105427357601002e-15,3.416711358283919e-14,1.7763568394002505e-15,4.440892098500626e-16,3.552713678800501e-15,3.552713678800501e-15,1.5606563660445042e-15,1.7763568394002505e-15,0.29384898998527426,0.07152682765480063,0.3674252977373008,0.04265186909797785,5.110018514143371e-15,4.866684299184163e-16,1.0868928268177964e-14,5.67779834904819e-16,1.427560727760688e-14,7.300026448776244e-16,1.0868928268177964e-14,1.2977824797824435e-15,5.7589097540345924e-15,1.2977824797824435e-15,1.2977824797824435e-15,1.2977824797824435e-15,0.04265186909797785,1.2977824797824435e-15
quadratic,20260922,67,6466,6,21.900210453733774,True,True,32,2.1900210453733774e-07,6.217248937900877e-15,-0.21215819007582226,6.103862950793522e-13,3.737271735468468e-15,6.066490233438837e-13,,2.7871252487223805e-14,1.706500375128267e-16,2.770060244971098e-14,4.7961634663806766e-15,2.0834028946481453e-14,1.9984014443252818e-15,8.881784197001252e-16,3.3306690738754696e-16,2.886579864025407e-15,1.6251550369989217e-15,1.7763568394002505e-15,0.5992422397690986,0.19978180620972685,0.6458052709063549,0.18133847145448106,5.5155755390753844e-15,2.4333421495920813e-16,9.814480003354728e-15,3.650013224388122e-16,1.0585038350725554e-14,6.488912398912218e-16,8.111140498640271e-15,8.9222545485043e-16,3.2039004969629074e-15,8.516697523572285e-16,2.0277851246600679e-16,2.0277851246600679e-16,0.18133847145448106,8.9222545485043e-16
quadratic,20260922,68,7419,6,21.900210453733774,True,True,32,2.1900210453733774e-07,3.774758283725532e-15,3.174997139850605,4.899854001374915e-13,5.205987757286213e-15,4.847794123802053e-13,,2.2373547558943834e-14,2.377140515742689e-16,2.2135833507369564e-14,5.392511833893617e-15,2.1871393585115584e-14,1.3322676295501878e-15,8.881784197001252e-16,8.881784197001252e-16,5.329070518200751e-15,1.1778937613642186e-15,1.7763568394002505e-15,0.350382886925243,0.09655881531849356,0.2384082922071702,0.033957170271186325,4.866684299184163e-15,3.244456199456109e-16,9.003365953490701e-15,4.866684299184163e-16,1.0787816863191562e-14,6.488912398912218e-16,7.381137853762647e-15,8.111140498640271e-16,2.6766763645512894e-15,7.300026448776244e-16,8.111140498640272e-17,8.111140498640272e-17,0.033957170271186325,8.111140498640271e-16
quadratic,20260922,69,9004,6,21.900210453733774,True,True,32,2.1900210453733774e-07,7.327471962526033e-15,-3.69095144994579,3.6152483123565896e-13,1.992519905682924e-15,3.5953231132997605e-13,,1.6507824525221512e-14,9.098176978218118e-17,1.6416842755439335e-14,4.504333414193492e-15,1.6243950629046822e-14,8.881784197001252e-16,2.7755575615628914e-17,8.881784197001252e-16,1.7763568394002505e-15,1.007659564255023e-15,1.7763568394002505e-15,0.3168787594468203,0.1290358627826404,0.18658154414466066,0.05560281205295816,4.0150145468269345e-15,2.4333421495920813e-16,6.813358018857828e-15,3.244456199456109e-16,7.13780363880344e-15,3.650013224388122e-16,4.2583487617861425e-15,5.67779834904819e-16,2.271119339619276e-15,6.488912398912218e-16,5.272241324116177e-16,5.272241324116177e-16,0.05560281205295816,6.488912398912218e-16
quadratic,20260922,70,60,7,21.900210453733774,True,True,32,2.1900210453733774e-07,3.885780586188048e-15,18.578640906901178,6.836018523734939e-13,2.174649349484524e-15,6.814272030240094e-13,,3.121439649256642e-14,9.929810282319763e-17,3.111509838974322e-14,4.736951571734002e-15,1.762479051592436e-14,1.3322676295501878e-15,8.881784197001252e-16,0.0,0.0,1.1318988074868857e-15,1.7763568394002505e-15,0.26826524860792905,0.07863535201541859,0.8876294723368419,0.1300404530992237,1.1294763144356578e-14,5.67779834904819e-16,2.0156184139121075e-14,6.691690911378224e-16,2.0419796205326883e-14,7.705583473708257e-16,1.1517819508069185e-14,8.719476036038291e-16,3.0619555382367024e-15,6.083355373980204e-16,6.083355373980203e-17,6.083355373980203e-17,0.1300404530992237,8.719476036038291e-16
quadratic,20260922,71,1722,7,21.900210453733774,True,True,32,2.1900210453733774e-07,8.881784197001252e-15,14.662708625940516,5.951272543552612e-13,1.2938063319113893e-15,5.938334480233498e-13,,2.717449933243896e-14,5.907734698005187e-17,2.711542198545891e-14,4.9722131174283795e-15,2.081321226476973e-14,1.7763568394002505e-15,2.220446049250313e-16,1.7763568394002505e-15,0.0,1.5252349647826556e-15,1.7763568394002505e-15,0.2772719772844483,0.1489617035005057,0.6125398921880476,0.08892489244023359,8.090862647393671e-15,3.244456199456109e-16,1.3707827442702059e-14,4.2583487617861427e-16,1.4863664963758296e-14,5.880576861514197e-16,8.69919818479169e-15,6.691690911378224e-16,3.0619555382367024e-15,1.074726116069836e-15,8.313919011106278e-16,8.313919011106278e-16,0.08892489244023359,1.074726116069836e-15
quadratic,20260922,72,2164,7,21.900210453733774,True,True,32,2.1900210453733774e-07,9.2148511043888e-15,21.55783531593056,4.997762785629604e-13,3.0026246039802733e-15,4.967736539589801e-13,,2.282061533695232e-14,1.3710482875603394e-16,2.268351050819628e-14,5.195843755245732e-15,1.3766765505351941e-14,3.1086244689504383e-15,8.881784197001252e-16,3.552713678800501e-15,3.552713678800501e-15,2.499587838298925e-15,1.7763568394002505e-15,0.4250127871897476,0.11743436092008715,1.405874406906591,0.1529645112236994,6.529468101405418e-15,2.838899174524095e-16,1.0483649094492551e-14,3.650013224388122e-16,1.0645871904465356e-14,6.286133886446211e-16,5.819743307774395e-15,5.272241324116177e-16,1.3586160335222455e-15,4.866684299184163e-16,1.2166710747960407e-16,1.2166710747960407e-16,0.1529645112236994,6.286133886446211e-16
quadratic,20260922,73,5110,7,21.900210453733774,True,True,32,2.1900210453733774e-07,6.661338147750939e-15,20.705481417024203,5.376013126731242e-13,3.026811605588181e-15,5.34574501067536e-13,,2.4547769246731982e-14,1.382092474400007e-16,2.4409559999291982e-14,4.064209286574234e-15,2.0386470289679437e-14,3.552713678800501e-15,4.440892098500626e-16,7.105427357601002e-15,0.0,3.37137725144506e-15,8.881784197001252e-16,0.2726454337460886,0.10882923270944835,0.9735822891873386,0.1322473055138543,8.516697523572285e-15,3.650013224388122e-16,1.3910605955168065e-14,4.46112727425215e-16,1.557338975738932e-14,6.286133886446211e-16,1.1761153723028394e-14,8.111140498640271e-16,5.353352729102579e-15,1.0950039673164367e-15,1.1152818185630373e-15,1.1152818185630373e-15,0.1322473055138543,1.1152818185630373e-15
quadratic,20260922,74,5313,7,21.900210453733774,True,True,32,2.1900210453733774e-07,7.105427357601002e-15,14.866392117177998,4.719766905345696e-13,2.318780088574255e-15,4.696579104459954e-13,,2.1551239954139443e-14,1.0587935186617924e-16,2.1445360602273265e-14,7.359192620372467e-15,1.4738210651898953e-14,8.881784197001252e-16,4.440892098500626e-16,0.0,1.7763568394002505e-15,8.173356171764258e-16,8.881784197001252e-16,0.35536365494790567,0.14295731042926116,0.5122409476309514,0.0778903759415298,3.406679009428914e-15,1.4194495872620474e-16,5.921132564007398e-15,3.244456199456109e-16,7.583916366228654e-15,4.0555702493201357e-16,6.3266895889394116e-15,5.272241324116177e-16,2.4333421495920814e-15,4.866684299184163e-16,3.650013224388122e-16,3.650013224388122e-16,0.0778903759415298,5.272241324116177e-16
quadratic,20260922,75,5523,7,21.900210453733774,True,True,32,2.1900210453733774e-07,7.105427357601002e-15,19.390783320919333,7.618403262740902e-13,2.158128173522843e-15,7.596821981005673e-13,,3.47868952165345e-14,9.854371847622602e-17,3.468835149805827e-14,7.61295788314393e-15,4.0169256809718945e-14,8.881784197001252e-16,8.881784197001252e-16,0.0,0.0,1.9391895496786074e-15,1.7763568394002505e-15,0.24665592247979048,0.11900473770891808,0.8870335336721545,0.10547743223677979,1.1680042318041991e-14,4.866684299184163e-16,1.999396132914827e-14,5.06946281165017e-16,2.1595911577629724e-14,7.300026448776244e-16,1.5999224633567936e-14,8.719476036038291e-16,8.232807606119875e-15,1.4397274385086481e-15,2.149452232139672e-15,2.149452232139672e-15,0.10547743223677979,2.149452232139672e-15
quadratic,20260922,76,7928,7,21.900210453733774,True,True,32,2.1900210453733774e-07,9.325873406851315e-15,19.82037174801028,4.1700081714388234e-13,1.9565120026744293e-15,4.150443051412079e-13,,1.904095022396407e-14,8.933758909795605e-17,1.8951612634866113e-14,5.110495360227674e-15,1.442942987317508e-14,1.7763568394002505e-15,8.881784197001252e-16,3.552713678800501e-15,3.552713678800501e-15,1.4126266294278183e-15,1.7763568394002505e-15,0.32279208233081763,0.12269799616464495,0.8110125610208632,0.09627382021856924,4.5016829767453505e-15,2.0277851246600679e-16,7.502804961242252e-15,3.8527917368541287e-16,8.35447471359948e-15,4.2583487617861427e-16,5.637242646554989e-15,4.866684299184163e-16,2.027785124660068e-15,7.300026448776244e-16,1.2166710747960407e-16,1.2166710747960407e-16,0.09627382021856924,7.300026448776244e-16
quadratic,20260922,77,8612,7,21.900210453733774,True,True,32,2.1900210453733774e-07,4.440892098500626e-15,19.51454447573269,7.856166775322917e-13,2.5800129228803987e-15,7.830366646094113e-13,,3.5872562923172807e-14,1.1780767716049649e-16,3.575475524601231e-14,5.991239250745041e-15,2.4022450695326825e-14,1.3322676295501878e-15,5.551115123125783e-16,3.552713678800501e-15,7.105427357601002e-15,9.709164689162395e-16,1.7763568394002505e-15,0.29452056196468207,0.12085310947908433,0.9856879005176901,0.1416999646313501,1.0726983309451758e-14,4.0555702493201357e-16,1.670894942719896e-14,4.866684299184163e-16,1.8047287609474603e-14,6.894469423844231e-16,1.1680042318041991e-14,8.516697523572285e-16,3.2039004969629074e-15,8.719476036038291e-16,1.4194495872620474e-16,1.4194495872620474e-16,0.1416999646313501,8.719476036038291e-16
quadratic,20260922,78,8934,7,21.900210453733774,True,True,32,2.1900210453733774e-07,6.772360450213455e-15,16.791608245908378,4.0548305454043053e-13,2.6614292780195794e-15,4.0282162526241096e-13,,1.8515030044896193e-14,1.215252832223734e-16,1.8393504761673822e-14,7.98666688339722e-15,3.96488397669259e-14,8.881784197001252e-16,4.440892098500626e-16,0.0,0.0,5.450666373278751e-16,1.7763568394002505e-15,0.23511933802665771,0.09132471618166152,0.7811309592895521,0.11481691393885703,5.860299010267596e-15,3.244456199456109e-16,7.76641702744806e-15,3.8527917368541287e-16,6.975580828830633e-15,4.0555702493201357e-16,5.1708520678831734e-15,4.866684299184163e-16,2.453620000838682e-15,8.111140498640271e-16,1.4802831410018495e-15,1.4802831410018495e-15,0.11481691393885703,1.4802831410018495e-15
quadratic,20260922,79,9879,7,21.900210453733774,True,True,32,2.1900210453733774e-07,4.773959005888173e-15,17.516768505887015,3.2914953831292013e-13,2.19374782889623e-15,3.269557904840239e-13,,1.502951485367134e-14,1.0017017112829696e-16,1.4929344682543045e-14,3.838199599418398e-15,1.1088352458443751e-14,8.881784197001252e-16,4.440892098500626e-16,0.0,0.0,5.810167162204984e-16,8.881784197001252e-16,0.2728965794307481,0.09879308591391169,0.8263851957983881,0.08509290388414915,5.110018514143371e-15,2.838899174524095e-16,7.076970085063637e-15,3.244456199456109e-16,5.961688266500599e-15,3.650013224388122e-16,4.1569595055531395e-15,3.8527917368541287e-16,1.5411166947416515e-15,3.8527917368541287e-16,1.4194495872620474e-16,1.4194495872620474e-16,0.08509290388414915,3.8527917368541287e-16
quadratic,20260922,80,298,8,21.900210453733774,True,True,32,2.1900210453733774e-07,8.992806499463768e-15,14.207613004417562,6.622998445967218e-13,3.163078264920148e-15,6.591367663318016e-13,,3.024171142080537e-14,1.4443140953382361e-16,3.0097280011271544e-14,8.945225512694118e-15,3.680389326632394e-14,4.440892098500626e-15,1.7763568394002505e-15,3.552713678800501e-15,5.329070518200751e-15,2.8643754035329043e-15,8.881784197001252e-16,0.7141336336360141,0.1433863528977109,0.7309286376934634,0.11905935494770224,4.826128596690962e-15,3.4472347119221153e-16,8.506558597948985e-15,5.06946281165017e-16,1.1284624218733278e-14,6.083355373980204e-16,9.368367275929513e-15,8.111140498640271e-16,4.075848100566736e-15,1.2977824797824435e-15,8.9222545485043e-16,8.9222545485043e-16,0.11905935494770224,1.2977824797824435e-15
quadratic,20260922,81,523,8,21.900210453733774,True,True,32,2.1900210453733774e-07,1.021405182655144e-14,11.130333424991912,5.914648400680753e-13,1.9422955307594053e-15,5.895225445373158e-13,,2.700726741040227e-14,8.868844136738708e-17,2.691857896903488e-14,7.137148015447436e-15,1.1046719095020308e-14,1.7763568394002505e-15,1.6653345369377348e-16,1.7763568394002505e-15,1.7763568394002505e-15,1.8025263821235575e-15,3.552713678800501e-15,0.739559498012001,0.15647336197707246,0.948925123699291,0.17950264296329468,6.0123828946171015e-15,3.7514024806211257e-16,9.069268970042154e-15,3.7514024806211257e-16,8.283502234236377e-15,4.3597380180191457e-16,5.246894010057926e-15,4.968073555417167e-16,1.825006612194061e-15,4.562516530485153e-16,3.5486239681551187e-16,3.5486239681551187e-16,0.17950264296329468,4.968073555417167e-16
quadratic,20260922,82,1566,8,21.900210453733774,True,True,32,2.1900210453733774e-07,8.881784197001252e-15,19.965999542922777,6.782134377912387e-13,3.279651682505787e-15,6.749337861087329e-13,,3.0968352529032886e-14,1.497543454860562e-16,3.0818598183546824e-14,7.179442225909346e-15,2.799149800836176e-14,3.552713678800501e-15,1.8041124150158794e-16,3.552713678800501e-15,3.552713678800501e-15,3.5019606262462114e-15,1.7763568394002505e-15,0.928004057045401,0.3155219728583357,1.8079276695511057,0.2898172011851186,4.603072232978354e-15,2.6361206620580883e-16,1.0291009507649844e-14,4.0555702493201357e-16,1.3221159012783643e-14,6.894469423844231e-16,9.804341077731428e-15,9.125033060970305e-16,5.150574216636572e-15,1.3586160335222455e-15,1.5613945459882523e-15,1.5613945459882523e-15,0.2898172011851186,1.5613945459882523e-15
quadratic,20260922,83,2304,8,21.900210453733774,True,True,32,2.1900210453733774e-07,1.554312234475219e-14,32.13125519286339,6.736754011780834e-13,7.338838531587674e-15,6.663365626464957e-13,,3.076113823660668e-14,3.3510356199962786e-16,3.0426034674607054e-14,7.70811985668323e-15,3.505529200253932e-14,2.6645352591003757e-15,8.881784197001252e-16,0.0,7.105427357601002e-15,2.051004868587284e-15,1.7763568394002505e-15,0.7900484186708129,0.16997833965484804,1.510116019803527,0.23570279952743586,6.042799671487002e-15,3.041677686990102e-16,1.0301148433273144e-14,4.46112727425215e-16,1.2947408020954533e-14,6.590301655145221e-16,1.1031151078150769e-14,7.806972729941261e-16,4.521960827991951e-15,1.1862542979261396e-15,2.534731405825085e-16,2.534731405825085e-16,0.23570279952743586,1.1862542979261396e-15
quadratic,20260922,84,4575,8,21.900210453733774,True,True,32,2.1900210453733774e-07,6.217248937900877e-15,10.924509482076607,4.62006722561676e-13,1.9508534999075537e-15,4.600558690617684e-13,,2.1095994649809787e-14,8.907921245911826e-17,2.1006915437350664e-14,8.132383655379272e-15,2.373101715136272e-14,2.220446049250313e-15,2.220446049250313e-16,0.0,1.7763568394002505e-15,1.116831495009827e-15,1.7763568394002505e-15,0.3918067405190839,0.121388982317855,0.3432238853110628,0.0468183427233293,4.633489009848255e-15,3.244456199456109e-16,7.036414382570436e-15,4.2583487617861427e-16,8.263224382989776e-15,5.06946281165017e-16,6.5700238038986195e-15,6.9958586800772345e-16,2.0582019015299688e-15,9.834757854601328e-16,2.1291743808930713e-16,2.1291743808930713e-16,0.0468183427233293,9.834757854601328e-16
quadratic,20260922,85,5972,8,21.900210453733774,True,True,32,2.1900210453733774e-07,8.881784197001252e-15,20.360973164690094,5.112548942399711e-13,3.2425120789439254e-15,5.080123821610272e-13,,2.3344748002310045e-14,1.4805848947406388e-16,2.3196689512835983e-14,5.8683217015901136e-15,1.9081958235744878e-14,8.881784197001252e-16,4.440892098500626e-16,0.0,0.0,8.466772256843746e-16,1.7763568394002505e-15,0.41979963742484655,0.1372078127480729,0.7232959441612091,0.07555378976644907,5.231685621622975e-15,2.838899174524095e-16,9.003365953490701e-15,3.954180993087132e-16,1.0676288681335257e-14,5.67779834904819e-16,7.908361986174265e-15,6.691690911378224e-16,4.16709843117644e-15,8.618086779805288e-16,9.834757854601328e-16,9.834757854601328e-16,0.07555378976644907,9.834757854601328e-16
quadratic,20260922,86,6624,8,21.900210453733774,True,True,32,2.1900210453733774e-07,8.43769498715119e-15,21.889787811928766,5.703569891512048e-13,3.1185371745274464e-15,5.672384519766773e-13,,2.6043447863486828e-14,1.4239758933438769e-16,2.590105027415244e-14,1.1213252548714081e-14,1.9484414082171497e-14,8.881784197001252e-16,4.440892098500626e-16,3.552713678800501e-15,0.0,7.486075251758203e-16,1.7763568394002505e-15,0.5661760534716341,0.12399524765884949,0.7982070704034329,0.10552575769934924,5.039046034780269e-15,2.9402884307570983e-16,1.074726116069836e-14,4.968073555417167e-16,1.1710459094911892e-14,6.387523142679214e-16,7.16822041567334e-15,8.820865292271295e-16,3.619596447518221e-15,8.516697523572285e-16,6.083355373980204e-16,6.083355373980204e-16,0.10552575769934924,8.820865292271295e-16
quadratic,20260922,87,8070,8,21.900210453733774,True,True,32,2.1900210453733774e-07,5.773159728050814e-15,5.144844027522744,5.515615411489874e-13,2.0447268217218453e-15,5.495168143272655e-13,,2.518521647607964e-14,9.336562431861193e-17,2.5091850851761028e-14,5.440092820663267e-15,1.3891665595622271e-14,1.3322676295501878e-15,3.3306690738754696e-16,1.7763568394002505e-15,8.881784197001252e-16,3.7932620008026136e-16,1.3322676295501878e-15,0.4949079921995087,0.1621770573929189,0.6121052761541607,0.06924478408701641,6.458495622042316e-15,3.345845455689112e-16,9.087012089882929e-15,4.46112727425215e-16,9.652257193381923e-15,5.170852067883173e-16,6.303877006286986e-15,5.981966117747201e-16,2.808482397654194e-15,5.551061778756936e-16,6.894469423844231e-16,6.894469423844231e-16,0.06924478408701641,6.894469423844231e-16
quadratic,20260922,88,9290,8,21.900210453733774,True,True,32,2.1900210453733774e-07,8.881784197001252e-15,25.16479543329456,5.060291801985866e-13,6.870364066018162e-15,4.991588161325685e-13,,2.3106133215825494e-14,3.137122394568967e-16,2.2792420976368598e-14,9.658940314238862e-15,1.980360320175123e-14,8.881784197001252e-16,8.881784197001252e-16,0.0,3.552713678800501e-15,6.62961748990451e-16,1.7763568394002505e-15,0.5821513034534656,0.1534068081396733,0.7368979990338248,0.15532775027866222,5.292519175362777e-15,5.67779834904819e-16,7.502804961242252e-15,3.650013224388122e-16,8.33419686235288e-15,5.272241324116177e-16,7.523082812488852e-15,8.9222545485043e-16,2.1697300833862724e-15,9.327811573436311e-16,2.838899174524095e-16,2.838899174524095e-16,0.15532775027866222,9.327811573436311e-16
quadratic,20260922,89,9833,8,21.900210453733774,True,True,32,2.1900210453733774e-07,4.884981308350689e-15,7.978886927403105,4.113233563275896e-13,2.1507927713958545e-15,4.0917256355619375e-13,,1.8781707929088096e-14,9.820877182617052e-17,1.8683499157261924e-14,4.033810322804736e-15,1.9068080447937064e-14,8.881784197001252e-16,2.220446049250313e-16,1.7763568394002505e-15,1.7763568394002505e-15,5.755977705050675e-16,1.7763568394002505e-15,0.5030606356282107,0.08637573295057416,0.38854406842208444,0.05638940987013647,4.1569595055531395e-15,2.737509918291092e-16,6.4990513245355174e-15,2.838899174524095e-16,8.055376407712119e-15,3.650013224388122e-16,5.987035580558851e-15,6.488912398912218e-16,2.3066055793008273e-15,5.931271489630698e-16,1.4701442153785491e-16,1.4701442153785491e-16,0.05638940987013647,6.488912398912218e-16
quadratic,20260922,90,428,9,21.900210453733774,True,True,32,2.1900210453733774e-07,7.771561172376096e-15,17.857436022244173,6.001960172250097e-13,2.3366890433167226e-15,5.978593281816929e-13,,2.7405947467627282e-14,1.0669710449829672e-16,2.7299250363128986e-14,6.819941436983105e-15,2.4216739724636227e-14,8.881784197001252e-16,8.881784197001252e-16,3.552713678800501e-15,0.0,2.0570846613411825e-15,1.7763568394002505e-15,0.4773940894329593,0.16774886666980043,0.9459883806973403,0.13337620129920014,3.89334743934733e-15,2.4333421495920813e-16,8.739753887284893e-15,4.0555702493201357e-16,1.1963932235494401e-14,5.06946281165017e-16,9.89559140834113e-15,6.488912398912218e-16,4.826128596690962e-15,1.013892562330034e-15,1.2775046285358427e-15,1.2775046285358427e-15,0.13337620129920014,1.2775046285358427e-15
quadratic,20260922,91,623,9,21.900210453733774,True,True,32,2.1900210453733774e-07,6.772360450213455e-15,16.021557075483727,4.927300631000061e-13,3.759162293617705e-15,4.889709008063884e-13,,2.2498873430506254e-14,1.7164959677256453e-16,2.232722383373369e-14,7.216449660063518e-15,2.5951463200613034e-14,1.1102230246251565e-15,2.220446049250313e-16,7.105427357601002e-15,7.105427357601002e-15,1.2762278006881544e-15,1.7763568394002505e-15,0.5395825564997339,0.215528128021918,1.3512392006166536,0.15563989728301333,4.988351406663767e-15,3.041677686990102e-16,8.67892033354509e-15,3.650013224388122e-16,1.0098369920807138e-14,5.06946281165017e-16,6.346967440186012e-15,7.0972479363102375e-16,2.7983434720308938e-15,7.908361986174264e-16,1.2572267772892421e-15,1.2572267772892421e-15,0.15563989728301333,1.2572267772892421e-15
quadratic,20260922,92,995,9,21.900210453733774,True,True,32,2.1900210453733774e-07,7.105427357601002e-15,17.513538857449372,4.4392565020804195e-13,1.578829659602358e-15,4.423468205484396e-13,,2.0270382841565657e-14,7.209198573400845e-17,2.019829085583165e-14,4.155406177882729e-15,1.4162282457874653e-14,1.7763568394002505e-15,8.881784197001252e-16,0.0,0.0,8.902931302232214e-16,1.7763568394002505e-15,0.4970114492773567,0.12049165629132523,1.0340466372710402,0.16336565184537882,5.160713142259872e-15,2.6361206620580883e-16,8.800587441024695e-15,4.866684299184163e-16,1.0503926945739152e-14,6.488912398912218e-16,6.590301655145221e-15,7.401415705009247e-16,1.997368347790167e-15,6.590301655145221e-16,6.083355373980203e-17,6.083355373980203e-17,0.16336565184537882,7.401415705009247e-16
quadratic,20260922,93,2043,9,21.900210453733774,True,True,32,2.1900210453733774e-07,1.0658141036401503e-14,28.97560639266481,5.808657126722088e-13,1.7353843230152755e-15,5.791303283491936e-13,,2.6523293641371236e-14,7.924053180591282e-17,2.644405310956532e-14,9.325873406851315e-15,2.3127333381722792e-14,3.552713678800501e-15,4.440892098500626e-16,3.552713678800501e-15,3.552713678800501e-15,1.6262123922604663e-15,3.552713678800501e-15,0.6252859219409915,0.2612166775003772,1.2977378463870177,0.2765922039111072,4.2583487617861425e-15,2.838899174524095e-16,8.800587441024695e-15,5.272241324116177e-16,9.571145788395521e-15,6.083355373980204e-16,5.008629257910368e-15,8.313919011106278e-16,2.4333421495920814e-15,5.880576861514197e-16,4.46112727425215e-16,4.46112727425215e-16,0.2765922039111072,8.313919011106278e-16
quadratic,20260922,94,2087,9,21.900210453733774,True,True,32,2.1900210453733774e-07,1.4654943925052066e-14,26.567147099995235,6.222740081155262e-13,4.81474978933757e-15,6.174592583261886e-13,,2.8414065217781252e-14,2.1984947585363054e-16,2.819421574192762e-14,1.0531258405015771e-14,1.749989042565403e-14,1.7763568394002505e-15,4.440892098500626e-16,3.552713678800501e-15,3.552713678800501e-15,1.8263168755083805e-15,3.552713678800501e-15,0.5764759458005868,0.19377382713754956,1.1630404037889435,0.33445876201878577,4.937656778547265e-15,3.8527917368541287e-16,8.770170664154794e-15,4.663905786718156e-16,1.042281554075275e-14,6.488912398912218e-16,7.17835934129664e-15,8.719476036038291e-16,2.7882045464075935e-15,6.894469423844231e-16,8.820865292271295e-16,8.820865292271295e-16,0.33445876201878577,8.820865292271295e-16
quadratic,20260922,95,4442,9,21.900210453733774,True,True,32,2.1900210453733774e-07,7.105427357601002e-15,20.96440211290515,4.497109860427765e-13,3.80917189325372e-15,4.459018141495228e-13,,2.0534550889035183e-14,1.7393311819084792e-16,2.0360617770844335e-14,6.161737786669619e-15,1.62231339473351e-14,1.7763568394002505e-15,1.7763568394002505e-15,0.0,3.552713678800501e-15,1.0356794786860378e-15,3.552713678800501e-15,0.4066508784963355,0.1684547682119996,0.837000935767445,0.23522205905560545,4.5016829767453505e-15,4.0555702493201357e-16,7.441971407502448e-15,5.475019836582184e-16,9.24670016844991e-15,5.06946281165017e-16,6.28613388644621e-15,6.083355373980204e-16,1.9669515709202657e-15,5.880576861514197e-16,3.041677686990102e-16,3.041677686990102e-16,0.23522205905560545,6.083355373980204e-16
quadratic,20260922,96,4850,9,21.900210453733774,True,True,32,2.1900210453733774e-07,8.43769498715119e-15,15.017266891950378,4.511244552521784e-13,3.2944546561674598e-15,4.478300005960109e-13,,2.0599092241840354e-14,1.5043027386094307e-16,2.044866196797941e-14,5.625129991434126e-15,1.1435297153639112e-14,8.881784197001252e-16,2.220446049250313e-16,3.552713678800501e-15,0.0,1.5619780601214392e-15,1.3322676295501878e-15,0.5127956697162178,0.200594849764209,0.897578524003728,0.09919079248457957,4.319182315525944e-15,3.244456199456109e-16,7.279748597529644e-15,4.0555702493201357e-16,7.634610994345156e-15,4.2583487617861427e-16,4.025153472450235e-15,4.156959505553139e-16,1.5309777691183512e-15,4.156959505553139e-16,7.097247936310237e-17,7.097247936310237e-17,0.09919079248457957,4.2583487617861427e-16
quadratic,20260922,97,6965,9,21.900210453733774,True,True,32,2.1900210453733774e-07,7.327471962526033e-15,15.634048258461497,4.312497449090881e-13,2.6515826571464186e-15,4.285981622519417e-13,,1.969157994258289e-14,1.2107567015157837e-16,1.957050427243131e-14,4.6312160455792245e-15,1.1372847108503947e-14,3.3306690738754696e-16,3.3306690738754696e-16,1.7763568394002505e-15,1.7763568394002505e-15,2.5799468381765924e-16,1.7763568394002505e-15,0.42330586081996147,0.12323673349939675,0.8206384991793426,0.11949842552193991,4.897101076054064e-15,2.6361206620580883e-16,6.590301655145221e-15,2.4333421495920813e-16,5.292519175362777e-15,3.650013224388122e-16,3.102511240729904e-15,4.663905786718156e-16,2.2204247115027743e-15,5.37363058034918e-16,2.6361206620580883e-16,2.6361206620580883e-16,0.11949842552193991,5.37363058034918e-16
quadratic,20260922,98,9272,9,21.900210453733774,True,True,32,2.1900210453733774e-07,1.3322676295501878e-14,16.47808095231408,6.34422144448384e-13,2.4148011632635557e-15,6.320073432851205e-13,,2.896876930880001e-14,1.1026383369077879e-16,2.885850547510923e-14,7.827072323607354e-15,1.7583157152500917e-14,3.552713678800501e-15,8.881784197001252e-16,7.105427357601002e-15,0.0,2.9743403507338778e-15,3.552713678800501e-15,0.7985347298142602,0.3341394764838631,1.0106793639263028,0.1602164539642579,5.282380249739477e-15,3.8527917368541287e-16,9.56100686277222e-15,5.272241324116177e-16,8.942532399750899e-15,4.2583487617861427e-16,5.454741985335583e-15,5.880576861514197e-16,2.0176461990367676e-15,5.06946281165017e-16,1.825006612194061e-16,1.825006612194061e-16,0.1602164539642579,5.880576861514197e-16
quadratic,20260922,99,9528,9,21.900210453733774,True,True,32,2.1900210453733774e-07,2.5757174171303632e-14,27.964244401956066,7.357814093450224e-13,3.771387963829344e-15,7.320100213811931e-13,,3.359700176851857e-14,1.7220784118932332e-16,3.342479392732924e-14,2.225997164373439e-14,1.6073947728401095e-14,5.329070518200751e-15,6.591949208711867e-17,7.105427357601002e-15,7.105427357601002e-15,2.2104011742656166e-15,3.552713678800501e-15,0.6936192155727734,0.2930028824885088,1.2658534838458455,0.35108962303068775,4.633489009848255e-15,4.0555702493201357e-16,8.232807606119875e-15,5.272241324116177e-16,8.212529754873274e-15,7.705583473708257e-16,5.120157439766671e-15,7.908361986174264e-16,2.9909830588736003e-15,9.327811573436311e-16,1.2775046285358427e-15,1.2775046285358427e-15,0.35108962303068775,1.2775046285358427e-15
quadratic,20260923,0,280,0,19.550580663079437,True,True,32,1.9550580663079437e-07,7.549516567451064e-15,10.196196414134878,3.129656421584941e-13,2.1996293675385906e-15,3.107660127909555e-13,,1.6007997284168565e-14,1.1250966942851528e-16,1.589548761474005e-14,7.93809462606987e-15,2.4917568008930857e-14,2.220446049250313e-16,2.220446049250313e-16,0.0,3.552713678800501e-15,2.8072782194093124e-16,1.7763568394002505e-15,0.3847493744580498,0.11953232322613773,0.45113524125360077,0.04640818717917964,3.4640201060640683e-15,2.0443397347263352e-16,5.815010800999354e-15,2.9529351723824843e-16,5.917227787735671e-15,3.8615306100386333e-16,4.701981389870571e-15,3.975105039745652e-16,2.4418502387009003e-15,7.041614641835155e-16,8.858805517147453e-16,8.858805517147453e-16,0.04640818717917964,8.858805517147453e-16
quadratic,20260923,1,1403,0,19.550580663079437,True,True,32,1.9550580663079437e-07,6.661338147750939e-15,12.887759010841666,3.6442104294527e-13,2.341761044336958e-15,3.620792819009331e-13,,1.863990892267798e-14,1.1977961599674063e-16,1.8520129306681243e-14,4.496403249731884e-15,1.7361112547575885e-14,8.881784197001252e-16,4.440892098500626e-16,3.552713678800501e-15,3.552713678800501e-15,6.032211767130012e-16,1.7763568394002505e-15,0.47864750983377374,0.2059124902492278,0.5198681199706984,0.06530983090183148,4.224968785101093e-15,2.49863745355441e-16,5.7922959150579495e-15,4.542977188280745e-16,7.143831628571472e-15,4.542977188280745e-16,4.895057920372502e-15,4.770126047694782e-16,2.1806290503747577e-15,6.814465782421117e-16,5.678721485350931e-16,5.678721485350931e-16,0.06530983090183148,6.814465782421117e-16
quadratic,20260923,2,1512,0,19.550580663079437,True,True,32,1.9550580663079437e-07,5.329070518200751e-15,7.125672995699727,2.510384592001644e-13,1.5235498048345651e-15,2.4951490939532986e-13,,1.2840460522701581e-14,7.792862171668045e-17,1.2762531900984902e-14,3.1086244689504383e-15,1.7850304567801345e-14,6.661338147750939e-16,5.551115123125783e-17,1.7763568394002505e-15,8.881784197001252e-16,5.0541581501983295e-16,1.3322676295501878e-15,0.2190941504318336,0.06871786057922406,0.28206509923788237,0.03831396155479741,2.5213523394958136e-15,1.3628931564842236e-16,4.418045315603024e-15,1.7036164456052793e-16,4.770126047694782e-15,2.1579141644333538e-16,4.372615543720217e-15,4.656551617987764e-16,2.816645856734062e-15,6.019444774471987e-16,1.0448847533045713e-15,1.0448847533045713e-15,0.03831396155479741,1.0448847533045713e-15
quadratic,20260923,3,3341,0,19.550580663079437,True,True,32,1.9550580663079437e-07,7.105427357601002e-15,12.766957768442504,4.532699942896184e-13,2.8565443661270673e-15,4.5041344992349137e-13,,2.3184477336041604e-14,1.4611046164585525e-16,2.303836687439575e-14,6.9151034105224035e-15,1.4377388168895777e-14,6.661338147750939e-16,8.881784197001252e-16,5.329070518200751e-15,5.329070518200751e-15,9.198990775465597e-16,1.7763568394002505e-15,0.6383869802078433,0.21873445105155861,0.6498123816344364,0.06758391801959633,5.2244237665228564e-15,3.4072328912105586e-16,8.336363140495167e-15,3.634381750624596e-16,9.313103235975527e-15,5.905870344764969e-16,7.700346334135862e-15,6.360168063593043e-16,2.952935172382484e-15,7.268763501249192e-16,9.08595437656149e-17,9.08595437656149e-17,0.06758391801959633,7.268763501249192e-16
quadratic,20260923,4,4116,0,19.550580663079437,True,True,32,1.9550580663079437e-07,2.4424906541753444e-15,7.223295234749788,2.1825104554306138e-13,1.291063816701747e-15,2.1695998172635963e-13,,1.1163404775757917e-14,6.603710851104664e-17,1.1097367667246871e-14,3.524958103184872e-15,7.98666688339722e-15,4.440892098500626e-16,6.938893903907228e-17,1.7763568394002505e-15,1.7763568394002505e-15,4.855904038658111e-16,1.7763568394002505e-15,0.23134941251358618,0.06235375617331349,0.32051232721173084,0.03777732123780636,2.5156736180104627e-15,1.3628931564842236e-16,4.338543214808112e-15,1.817190875312298e-16,4.968881299682065e-15,2.9529351723824843e-16,2.634926769202832e-15,3.4072328912105586e-16,6.530529708153571e-16,1.4764675861912421e-16,1.1357442970701863e-17,1.1357442970701863e-17,0.03777732123780636,3.4072328912105586e-16
quadratic,20260923,5,5544,0,19.550580663079437,True,True,32,1.9550580663079437e-07,6.217248937900877e-15,15.981239316338613,4.0044171682277847e-13,4.2808349457838316e-15,3.9616088187699463e-13,,2.048234391211705e-14,2.1896203593932292e-16,2.026338187617773e-14,9.325873406851315e-15,1.2434497875801753e-14,1.7763568394002505e-15,4.440892098500626e-16,3.552713678800501e-15,1.7763568394002505e-15,1.472367201705266e-15,1.7763568394002505e-15,0.5421059204608095,0.2121936710623901,0.7233742073382434,0.07583664363731268,3.4185903341812607e-15,2.2714885941403724e-16,6.610031808948484e-15,3.066509602089503e-16,7.80256332087218e-15,4.542977188280745e-16,4.7474111617533784e-15,4.3158283288667076e-16,2.146556721462652e-15,7.950210079491304e-16,1.067599639245975e-15,1.067599639245975e-15,0.07583664363731268,1.067599639245975e-15
quadratic,20260923,6,6708,0,19.550580663079437,True,True,32,1.9550580663079437e-07,4.884981308350689e-15,6.0940169338082235,2.0891276473306287e-13,7.819472582664976e-16,2.0813081747479636e-13,,1.0685757540060539e-14,3.999611427108028e-17,1.0645761425789458e-14,3.2672277581826038e-15,1.3471862514435884e-14,4.440892098500626e-16,2.7755575615628914e-17,1.7763568394002505e-15,2.6645352591003757e-15,6.856948871137265e-16,1.7763568394002505e-15,0.19719154379788392,0.06197105943586595,0.25076390382214997,0.03704698469762177,1.567327129956857e-15,1.1357442970701862e-16,3.2709435755621364e-15,1.817190875312298e-16,3.918317824892143e-15,2.2714885941403724e-16,3.816100838155826e-15,4.99727490710882e-16,2.044339734726335e-15,6.133019204179006e-16,6.58731692300708e-16,6.58731692300708e-16,0.03704698469762177,6.58731692300708e-16
quadratic,20260923,7,7346,0,19.550580663079437,True,True,32,1.9550580663079437e-07,1.887379141862766e-15,4.274740714894321,2.3195493145270313e-13,1.5229880848518676e-15,2.3043194336785126e-13,,1.186434998786208e-14,7.789989009011765e-17,1.1786450097771961e-14,3.191891195797325e-15,1.667416205108907e-14,6.661338147750939e-16,1.1102230246251565e-16,0.0,2.6645352591003757e-15,1.16176909362561e-15,1.3322676295501878e-15,0.2165402954288687,0.061959883663178415,0.35505924317856713,0.05031898416149905,2.5327097824665153e-15,1.5900420158982607e-16,4.383972986690919e-15,2.49863745355441e-16,4.792840933636186e-15,3.7479561803316145e-16,3.4413052201226643e-15,4.99727490710882e-16,2.2942034800817763e-15,7.268763501249192e-16,8.518082228026397e-16,8.518082228026397e-16,0.05031898416149905,8.518082228026397e-16
quadratic,20260923,8,7393,0,19.550580663079437,True,True,32,1.9550580663079437e-07,3.774758283725532e-15,5.343913021421365,3.140227165600505e-13,8.475363268343825e-16,3.1317518023321613e-13,,1.606206598012053e-14,4.335095419620575e-17,1.6018715025924325e-14,2.930988785010413e-15,9.423017921506016e-15,2.220446049250313e-16,2.220446049250313e-16,1.7763568394002505e-15,8.881784197001252e-16,5.92515454689832e-16,1.3322676295501878e-15,0.2884733853184005,0.09192685527836394,0.38503988127222405,0.12179846202065533,4.548655909766096e-15,2.2714885941403724e-16,7.319871994617351e-15,3.1800840317965214e-16,7.461840031751123e-15,4.0886794694526705e-16,4.031892254599161e-15,4.0886794694526705e-16,1.3004272201453632e-15,3.464020106064068e-16,5.167636551669348e-16,5.167636551669348e-16,0.12179846202065533,5.167636551669348e-16
quadratic,20260923,9,8134,0,19.550580663079437,True,True,32,1.9550580663079437e-07,5.773159728050814e-15,12.750939870219526,4.227313274561881e-13,1.919364138524586e-15,4.208119633176635e-13,,2.162244358575502e-14,9.817427786936455e-17,2.1524269307885656e-14,5.162537064506978e-15,2.0566881531181025e-14,8.881784197001252e-16,2.7755575615628914e-17,0.0,0.0,9.2148511043888e-16,1.7763568394002505e-15,0.4845944397947218,0.14687405572508908,0.48291052869273876,0.062085928341858526,4.770126047694782e-15,2.725786312968447e-16,8.313648254553764e-15,2.9529351723824843e-16,1.1050792010492912e-14,5.224423766522857e-16,8.120571724051832e-15,7.268763501249192e-16,3.452662663093366e-15,1.0448847533045713e-15,9.313103235975527e-16,9.313103235975527e-16,0.062085928341858526,1.0448847533045713e-15
quadratic,20260923,10,555,1,19.550580663079437,True,True,32,1.9550580663079437e-07,1.5987211554602254e-14,30.604103538416275,7.162470352267428e-13,4.0872067635128996e-15,7.121598284632299e-13,,3.663558886408675e-14,2.0905807525356224e-16,3.642653078883319e-14,8.215650382226158e-15,2.1815882433884326e-14,5.329070518200751e-15,8.881784197001252e-16,7.105427357601002e-15,3.552713678800501e-15,3.713960356186535e-15,8.881784197001252e-16,1.0832324681693102,0.32641968710647223,1.2831318488659444,0.4053476599930786,6.7917508964797135e-15,4.3158283288667076e-16,1.0721426164342559e-14,8.177358938905341e-16,1.3946939968021887e-14,8.404507798319379e-16,1.1198438769112037e-14,1.067599639245975e-15,4.156824127276882e-15,1.2266038408358012e-15,5.678721485350931e-16,5.678721485350931e-16,0.4053476599930786,1.2266038408358012e-15
quadratic,20260923,11,1680,1,19.550580663079437,True,True,32,1.9550580663079437e-07,1.509903313490213e-14,26.96306961373184,7.533616257282021e-13,3.68782385581515e-15,7.49673801872387e-13,,3.8533977006161166e-14,1.8862988876742016e-16,3.834534711739374e-14,9.452756038237047e-15,1.8790524691780774e-14,3.552713678800501e-15,1.7763568394002505e-15,3.552713678800501e-15,0.0,3.4670679026151356e-15,1.7763568394002505e-15,1.023354316741067,0.34423703196846006,1.3554336512109364,0.350911405860569,7.382337930956211e-15,4.99727490710882e-16,1.1471017400408881e-14,6.360168063593043e-16,1.0835000594049577e-14,5.905870344764969e-16,6.723606238655503e-15,5.905870344764969e-16,2.1579141644333538e-15,4.99727490710882e-16,9.08595437656149e-17,9.08595437656149e-17,0.350911405860569,6.360168063593043e-16
quadratic,20260923,12,2586,1,19.550580663079437,True,True,32,1.9550580663079437e-07,1.8207657603852567e-14,28.98246429522385,9.579895078273704e-13,6.222271375393222e-15,9.517672364519772e-13,,4.9000565473561556e-14,3.182652977230367e-16,4.868230017583852e-14,1.1546319456101628e-14,3.6914915568786455e-14,4.440892098500626e-15,1.7763568394002505e-15,0.0,7.105427357601002e-15,2.609024107869118e-15,3.552713678800501e-15,1.0032047592098836,0.32149776390844276,1.2575604153448583,0.46574615675849224,9.44939255162395e-15,4.99727490710882e-16,1.4287663257142944e-14,7.723061220077267e-16,1.4105944169611714e-14,9.99454981421764e-16,9.426677665682546e-15,1.317463384601416e-15,3.3390882333863475e-15,1.0448847533045713e-15,4.770126047694782e-16,4.770126047694782e-16,0.46574615675849224,1.317463384601416e-15
quadratic,20260923,13,3766,1,19.550580663079437,True,True,32,1.9550580663079437e-07,1.4654943925052066e-14,29.721753488270846,8.657136515591699e-13,5.2059547149342856e-15,8.605076968442356e-13,,4.428071301196894e-14,2.662813347925539e-16,4.401443167717638e-14,8.289665250534501e-15,3.652633751016765e-14,1.7763568394002505e-15,8.881784197001252e-16,0.0,7.105427357601002e-15,1.361344899242752e-15,1.7763568394002505e-15,1.159757649975723,0.37990999687092025,1.2548311386482418,0.28319384003467524,1.0221698673631676e-14,8.858805517147453e-16,1.6013994588689628e-14,9.767400954803602e-16,1.7308743087349637e-14,1.2493187267772048e-15,1.1834455575471341e-14,1.5218973580740496e-15,5.337998196229875e-15,1.15845918301159e-15,6.814465782421118e-17,6.814465782421118e-17,0.28319384003467524,1.5218973580740496e-15
quadratic,20260923,14,4718,1,19.550580663079437,True,True,32,1.9550580663079437e-07,6.661338147750939e-15,17.55104856369909,5.034422614241543e-13,2.2865307530970474e-15,5.011557306710572e-13,,2.5750757489003216e-14,1.169546210673465e-16,2.563380286793587e-14,6.38378239159465e-15,1.2490009027033011e-14,3.552713678800501e-15,2.220446049250313e-16,0.0,0.0,2.3187800885742564e-15,8.881784197001252e-16,0.7932965673662776,0.22623361283042343,0.6347320120241778,0.1631227701231266,6.678176466772695e-15,4.542977188280745e-16,8.404507798319378e-15,4.99727490710882e-16,8.5407971139678e-15,4.99727490710882e-16,6.859895554303925e-15,6.360168063593043e-16,2.1806290503747577e-15,5.905870344764969e-16,3.1800840317965214e-16,3.1800840317965214e-16,0.1631227701231266,6.360168063593043e-16
quadratic,20260923,15,4831,1,19.550580663079437,True,True,32,1.9550580663079437e-07,1.865174681370263e-14,27.055937190865958,8.836969515934627e-13,3.561304690300579e-15,8.801356469031621e-13,,4.520054758589817e-14,1.8215851240807257e-16,4.50183890734901e-14,1.099120794378905e-14,2.4848179069891785e-14,3.552713678800501e-15,2.220446049250313e-16,3.552713678800501e-15,3.552713678800501e-15,3.063158192703882e-15,3.552713678800501e-15,1.352343021758405,0.3658654355136343,0.9553402889380188,0.15916379121912516,1.140287274258467e-14,7.723061220077267e-16,1.7899330121826136e-14,1.0903145251873789e-15,1.5650556413627167e-14,9.99454981421764e-16,6.996184869952347e-15,7.041614641835155e-16,3.384518005269155e-15,8.404507798319379e-16,1.2266038408358012e-15,1.2266038408358012e-15,0.15916379121912516,1.2266038408358012e-15
quadratic,20260923,16,6080,1,19.550580663079437,True,True,32,1.9550580663079437e-07,1.7763568394002505e-14,27.48543035397239,9.41690739936483e-13,6.277286891345633e-15,9.354134530451373e-13,,4.8166893667502767e-14,3.2107930703050993e-16,4.784581436047226e-14,1.0954200509634877e-14,4.463096558993129e-14,3.552713678800501e-15,1.7763568394002505e-15,7.105427357601002e-15,3.552713678800501e-15,3.2830880871058183e-15,3.552713678800501e-15,1.245066962938456,0.3348734112660346,1.0736939038571944,0.17038880907684983,1.0153554015807465e-14,7.268763501249192e-16,1.6468292307517702e-14,9.08595437656149e-16,1.8126478981240172e-14,1.1811740689529937e-15,1.1062149453463614e-14,1.5900420158982609e-15,5.201708880581453e-15,1.5900420158982609e-15,1.4991824721326458e-15,1.4991824721326458e-15,0.17038880907684983,1.5900420158982609e-15
quadratic,20260923,17,6208,1,19.550580663079437,True,True,32,1.9550580663079437e-07,1.0658141036401503e-14,21.563484675521163,6.376123174418813e-13,4.125073298817078e-15,6.334872441430643e-13,,3.261347212290165e-14,2.109949249030301e-16,3.2402477197998624e-14,1.2624821822880351e-14,1.7708057242771247e-14,3.552713678800501e-15,1.7763568394002505e-15,3.552713678800501e-15,0.0,4.5064481247165876e-15,0.0,1.0545508051654924,0.43907969257784846,0.7688659940160436,0.18744706416697463,7.200618843424981e-15,4.99727490710882e-16,1.0516992190869925e-14,4.0886794694526705e-16,9.835545612627813e-15,5.451572625936894e-16,6.15573409012041e-15,6.133019204179006e-16,2.044339734726335e-15,8.631656657733415e-16,3.1800840317965214e-16,3.1800840317965214e-16,0.18744706416697463,8.631656657733415e-16
quadratic,20260923,18,7156,1,19.550580663079437,True,True,32,1.9550580663079437e-07,1.687538997430238e-14,20.312751428364653,5.73097918327952e-13,2.900061143610141e-15,5.701978571843418e-13,,2.931360086967783e-14,1.483363176566311e-16,2.91652645520212e-14,1.0602629885170245e-14,2.456368441983159e-14,2.6645352591003757e-15,8.881784197001252e-16,3.552713678800501e-15,3.552713678800501e-15,1.812835595923646e-15,1.7763568394002505e-15,0.5923900389754031,0.23445214807693812,0.6593666566961441,0.21284185045603965,5.474287511878298e-15,3.634381750624596e-16,9.653826525096583e-15,3.4072328912105586e-16,1.0267128445514484e-14,5.224423766522857e-16,6.110304318237602e-15,6.360168063593043e-16,2.067054620667739e-15,6.360168063593043e-16,7.041614641835155e-16,7.041614641835155e-16,0.21284185045603965,7.041614641835155e-16
quadratic,20260923,19,8365,1,19.550580663079437,True,True,32,1.9550580663079437e-07,2.3092638912203256e-14,22.715231177725986,8.936298130051463e-13,4.630489113836909e-15,8.889993238913095e-13,,4.5708607248312265e-14,2.3684662842681804e-16,4.547176061988545e-14,1.5376588891058418e-14,3.3383018571697676e-14,2.6645352591003757e-15,1.7763568394002505e-15,3.552713678800501e-15,3.552713678800501e-15,3.0414824098421547e-15,8.881784197001252e-16,1.0779232342008906,0.3013374722538155,1.350444232635096,0.2894624905358044,7.723061220077266e-15,4.542977188280745e-16,1.2152463978650993e-14,6.360168063593043e-16,1.3560786907018024e-14,8.177358938905341e-16,1.0585136848694136e-14,1.2038889548943975e-15,4.520262302339341e-15,1.1811740689529937e-15,4.770126047694782e-16,4.770126047694782e-16,0.2894624905358044,1.2038889548943975e-15
quadratic,20260923,20,368,2,19.550580663079437,True,True,32,1.9550580663079437e-07,5.329070518200751e-15,7.486193645000193,4.663446877339355e-13,3.0495447437114574e-15,4.632951429902241e-13,,2.385323974620409e-14,1.5598231051369293e-16,2.3697257435690397e-14,7.676399198836796e-15,2.8005375796169574e-14,8.881784197001252e-16,2.7755575615628914e-16,0.0,8.881784197001252e-16,5.138746571122147e-16,8.881784197001252e-16,0.48520934341620314,0.12363577769713428,0.614349471157459,0.06287889696189072,5.156279108698646e-15,2.2714885941403724e-16,9.721971182920794e-15,4.0886794694526705e-16,1.1312013198819055e-14,6.814465782421117e-16,7.859350535725689e-15,9.540252095389565e-16,2.884790514558273e-15,1.317463384601416e-15,6.814465782421117e-16,6.814465782421117e-16,0.06287889696189072,1.317463384601416e-15
quadratic,20260923,21,750,2,19.550580663079437,True,True,32,1.9550580663079437e-07,5.773159728050814e-15,15.962756710019974,5.614208833276415e-13,3.1949310921742803e-15,5.582259522354672e-13,,2.8716327816690607e-14,1.6341873150641463e-16,2.8552909085184194e-14,8.596298276383355e-15,3.537448112211905e-14,2.6645352591003757e-15,5.273559366969494e-16,0.0,1.7763568394002505e-15,1.712915523707383e-15,1.7763568394002505e-15,0.6491705782235055,0.17104400195098032,0.5125590898174501,0.13135406869453564,5.860440572882161e-15,2.725786312968447e-16,1.0812285708108173e-14,4.0886794694526705e-16,1.2175178864592397e-14,8.177358938905341e-16,9.403962779741143e-15,9.08595437656149e-16,3.0892244880309067e-15,1.726331331546683e-15,5.451572625936894e-16,5.451572625936894e-16,0.13135406869453564,1.726331331546683e-15
quadratic,20260923,22,1640,2,19.550580663079437,True,True,32,1.9550580663079437e-07,2.4424906541753444e-15,3.441254843751845,3.094044200740733e-13,2.070929406797075e-15,3.0733349066727624e-13,,1.5825842996999692e-14,1.0592674675427672e-16,1.5719916250245417e-14,2.220446049250313e-15,8.944234242136417e-15,3.3306690738754696e-16,1.1102230246251565e-16,8.881784197001252e-16,1.7763568394002505e-15,2.5376526277146325e-16,8.881784197001252e-16,0.16484888556051946,0.05659175130358584,0.19750850654401558,0.0269601084360472,4.679266503929168e-15,2.2714885941403724e-16,7.904780307608496e-15,2.725786312968447e-16,7.768490991960075e-15,3.634381750624596e-16,4.951845135226012e-15,4.0886794694526705e-16,1.5446122440154533e-15,4.0886794694526705e-16,4.542977188280745e-17,4.542977188280745e-17,0.0269601084360472,4.0886794694526705e-16
quadratic,20260923,23,2633,2,19.550580663079437,True,True,32,1.9550580663079437e-07,7.549516567451064e-15,9.697094772508716,4.1648265524160804e-13,2.601953044557516e-15,4.138807021970505e-13,,2.1302827901583528e-14,1.3308827443019174e-16,2.1169739627153336e-14,5.487673807432917e-15,1.3600232051658168e-14,8.881784197001252e-16,6.661338147750939e-16,1.7763568394002505e-15,3.552713678800501e-15,8.141635513917825e-16,8.881784197001252e-16,0.5007206312122923,0.11486793750269605,0.47433881902922115,0.12484726142487065,4.224968785101093e-15,2.2714885941403724e-16,8.5407971139678e-15,3.634381750624596e-16,9.040524604678682e-15,4.99727490710882e-16,6.541887151124273e-15,6.360168063593043e-16,2.952935172382484e-15,5.451572625936894e-16,8.177358938905341e-16,8.177358938905341e-16,0.12484726142487065,8.177358938905341e-16
quadratic,20260923,24,2999,2,19.550580663079437,True,True,32,1.9550580663079437e-07,3.9968028886505635e-15,2.0511749114181344,2.967098128039308e-13,2.343165344293701e-15,2.9436664745963713e-13,,1.5176521757446138e-14,1.198514450631476e-16,1.505667031238299e-14,3.0716170347962666e-15,1.049160758270773e-14,4.440892098500626e-16,1.1102230246251565e-16,8.881784197001252e-16,8.881784197001252e-16,2.394909667405692e-16,8.881784197001252e-16,0.33970332752736926,0.08912294818027039,0.15536350273269633,0.025278937955328765,3.906960381921441e-15,2.725786312968447e-16,5.8377256869407575e-15,3.1800840317965214e-16,6.723606238655503e-15,3.1800840317965214e-16,3.997819925687056e-15,4.3158283288667076e-16,1.408322928367031e-15,4.0886794694526705e-16,2.49863745355441e-16,2.49863745355441e-16,0.025278937955328765,4.3158283288667076e-16
quadratic,20260923,25,6288,2,19.550580663079437,True,True,32,1.9550580663079437e-07,2.4424906541753444e-15,4.159837857699704,2.8215476416933104e-13,2.5679937673682774e-15,2.7958677040196276e-13,,1.443204010314487e-14,1.3135127859490336e-16,1.4300688824549965e-14,2.6645352591003757e-15,9.950373858202965e-15,8.881784197001252e-16,1.1102230246251565e-16,1.7763568394002505e-15,8.881784197001252e-16,6.127373740669321e-16,8.881784197001252e-16,0.2217979099807245,0.0809466784201637,0.3418577929576469,0.02817883912548183,3.611666864683192e-15,1.817190875312298e-16,6.201163862003217e-15,2.49863745355441e-16,7.291478387190595e-15,4.542977188280745e-16,4.383972986690919e-15,4.542977188280745e-16,1.2038889548943975e-15,3.4072328912105586e-16,1.5900420158982607e-16,1.5900420158982607e-16,0.02817883912548183,4.542977188280745e-16
quadratic,20260923,26,6518,2,19.550580663079437,True,True,32,1.9550580663079437e-07,2.886579864025407e-15,6.2427379373302125,3.628246347544445e-13,2.287802883646098e-15,3.605368318707984e-13,,1.8558253639986543e-14,1.1701968975103284e-16,1.844123395023551e-14,3.3782500606451194e-15,1.120284420785822e-14,1.9984014443252818e-15,2.7755575615628914e-17,2.6645352591003757e-15,1.7763568394002505e-15,1.0552405510246716e-15,8.881784197001252e-16,0.30460137590271874,0.09703030135031057,0.2947938607073124,0.08633680473213173,3.2709435755621364e-15,1.817190875312298e-16,7.450482588780422e-15,3.634381750624596e-16,1.0085409357983254e-14,4.99727490710882e-16,7.427767702839018e-15,6.133019204179006e-16,2.4532076816716025e-15,6.133019204179006e-16,4.0886794694526705e-16,4.0886794694526705e-16,0.08633680473213173,6.133019204179006e-16
quadratic,20260923,27,7013,2,19.550580663079437,True,True,32,1.9550580663079437e-07,3.4416913763379853e-15,1.9164045554432878,3.015578031993033e-13,2.0724163126336253e-15,2.994853868866697e-13,,1.5424493440687635e-14,1.0600280105988404e-16,1.5318490639627754e-14,4.452787345193038e-15,8.357897707256257e-15,2.7755575615628914e-16,2.220446049250313e-16,1.1102230246251565e-15,2.220446049250313e-15,5.313210189277534e-16,8.881784197001252e-16,0.3644975117444594,0.1560317582267323,0.874233432983996,0.13656872371269585,4.111394355394075e-15,2.0443397347263352e-16,6.496457379241466e-15,3.1800840317965214e-16,6.4055978354758506e-15,4.542977188280745e-16,3.611666864683192e-15,3.4072328912105586e-16,1.2038889548943975e-15,2.725786312968447e-16,1.1357442970701862e-16,1.1357442970701862e-16,0.13656872371269585,4.542977188280745e-16
quadratic,20260923,28,7633,2,19.550580663079437,True,True,32,1.9550580663079437e-07,5.10702591327572e-15,3.224359226325185,2.9638256135048174e-13,8.962242323934657e-16,2.9548633711808827e-13,,1.5159783049829794e-14,4.58413101809274e-17,1.5113941739648864e-14,4.789819334811389e-15,1.2781442570997115e-14,4.440892098500626e-16,4.440892098500626e-16,8.881784197001252e-16,0.0,3.1562054557200806e-16,8.881784197001252e-16,0.27481163625837596,0.0716816697331503,0.2992786580302121,0.05200744713978231,2.7939309707926583e-15,1.3628931564842236e-16,4.724696275811975e-15,2.0443397347263352e-16,5.3607130821712794e-15,3.634381750624596e-16,4.429402758573726e-15,4.99727490710882e-16,1.5900420158982609e-15,3.8615306100386333e-16,6.814465782421118e-17,6.814465782421118e-17,0.05200744713978231,4.99727490710882e-16
quadratic,20260923,29,8675,2,19.550580663079437,True,True,32,1.9550580663079437e-07,2.886579864025407e-15,-0.23649518889043586,3.815240451607965e-13,1.4417038991203809e-15,3.800823412616761e-13,,1.951471681254413e-14,7.374225471691419e-17,1.9440974557827217e-14,4.496403249731884e-15,1.6833756610878936e-14,4.440892098500626e-16,0.0,1.3322676295501878e-15,1.4432899320127035e-15,3.4099707184915677e-16,8.881784197001252e-16,0.1674111575639989,0.054416611078337625,0.169330124703556,0.021115289239974765,4.111394355394075e-15,1.5900420158982607e-16,8.018354737315516e-15,2.725786312968447e-16,1.0153554015807465e-14,5.224423766522857e-16,7.972924965432707e-15,6.58731692300708e-16,3.2709435755621364e-15,7.495912360663229e-16,5.678721485350931e-16,5.678721485350931e-16,0.021115289239974765,7.495912360663229e-16
quadratic,20260923,30,1852,3,19.550580663079437,True,True,32,1.9550580663079437e-07,5.10702591327572e-15,4.202177688427513,3.5625598866442655e-13,2.1830173251091186e-15,3.540729713393174e-13,,1.8222271491772267e-14,1.116599738253129e-16,1.8110611517946953e-14,3.2037864424897375e-15,1.1338152638984411e-14,6.661338147750939e-16,4.440892098500626e-16,0.0,1.7763568394002505e-15,6.367261215632975e-16,5.551115123125783e-16,0.26326142453009527,0.06697667063107113,0.7491521048082954,0.11653920158986304,4.724696275811975e-15,2.725786312968447e-16,7.600968708142221e-15,3.5208073209175774e-16,8.282415286384333e-15,4.031892254599161e-16,5.440215182966192e-15,5.224423766522857e-16,1.8824961723938335e-15,4.401009151146972e-16,3.2084776392232764e-16,3.2084776392232764e-16,0.11653920158986304,5.224423766522857e-16
quadratic,20260923,31,3313,3,19.550580663079437,True,True,32,1.9550580663079437e-07,3.1086244689504383e-15,3.316674899778244,2.5093138545875666e-13,2.1411774469861536e-15,2.487902080117705e-13,,1.2834983767650007e-14,1.0951989017030526e-16,1.27254638774797e-14,2.981741837564706e-15,8.992806499463768e-15,2.220446049250313e-16,3.885780586188048e-16,4.440892098500626e-16,8.881784197001252e-16,3.6121899122625683e-16,5.551115123125783e-16,0.2965322737251874,0.07725676173546382,0.6523041000898312,0.09497785670848011,2.7655373633659035e-15,1.7036164456052793e-16,4.582728238678202e-15,2.49863745355441e-16,5.139242944242593e-15,2.9529351723824843e-16,3.4185903341812607e-15,3.975105039745652e-16,1.4140016498523818e-15,2.6689990981149377e-16,2.328275808993882e-16,2.328275808993882e-16,0.09497785670848011,3.975105039745652e-16
quadratic,20260923,32,5269,3,19.550580663079437,True,True,32,1.9550580663079437e-07,4.551914400963142e-15,14.219031976831118,4.508281314401296e-13,5.7192346097118784e-15,4.4510889683041775e-13,,2.3059577575181804e-14,2.925352810882209e-16,2.2767042294093587e-14,5.625129991434127e-15,2.5368596112684827e-14,1.3322676295501878e-15,4.440892098500626e-16,0.0,1.7763568394002505e-15,1.0617168520016486e-15,1.7763568394002505e-15,0.42127034203180275,0.07145258308236763,1.159279782208722,0.24328411428717245,4.736053718782677e-15,3.3504456763570496e-16,9.580003145787022e-15,4.542977188280745e-16,1.1794704525073884e-14,8.631656657733415e-16,1.000590725718834e-14,9.99454981421764e-16,3.975105039745652e-15,1.3117846631160652e-15,4.94048769225531e-16,4.94048769225531e-16,0.24328411428717245,1.3117846631160652e-15
quadratic,20260923,33,5365,3,19.550580663079437,True,True,32,1.9550580663079437e-07,3.774758283725532e-15,4.051318782376728,2.444450726491439e-13,1.5545765732906062e-15,2.428904960758533e-13,,1.2503212915346783e-14,7.951562156035436e-17,1.2423697293786429e-14,2.8796409701214998e-15,5.676015213396113e-15,6.661338147750939e-16,2.220446049250313e-16,0.0,2.6645352591003757e-15,4.453448192231506e-16,4.440892098500626e-16,0.3733578937055418,0.07145258308236763,0.4202532579974866,0.10207287970085456,2.3254364482512062e-15,1.0789570822166769e-16,4.616800567590307e-15,2.1011269495798446e-16,5.136403583499918e-15,2.7825735278219565e-16,3.3021765437315667e-15,2.896147957528975e-16,1.1016719681580806e-15,2.4134566312741456e-16,2.8393607426754658e-18,2.8393607426754658e-18,0.10207287970085456,2.896147957528975e-16
quadratic,20260923,34,6132,3,19.550580663079437,True,True,32,1.9550580663079437e-07,6.439293542825908e-15,3.834391513799262,2.7086296168950715e-13,1.7959839964427297e-15,2.690669776930644e-13,,1.3854471453168757e-14,9.186346059963224e-17,1.3762607992569123e-14,6.296550582516959e-15,1.0567935415650709e-14,4.996003610813204e-16,8.881784197001252e-16,0.0,4.440892098500626e-16,2.626206130869266e-16,8.881784197001252e-16,0.2897951055713068,0.10052976826745541,0.3310459337143755,0.03538105106059697,2.6235693262321304e-15,1.7036164456052793e-16,4.8837004774018006e-15,2.6122118832614283e-16,6.3601680635930434e-15,3.5208073209175774e-16,4.63383673204636e-15,3.7479561803316145e-16,1.5275760795594005e-15,4.713338832841272e-16,3.123296816943012e-16,3.123296816943012e-16,0.03538105106059697,4.713338832841272e-16
quadratic,20260923,35,6433,3,19.550580663079437,True,True,32,1.9550580663079437e-07,8.881784197001252e-15,1.427761947616843,2.3633853637355665e-13,1.8565671486942252e-15,2.344819692248624e-13,,1.2088568643890635e-14,9.49622510292129e-17,1.1993606392861421e-14,5.287437154777308e-15,1.5458988256167316e-14,6.661338147750939e-16,0.0,8.881784197001252e-16,8.881784197001252e-16,4.804357969657652e-16,4.440892098500626e-16,0.23163928321957192,0.07537995794268847,0.30760764844060257,0.03283383855296808,2.169271607404056e-15,9.653826525096583e-17,3.756474262559641e-15,1.7036164456052793e-16,4.770126047694782e-15,2.2147013792868632e-16,4.253362392527848e-15,3.464020106064068e-16,2.331115169736557e-15,4.855306869975047e-16,6.189806419032515e-16,6.189806419032515e-16,0.03283383855296808,6.189806419032515e-16
quadratic,20260923,36,8177,3,19.550580663079437,True,True,32,1.9550580663079437e-07,7.771561172376096e-15,14.450464959741259,4.407355432992485e-13,3.0689736466423954e-15,4.376665696526061e-13,,2.2543347990249803e-14,1.5697608677362923e-16,2.2386371903476175e-14,7.311611633602817e-15,2.220446049250313e-14,1.3322676295501878e-15,8.881784197001252e-16,1.7763568394002505e-15,1.7763568394002505e-15,5.576227310587548e-16,8.881784197001252e-16,0.5183865811058398,0.11848031247166083,1.0012929897190903,0.10436826442768748,4.38965170817627e-15,2.9529351723824843e-16,7.535663411060685e-15,4.826913262548291e-16,8.625977936248064e-15,6.189806419032515e-16,7.081365692232611e-15,6.757678567567608e-16,2.402099188303444e-15,7.893422864637794e-16,1.7036164456052795e-17,1.7036164456052795e-17,0.10436826442768748,7.893422864637794e-16
quadratic,20260923,37,8415,3,19.550580663079437,True,True,32,1.9550580663079437e-07,1.9984014443252818e-15,6.349527158622926,2.0655758849384499e-13,1.7690875219771086e-15,2.0478850097186787e-13,,1.056529174521765e-14,9.048772271597878e-17,1.0474804022501672e-14,2.275957200481571e-15,7.494005416219807e-15,8.881784197001252e-16,2.220446049250313e-16,0.0,8.881784197001252e-16,7.349940761833928e-16,8.881784197001252e-16,0.2510782676729049,0.08264153115571281,0.19930160872619979,0.04077628172527013,2.4361715172155494e-15,1.9307653050193167e-16,5.247138652464261e-15,3.4072328912105586e-16,5.7411874216897915e-15,4.2022538991596893e-16,2.708750148512394e-15,3.29365846150354e-16,7.950210079491304e-16,2.4418502387009006e-16,1.7604036604587887e-16,1.7604036604587887e-16,0.04077628172527013,4.2022538991596893e-16
quadratic,20260923,38,8439,3,19.550580663079437,True,True,32,1.9550580663079437e-07,5.995204332975845e-15,13.365930440186586,3.8244923101465087e-13,3.085098314381002e-15,3.793641327002699e-13,,1.9562039491588726e-14,1.5780085346554942e-16,1.940423863812318e-14,5.176414852314792e-15,1.847827446610495e-14,1.3322676295501878e-15,0.0,1.7763568394002505e-15,0.0,1.0204799968012861e-15,8.881784197001252e-16,0.2714116075230294,0.07145258308236763,0.793459980888361,0.18411931442514143,2.969971336838537e-15,2.1579141644333538e-16,6.1727702545764624e-15,3.5208073209175774e-16,7.535663411060685e-15,5.281210981376367e-16,4.798519655121537e-15,5.281210981376367e-16,1.834227039768351e-15,4.826913262548291e-16,3.0097223872359937e-16,3.0097223872359937e-16,0.18411931442514143,5.281210981376367e-16
quadratic,20260923,39,8661,3,19.550580663079437,True,True,32,1.9550580663079437e-07,8.43769498715119e-15,12.60180681211542,3.500038883058345e-13,2.3061579101395305e-15,3.4769773039569497e-13,,1.7902480460173962e-14,1.1795853790136404e-16,1.7784521922272596e-14,6.036837696399289e-15,2.638861351655919e-14,8.881784197001252e-16,1.7763568394002505e-15,0.0,0.0,1.1822553518180969e-15,8.881784197001252e-16,0.3335131821225491,0.1503003288594994,0.5338690534594296,0.11564232562783834,3.9864624827163534e-15,3.1800840317965214e-16,6.201163862003217e-15,4.99727490710882e-16,6.28066596279813e-15,4.542977188280745e-16,4.51458358085399e-15,4.486189973427236e-16,3.759313623302316e-15,9.19952880626851e-16,1.0164911458778167e-15,1.0164911458778167e-15,0.11564232562783834,1.0164911458778167e-15
quadratic,20260923,40,239,4,19.550580663079437,True,True,32,1.9550580663079437e-07,1.0658141036401503e-14,1.8160983393982608,7.614276933832712e-13,2.4221365653905475e-15,7.590055568178807e-13,,3.894655133293303e-14,1.2389077373873937e-16,3.8822660559194295e-14,9.928565905933543e-15,2.6510044159877566e-14,2.6645352591003757e-15,8.881784197001252e-16,2.6645352591003757e-15,8.881784197001252e-16,1.2133151626260646e-15,1.7763568394002505e-15,0.7944325952057166,0.20534081378619737,0.9226801501136667,0.08488309285184727,1.0017264700159042e-14,3.634381750624596e-16,1.651372207940051e-14,4.542977188280745e-16,1.8262768296888596e-14,6.133019204179006e-16,1.3015629644424335e-14,7.950210079491304e-16,4.7474111617533784e-15,8.177358938905341e-16,7.495912360663229e-16,7.495912360663229e-16,0.08488309285184727,8.177358938905341e-16
quadratic,20260923,41,1142,4,19.550580663079437,True,True,32,1.9550580663079437e-07,6.217248937900877e-15,-4.57025690269742,4.012796047828512e-13,1.1525172350870663e-15,4.0012708754776414e-13,,2.0525201358374648e-14,5.895053732411914e-17,2.046625082105053e-14,4.551914400963142e-15,1.489780521168882e-14,2.6645352591003757e-15,2.220446049250313e-16,0.0,1.7763568394002505e-15,1.6389006553990407e-15,1.7763568394002505e-15,0.35292571274658463,0.15865465826105488,0.1455804642839269,0.01779996901620045,4.860985591460397e-15,4.0886794694526705e-16,8.336363140495167e-15,3.634381750624596e-16,8.563511999909204e-15,4.542977188280745e-16,5.860440572882161e-15,4.99727490710882e-16,2.4986374535544096e-15,4.770126047694782e-16,5.905870344764969e-16,5.905870344764969e-16,0.01779996901620045,5.905870344764969e-16
quadratic,20260923,42,3916,4,19.550580663079437,True,True,32,1.9550580663079437e-07,6.661338147750939e-15,2.845155151451438,5.472408901691358e-13,3.2036542730820444e-15,5.440372358960538e-13,,2.7991030015930954e-14,1.6386491676597766e-16,2.7827165099164977e-14,5.5067062021407766e-15,2.393224507457603e-14,8.881784197001252e-16,2.220446049250313e-16,2.6645352591003757e-15,2.220446049250313e-15,6.904529857906929e-16,1.7763568394002505e-15,0.4514808522808048,0.16768112666541066,0.45000750707996,0.07187766536865009,6.996184869952347e-15,3.1800840317965214e-16,1.2674906355303278e-14,4.99727490710882e-16,1.4673816318146808e-14,7.268763501249192e-16,1.0630566620576943e-14,9.540252095389565e-16,4.134109241335478e-15,1.1811740689529937e-15,4.99727490710882e-16,4.99727490710882e-16,0.07187766536865009,1.1811740689529937e-15
quadratic,20260923,43,5343,4,19.550580663079437,True,True,32,1.9550580663079437e-07,2.886579864025407e-15,-0.16885041339201656,3.588457573417123e-13,2.608330218478727e-15,3.5623742712323357e-13,,1.8354736543420398e-14,1.3341446289646344e-16,1.8221322080523932e-14,3.552713678800501e-15,8.614636781700824e-15,4.440892098500626e-16,2.220446049250313e-16,1.7763568394002505e-15,4.440892098500626e-16,1.1630907877025457e-16,1.7763568394002505e-15,0.23639240254647417,0.0912644222234078,0.2920330627596501,0.03345800855648298,6.678176466772695e-15,4.0886794694526705e-16,9.08595437656149e-15,4.0886794694526705e-16,7.677631448194459e-15,4.0886794694526705e-16,4.134109241335478e-15,4.542977188280745e-16,1.4991824721326458e-15,3.634381750624596e-16,2.725786312968447e-16,2.725786312968447e-16,0.03345800855648298,4.542977188280745e-16
quadratic,20260923,44,6289,4,19.550580663079437,True,True,32,1.9550580663079437e-07,7.105427357601002e-15,4.7705244643839055,4.224646426338146e-13,2.7252010172316772e-15,4.1973944161658293e-13,,2.1608802823520415e-14,1.3939233131720331e-16,2.1469410492203215e-14,4.440892098500626e-15,1.201816424156732e-14,1.7763568394002505e-15,5.551115123125783e-17,1.7763568394002505e-15,1.7763568394002505e-15,9.579638669622753e-16,1.7763568394002505e-15,0.49353719774387855,0.1304306916981533,0.4945727959755831,0.09476301915224465,4.4521176445151305e-15,4.0886794694526705e-16,8.518082228026397e-15,4.0886794694526705e-16,9.244958578151316e-15,4.542977188280745e-16,5.7468661431751424e-15,5.451572625936894e-16,1.15845918301159e-15,4.542977188280745e-16,9.08595437656149e-17,9.08595437656149e-17,0.09476301915224465,5.451572625936894e-16
quadratic,20260923,45,6993,4,19.550580663079437,True,True,32,1.9550580663079437e-07,3.969047313034935e-15,-1.530949281049292,3.381973272859844e-13,1.812373002996719e-15,3.363849542829877e-13,,1.729858223212049e-14,9.270174805699351e-17,1.7205880484063498e-14,2.791417890486108e-15,9.797718192317006e-15,1.1102230246251565e-16,1.1102230246251565e-16,1.5543122344752192e-15,2.886579864025407e-15,2.1622915098651663e-16,1.7763568394002505e-15,0.33774660250984956,0.13063771600183183,0.3501744962075932,0.04773099544519026,3.452662663093366e-15,2.2714885941403724e-16,6.859895554303925e-15,3.634381750624596e-16,8.677086429616224e-15,4.0886794694526705e-16,6.292023405768832e-15,4.99727490710882e-16,2.0897695066091427e-15,6.133019204179006e-16,3.8615306100386333e-16,3.8615306100386333e-16,0.04773099544519026,6.133019204179006e-16
quadratic,20260923,46,7594,4,19.550580663079437,True,True,32,1.9550580663079437e-07,4.884981308350689e-15,1.5303502597502625,3.183545028125002e-13,2.384270030086371e-15,3.1597023278241383e-13,,1.6283634143598667e-14,1.2195392408927162e-16,1.6161680219509396e-14,4.551914400963142e-15,9.735268147181841e-15,6.661338147750939e-16,4.440892098500626e-16,4.440892098500626e-16,1.7763568394002505e-15,4.2822888092684536e-16,1.7763568394002505e-15,0.38506171575451276,0.10769934939845634,0.37966723846886086,0.049206974575870636,4.134109241335478e-15,2.725786312968447e-16,4.63383673204636e-15,3.1800840317965214e-16,4.770126047694782e-15,2.9529351723824843e-16,4.4066878726323226e-15,3.1800840317965214e-16,2.4986374535544096e-15,4.770126047694782e-16,4.0886794694526705e-16,4.0886794694526705e-16,0.049206974575870636,4.770126047694782e-16
quadratic,20260923,47,8085,4,19.550580663079437,True,True,32,1.9550580663079437e-07,2.3314683517128287e-15,2.9833221379225137,5.269157217028623e-13,2.5071462763013953e-15,5.244085754265609e-13,,2.695141033319402e-14,1.2823896739988138e-16,2.682317136579414e-14,4.9960036108132044e-15,1.7569279364693102e-14,4.440892098500626e-16,2.220446049250313e-16,1.7763568394002505e-15,8.881784197001252e-16,2.1570047335574748e-16,1.7763568394002505e-15,0.16793500973329803,0.04979745181202076,0.20121462233109902,0.034680600060986715,7.904780307608496e-15,3.1800840317965214e-16,1.1902600233295552e-14,4.0886794694526705e-16,1.3083774302248545e-14,5.905870344764969e-16,1.0448847533045713e-14,8.631656657733415e-16,4.4066878726323226e-15,8.631656657733415e-16,4.99727490710882e-16,4.99727490710882e-16,0.034680600060986715,8.631656657733415e-16
quadratic,20260923,48,8903,4,19.550580663079437,True,True,32,1.9550580663079437e-07,3.774758283725532e-15,0.9128222390724172,3.571594243901273e-13,2.514200818437034e-15,3.546452235716903e-13,,1.826848166533539e-14,1.2859980282759638e-16,1.8139881862507793e-14,4.052314039881821e-15,7.889522368742519e-15,4.440892098500626e-16,4.440892098500626e-16,2.220446049250313e-15,1.1102230246251565e-15,4.467325980039316e-16,1.7763568394002505e-15,0.26763993832352023,0.11370780965251434,0.32292777353095864,0.09916851588723141,6.632746694889888e-15,2.725786312968447e-16,8.22278871078815e-15,3.1800840317965214e-16,6.564602037065676e-15,3.634381750624596e-16,4.0205348116284596e-15,3.1800840317965214e-16,1.6127569018396644e-15,3.8615306100386333e-16,2.0443397347263352e-16,2.0443397347263352e-16,0.09916851588723141,3.8615306100386333e-16
quadratic,20260923,49,9143,4,19.550580663079437,True,True,32,1.9550580663079437e-07,3.3306690738754696e-15,5.4060822808279045,5.886887868712334e-13,2.2730825158642368e-15,5.864157043553691e-13,,3.0111064065884793e-14,1.1626675212551977e-16,2.999479731375928e-14,4.884981308350689e-15,1.5307199952019346e-14,8.881784197001252e-16,1.734723475976807e-17,1.7763568394002505e-15,8.881784197001252e-16,7.338045515141493e-16,1.7763568394002505e-15,0.35104692714210556,0.12258729407604599,0.33306888042277843,0.044646809452911905,9.131384148444298e-15,4.0886794694526705e-16,1.408322928367031e-14,5.451572625936894e-16,1.3401782705428199e-14,5.451572625936894e-16,7.495912360663229e-15,6.814465782421117e-16,2.407777909788795e-15,5.451572625936894e-16,1.817190875312298e-16,1.817190875312298e-16,0.044646809452911905,6.814465782421117e-16
quadratic,20260923,50,1325,5,19.550580663079437,True,True,32,1.9550580663079437e-07,1.1546319456101628e-14,16.13851244586315,6.132431863901746e-13,2.6817833668043735e-15,6.105614030233703e-13,,3.136700627763257e-14,1.3717154559346793e-16,3.1229834732039104e-14,1.1546319456101628e-14,2.4480417692984702e-14,5.329070518200751e-15,1.7763568394002505e-15,3.552713678800501e-15,0.0,3.7319353956328476e-15,1.7763568394002505e-15,0.8707601635039267,0.2956589206210591,0.6043281397004365,0.06793526924258385,4.724696275811975e-15,2.725786312968447e-16,8.336363140495167e-15,5.905870344764969e-16,9.949120042334831e-15,6.360168063593043e-16,7.518627246604632e-15,6.58731692300708e-16,2.725786312968447e-15,7.495912360663229e-16,5.224423766522857e-16,5.224423766522857e-16,0.06793526924258385,7.495912360663229e-16
quadratic,20260923,51,1435,5,19.550580663079437,True,True,32,1.9550580663079437e-07,1.3766765505351941e-14,17.897506722422925,6.888150103211473e-13,2.907859138664053e-15,6.859071511824833e-13,,3.523245790964918e-14,1.4873518023714966e-16,3.5083722729412025e-14,1.1482878140408762e-14,1.6930901125533637e-14,3.552713678800501e-15,8.881784197001252e-16,7.105427357601002e-15,3.552713678800501e-15,1.658990405368447e-15,1.7763568394002505e-15,0.9862343255309658,0.24121543044513688,0.8099320865017676,0.10346545119116024,6.655461580831291e-15,4.770126047694782e-16,1.1266583426936248e-14,5.678721485350931e-16,1.2493187267772048e-14,6.814465782421117e-16,7.427767702839018e-15,8.404507798319379e-16,2.3623481379059874e-15,4.99727490710882e-16,9.08595437656149e-17,9.08595437656149e-17,0.10346545119116024,8.404507798319379e-16
quadratic,20260923,52,3703,5,19.550580663079437,True,True,32,1.9550580663079437e-07,1.687538997430238e-14,15.478903716372809,4.738059151370472e-13,1.3528860571503675e-15,4.724530290798968e-13,,2.4234876871550546e-14,6.91992775286334e-17,2.4165677594021913e-14,7.605027718682322e-15,1.609823385706477e-14,1.7763568394002505e-15,1.1102230246251565e-16,5.329070518200751e-15,0.0,1.3000182940729804e-15,8.881784197001252e-16,0.8388753095204462,0.2005115932619616,0.5717058082947086,0.06495478807625656,4.951845135226012e-15,2.49863745355441e-16,8.17735893890534e-15,4.770126047694782e-16,9.290388350034123e-15,5.451572625936894e-16,7.405052816897615e-15,9.99454981421764e-16,3.043794716148099e-15,6.360168063593043e-16,5.678721485350931e-16,5.678721485350931e-16,0.06495478807625656,9.99454981421764e-16
quadratic,20260923,53,4857,5,19.550580663079437,True,True,32,1.9550580663079437e-07,9.325873406851315e-15,11.032291137644615,4.589920374992437e-13,1.9444763259863454e-15,4.570475611732574e-13,,2.3477156275262634e-14,9.945875058628916e-17,2.3377697524676347e-14,1.0325074129013956e-14,1.5515366769136563e-14,1.3322676295501878e-15,2.220446049250313e-16,3.552713678800501e-15,1.7763568394002505e-15,1.0351508010552645e-15,1.7763568394002505e-15,0.6920159117300103,0.2005429289751269,0.7440055628766304,0.13031205424217687,5.587861941585317e-15,3.1800840317965214e-16,7.268763501249192e-15,4.542977188280745e-16,6.95075509806954e-15,5.451572625936894e-16,3.793385952214422e-15,3.1800840317965214e-16,1.658186673722472e-15,4.0886794694526705e-16,5.905870344764969e-16,5.905870344764969e-16,0.13031205424217687,5.905870344764969e-16
quadratic,20260923,54,4983,5,19.550580663079437,True,True,32,1.9550580663079437e-07,1.1102230246251565e-14,20.131156874769303,6.430454052839368e-13,2.4668098251909434e-15,6.405785954587458e-13,,3.289137117539965e-14,1.2617578309832117e-16,3.2765195392301326e-14,8.141635513917814e-15,3.3362201889985954e-14,1.7763568394002505e-15,0.0,0.0,0.0,1.4374744780741914e-15,1.7763568394002505e-15,0.9200976468422513,0.17972269769818153,0.8143033471606377,0.10194686150651669,6.1330192041790054e-15,3.1800840317965214e-16,1.060785173463554e-14,5.224423766522857e-16,1.2334183066182223e-14,8.631656657733415e-16,9.358533007858335e-15,1.1357442970701862e-15,4.770126047694782e-15,8.858805517147453e-16,1.2947484986600123e-15,1.2947484986600123e-15,0.10194686150651669,1.2947484986600123e-15
quadratic,20260923,55,6323,5,19.550580663079437,True,True,32,1.9550580663079437e-07,6.217248937900877e-15,18.36880883739366,5.084207525884481e-13,3.805223332198879e-15,5.046155292562492e-13,,2.600540420513352e-14,1.9463479871904292e-16,2.581076940641448e-14,7.549516567451064e-15,1.6486811915683575e-14,2.220446049250313e-15,8.881784197001252e-16,3.552713678800501e-15,0.0,1.828167247216091e-15,1.7763568394002505e-15,1.0976006341207325,0.3295923408903473,0.9426937924545046,0.11175038021343654,4.429402758573726e-15,2.2714885941403724e-16,8.313648254553764e-15,2.725786312968447e-16,9.313103235975527e-15,4.770126047694782e-16,6.541887151124273e-15,7.041614641835155e-16,2.9302202864410805e-15,8.631656657733415e-16,9.540252095389565e-16,9.540252095389565e-16,0.11175038021343654,9.540252095389565e-16
quadratic,20260923,56,6699,5,19.550580663079437,True,True,32,1.9550580663079437e-07,7.993605777301127e-15,13.522225757373175,4.442258730176177e-13,3.415786172430066e-15,4.408100868451876e-13,,2.2721876177136886e-14,1.7471533103263037e-16,2.2547160846104252e-14,8.271161533457416e-15,2.67841304690819e-14,8.881784197001252e-16,1.1102230246251565e-16,0.0,3.552713678800501e-15,1.2101430968414219e-15,8.881784197001252e-16,0.8213578713110001,0.17681725434403875,0.6136032774824649,0.06747038713800445,4.08867946945267e-15,2.2714885941403724e-16,6.428312721417254e-15,3.1800840317965214e-16,7.495912360663229e-15,3.4072328912105586e-16,6.1330192041790054e-15,5.451572625936894e-16,3.0892244880309067e-15,8.858805517147453e-16,8.404507798319379e-16,8.404507798319379e-16,0.06747038713800445,8.858805517147453e-16
quadratic,20260923,57,6794,5,19.550580663079437,True,True,32,1.9550580663079437e-07,7.771561172376096e-15,13.885562781277661,6.908701124413731e-13,3.358424649491096e-15,6.87511687791882e-13,,3.533757510057265e-14,1.7178132493186555e-16,3.5165793775640786e-14,6.2806902535937425e-15,2.398081733190338e-14,1.7763568394002505e-15,4.440892098500626e-16,3.552713678800501e-15,1.7763568394002505e-15,1.8487856748162705e-15,8.881784197001252e-16,0.9509840078082324,0.20423454751167916,0.747750265118764,0.09851472932814735,6.973469984010944e-15,4.0886794694526705e-16,1.2879340328775912e-14,5.451572625936894e-16,1.487825029161944e-14,7.268763501249192e-16,1.0335273103338695e-14,1.067599639245975e-15,3.452662663093366e-15,9.767400954803602e-16,3.4072328912105586e-16,3.4072328912105586e-16,0.09851472932814735,1.067599639245975e-15
quadratic,20260923,58,7277,5,19.550580663079437,True,True,32,1.9550580663079437e-07,1.1546319456101628e-14,34.08623079060462,8.966905921485117e-13,5.3777088602319525e-15,8.913128832882798e-13,,4.586516419135721e-14,2.7506645213804626e-16,4.559009773921916e-14,8.881784197001252e-15,3.169686735304822e-14,3.552713678800501e-15,1.7763568394002505e-15,0.0,0.0,3.3787787382758947e-15,3.552713678800501e-15,1.2049409781892992,0.2705128233057446,1.4897142073518952,0.1941277584063836,6.2238787479446204e-15,4.99727490710882e-16,1.3742505994549254e-14,1.0448847533045713e-15,1.7445032402998062e-14,1.4537527002498385e-15,1.3697076222666446e-14,1.3401782705428199e-15,5.724151257233739e-15,1.4991824721326458e-15,1.1130294111287826e-15,1.1130294111287826e-15,0.1941277584063836,1.4991824721326458e-15
quadratic,20260923,59,7584,5,19.550580663079437,True,True,32,1.9550580663079437e-07,1.1546319456101628e-14,15.362411660944815,6.708497514110046e-13,3.90375562563436e-15,6.669459957853702e-13,,3.4313546127961304e-14,1.996746640372918e-16,3.4113871463924015e-14,1.0404375773630038e-14,1.8068879725774423e-14,1.7763568394002505e-15,2.6645352591003757e-15,0.0,3.552713678800501e-15,7.057846370831355e-16,8.881784197001252e-16,1.0966815035711512,0.2852366352854195,0.9734131655209564,0.11133986866138493,6.814465782421118e-15,3.4072328912105586e-16,1.1766310917647129e-14,5.224423766522857e-16,1.140287274258467e-14,7.268763501249192e-16,6.8826104402453286e-15,7.268763501249192e-16,2.3623481379059874e-15,5.905870344764969e-16,1.5900420158982607e-16,1.5900420158982607e-16,0.11133986866138493,7.268763501249192e-16
quadratic,20260923,60,430,6,19.550580663079437,True,True,32,1.9550580663079437e-07,3.9968028886505635e-15,-3.964820659609737,6.197324234479325e-13,3.015378951822693e-15,6.167170444961098e-13,,3.169892670340348e-14,1.5423475158040327e-16,3.1544691951823076e-14,4.758098676964957e-15,1.6833756610878936e-14,5.551115123125783e-16,6.938893903907228e-18,8.881784197001252e-16,1.7763568394002505e-15,4.927275518812588e-16,1.7763568394002505e-15,0.28006729876856923,0.08084618392382523,0.1451297830449535,0.02289671697012475,6.1330192041790054e-15,4.542977188280745e-16,1.335635293354539e-14,6.360168063593043e-16,1.5627841527685764e-14,8.177358938905341e-16,1.0948575023756596e-14,8.177358938905341e-16,3.634381750624596e-15,8.177358938905341e-16,3.1800840317965214e-16,3.1800840317965214e-16,0.02289671697012475,8.177358938905341e-16
quadratic,20260923,61,3174,6,19.550580663079437,True,True,32,1.9550580663079437e-07,3.9968028886505635e-15,-3.22088386772605,4.277727643008959e-13,2.13850101648036e-15,4.256342632844156e-13,,2.1880309934156038e-14,1.0938299242021193e-16,2.1770926941735827e-14,4.6629367034256575e-15,1.715294573045867e-14,1.3322676295501878e-15,5.551115123125783e-17,2.6645352591003757e-15,2.6645352591003757e-15,1.0647567483786033e-15,1.7763568394002505e-15,0.46490716072327504,0.1731872119393667,0.3515791223896205,0.10541848758225028,4.542977188280745e-15,2.725786312968447e-16,8.586226885850608e-15,3.634381750624596e-16,9.858260498569217e-15,5.451572625936894e-16,7.495912360663229e-15,6.814465782421117e-16,3.043794716148099e-15,8.631656657733415e-16,4.99727490710882e-16,4.99727490710882e-16,0.10541848758225028,8.631656657733415e-16
quadratic,20260923,62,4412,6,19.550580663079437,True,True,32,1.9550580663079437e-07,2.220446049250313e-15,-2.042429698403108,4.4490994882948717e-13,2.653333901798357e-15,4.422566149276888e-13,,2.275686622800332e-14,1.357163732128469e-16,2.262114985479047e-14,3.747002708109903e-15,1.297399687683054e-14,4.440892098500626e-16,5.551115123125783e-17,1.7763568394002505e-15,2.220446049250313e-15,3.045183153257573e-16,1.7763568394002505e-15,0.16820416409430639,0.06769003876925513,0.0635727518662888,0.006435410252249199,7.177903957483577e-15,4.542977188280745e-16,1.1357442970701862e-14,6.360168063593043e-16,1.2356897952123627e-14,6.360168063593043e-16,6.814465782421118e-15,6.360168063593043e-16,1.817190875312298e-15,4.542977188280745e-16,9.08595437656149e-17,9.08595437656149e-17,0.006435410252249199,6.360168063593043e-16
quadratic,20260923,63,4542,6,19.550580663079437,True,True,32,1.9550580663079437e-07,2.6645352591003757e-15,-4.548929369092539,8.891895342553032e-13,3.968322446439615e-15,8.852212118088636e-13,,4.548148976129928e-14,2.0297721662731218e-16,4.527851254467197e-14,5.773159728050814e-15,3.230055112268815e-14,1.7763568394002505e-15,0.0,3.552713678800501e-15,8.881784197001252e-16,1.3491853137349513e-15,1.7763568394002505e-15,0.3898988377022496,0.12631666531706748,0.33958264468397586,0.04714396312471988,9.585681867272373e-15,6.360168063593043e-16,1.8399057612537018e-14,6.814465782421117e-16,2.4577506588598832e-14,9.540252095389565e-16,1.9671091225255627e-14,1.3628931564842234e-15,8.904235289030261e-15,1.4991824721326458e-15,1.6354717877810682e-15,1.6354717877810682e-15,0.04714396312471988,1.6354717877810682e-15
quadratic,20260923,64,5260,6,19.550580663079437,True,True,32,1.9550580663079437e-07,5.662137425588298e-15,-3.4204610967905484,5.28525900293852e-13,1.7419927933999475e-15,5.267839075004521e-13,,2.7033769963260172e-14,8.910184425824435e-17,2.6944668119001926e-14,4.263256414560601e-15,1.6237011735142914e-14,6.661338147750939e-16,1.1102230246251565e-16,2.6645352591003757e-15,4.440892098500626e-16,4.451465651116108e-16,1.7763568394002505e-15,0.732022663444401,0.17784060233134732,0.6878606250913802,0.14257972624439297,6.087589432296198e-15,4.0886794694526705e-16,1.212974909270959e-14,4.542977188280745e-16,1.3174633846014161e-14,6.814465782421117e-16,8.35907802643657e-15,6.814465782421117e-16,2.3623481379059874e-15,4.99727490710882e-16,1.3628931564842236e-16,1.3628931564842236e-16,0.14257972624439297,6.814465782421117e-16
quadratic,20260923,65,5777,6,19.550580663079437,True,True,32,1.9550580663079437e-07,5.329070518200751e-15,-3.3945597107803946,6.25418235718674e-13,3.561965537339042e-15,6.21856270181335e-13,,3.1989752452711223e-14,1.821923143216756e-16,3.180756013838955e-14,6.9151034105224035e-15,1.8388068845354155e-14,2.6645352591003757e-15,2.220446049250313e-16,0.0,4.440892098500626e-15,1.5173048003210513e-15,1.7763568394002505e-15,0.7434253628709405,0.21964539967940705,0.7992278285731937,0.14875412618680597,6.2238787479446204e-15,3.634381750624596e-16,1.0312558217397292e-14,4.542977188280745e-16,1.1493732286350285e-14,7.268763501249192e-16,8.268218482670956e-15,9.08595437656149e-16,4.2703985569839e-15,9.08595437656149e-16,7.723061220077267e-16,7.723061220077267e-16,0.14875412618680597,9.08595437656149e-16
quadratic,20260923,66,6206,6,19.550580663079437,True,True,32,1.9550580663079437e-07,4.884981308350689e-15,4.450089167180604,5.78670048386901e-13,2.637044022300134e-15,5.760330043646009e-13,,2.959861184479796e-14,1.3488315604252594e-16,2.9463728688755434e-14,5.773159728050814e-15,2.1149748619109232e-14,8.881784197001252e-16,4.440892098500626e-16,0.0,2.6645352591003757e-15,1.1736643403180208e-15,1.7763568394002505e-15,0.3353452789923077,0.10809301992292025,0.4202559665688567,0.05990161789800356,7.995639851374112e-15,3.634381750624596e-16,1.2992914758482931e-14,5.451572625936894e-16,1.4537527002498383e-14,7.268763501249192e-16,1.0994004795639403e-14,9.08595437656149e-16,4.3612581007495154e-15,1.1811740689529937e-15,8.177358938905341e-16,8.177358938905341e-16,0.05990161789800356,1.1811740689529937e-15
quadratic,20260923,67,6466,6,19.550580663079437,True,True,32,1.9550580663079437e-07,5.329070518200751e-15,-2.28577148570767,5.065572300246739e-13,2.619531575780751e-15,5.039376984488931e-13,,2.591008618896363e-14,1.3398740533203913e-16,2.5776098783631588e-14,4.0602442043434294e-15,1.51684220739412e-14,2.220446049250313e-16,2.220446049250313e-16,8.881784197001252e-16,3.1086244689504383e-15,4.789819334811406e-16,1.7763568394002505e-15,0.5527268287145259,0.13201038773060872,0.6095771187982959,0.14418204928354297,6.3601680635930434e-15,3.1800840317965214e-16,1.0630566620576943e-14,4.542977188280745e-16,1.0812285708108173e-14,6.360168063593043e-16,6.4055978354758506e-15,6.360168063593043e-16,1.408322928367031e-15,4.99727490710882e-16,4.542977188280745e-16,4.542977188280745e-16,0.14418204928354297,6.360168063593043e-16
quadratic,20260923,68,7419,6,19.550580663079437,True,True,32,1.9550580663079437e-07,2.220446049250313e-15,1.9197975202400173,5.842728747907869e-13,4.96025178603212e-15,5.793126230047547e-13,,2.9885192918804964e-14,2.5371378331485446e-16,2.963147913549011e-14,4.625929269271485e-15,2.887273753415798e-14,6.661338147750939e-16,4.440892098500626e-16,0.0,3.1086244689504383e-15,7.316898409910537e-16,1.7763568394002505e-15,0.32275311011787766,0.12041446735287958,0.2727501564435175,0.06885732374460102,4.997274907108819e-15,2.725786312968447e-16,9.994549814217638e-15,5.451572625936894e-16,1.4174088827435925e-14,7.268763501249192e-16,1.2538617039654857e-14,1.1811740689529937e-15,6.996184869952347e-15,1.2720336127186086e-15,1.5446122440154533e-15,1.5446122440154533e-15,0.06885732374460102,1.5446122440154533e-15
quadratic,20260923,69,9004,6,19.550580663079437,True,True,32,1.9550580663079437e-07,4.440892098500626e-15,-3.2539563261442996,4.2325276881189074e-13,2.9905311031763207e-15,4.202622377087144e-13,,2.1649114985683686e-14,1.5296379962891998e-16,2.1496151186054768e-14,3.869920257264831e-15,1.2573275753879898e-14,4.440892098500626e-16,1.1102230246251565e-16,8.881784197001252e-16,2.220446049250313e-15,1.008716919516571e-15,1.7763568394002505e-15,0.3686157638515747,0.13398748483015266,0.19913076976819374,0.03867030119930595,5.133564222757242e-15,2.725786312968447e-16,8.086499395139726e-15,4.542977188280745e-16,9.222243692209912e-15,5.451572625936894e-16,7.359623045014807e-15,6.360168063593043e-16,2.725786312968447e-15,6.814465782421117e-16,2.725786312968447e-16,2.725786312968447e-16,0.03867030119930595,6.814465782421117e-16
quadratic,20260923,70,60,7,19.550580663079437,True,True,32,1.9550580663079437e-07,6.217248937900877e-15,20.519612133365925,4.989093794178989e-13,3.916047380549854e-15,4.949933320373491e-13,,2.55189034032156e-14,2.0030337963031286e-16,2.531860002358529e-14,4.440892098500626e-15,1.7041923427996153e-14,1.3322676295501878e-15,2.220446049250313e-16,0.0,3.552713678800501e-15,1.123439965394503e-15,3.552713678800501e-15,0.4523101875479265,0.16673044823351232,0.8157508921346273,0.09227847547734022,7.336908159073404e-15,3.8615306100386333e-16,1.1198438769112037e-14,4.770126047694782e-16,1.1766310917647129e-14,7.041614641835155e-16,8.154644052963937e-15,6.814465782421117e-16,3.566237092800385e-15,9.540252095389565e-16,4.3158283288667076e-16,4.3158283288667076e-16,0.09227847547734022,9.540252095389565e-16
quadratic,20260923,71,1722,7,19.550580663079437,True,True,32,1.9550580663079437e-07,6.217248937900877e-15,16.831688386586805,5.996653570531204e-13,2.2061717532194192e-15,5.97459185299901e-13,,3.067250878054823e-14,1.1284430837318783e-16,3.055966447217504e-14,9.048317650695026e-15,2.6728619317850644e-14,1.3322676295501878e-15,4.440892098500626e-16,0.0,0.0,1.053654518132351e-15,1.7763568394002505e-15,0.43645253595846817,0.15808528491948604,0.6162833894468531,0.11392294950579665,6.019444774471987e-15,2.725786312968447e-16,1.0448847533045713e-14,4.3158283288667076e-16,1.335635293354539e-14,5.678721485350931e-16,1.1789025803588533e-14,7.495912360663229e-16,5.2244237665228564e-15,1.1357442970701862e-15,7.950210079491304e-16,7.950210079491304e-16,0.11392294950579665,1.1357442970701862e-15
quadratic,20260923,72,2164,7,19.550580663079437,True,True,32,1.9550580663079437e-07,1.2434497875801753e-14,23.769084338424918,6.526963493490102e-13,3.677812023182374e-15,6.490185373258279e-13,,3.3385010941470584e-14,1.881177897763307e-16,3.319689315169425e-14,8.818342881308386e-15,4.5130565951012613e-14,1.7763568394002505e-15,4.440892098500626e-16,0.0,3.552713678800501e-15,1.9566359114941437e-15,8.881784197001252e-16,0.6314856933311846,0.21896946156077626,1.3887625616944963,0.22286097269580873,6.8371806683625215e-15,2.9529351723824843e-16,1.1334728084760458e-14,4.99727490710882e-16,1.1471017400408881e-14,6.58731692300708e-16,8.881520403088856e-15,8.631656657733415e-16,5.678721485350931e-15,9.767400954803602e-16,2.1124843925505466e-15,2.1124843925505466e-15,0.22286097269580873,2.1124843925505466e-15
quadratic,20260923,73,5110,7,19.550580663079437,True,True,32,1.9550580663079437e-07,7.549516567451064e-15,21.763176492288054,6.076513300471272e-13,4.717159202931905e-15,6.029341708441954e-13,,3.108098631539138e-14,2.4127974939588824e-16,3.083970656599549e-14,9.603429163007604e-15,2.618738559334588e-14,2.6645352591003757e-15,8.881784197001252e-16,0.0,7.105427357601002e-15,1.4269009254587114e-15,8.881784197001252e-16,0.48552239810626,0.1607091670203611,1.0089191706984997,0.12207369962510772,6.7917508964797135e-15,4.542977188280745e-16,1.2856625442834508e-14,6.814465782421117e-16,1.5059969379150668e-14,8.404507798319379e-16,9.81283072668641e-15,1.2947484986600123e-15,4.3158283288667075e-15,1.1130294111287826e-15,1.0221698673631676e-15,1.0221698673631676e-15,0.12207369962510772,1.2947484986600123e-15
quadratic,20260923,74,5313,7,19.550580663079437,True,True,32,1.9550580663079437e-07,6.217248937900877e-15,14.44065955028323,3.860723249030481e-13,2.35473016746688e-15,3.837175947355812e-13,,1.9747358482918703e-14,1.20442978551205e-16,1.9626915504367497e-14,5.2656292025078855e-15,1.379452108096757e-14,1.1102230246251565e-15,8.881784197001252e-16,0.0,0.0,1.1128664127790258e-15,1.7763568394002505e-15,0.37310773960941196,0.1060877057431978,0.599961462307279,0.14498081744306743,4.429402758573726e-15,2.0443397347263352e-16,6.7463211245969064e-15,2.725786312968447e-16,7.018899755893751e-15,3.634381750624596e-16,4.3158283288667075e-15,4.0886794694526705e-16,1.7944759893708943e-15,3.8615306100386333e-16,3.4072328912105586e-16,3.4072328912105586e-16,0.14498081744306743,4.0886794694526705e-16
quadratic,20260923,75,5523,7,19.550580663079437,True,True,32,1.9550580663079437e-07,1.3100631690576847e-14,20.423335295112402,5.5239693441149e-13,2.8894049851148553e-15,5.495075294263751e-13,,2.8254758461198625e-14,1.4779126179977824e-16,2.8106967199398847e-14,7.137148015447436e-15,2.2537527399890678e-14,1.7763568394002505e-15,2.220446049250313e-16,0.0,3.552713678800501e-15,1.1911107021335603e-15,1.7763568394002505e-15,0.4933926145104774,0.13801739749459943,0.8399970160925031,0.11288908545461308,5.701436371292335e-15,2.9529351723824843e-16,9.81283072668641e-15,4.542977188280745e-16,1.122115365505344e-14,4.770126047694782e-16,7.791205877901478e-15,8.404507798319379e-16,2.4986374535544096e-15,1.1130294111287826e-15,6.814465782421118e-17,6.814465782421118e-17,0.11288908545461308,1.1130294111287826e-15
quadratic,20260923,76,7928,7,19.550580663079437,True,True,32,1.9550580663079437e-07,6.661338147750939e-15,20.56412716903764,4.723588583769153e-13,2.990597187880169e-15,4.693682611890351e-13,,2.4160860821333447e-14,1.529671798202804e-16,2.4007893641513168e-14,4.958996176659033e-15,2.03517758201599e-14,8.881784197001252e-16,8.881784197001252e-16,0.0,3.552713678800501e-15,5.551115123125763e-16,1.7763568394002505e-15,0.45950859376806213,0.13350384038175248,0.885458963047422,0.11179297334131914,5.497002397819702e-15,3.1800840317965214e-16,9.290388350034123e-15,5.678721485350931e-16,1.0448847533045713e-14,7.495912360663229e-16,6.4055978354758506e-15,7.041614641835155e-16,2.6122118832614282e-15,7.268763501249192e-16,5.224423766522857e-16,5.224423766522857e-16,0.11179297334131914,7.495912360663229e-16
quadratic,20260923,77,8612,7,19.550580663079437,True,True,32,1.9550580663079437e-07,1.1324274851176597e-14,21.833531238392876,5.982328389278348e-13,2.7536174398857726e-15,5.95479221487949e-13,,3.0599236372430405e-14,1.4084581360214427e-16,3.0458390558828254e-14,5.582835780972216e-15,2.0233814623793478e-14,2.220446049250313e-15,2.220446049250313e-16,3.552713678800501e-15,3.552713678800501e-15,1.7430501486614969e-15,8.881784197001252e-16,0.5751689669923289,0.16881464710211164,1.012383163656434,0.13845019429726033,7.564057018487441e-15,3.4072328912105586e-16,1.2970199872541528e-14,5.451572625936894e-16,1.4037799511787502e-14,7.268763501249192e-16,9.131384148444298e-15,8.858805517147453e-16,3.657096636565999e-15,1.0448847533045713e-15,6.814465782421118e-17,6.814465782421118e-17,0.13845019429726033,1.0448847533045713e-15
quadratic,20260923,78,8934,7,19.550580663079437,True,True,32,1.9550580663079437e-07,5.995204332975845e-15,17.734949980150922,4.742085692375854e-13,2.925635923998829e-15,4.712829333135866e-13,,2.425547237750903e-14,1.4964445171307808e-16,2.4105827925795948e-14,6.8833827526759706e-15,1.849909114781667e-14,8.881784197001252e-16,4.440892098500626e-16,0.0,0.0,7.594454166066842e-16,1.7763568394002505e-15,0.3517157002375911,0.11246098336894292,0.8784803258999011,0.15238350464791686,6.2238787479446204e-15,2.725786312968447e-16,9.63111163915518e-15,3.1800840317965214e-16,1.0108124243924658e-14,4.99727490710882e-16,6.632746694889888e-15,5.678721485350931e-16,2.7939309707926583e-15,7.495912360663229e-16,1.817190875312298e-16,1.817190875312298e-16,0.15238350464791686,7.495912360663229e-16
quadratic,20260923,79,9879,7,19.550580663079437,True,True,32,1.9550580663079437e-07,5.10702591327572e-15,17.609262125491693,5.938539177603664e-13,2.3828987724815517e-15,5.914710189878849e-13,,3.037525728746451e-14,1.2188378511854482e-16,3.025337350234597e-14,5.329070518200751e-15,2.697495005143935e-14,2.6645352591003757e-15,1.7763568394002505e-15,0.0,3.552713678800501e-15,3.2355071003361685e-15,8.881784197001252e-16,0.30719856281784874,0.11059927407473358,0.776314231427267,0.09308515010638516,9.949120042334831e-15,4.770126047694782e-16,1.4923680063502247e-14,5.451572625936894e-16,1.3946939968021887e-14,7.950210079491304e-16,9.653826525096583e-15,9.99454981421764e-16,4.611121846104956e-15,9.313103235975527e-16,1.1811740689529937e-15,1.1811740689529937e-15,0.09308515010638516,1.1811740689529937e-15
quadratic,20260923,80,298,8,19.550580663079437,True,True,32,1.9550580663079437e-07,9.769962616701378e-15,18.428436819723963,5.466669445162269e-13,3.91829426048064e-15,5.427486502557462e-13,,2.7961673053966505e-14,2.0041830613656387e-16,2.776125474782994e-14,7.549516567451064e-15,1.687538997430238e-14,1.7763568394002505e-15,8.881784197001252e-16,3.552713678800501e-15,0.0,1.9902069410482883e-15,8.881784197001252e-16,0.8003159512563208,0.1842932749959107,0.9547658879641082,0.10045958251842098,5.417500297024788e-15,3.29365846150354e-16,9.653826525096583e-15,4.656551617987764e-16,1.109622178237572e-14,5.224423766522857e-16,8.586226885850608e-15,7.950210079491304e-16,4.065964583511267e-15,9.767400954803602e-16,1.0789570822166769e-15,1.0789570822166769e-15,0.10045958251842098,1.0789570822166769e-15
quadratic,20260923,81,523,8,19.550580663079437,True,True,32,1.9550580663079437e-07,5.773159728050814e-15,10.73320464900991,4.527816944128949e-13,4.363936460871102e-15,4.484177579520238e-13,,2.3159501102080142e-14,2.2321262657493536e-16,2.2936288475505207e-14,5.51939446527935e-15,1.6181500583911657e-14,1.3322676295501878e-15,4.440892098500626e-16,3.552713678800501e-15,1.7763568394002505e-15,9.43689570931381e-16,1.7763568394002505e-15,0.8101125683460139,0.18012270364966954,1.0319052486648477,0.1443419883158207,3.958068875289599e-15,2.2147013792868632e-16,7.444803867295071e-15,2.9529351723824843e-16,1.0221698673631676e-14,4.0886794694526705e-16,7.450482588780422e-15,7.268763501249192e-16,2.8507181856461676e-15,8.631656657733415e-16,9.08595437656149e-17,9.08595437656149e-17,0.1443419883158207,8.631656657733415e-16
quadratic,20260923,82,1566,8,19.550580663079437,True,True,32,1.9550580663079437e-07,1.4210854715202004e-14,16.68366755691318,7.957296197619576e-13,5.213818794692043e-15,7.905158009672656e-13,,4.070107346042484e-14,2.666835775644327e-16,4.043438988286041e-14,1.4183099139586375e-14,6.908362770730037e-14,2.6645352591003757e-15,8.881784197001252e-16,3.552713678800501e-15,7.105427357601002e-15,1.4689307971052353e-15,8.881784197001252e-16,1.0369239960935595,0.26585570297475464,1.4401867261421963,0.14427821119750936,6.371525506563745e-15,4.0886794694526705e-16,1.0198983787690272e-14,4.99727490710882e-16,1.1743596031705726e-14,6.814465782421117e-16,1.237961283806503e-14,1.15845918301159e-15,9.142741591415e-15,2.1124843925505466e-15,3.2595861325914346e-15,3.2595861325914346e-15,0.14427821119750936,3.2595861325914346e-15
quadratic,20260923,83,2304,8,19.550580663079437,True,True,32,1.9550580663079437e-07,7.105427357601002e-15,25.42994041126773,7.403342489318394e-13,7.497706159635227e-15,7.328365427722041e-13,,3.786763481301268e-14,3.835029909773664e-16,3.748413182203531e-14,7.517795909604632e-15,3.175237850427948e-14,3.552713678800501e-15,8.881784197001252e-16,3.552713678800501e-15,7.105427357601002e-15,2.8382058608095985e-15,3.552713678800501e-15,1.1008774987179837,0.23053651454446566,1.5463729912368853,0.2286267885937548,7.041614641835155e-15,5.451572625936894e-16,1.268626379827398e-14,6.360168063593043e-16,1.5764130843334185e-14,8.29093336861236e-16,1.3072416859277844e-14,1.237961283806503e-15,4.463475087485832e-15,9.426677665682545e-16,7.155189071542174e-16,7.155189071542174e-16,0.2286267885937548,1.237961283806503e-15
quadratic,20260923,84,4575,8,19.550580663079437,True,True,32,1.9550580663079437e-07,9.103828801926284e-15,12.37653240697557,4.609269315431723e-13,5.412337245047638e-15,4.555145942981247e-13,,2.3576124898101678e-14,2.768376724108579e-16,2.329928722569082e-14,6.402286108671736e-15,1.7638668303732175e-14,2.220446049250313e-15,8.881784197001252e-16,0.0,1.0658141036401503e-14,1.4403822050434484e-15,1.7763568394002505e-15,0.7988302366618418,0.2274277443024356,0.42636454649816025,0.058618384799774784,5.667364042380229e-15,3.1800840317965214e-16,9.108669262502893e-15,4.3158283288667076e-16,9.63111163915518e-15,5.451572625936894e-16,6.201163862003217e-15,6.814465782421117e-16,1.998909962843528e-15,6.928040212128136e-16,1.1357442970701863e-17,1.1357442970701863e-17,0.058618384799774784,6.928040212128136e-16
quadratic,20260923,85,5972,8,19.550580663079437,True,True,32,1.9550580663079437e-07,1.1102230246251565e-14,19.090827030706862,7.372687116897969e-13,3.714224695001922e-15,7.33554486994795e-13,,3.771083449618978e-14,1.8998027521587125e-16,3.752085422097391e-14,1.0362081563168129e-14,3.289035710452026e-14,1.3322676295501878e-15,0.0,3.552713678800501e-15,3.552713678800501e-15,1.7819079545233775e-15,3.552713678800501e-15,0.788676285815004,0.22259722836798299,0.768622801887584,0.11541066854766334,7.938852636520602e-15,3.8615306100386333e-16,1.4957752392414352e-14,1.0448847533045713e-15,1.7513177060822272e-14,1.0448847533045713e-15,1.2913412657688017e-14,1.5446122440154533e-15,5.678721485350931e-15,1.5786845729275589e-15,9.88097538451062e-16,9.88097538451062e-16,0.11541066854766334,1.5786845729275589e-15
quadratic,20260923,86,6624,8,19.550580663079437,True,True,32,1.9550580663079437e-07,1.3322676295501878e-14,24.320697625298443,7.051943685083762e-13,4.672188561964197e-15,7.00522179946412e-13,,3.6070251859071896e-14,2.389795291751848e-16,3.5831272329896716e-14,9.325873406851315e-15,2.098321516541546e-14,1.7763568394002505e-15,1.3322676295501878e-15,0.0,3.552713678800501e-15,1.1477591364100996e-15,8.881784197001252e-16,0.8987103969547156,0.2249718291629481,1.078826029627222,0.15986492251678117,1.0835000594049577e-14,3.975105039745652e-16,2.1306563013036693e-14,5.905870344764969e-16,2.1386065113831606e-14,7.38233793095621e-16,1.1925315119236956e-14,9.540252095389565e-16,4.94048769225531e-15,1.0789570822166769e-15,1.4310378143084347e-15,1.4310378143084347e-15,0.15986492251678117,1.4310378143084347e-15
quadratic,20260923,87,8070,8,19.550580663079437,True,True,32,1.9550580663079437e-07,8.43769498715119e-15,6.386490161521701,4.518240940118038e-13,2.958744360626042e-15,4.4886534965117775e-13,,2.3110520439173308e-14,1.5133792758460231e-16,2.2959182511588707e-14,7.51779590960463e-15,9.492406860545088e-15,8.881784197001252e-16,2.220446049250313e-16,8.881784197001252e-16,3.552713678800501e-15,4.525480519424443e-16,8.881784197001252e-16,0.6949848669009139,0.1853574317682136,0.6938433390542617,0.1009510635962908,4.588406960163553e-15,1.9307653050193167e-16,7.0302571988644526e-15,3.1800840317965214e-16,6.632746694889888e-15,3.7479561803316145e-16,4.770126047694782e-15,4.542977188280745e-16,1.6468292307517702e-15,3.9183178248921427e-16,1.249318726777205e-16,1.249318726777205e-16,0.1009510635962908,4.542977188280745e-16
quadratic,20260923,88,9290,8,19.550580663079437,True,True,32,1.9550580663079437e-07,8.881784197001252e-15,25.755334432630587,7.845285267987513e-13,2.9886146467647653e-15,7.815399121519865e-13,,4.01281445456147e-14,1.5286577407947047e-16,3.997527877153523e-14,1.344955892688761e-14,5.112577028398846e-14,1.7763568394002505e-15,2.220446049250313e-16,0.0,0.0,1.7277184973690537e-15,1.7763568394002505e-15,1.0120940826796638,0.2754314520278382,0.7141356232089957,0.12515637139046534,6.757678567567608e-15,3.1800840317965214e-16,1.2720336127186087e-14,5.224423766522857e-16,1.5082684265092072e-14,7.723061220077267e-16,1.304970197333644e-14,1.15845918301159e-15,7.393695373926913e-15,1.9534801909607205e-15,5.451572625936894e-16,5.451572625936894e-16,0.12515637139046534,1.9534801909607205e-15
quadratic,20260923,89,9833,8,19.550580663079437,True,True,32,1.9550580663079437e-07,4.440892098500626e-15,10.689429935556593,3.936483414367417e-13,3.58046925441613e-15,3.9006787218232557e-13,,2.0134867000658058e-14,1.8313876790256753e-16,1.995172823275549e-14,4.366877230192283e-15,1.7319479184152442e-14,1.7763568394002505e-15,2.220446049250313e-16,3.552713678800501e-15,7.105427357601002e-15,1.5040878595516998e-15,8.881784197001252e-16,0.6304172372280535,0.16202361625829798,0.6856141405101089,0.14572979244446038,5.383427968112683e-15,2.725786312968447e-16,7.904780307608496e-15,3.29365846150354e-16,8.47265245614359e-15,4.770126047694782e-16,6.269308519827428e-15,5.905870344764969e-16,2.5327097824665153e-15,6.246593633886024e-16,1.817190875312298e-16,1.817190875312298e-16,0.14572979244446038,6.246593633886024e-16
quadratic,20260923,90,428,9,19.550580663079437,True,True,32,1.9550580663079437e-07,6.661338147750939e-15,19.459310017113257,4.714648645032766e-13,3.2240083618668385e-15,4.682408561414097e-13,,2.411513359261093e-14,1.6490601570495865e-16,2.3950227576905972e-14,6.050715484207103e-15,1.6486811915683575e-14,2.6645352591003757e-15,8.881784197001252e-16,3.552713678800501e-15,3.552713678800501e-15,2.22414679266573e-15,1.7763568394002505e-15,0.5920990693327417,0.13720320801424896,1.3139170711732653,0.21325672039345786,6.201163862003217e-15,2.9529351723824843e-16,9.381247893799739e-15,3.634381750624596e-16,9.403962779741143e-15,7.950210079491304e-16,5.519717283761105e-15,5.905870344764969e-16,1.1811740689529937e-15,4.770126047694782e-16,3.8615306100386333e-16,3.8615306100386333e-16,0.21325672039345786,7.950210079491304e-16
quadratic,20260923,91,623,9,19.550580663079437,True,True,32,1.9550580663079437e-07,6.217248937900877e-15,19.195649544347102,6.243975079042332e-13,3.4890080242922476e-15,6.209084998799409e-13,,3.1937542862007435e-14,1.7846058305987365e-16,3.1759082278947555e-14,7.494005416219807e-15,2.3449991948254478e-14,1.7763568394002505e-15,8.881784197001252e-16,3.552713678800501e-15,7.105427357601002e-15,1.0589412944400908e-15,2.6645352591003757e-15,0.44546164062549776,0.1289457102090989,1.3693669329265767,0.1492717413811673,7.541342132546036e-15,4.3158283288667076e-16,1.2243323522416607e-14,5.678721485350931e-16,1.2720336127186087e-14,6.133019204179006e-16,8.131929167022533e-15,8.404507798319379e-16,4.202253899159689e-15,9.08595437656149e-16,1.3401782705428199e-15,1.3401782705428199e-15,0.1492717413811673,1.3401782705428199e-15
quadratic,20260923,92,995,9,19.550580663079437,True,True,32,1.9550580663079437e-07,6.661338147750939e-15,17.158891771222347,3.78171006414669e-13,2.271364313564224e-15,3.7589964210110475e-13,,1.9343210973208137e-14,1.1617886715015136e-16,1.9227032106057986e-14,6.38378239159465e-15,1.1546319456101628e-14,2.6645352591003757e-15,2.220446049250313e-16,3.552713678800501e-15,3.552713678800501e-15,2.2146305953117998e-15,1.7763568394002505e-15,0.4638322153893198,0.1711356364432415,1.0811185940312875,0.17019725157936627,5.633291713468124e-15,2.725786312968447e-16,5.769581029116546e-15,2.9529351723824843e-16,6.859895554303925e-15,3.8615306100386333e-16,5.110849336815838e-15,4.542977188280745e-16,2.044339734726335e-15,5.678721485350931e-16,2.9529351723824843e-16,2.9529351723824843e-16,0.17019725157936627,5.678721485350931e-16
quadratic,20260923,93,2043,9,19.550580663079437,True,True,32,1.9550580663079437e-07,1.509903313490213e-14,30.436433509352522,5.727874523892801e-13,4.315992008230296e-15,5.684714603810498e-13,,2.9297720730667014e-14,2.2076029774301746e-16,2.9076960432924e-14,1.3132352348423281e-14,2.954581024283698e-14,1.7763568394002505e-15,8.881784197001252e-16,3.552713678800501e-15,0.0,7.544229791143332e-16,3.552713678800501e-15,0.8772408282500221,0.3263072011941553,1.4722178498034846,0.29209123583681745,6.76903601053831e-15,4.3158283288667076e-16,1.1743596031705726e-14,7.268763501249192e-16,1.2720336127186087e-14,7.041614641835155e-16,9.08595437656149e-15,1.2038889548943975e-15,3.2936584615035403e-15,7.950210079491304e-16,5.678721485350931e-16,5.678721485350931e-16,0.29209123583681745,1.2038889548943975e-15
quadratic,20260923,94,2087,9,19.550580663079437,True,True,32,1.9550580663079437e-07,1.2434497875801753e-14,22.471179239582064,7.707862787185266e-13,3.2195806867091098e-15,7.675666980318175e-13,,3.942523713242587e-14,1.646795428838168e-16,3.9260557589542054e-14,1.0848464983480102e-14,3.0184188481996443e-14,1.1102230246251565e-15,1.7763568394002505e-15,0.0,3.552713678800501e-15,6.122086964361544e-16,2.6645352591003757e-15,0.7169099190909115,0.3422129111500052,1.2497868278333268,0.23208639403603976,6.042159660413391e-15,3.1800840317965214e-16,1.0448847533045713e-14,6.58731692300708e-16,1.494639494944365e-14,9.767400954803602e-16,1.4900965177560843e-14,1.067599639245975e-15,7.064329527776559e-15,1.317463384601416e-15,5.905870344764969e-16,5.905870344764969e-16,0.23208639403603976,1.317463384601416e-15
quadratic,20260923,95,4442,9,19.550580663079437,True,True,32,1.9550580663079437e-07,1.687538997430238e-14,19.933943671519877,4.823210200941669e-13,2.8311926216138608e-15,4.79489827472553e-13,,2.4670419176091924e-14,1.448137357352493e-16,2.4525605440356675e-14,1.687538997430238e-14,2.231374807148967e-14,2.220446049250313e-15,3.552713678800501e-15,3.552713678800501e-15,0.0,2.253752739989068e-15,3.552713678800501e-15,0.5849057857011862,0.349784708774462,0.9120278598056881,0.10897417465485384,4.656551617987763e-15,3.1800840317965214e-16,7.041614641835155e-15,3.4072328912105586e-16,8.29093336861236e-15,5.678721485350931e-16,5.178993994640049e-15,6.58731692300708e-16,1.6127569018396644e-15,3.4072328912105586e-16,3.8615306100386333e-16,3.8615306100386333e-16,0.10897417465485384,6.58731692300708e-16
quadratic,20260923,96,4850,9,19.550580663079437,True,True,32,1.9550580663079437e-07,4.884981308350689e-15,16.55748211401965,3.95149587654028e-13,1.9719014780827407e-15,3.931776861759453e-13,,2.0211654807790628e-14,1.0086153000082526e-16,2.0110793277789806e-14,3.838199599418398e-15,1.176836406102666e-14,8.881784197001252e-16,4.440892098500626e-16,0.0,0.0,6.732709627905432e-16,3.552713678800501e-15,0.46926752605234956,0.11302159009652492,1.0326000472250818,0.09955046583972992,5.815010800999354e-15,3.1800840317965214e-16,6.1670915330911115e-15,2.49863745355441e-16,7.109759299659367e-15,3.975105039745652e-16,5.894512901794266e-15,6.019444774471987e-16,2.3623481379059874e-15,4.883700477401801e-16,3.5208073209175774e-16,3.5208073209175774e-16,0.09955046583972992,6.019444774471987e-16
quadratic,20260923,97,6965,9,19.550580663079437,True,True,32,1.9550580663079437e-07,1.1102230246251565e-14,17.280822973114493,4.704233695706521e-13,1.5656788035368561e-15,4.688576907671152e-13,,2.4061861776772164e-14,8.008349370888936e-17,2.398177828306327e-14,8.243405957841787e-15,1.3322676295501878e-14,1.1102230246251565e-15,1.1102230246251565e-16,3.552713678800501e-15,0.0,1.9198928161553562e-15,1.7763568394002505e-15,0.6045858610802886,0.2094042301262442,0.9701950936061566,0.17622662724305233,5.269853538405664e-15,2.49863745355441e-16,8.904235289030261e-15,3.8615306100386333e-16,9.301745793004825e-15,4.542977188280745e-16,5.576504498614615e-15,4.542977188280745e-16,2.0329822917556333e-15,4.3158283288667076e-16,2.6122118832614283e-16,2.6122118832614283e-16,0.17622662724305233,4.542977188280745e-16
quadratic,20260923,98,9272,9,19.550580663079437,True,True,32,1.9550580663079437e-07,6.217248937900877e-15,15.541948798492843,4.949476014222871e-13,3.537497675739789e-15,4.914101037465474e-13,,2.5316260931163938e-14,1.8094079847051424e-16,2.5135320132693426e-14,6.026924990822278e-15,1.6313339568085894e-14,2.6645352591003757e-15,3.885780586188048e-16,5.329070518200751e-15,3.552713678800501e-15,2.4498921410061764e-15,1.7763568394002505e-15,0.6499068137445029,0.2970322456979729,0.7506980032233513,0.10707033090489222,8.041069623256919e-15,3.8615306100386333e-16,9.176813920327105e-15,3.8615306100386333e-16,6.814465782421118e-15,4.99727490710882e-16,5.201708880581453e-15,4.0886794694526705e-16,2.748501198909851e-15,9.313103235975527e-16,3.1800840317965214e-16,3.1800840317965214e-16,0.10707033090489222,9.313103235975527e-16
quadratic,20260923,99,9528,9,19.550580663079437,True,True,32,1.9550580663079437e-07,1.7763568394002505e-14,25.99484920918262,5.278297082645615e-13,4.591245125486927e-15,5.232384631390746e-13,,2.6998160175434012e-14,2.348393229136834e-16,2.676332085252033e-14,1.3766765505351941e-14,2.0261570199409107e-14,1.7763568394002505e-15,1.7763568394002505e-15,0.0,0.0,2.149603246726611e-15,1.7763568394002505e-15,0.7633548926122663,0.3365823116778074,1.2717952186034025,0.16154901081828046,4.724696275811975e-15,2.9529351723824843e-16,8.495367342084994e-15,3.4072328912105586e-16,1.0198983787690272e-14,7.268763501249192e-16,7.13247418560077e-15,9.767400954803602e-16,3.225513803679329e-15,7.723061220077267e-16,9.08595437656149e-16,9.08595437656149e-16,0.16154901081828046,9.767400954803602e-16
quadratic,20260924,0,280,0,18.999495601741152,True,True,32,1.8999495601741153e-07,1.0880185641326534e-14,11.045817420355958,3.9423697441508053e-13,1.8099443901303565e-15,3.924270300249502e-13,,2.0749865295316147e-14,9.526276002634983e-17,2.0654602535289797e-14,8.501136302844056e-15,1.8519907829528393e-14,4.440892098500626e-16,2.220446049250313e-16,1.7763568394002505e-15,0.0,2.558799732945588e-16,1.1102230246251565e-15,0.3662778203609527,0.08134805299478245,0.5996197339603653,0.07374802049820774,2.4367120631679476e-15,1.636161577187111e-16,4.97860594201221e-15,2.921717102119841e-16,6.749166505896833e-15,6.194040256494063e-16,6.316752374783097e-15,7.947070517765968e-16,2.9158736679156014e-15,6.194040256494063e-16,2.337373681695873e-16,2.337373681695873e-16,0.07374802049820774,7.947070517765968e-16
quadratic,20260924,1,1403,0,18.999495601741152,True,True,32,1.8999495601741153e-07,1.2434497875801753e-14,12.717759207710936,4.4959611430631497e-13,2.0712598303163085e-15,4.4752485447599866e-13,,2.3663581588192954e-14,1.0901656937284662e-16,2.355456501882011e-14,7.2957513046796e-15,1.6278645098566358e-14,2.6645352591003757e-15,8.881784197001252e-16,1.7763568394002505e-15,1.7763568394002505e-15,1.9167207503707153e-15,1.7763568394002505e-15,0.5317219718037072,0.15985262461914398,0.5875595070446411,0.08172714862132184,4.078717074559298e-15,2.8048484180350474e-16,7.637368504941265e-15,3.272323154374222e-16,8.928767464078235e-15,6.07717157240927e-16,7.210797808031768e-15,7.479595781426794e-16,3.3775049700505365e-15,7.245858413257206e-16,7.479595781426794e-16,7.479595781426794e-16,0.08172714862132184,7.479595781426794e-16
quadratic,20260924,2,1512,0,18.999495601741152,True,True,32,1.8999495601741153e-07,5.329070518200751e-15,7.341725724492686,2.3254496873099875e-13,1.3286660131905401e-15,2.312163027178082e-13,,1.223953380687053e-14,6.99316466627029e-17,1.2169602160207826e-14,5.051514762044462e-15,1.174060848541103e-14,4.440892098500626e-16,5.551115123125783e-17,8.881784197001252e-16,0.0,8.178642948071995e-16,1.3322676295501878e-15,0.2950399294279679,0.060518321352389305,0.3634025971991435,0.05319926317051376,2.682136299746014e-15,1.4024242090175237e-16,3.86251000900243e-15,1.5192928931023175e-16,3.0444292204088743e-15,2.1036363135262855e-16,2.278939339653476e-15,2.337373681695873e-16,1.1628434066436968e-15,3.506060522543809e-16,1.636161577187111e-16,1.636161577187111e-16,0.05319926317051376,3.506060522543809e-16
quadratic,20260924,3,3341,0,18.999495601741152,True,True,32,1.8999495601741153e-07,6.661338147750939e-15,15.854012111127078,5.608839451088869e-13,1.2395507900532162e-15,5.596443943188336e-13,,2.952099133923778e-14,6.524124724340689e-17,2.9455750091994374e-14,7.866723145915395e-15,2.6006974351844292e-14,1.7763568394002505e-15,2.6645352591003757e-15,1.7763568394002505e-15,1.7763568394002505e-15,5.667424201896029e-16,8.881784197001252e-16,0.6948006692403996,0.2146923410434055,0.9226944657120468,0.11137409396817982,5.0311968498503665e-15,3.739797890713397e-16,9.898777541982022e-15,6.07717157240927e-16,1.0074080568109213e-14,7.479595781426794e-16,6.603080650790841e-15,7.245858413257206e-16,4.137151416601695e-15,8.648282622274729e-16,5.843434204239682e-16,5.843434204239682e-16,0.11137409396817982,8.648282622274729e-16
quadratic,20260924,4,4116,0,18.999495601741152,True,True,32,1.8999495601741153e-07,3.1086244689504383e-15,8.364345552633267,2.0926887868091695e-13,1.0258989425167218e-15,2.0824297973840024e-13,,1.1014443913013097e-14,5.399611463489096e-17,1.0960447798378207e-14,2.8231385483325407e-15,7.827072323607354e-15,6.661338147750939e-16,4.440892098500626e-16,1.7763568394002505e-15,1.7763568394002505e-15,5.093808972506367e-16,1.7763568394002505e-15,0.2556331696929485,0.08169252234966527,0.3546594725544248,0.04863888473593511,2.2672524712449967e-15,9.93383814720746e-17,3.3891918384590157e-15,1.8698989453566984e-16,3.6287726408328426e-15,2.1036363135262855e-16,2.8632827600774442e-15,2.921717102119841e-16,1.5777272351447142e-15,3.622929206628603e-16,1.8698989453566984e-16,1.8698989453566984e-16,0.04863888473593511,3.622929206628603e-16
quadratic,20260924,5,5544,0,18.999495601741152,True,True,32,1.8999495601741153e-07,7.549516567451064e-15,15.199295056375052,3.5496027413669157e-13,2.1730302742402758e-15,3.527872438624513e-13,,1.8682615663973854e-14,1.143730507267327e-16,1.856824261324712e-14,4.250568151422028e-15,1.0963452368173421e-14,8.881784197001252e-16,8.881784197001252e-16,1.7763568394002505e-15,3.552713678800501e-15,6.568819562365511e-16,1.7763568394002505e-15,0.5443450060660424,0.1392706360729014,0.7740337185895598,0.11445814116245148,4.382575653179761e-15,1.9283332873990952e-16,7.982131122991406e-15,3.272323154374222e-16,8.601535148640812e-15,4.441009995222158e-16,5.2999948232453914e-15,4.499444337264555e-16,1.858212076948219e-15,6.07717157240927e-16,7.362727097342e-16,7.362727097342e-16,0.11445814116245148,7.362727097342e-16
quadratic,20260924,6,6708,0,18.999495601741152,True,True,32,1.8999495601741153e-07,2.220446049250313e-15,5.58216056788521,2.8162343488981535e-13,1.360750136908131e-15,2.8026268475290723e-13,,1.4822679548609007e-14,7.16203295830353e-17,1.475105921902597e-14,4.010680676458378e-15,7.518291544883482e-15,4.440892098500626e-16,5.551115123125783e-17,8.881784197001252e-16,8.881784197001252e-16,2.0684512304028284e-16,1.3322676295501878e-15,0.23952035294406018,0.07965107259636922,0.30308746229669126,0.05532073565831326,2.9392474047325602e-15,1.9283332873990952e-16,6.6556715586289985e-15,2.8632827600774444e-16,8.08146950446348e-15,3.4476261805014127e-16,5.352585731083549e-15,4.499444337264555e-16,2.01598480046269e-15,3.7982322327557934e-16,5.8434342042396825e-18,5.8434342042396825e-18,0.05532073565831326,4.499444337264555e-16
quadratic,20260924,7,7346,0,18.999495601741152,True,True,32,1.8999495601741153e-07,2.886579864025407e-15,3.4139742754767193,1.7499151103029747e-13,1.2425576440782447e-15,1.7374895338621923e-13,,9.210324036931848e-15,6.539950691977182e-17,9.144924530012077e-15,2.1411444046342304e-15,7.594185696957467e-15,1.7763568394002505e-15,1.3877787807814457e-17,3.552713678800501e-15,1.3322676295501878e-15,1.3909508465660888e-15,1.3322676295501878e-15,0.2599430436891664,0.08146818077569314,0.3468904743772115,0.04454241375548265,1.9633938926245334e-15,9.349494726783492e-17,3.348287799029338e-15,1.4608585510599205e-16,3.926787785249067e-15,1.8114646033143014e-16,2.7464140759926505e-15,2.980151444162238e-16,1.1336262356224984e-15,3.7982322327557934e-16,8.180807885935555e-17,8.180807885935555e-17,0.04454241375548265,3.7982322327557934e-16
quadratic,20260924,8,7393,0,18.999495601741152,True,True,32,1.8999495601741153e-07,6.661338147750939e-15,4.852547916342301,2.6820427492669723e-13,9.34933347671691e-16,2.6726934157902556e-13,,1.4116389221517988e-14,4.920832464552437e-17,1.4067180896872464e-14,4.093947403305265e-15,9.603429163007604e-15,4.440892098500626e-16,2.220446049250313e-16,1.7763568394002505e-15,1.7763568394002505e-15,3.656466663839868e-16,1.3322676295501878e-15,0.24427897517307492,0.07922819040222008,0.5007598985507671,0.06317941638923096,2.997681746774957e-15,1.343989866975127e-16,6.351812980008534e-15,2.629545391907857e-16,9.723474515854832e-15,4.3825756531797616e-16,8.730090701134086e-15,5.025353415646126e-16,3.570338298790446e-15,5.726565520154889e-16,3.3307574964166186e-16,3.3307574964166186e-16,0.06317941638923096,5.726565520154889e-16
quadratic,20260924,9,8134,0,18.999495601741152,True,True,32,1.8999495601741153e-07,5.551115123125783e-15,12.809975318231864,3.7176004668861734e-13,1.693090112553365e-15,3.7006695657606397e-13,,1.956683769302531e-14,8.911237161465522e-17,1.9477725321410652e-14,3.700743415417189e-15,1.1796119636642288e-14,1.3322676295501878e-15,5.551115123125783e-17,0.0,0.0,9.521484130237644e-16,1.7763568394002505e-15,0.48310396374882086,0.10909667281335819,0.44089482364995153,0.06817046512041615,4.277393837503448e-15,1.8698989453566984e-16,7.432848307792876e-15,3.272323154374222e-16,7.841888702089653e-15,3.973535258882984e-16,6.322595808987336e-15,5.609696836070095e-16,3.1203938650639903e-15,8.648282622274729e-16,5.375959467900508e-16,5.375959467900508e-16,0.06817046512041615,8.648282622274729e-16
quadratic,20260924,10,555,1,18.999495601741152,True,True,32,1.8999495601741153e-07,1.7763568394002505e-14,29.17050281511676,7.387275976119175e-13,7.935583407323694e-15,7.307920142045938e-13,,3.888143207045028e-14,4.176733726866128e-16,3.8463758697763664e-14,1.1546319456101628e-14,2.880681804207086e-14,1.7763568394002505e-15,0.0,0.0,7.105427357601002e-15,5.15989367635311e-16,0.0,1.0012139532543423,0.36276559336635117,1.377023024818929,0.2707043877152817,4.441009995222158e-15,3.739797890713397e-16,8.62490888545777e-15,4.207272627052571e-16,9.466363410868285e-15,6.07717157240927e-16,6.287535203761898e-15,7.479595781426794e-16,3.7631716275303554e-15,9.816969463122667e-16,1.6829090508210284e-15,1.6829090508210284e-15,0.2707043877152817,1.6829090508210284e-15
quadratic,20260924,11,1680,1,18.999495601741152,True,True,32,1.8999495601741153e-07,1.0658141036401503e-14,27.530872972888375,5.603865916277362e-13,3.4349176941936956e-15,5.569516739335425e-13,,2.9494814145296636e-14,1.8078994128027866e-16,2.931402420401636e-14,1.0954200509634878e-14,1.6389667401028873e-14,3.552713678800501e-15,1.7763568394002505e-15,7.105427357601002e-15,7.105427357601002e-15,2.2706704241738325e-15,0.0,0.8485993653422251,0.2843069665625439,1.23373872254111,0.23181633589789474,5.165595836547879e-15,3.272323154374222e-16,9.536484621319161e-15,6.778383676918031e-16,1.156999972439457e-14,8.648282622274729e-16,8.017191728216844e-15,9.816969463122667e-16,2.851595891668965e-15,7.479595781426794e-16,6.310908940578857e-16,6.310908940578857e-16,0.23181633589789474,9.816969463122667e-16
quadratic,20260924,12,2586,1,18.999495601741152,True,True,32,1.8999495601741153e-07,1.3322676295501878e-14,25.601414367438768,6.577447416087979e-13,2.782760794282186e-15,6.549619808145158e-13,,3.4619063337056214e-14,1.4646498268233857e-16,3.447259835437388e-14,1.3322676295501878e-14,1.930400284066991e-14,3.552713678800501e-15,1.7763568394002505e-15,3.552713678800501e-15,3.552713678800501e-15,3.697571349632548e-15,8.881784197001252e-16,0.9353036739156221,0.33649711086776923,1.2156901660228225,0.22672720757610818,5.866807941056641e-15,4.674747363391746e-16,9.95721188402442e-15,5.142222099730921e-16,1.1102524988055396e-14,5.375959467900508e-16,6.053797835592311e-15,6.310908940578857e-16,8.882019990444316e-16,2.337373681695873e-16,7.947070517765968e-16,7.947070517765968e-16,0.22672720757610818,7.947070517765968e-16
quadratic,20260924,13,3766,1,18.999495601741152,True,True,32,1.8999495601741153e-07,1.6431300764452317e-14,27.267377993594014,7.246843006633189e-13,5.101673052264138e-15,7.195826276110548e-13,,3.8142291556250967e-14,2.6851623638874975e-16,3.7873775319862217e-14,1.3005469717037548e-14,2.927866282753655e-14,3.552713678800501e-15,1.7763568394002505e-15,3.552713678800501e-15,3.552713678800501e-15,2.501173871191248e-15,3.552713678800501e-15,1.0835860612337125,0.36165118737872975,1.373584724724171,0.22440797320719186,5.235717046998755e-15,2.8048484180350474e-16,8.905393727261276e-15,5.609696836070095e-16,1.0962282567153644e-14,7.012121045087618e-16,7.923696780949009e-15,7.713333149596381e-16,3.5528079961777265e-15,6.310908940578857e-16,3.038585786204635e-16,3.038585786204635e-16,0.22440797320719186,7.713333149596381e-16
quadratic,20260924,14,4718,1,18.999495601741152,True,True,32,1.8999495601741153e-07,7.993605777301127e-15,14.454238736563326,5.014779927293658e-13,2.3614047225553993e-15,4.991165880068104e-13,,2.639427926094045e-14,1.2428775858339078e-16,2.6269991502357062e-14,6.217248937900877e-15,2.4147350785597155e-14,1.7763568394002505e-15,2.220446049250313e-16,1.7763568394002505e-15,0.0,1.118153189086765e-15,0.0,0.672296855729583,0.29562734753025577,0.559512543599955,0.10870604653569622,4.627999889757829e-15,2.1036363135262855e-16,9.162504832247822e-15,3.739797890713397e-16,1.2481575460255961e-14,5.609696836070095e-16,9.840343199939626e-15,8.180807885935555e-16,4.3241413111373645e-15,9.816969463122667e-16,1.0050706831292253e-15,1.0050706831292253e-15,0.10870604653569622,1.0050706831292253e-15
quadratic,20260924,15,4831,1,18.999495601741152,True,True,32,1.8999495601741153e-07,2.1316282072803006e-14,30.908212904523968,6.719843596913493e-13,3.120784054458242e-15,6.68863575636891e-13,,3.53685368168283e-14,1.642561528934614e-16,3.520428066393483e-14,1.3156142841808105e-14,2.9080904351275194e-14,3.552713678800501e-15,1.7763568394002505e-15,7.105427357601002e-15,7.105427357601002e-15,4.0829773424667085e-15,0.0,1.1786133639956622,0.35070555951003896,1.575452006854448,0.2605170289548545,5.7966867306057644e-15,3.739797890713397e-16,1.1079151251238437e-14,5.609696836070095e-16,1.488907035240271e-14,7.245858413257206e-16,1.0190949252194007e-14,1.0050706831292253e-15,3.9034140484321075e-15,1.1920605776648952e-15,7.012121045087618e-17,7.012121045087618e-17,0.2605170289548545,1.1920605776648952e-15
quadratic,20260924,16,6080,1,18.999495601741152,True,True,32,1.8999495601741153e-07,1.4654943925052066e-14,28.10619895879337,7.339726049160334e-13,3.33859923833708e-15,7.306340056776963e-13,,3.86311626530112e-14,1.7572041428463628e-16,3.8455442238726565e-14,8.548717289613705e-15,4.17582635137137e-14,3.552713678800501e-15,3.552713678800501e-15,7.105427357601002e-15,3.552713678800501e-15,4.293919717145489e-15,0.0,1.175631778574237,0.3323774958929086,1.544068800027512,0.2570062117632807,4.6747473633917455e-15,2.8048484180350474e-16,1.1172646198506273e-14,5.609696836070095e-16,1.3159413827947765e-14,8.882019990444316e-16,1.0167575515377047e-14,1.1686868408479364e-15,4.931858468378292e-15,1.5426666299192762e-15,1.121939367214019e-15,1.121939367214019e-15,0.2570062117632807,1.5426666299192762e-15
quadratic,20260924,17,6208,1,18.999495601741152,True,True,32,1.8999495601741153e-07,1.1546319456101628e-14,18.19279035438371,4.692830119210728e-13,2.920811740618014e-15,4.663622001804548e-13,,2.4699761601990467e-14,1.5373101485653887e-16,2.4546030587133926e-14,6.153807622208011e-15,1.6920492784677776e-14,2.6645352591003757e-15,8.881784197001252e-16,3.552713678800501e-15,0.0,2.2833586873124072e-15,1.7763568394002505e-15,0.9801093927289445,0.35379255937944054,0.5777673635147913,0.13079942073126496,3.4826867857268505e-15,2.1036363135262855e-16,7.689959412779421e-15,3.739797890713397e-16,8.578161411823854e-15,5.843434204239682e-16,6.965373571453701e-15,5.609696836070095e-16,3.295696891191181e-15,6.778383676918031e-16,1.1686868408479366e-16,1.1686868408479366e-16,0.13079942073126496,6.778383676918031e-16
quadratic,20260924,18,7156,1,18.999495601741152,True,True,32,1.8999495601741153e-07,7.993605777301127e-15,16.956480143710092,4.584327956929408e-13,1.3082788820538243e-15,4.57124516810887e-13,,2.4128682429386657e-14,6.885861127460305e-17,2.405982381811205e-14,6.8833827526759706e-15,1.304512053934559e-14,2.6645352591003757e-15,8.881784197001252e-16,3.552713678800501e-15,0.0,2.5630291539917895e-15,8.881784197001252e-16,0.6599275423408366,0.27528250288382566,0.551010199226103,0.13065477017896007,3.786545364347314e-15,2.8048484180350474e-16,5.7265655201548884e-15,3.739797890713397e-16,5.843434204239682e-15,4.207272627052571e-16,4.557878679306952e-15,5.609696836070095e-16,2.0101413662584506e-15,6.544646308748444e-16,1.8698989453566984e-16,1.8698989453566984e-16,0.13065477017896007,6.544646308748444e-16
quadratic,20260924,19,8365,1,18.999495601741152,True,True,32,1.8999495601741153e-07,1.2434497875801753e-14,22.705736517905468,5.187218049276137e-13,4.1375963501960334e-15,5.145842085774177e-13,,2.7301872418132878e-14,2.1777401026461228e-16,2.7084098407868266e-14,8.501136302844056e-15,1.9168694409543718e-14,1.3322676295501878e-15,8.881784197001252e-16,3.552713678800501e-15,3.552713678800501e-15,1.6330852014605282e-15,0.0,0.6080171072833587,0.2381177592642498,1.1908321345508717,0.2992474825388586,5.259090783815714e-15,3.739797890713397e-16,8.952141200895193e-15,4.674747363391746e-16,1.0635050251716221e-14,5.375959467900508e-16,6.98874730827066e-15,6.778383676918031e-16,3.2255756807403048e-15,8.882019990444316e-16,6.310908940578857e-16,6.310908940578857e-16,0.2992474825388586,8.882019990444316e-16
quadratic,20260924,20,368,2,18.999495601741152,True,True,32,1.8999495601741153e-07,7.327471962526033e-15,8.659378939476865,4.4011702351359496e-13,2.608693684349885e-15,4.3750832982924507e-13,,2.3164668828011505e-14,1.3730331262640567e-16,2.30273655153851e-14,5.255055649892407e-15,1.8207657603852567e-14,1.7763568394002505e-15,8.881784197001252e-16,3.552713678800501e-15,1.7763568394002505e-15,1.768426674938643e-15,1.7763568394002505e-15,0.5000468454835203,0.18930956108063163,0.7451916513127467,0.08951544178867571,5.118848362913962e-15,2.337373681695873e-16,8.788525043176483e-15,4.674747363391746e-16,1.0050706831292253e-14,4.441009995222158e-16,6.98874730827066e-15,8.180807885935555e-16,3.1554544702894283e-15,1.0985656303970603e-15,2.1036363135262855e-16,2.1036363135262855e-16,0.08951544178867571,1.0985656303970603e-15
quadratic,20260924,21,750,2,18.999495601741152,True,True,32,1.8999495601741153e-07,4.884981308350689e-15,12.729982008072458,5.060793715311582e-13,3.011479954295737e-15,5.030678915768624e-13,,2.663646352194634e-14,1.5850315279000138e-16,2.647796036915634e-14,5.921189464667502e-15,1.6209256159527285e-14,8.881784197001252e-16,4.440892098500626e-16,1.7763568394002505e-15,3.552713678800501e-15,5.99520433297585e-16,1.7763568394002505e-15,0.6089601273930725,0.17620719428596102,0.5818917460635361,0.059170944390895285,6.684888729650197e-15,4.207272627052571e-16,1.1359636093041942e-14,5.609696836070095e-16,1.0938908830336685e-14,7.479595781426794e-16,6.684888729650197e-15,5.609696836070095e-16,1.9166464189906157e-15,7.479595781426794e-16,3.272323154374222e-16,3.272323154374222e-16,0.059170944390895285,7.479595781426794e-16
quadratic,20260924,22,1640,2,18.999495601741152,True,True,32,1.8999495601741153e-07,3.3306690738754696e-15,3.8506347957918106,3.2312390197382285e-13,1.9607992478364894e-15,3.2116310272598637e-13,,1.7006972645327024e-14,1.0320270016309263e-16,1.690376994516393e-14,2.3869795029440866e-15,1.1782241848834474e-14,4.440892098500626e-16,5.551115123125783e-17,2.6645352591003757e-15,4.440892098500626e-16,4.472612756347062e-16,1.7763568394002505e-15,0.2015255180347714,0.06139899561936448,0.2043062670048742,0.0214929992782374,4.581252416123911e-15,2.337373681695873e-16,7.947070517765967e-15,3.272323154374222e-16,8.741777569542564e-15,5.142222099730921e-16,5.843434204239682e-15,5.843434204239682e-16,1.823151471722781e-15,5.142222099730921e-16,4.674747363391746e-17,4.674747363391746e-17,0.0214929992782374,5.843434204239682e-16
quadratic,20260924,23,2633,2,18.999495601741152,True,True,32,1.8999495601741153e-07,5.773159728050814e-15,8.983239088884726,4.3282484078292307e-13,2.5520590931532345e-15,4.302727816897698e-13,,2.2780859547832318e-14,1.3432246553531446e-16,2.2646537082297004e-14,5.218048215738236e-15,1.3575945922994492e-14,1.1102230246251565e-15,2.220446049250313e-16,0.0,1.7763568394002505e-15,8.702033802538128e-16,1.7763568394002505e-15,0.5049345950230546,0.17440558458314337,0.6127159285219651,0.11075985432014565,5.188969573364838e-15,2.8048484180350474e-16,8.27430283320339e-15,5.609696836070095e-16,9.302747253149574e-15,5.142222099730921e-16,6.638141256016279e-15,6.07717157240927e-16,3.3190706280081396e-15,6.544646308748444e-16,6.07717157240927e-16,6.07717157240927e-16,0.11075985432014565,6.544646308748444e-16
quadratic,20260924,24,2999,2,18.999495601741152,True,True,32,1.8999495601741153e-07,3.1086244689504383e-15,1.677614063576387,2.6168477107457733e-13,1.651820215001078e-15,2.6003295085957625e-13,,1.3773248330371255e-14,8.69402140786149e-17,1.3686308116292641e-14,2.854859206178974e-15,1.066507993030541e-14,5.551115123125783e-16,0.0,6.661338147750939e-16,1.7763568394002505e-15,5.989917556668115e-16,1.7763568394002505e-15,0.3144187748156738,0.09483650433981043,0.12513394013523957,0.016238675783911267,3.272323154374222e-15,2.337373681695873e-16,4.627999889757829e-15,2.5711110498654603e-16,5.773312993788806e-15,2.5711110498654603e-16,4.814989784293498e-15,5.142222099730921e-16,1.6595353140040698e-15,5.142222099730921e-16,3.973535258882984e-16,3.973535258882984e-16,0.016238675783911267,5.142222099730921e-16
quadratic,20260924,25,6288,2,18.999495601741152,True,True,32,1.8999495601741153e-07,4.6629367034256575e-15,4.068442981820258,3.448415164530871e-13,2.2210738539368574e-15,3.4262044259915025e-13,,1.815003533154244e-14,1.1690172731392477e-16,1.8033133604228516e-14,3.6637359812630166e-15,1.3648804308985518e-14,4.440892098500626e-16,4.440892098500626e-16,1.7763568394002505e-15,1.7763568394002505e-15,3.848773152033878e-16,1.7763568394002505e-15,0.29520195834878676,0.10774081562598775,0.38860883998587437,0.06392223802412166,4.885110994744374e-15,2.8048484180350474e-16,8.250929096386431e-15,3.973535258882984e-16,8.905393727261276e-15,4.674747363391746e-16,6.053797835592311e-15,4.908484731561333e-16,2.1971312607941207e-15,7.713333149596381e-16,5.142222099730921e-16,5.142222099730921e-16,0.06392223802412166,7.713333149596381e-16
quadratic,20260924,26,6518,2,18.999495601741152,True,True,32,1.8999495601741153e-07,2.886579864025407e-15,6.451357165607069,4.982126649064187e-13,1.7929936635936686e-15,4.96419671242825e-13,,2.6222415339318877e-14,9.437059283980965e-17,2.6128044746479066e-14,6.2727600891321345e-15,1.9192980538207394e-14,6.661338147750939e-16,2.220446049250313e-16,1.7763568394002505e-15,1.7763568394002505e-15,7.438494264988538e-16,1.7763568394002505e-15,0.38628986099450274,0.10581098160010578,0.25264075400015135,0.05261898718089926,5.3759594679005074e-15,2.337373681695873e-16,1.0775292672617973e-14,4.207272627052571e-16,1.3136040091130806e-14,6.07717157240927e-16,9.045636148163028e-15,8.648282622274729e-16,3.8332928379812315e-15,7.713333149596381e-16,6.778383676918031e-16,6.778383676918031e-16,0.05261898718089926,8.648282622274729e-16
quadratic,20260924,27,7013,2,18.999495601741152,True,True,32,1.8999495601741153e-07,6.217248937900877e-15,0.5801744305609642,3.455062294467295e-13,1.511885854605614e-15,3.439943435921239e-13,,1.8185021154723003e-14,7.957505221702106e-17,1.810544610250598e-14,4.440892098500626e-15,1.1379786002407855e-14,4.440892098500626e-16,2.220446049250313e-16,1.7763568394002505e-15,0.0,8.294952026842257e-16,1.7763568394002505e-15,0.5469107816292793,0.17831874595755148,0.67145151859706,0.09575393345575314,3.8332928379812315e-15,2.8048484180350474e-16,6.918626097819783e-15,3.272323154374222e-16,7.54971699187767e-15,3.973535258882984e-16,5.235717046998755e-15,3.739797890713397e-16,1.5894141035531936e-15,4.441009995222158e-16,2.1036363135262855e-16,2.1036363135262855e-16,0.09575393345575314,4.441009995222158e-16
quadratic,20260924,28,7633,2,18.999495601741152,True,True,32,1.8999495601741153e-07,3.774758283725532e-15,3.0255416862465765,3.481016483661942e-13,2.354994506282267e-15,3.457466538599119e-13,,1.8321625776965017e-14,1.239503698227889e-16,1.819767540714223e-14,4.810966440042345e-15,1.2254086634300165e-14,6.661338147750939e-16,1.1102230246251565e-16,1.3322676295501878e-15,4.440892098500626e-16,4.869120979427481e-16,1.7763568394002505e-15,0.28112839299342013,0.06825275220354222,0.22436740337788957,0.056222440730537254,5.609696836070095e-15,3.272323154374222e-16,9.653353305403955e-15,4.908484731561333e-16,9.139131095430864e-15,6.778383676918031e-16,5.165595836547879e-15,5.375959467900508e-16,1.6829090508210284e-15,3.506060522543809e-16,2.337373681695873e-17,2.337373681695873e-17,0.056222440730537254,6.778383676918031e-16
quadratic,20260924,29,8675,2,18.999495601741152,True,True,32,1.8999495601741153e-07,1.9984014443252818e-15,0.17943406147218877,2.7119114658939806e-13,1.094428780405786e-15,2.700967178089923e-13,,1.4273597166681918e-14,5.760304396215079e-17,1.421599412271977e-14,2.1094237467877974e-15,8.310192811666894e-15,4.440892098500626e-16,4.440892098500626e-16,1.1102230246251565e-15,2.220446049250313e-16,2.9183005218718395e-16,1.7763568394002505e-15,0.25773388582826057,0.08028292993190118,0.17525881479524816,0.033175400668634114,3.5060605225438093e-15,2.337373681695873e-16,6.1472927828601454e-15,3.272323154374222e-16,6.123919046043187e-15,3.506060522543809e-16,3.4593130489098917e-15,4.441009995222158e-16,1.2621817881157714e-15,3.272323154374222e-16,4.674747363391746e-16,4.674747363391746e-16,0.033175400668634114,4.674747363391746e-16
quadratic,20260924,30,1852,3,18.999495601741152,True,True,32,1.8999495601741153e-07,3.6637359812630166e-15,1.1272916353033862,2.918280599011562e-13,2.408645540893432e-15,2.8941941436026276e-13,,1.5359779334058346e-14,1.267741834510964e-16,1.523300515060725e-14,3.3491727909525553e-15,1.0408340855860843e-14,3.3306690738754696e-16,1.1102230246251565e-16,1.1102230246251565e-15,6.661338147750939e-16,1.6230403264758203e-16,1.5543122344752192e-15,0.3065318771615244,0.12728585297525166,0.7624487829729254,0.09649145371568932,3.0385857862046347e-15,1.4024242090175237e-16,5.557105928231938e-15,3.272323154374222e-16,6.381030151029733e-15,4.674747363391746e-16,4.464383732039117e-15,5.142222099730921e-16,2.2730959054492363e-15,4.499444337264555e-16,7.245858413257206e-16,7.245858413257206e-16,0.09649145371568932,7.245858413257206e-16
quadratic,20260924,31,3313,3,18.999495601741152,True,True,32,1.8999495601741153e-07,6.661338147750939e-15,6.396537466872677,3.6856480169409976e-13,2.5957410823959205e-15,3.6596906061170385e-13,,1.9398662439245163e-14,1.3662157863591082e-16,1.9262040860609253e-14,5.551115123125783e-15,7.93809462606987e-15,1.3322676295501878e-15,4.440892098500626e-16,8.881784197001252e-16,2.6645352591003757e-15,1.0333004293475576e-15,1.3322676295501878e-15,0.5343555964220509,0.18993655235402537,0.9330467034932985,0.1930908371506101,4.359201916362803e-15,1.636161577187111e-16,7.456222044609834e-15,3.622929206628603e-16,7.584777597103108e-15,3.739797890713397e-16,3.86251000900243e-15,4.0904039429677775e-16,1.3381464327708873e-15,3.3891918384590157e-16,1.5192928931023175e-16,1.5192928931023175e-16,0.1930908371506101,4.0904039429677775e-16
quadratic,20260924,32,5269,3,18.999495601741152,True,True,32,1.8999495601741153e-07,7.549516567451064e-15,14.060493179155129,4.712619183777633e-13,3.864897819772482e-15,4.673970205579908e-13,,2.4803917338446393e-14,2.034210750004487e-16,2.4600496263445943e-14,6.411537967210279e-15,1.201816424156732e-14,2.220446049250313e-15,4.440892098500626e-16,1.7763568394002505e-15,1.7763568394002505e-15,1.9209501714169044e-15,1.3322676295501878e-15,0.4227718197088359,0.19493982758374215,1.0537028645014133,0.23504663024101277,4.569565547715432e-15,2.337373681695873e-16,9.548171489727641e-15,3.739797890713397e-16,1.085710075147733e-14,4.908484731561333e-16,7.222484676440247e-15,7.012121045087618e-16,1.6712221824125492e-15,5.259090783815714e-16,2.687979733950254e-16,2.687979733950254e-16,0.23504663024101277,7.012121045087618e-16
quadratic,20260924,33,5365,3,18.999495601741152,True,True,32,1.8999495601741153e-07,2.55351295663786e-15,3.2382602714801516,2.463282388911364e-13,1.062708122559353e-15,2.4526553076857707e-13,,1.2964988337298933e-14,5.593349133236802e-17,1.2909054845966565e-14,1.9984014443252818e-15,6.231126725708691e-15,5.551115123125783e-16,2.220446049250313e-16,1.3322676295501878e-15,1.7763568394002505e-15,2.4861065587141795e-16,1.3322676295501878e-15,0.3051741753928881,0.0681553126064567,0.4220983717810456,0.08225475394303804,3.3366009306208584e-15,2.1036363135262855e-16,5.428550375738665e-15,2.8048484180350474e-16,5.083787757688523e-15,3.038585786204635e-16,2.4717726683933856e-15,2.8048484180350474e-16,6.953686703045221e-16,1.6945959192295078e-16,2.3958080237382697e-16,2.3958080237382697e-16,0.08225475394303804,3.038585786204635e-16
quadratic,20260924,34,6132,3,18.999495601741152,True,True,32,1.8999495601741153e-07,5.329070518200751e-15,2.5155432588157067,2.5302921134001943e-13,1.4317251088395262e-15,2.515974862311799e-13,,1.3317680460781881e-14,7.535595359217431e-17,1.3242324507189705e-14,4.37745078280776e-15,7.105427357601002e-15,6.661338147750939e-16,2.220446049250313e-16,1.7763568394002505e-15,8.881784197001252e-16,3.912214467726736e-16,1.3322676295501878e-15,0.31567353451950436,0.11405413983542163,0.3023182137210929,0.05423363794836542,3.1320807334724695e-15,1.636161577187111e-16,5.3116816916538714e-15,2.337373681695873e-16,5.820060467422724e-15,3.272323154374222e-16,3.961848390474504e-15,3.3891918384590157e-16,1.215434314481854e-15,4.031969600925381e-16,9.349494726783492e-17,9.349494726783492e-17,0.05423363794836542,4.031969600925381e-16
quadratic,20260924,35,6433,3,18.999495601741152,True,True,32,1.8999495601741153e-07,2.942091015256665e-15,-1.4141487058923172,2.521143346999652e-13,1.0385872056552966e-15,2.5107574749430993e-13,,1.3269527780351229e-14,5.4663935686804143e-17,1.3214863844664425e-14,2.2870594307278226e-15,7.271960811294775e-15,1.1102230246251565e-16,2.220446049250313e-16,1.5543122344752192e-15,6.661338147750939e-16,1.7274541585536596e-16,1.3322676295501878e-15,0.18528628461025554,0.06084027153603843,0.38517977776090284,0.0385299219181046,2.910030233711362e-15,1.636161577187111e-16,5.837590770035443e-15,2.4542423657806667e-16,7.193267505419049e-15,3.213888812331825e-16,4.505287771468795e-15,3.8566665747981904e-16,1.3323029985666475e-15,3.3307574964166186e-16,1.9283332873990952e-16,1.9283332873990952e-16,0.0385299219181046,3.8566665747981904e-16
quadratic,20260924,36,8177,3,18.999495601741152,True,True,32,1.8999495601741153e-07,8.659739592076221e-15,12.236185110440665,6.794301893584648e-13,2.513597795514432e-15,6.769165915629504e-13,,3.5760432992557995e-14,1.3229813297170272e-16,3.562813485958629e-14,8.120488408686859e-15,2.0622392682412283e-14,1.7763568394002505e-15,2.7755575615628914e-16,1.7763568394002505e-15,0.0,8.442981763458954e-16,1.7763568394002505e-15,0.6995852224045868,0.29575044873889217,0.8785970019452851,0.14102960847006,6.591393782382362e-15,4.674747363391746e-16,1.286724211773578e-14,7.012121045087618e-16,1.509943398375534e-14,7.947070517765968e-16,1.0529868436039908e-14,7.479595781426794e-16,3.926787785249067e-15,8.648282622274729e-16,1.636161577187111e-16,1.636161577187111e-16,0.14102960847006,8.648282622274729e-16
quadratic,20260924,37,8415,3,18.999495601741152,True,True,32,1.8999495601741153e-07,2.886579864025407e-15,5.756188713176209,1.6915468695067828e-13,2.052524816775759e-15,1.6710216213390253e-13,,8.90311461400989e-15,1.0803048985088117e-16,8.79508412415901e-15,3.013462495411139e-15,6.673481212082777e-15,6.661338147750939e-16,2.220446049250313e-16,8.881784197001252e-16,1.7763568394002505e-15,8.170712783610382e-16,1.3322676295501878e-15,0.17259581879096847,0.06832378555911121,0.277151959524306,0.037888133150668864,2.372434286921311e-15,1.0518181567631428e-16,3.751484759121876e-15,2.1036363135262855e-16,4.452696863630638e-15,2.4542423657806667e-16,3.3891918384590157e-15,3.1554544702894285e-16,9.232626042698699e-16,2.1036363135262855e-16,3.8566665747981904e-16,3.8566665747981904e-16,0.037888133150668864,3.8566665747981904e-16
quadratic,20260924,38,8439,3,18.999495601741152,True,True,32,1.8999495601741153e-07,4.884981308350689e-15,13.38465163782395,5.068290694539475e-13,2.641901248032867e-15,5.041871682059147e-13,,2.6675922354880866e-14,1.3905112553570936e-16,2.6536871229345157e-14,6.026924990822278e-15,2.848415947553917e-14,8.881784197001252e-16,8.881784197001252e-16,3.552713678800501e-15,3.552713678800501e-15,7.992284083224199e-16,1.7763568394002505e-15,0.3422414250427151,0.07672740359123838,1.0445863502830002,0.2768888595662773,4.2598635348907285e-15,2.337373681695873e-16,8.455449293534821e-15,5.142222099730921e-16,1.1067464382829957e-14,7.012121045087618e-16,9.01641897714183e-15,1.0751918935801015e-15,4.236489798073769e-15,1.0342878541504237e-15,8.940454332486714e-16,8.940454332486714e-16,0.2768888595662773,1.0751918935801015e-15
quadratic,20260924,39,8661,3,18.999495601741152,True,True,32,1.8999495601741153e-07,8.881784197001252e-15,11.243592808314123,4.694930621522497e-13,3.882311139236095e-15,4.656107510130136e-13,,2.471081717081081e-14,2.0433758982950642e-16,2.4506479580981303e-14,8.548717289613705e-15,1.815214645262131e-14,1.7763568394002505e-15,4.440892098500626e-16,0.0,3.552713678800501e-15,9.701234524700787e-16,1.7763568394002505e-15,0.5687227115850619,0.2516679433840443,0.4273128123319279,0.05727979574601894,4.04365646933386e-15,2.8048484180350474e-16,8.028878596625324e-15,6.07717157240927e-16,1.0003959357658336e-14,6.42777762466365e-16,6.5212725719314856e-15,5.726565520154889e-16,2.629545391907857e-15,5.259090783815714e-16,7.713333149596381e-16,7.713333149596381e-16,0.05727979574601894,7.713333149596381e-16
quadratic,20260924,40,239,4,18.999495601741152,True,True,32,1.8999495601741153e-07,6.661338147750939e-15,3.7681117053682236,5.227146757763854e-13,1.6952048230764573e-15,5.21019470953309e-13,,2.7512029094524108e-14,8.922367512330723e-17,2.74228054194008e-14,4.574118861455645e-15,1.97758476261356e-14,2.220446049250313e-15,3.3306690738754696e-16,5.329070518200751e-15,2.6645352591003757e-15,1.7012846158303584e-15,2.6645352591003757e-15,0.6364431430038773,0.17169853229782964,1.129267159250801,0.12647103849860974,6.731636203284114e-15,2.8048484180350474e-16,8.134060412301638e-15,4.207272627052571e-16,1.0354565409912717e-14,7.479595781426794e-16,1.0074080568109213e-14,1.0050706831292253e-15,3.9034140484321075e-15,1.0050706831292253e-15,6.544646308748444e-16,6.544646308748444e-16,0.12647103849860974,1.0050706831292253e-15
quadratic,20260924,41,1142,4,18.999495601741152,True,True,32,1.8999495601741153e-07,4.440892098500626e-15,-5.236578728894537,3.135386295831972e-13,2.1291335097100854e-15,3.114094960734871e-13,,1.6502471231629112e-14,1.1206263336353873e-16,1.6390408598265572e-14,5.138746571122153e-15,1.2967057982926633e-14,6.661338147750939e-16,4.440892098500626e-16,2.6645352591003757e-15,0.0,8.474702421305377e-16,2.6645352591003757e-15,0.3954976954129031,0.15404406939310156,0.23911309838323527,0.03458896110157226,4.020282732516901e-15,2.337373681695873e-16,6.334282677395816e-15,2.8048484180350474e-16,6.497898835114526e-15,3.739797890713397e-16,3.809919101164273e-15,4.674747363391746e-16,1.5192928931023173e-15,4.441009995222158e-16,7.012121045087618e-17,7.012121045087618e-17,0.03458896110157226,4.674747363391746e-16
quadratic,20260924,42,3916,4,18.999495601741152,True,True,32,1.8999495601741153e-07,4.440892098500626e-15,2.324918864525138,5.719883891927172e-13,3.1903712476088525e-15,5.687980179451084e-13,,3.010545128052237e-14,1.6791873397504723e-16,2.9937532546547314e-14,4.9960036108132044e-15,1.9220736113823023e-14,6.661338147750939e-16,0.0,3.552713678800501e-15,1.7763568394002505e-15,6.354705121902074e-16,2.6645352591003757e-15,0.5020239434196703,0.13963628644324347,0.34357675894436646,0.04850828342737153,5.656444309704012e-15,3.739797890713397e-16,1.1733615882113283e-14,4.674747363391746e-16,1.4211231984710906e-14,7.012121045087618e-16,9.910464410390501e-15,9.349494726783493e-16,3.0385857862046347e-15,6.07717157240927e-16,4.207272627052571e-16,4.207272627052571e-16,0.04850828342737153,9.349494726783493e-16
quadratic,20260924,43,5343,4,18.999495601741152,True,True,32,1.8999495601741153e-07,2.3939183968479938e-15,0.8102941405097042,3.656664566876427e-13,1.7420526826628087e-15,3.6392440400497986e-13,,1.9246113915473222e-14,9.168941740238428e-17,1.9154424498070838e-14,3.78268844818714e-15,1.674528571360412e-14,1.1102230246251565e-16,5.551115123125783e-17,2.3314683517128287e-15,2.886579864025407e-15,1.5014444713978294e-16,2.6645352591003757e-15,0.24071776566562617,0.0628388009218222,0.2639834029691069,0.03011684815450437,3.739797890713397e-15,1.8698989453566984e-16,7.152363465989371e-15,2.8048484180350474e-16,9.115757358613904e-15,4.674747363391746e-16,7.386100834158959e-15,7.479595781426794e-16,3.4593130489098917e-15,8.414545254105142e-16,5.609696836070095e-16,5.609696836070095e-16,0.03011684815450437,8.414545254105142e-16
quadratic,20260924,44,6289,4,18.999495601741152,True,True,32,1.8999495601741153e-07,4.6629367034256575e-15,3.7321455288823913,4.023200093178623e-13,2.456368441983158e-15,3.9986364087587913e-13,,2.1175299479055268e-14,1.2928598176880294e-16,2.1046013497286464e-14,4.9960036108132044e-15,2.2065682614424986e-14,4.440892098500626e-16,8.881784197001252e-16,3.1086244689504383e-15,4.440892098500626e-15,3.531566573569545e-16,2.6645352591003757e-15,0.4162806752607975,0.14074794936391832,0.45892642096643876,0.05048729621749574,4.3241413111373645e-15,2.337373681695873e-16,7.409474570975917e-15,3.272323154374222e-16,9.139131095430864e-15,6.07717157240927e-16,7.54971699187767e-15,8.414545254105142e-16,3.3190706280081396e-15,8.882019990444316e-16,8.882019990444316e-16,8.882019990444316e-16,0.05048729621749574,8.882019990444316e-16
quadratic,20260924,45,6993,4,18.999495601741152,True,True,32,1.8999495601741153e-07,2.886579864025407e-15,0.08273497771152716,4.271855851860417e-13,2.034417607921753e-15,4.2515116757811997e-13,,2.248404874216206e-14,1.0707745355804682e-16,2.2376971288604012e-14,4.070817756958908e-15,1.320818454608741e-14,1.1102230246251565e-16,5.551115123125783e-17,2.4424906541753444e-15,2.4424906541753444e-15,1.2734522431265964e-16,2.6645352591003757e-15,0.23511137604397828,0.08373277633181302,0.35286859916410956,0.04627044435997473,5.4460806783513835e-15,3.739797890713397e-16,9.513110884502203e-15,4.674747363391746e-16,1.0354565409912717e-14,5.609696836070095e-16,6.848504887368907e-15,5.843434204239682e-16,2.0568888398923682e-15,5.142222099730921e-16,9.349494726783492e-17,9.349494726783492e-17,0.04627044435997473,5.843434204239682e-16
quadratic,20260924,46,7594,4,18.999495601741152,True,True,32,1.8999495601741153e-07,2.886579864025407e-15,2.703566840001491,4.871313504689347e-13,3.410218536130977e-15,4.837211319328037e-13,,2.5639172780160173e-14,1.7948995108156754e-16,2.5459682829078606e-14,4.6583107741563855e-15,2.0518309273853674e-14,2.220446049250313e-16,1.1102230246251565e-16,3.1086244689504383e-15,4.440892098500626e-16,2.950021179718247e-16,2.6645352591003757e-15,0.29794245939696,0.11119009847529979,0.26292866590246805,0.03236597848654386,4.768242310659581e-15,3.272323154374222e-16,8.928767464078235e-15,4.207272627052571e-16,1.0892161356702767e-14,6.07717157240927e-16,7.245858413257207e-15,8.882019990444316e-16,3.178828207106387e-15,1.0284444199461841e-15,6.07717157240927e-16,6.07717157240927e-16,0.03236597848654386,1.0284444199461841e-15
quadratic,20260924,47,8085,4,18.999495601741152,True,True,32,1.8999495601741153e-07,4.6629367034256575e-15,2.8303420105558192,3.452126481498904e-13,2.258874304537189e-15,3.4295377384535323e-13,,1.81695690973109e-14,1.188912775310825e-16,1.8050677819779817e-14,3.520993020954068e-15,1.1581013925621164e-14,8.881784197001252e-16,1.1102230246251565e-16,3.552713678800501e-15,3.9968028886505635e-15,8.649166039460744e-16,2.6645352591003757e-15,0.3210469732633149,0.09116603956498785,0.2214271094218525,0.024980384008507245,3.8332928379812315e-15,1.8698989453566984e-16,7.666585675962463e-15,4.207272627052571e-16,9.770221989488749e-15,5.142222099730921e-16,6.217413993311022e-15,5.609696836070095e-16,2.75810094440113e-15,5.609696836070095e-16,3.739797890713397e-16,3.739797890713397e-16,0.024980384008507245,5.609696836070095e-16
quadratic,20260924,48,8903,4,18.999495601741152,True,True,32,1.8999495601741153e-07,2.220446049250313e-15,2.187517805002301,2.866203306441304e-13,2.266573172535335e-15,2.843537574715951e-13,,1.50856810439675e-14,1.1929649186726944e-16,1.4966384552100233e-14,2.4424906541753444e-15,8.579942312181288e-15,2.220446049250313e-16,2.220446049250313e-16,3.1086244689504383e-15,1.7763568394002505e-15,3.446978152645716e-16,2.6645352591003757e-15,0.16716995019201647,0.06920154852484736,0.3192280826328961,0.07184805412857724,3.9735352588829835e-15,1.8698989453566984e-16,6.8718786241858666e-15,3.272323154374222e-16,7.432848307792876e-15,3.739797890713397e-16,4.581252416123911e-15,3.739797890713397e-16,1.7764039980888633e-15,4.207272627052571e-16,9.349494726783492e-17,9.349494726783492e-17,0.07184805412857724,4.207272627052571e-16
quadratic,20260924,49,9143,4,18.999495601741152,True,True,32,1.8999495601741153e-07,6.439293542825908e-15,4.890307643594818,4.678296110293715e-13,2.8600468554309434e-15,4.649695641739406e-13,,2.4623264787434603e-14,1.505327781001114e-16,2.447273200933449e-14,4.51490696680897e-15,2.1049134657502577e-14,2.220446049250313e-16,1.1102230246251565e-16,3.552713678800501e-15,8.881784197001252e-16,4.927275518812604e-16,2.6645352591003757e-15,0.25875685626883166,0.08593769559909181,0.40103979582874244,0.059277930278203786,6.170666519677105e-15,3.739797890713397e-16,9.536484621319161e-15,4.674747363391746e-16,1.1640120934845447e-14,6.544646308748444e-16,9.910464410390501e-15,9.816969463122667e-16,4.721494837025663e-15,1.215434314481854e-15,7.479595781426794e-16,7.479595781426794e-16,0.059277930278203786,1.215434314481854e-15
quadratic,20260924,50,1325,5,18.999495601741152,True,True,32,1.8999495601741153e-07,8.43769498715119e-15,17.022709673098976,5.655182671355468e-13,2.801727104286199e-15,5.627165400312606e-13,,2.9764909500214394e-14,1.4746323602556285e-16,2.961744626418883e-14,5.551115123125783e-15,1.6209256159527285e-14,8.881784197001252e-16,8.881784197001252e-16,3.552713678800501e-15,0.0,1.2682976362265455e-15,1.7763568394002505e-15,1.0905098621109004,0.23124447434358433,0.6825587375940613,0.12372117895803353,6.310908940578857e-15,4.207272627052571e-16,9.816969463122666e-15,4.674747363391746e-16,9.653353305403955e-15,6.544646308748444e-16,6.42777762466365e-15,5.142222099730921e-16,1.8465252085397397e-15,7.479595781426794e-16,2.5711110498654603e-16,2.5711110498654603e-16,0.12372117895803353,7.479595781426794e-16
quadratic,20260924,51,1435,5,18.999495601741152,True,True,32,1.8999495601741153e-07,1.3322676295501878e-14,18.564903599701598,7.190785004477599e-13,3.0096295825880294e-15,7.160688708651719e-13,,3.7847241606869927e-14,1.5840576221993076e-16,3.768883584465e-14,9.325873406851315e-15,1.9394208461420703e-14,8.881784197001252e-16,8.881784197001252e-16,3.552713678800501e-15,0.0,1.7483369249692345e-15,0.0,1.153347306714294,0.32586182962224136,0.7499656870276455,0.09915613348030186,6.357656414212774e-15,4.674747363391746e-16,1.1850484566198076e-14,6.07717157240927e-16,1.2621817881157713e-14,7.713333149596381e-16,8.508040201372977e-15,8.180807885935555e-16,3.599555469811644e-15,1.0518181567631427e-15,4.441009995222158e-16,4.441009995222158e-16,0.09915613348030186,1.0518181567631427e-15
quadratic,20260924,52,3703,5,18.999495601741152,True,True,32,1.8999495601741153e-07,1.4210854715202004e-14,15.43253607778248,5.589974581105259e-13,2.1323220966706906e-15,5.568651360138552e-13,,2.942169991393341e-14,1.1223045818517837e-16,2.930946945574823e-14,1.3068911032730415e-14,2.953887134893307e-14,8.881784197001252e-16,4.440892098500626e-16,0.0,0.0,1.0922479851788406e-15,0.0,0.8854314123069248,0.25198810591548765,0.45835051740756405,0.06439422106846544,6.240787730127981e-15,3.272323154374222e-16,1.1499878513943695e-14,4.207272627052571e-16,1.2481575460255961e-14,5.609696836070095e-16,9.372868463600451e-15,6.07717157240927e-16,3.3424443648250984e-15,8.882019990444316e-16,6.544646308748444e-16,6.544646308748444e-16,0.06439422106846544,8.882019990444316e-16
quadratic,20260924,53,4857,5,18.999495601741152,True,True,32,1.8999495601741153e-07,7.993605777301127e-15,10.040795972947896,4.690402497614918e-13,2.115371370134004e-15,4.669248783913578e-13,,2.4686984307020657e-14,1.1133829099863824e-16,2.4575646016022017e-14,6.407572884979475e-15,1.1657341758564144e-14,8.881784197001252e-16,8.881784197001252e-16,0.0,1.7763568394002505e-15,9.722381629931727e-16,0.0,0.7381417467122864,0.25060445766893474,0.5447945824494198,0.06985723968507045,4.6046261529408695e-15,2.5711110498654603e-16,8.648282622274729e-15,3.506060522543809e-16,9.583232094953078e-15,4.207272627052571e-16,5.562949362436177e-15,4.908484731561333e-16,1.3323029985666475e-15,3.739797890713397e-16,2.5711110498654603e-16,2.5711110498654603e-16,0.06985723968507045,4.908484731561333e-16
quadratic,20260924,54,4983,5,18.999495601741152,True,True,32,1.8999495601741153e-07,1.4210854715202004e-14,23.616204999145904,6.025928433488269e-13,2.32882496355896e-15,6.002640183852679e-13,,3.171625478802732e-14,1.2257298890321813e-16,3.15936817991241e-14,1.0935696792557792e-14,1.8943180357666733e-14,8.881784197001252e-16,8.881784197001252e-16,3.552713678800501e-15,3.552713678800501e-15,1.062113360224735e-15,0.0,1.0700889179990656,0.27017676078701197,0.5434868334515168,0.08411340496120423,5.960302888324476e-15,3.739797890713397e-16,9.793595726305707e-15,4.207272627052571e-16,1.1125898724872354e-14,5.609696836070095e-16,8.321050306837308e-15,9.349494726783493e-16,3.0619595230215935e-15,5.843434204239682e-16,6.778383676918031e-16,6.778383676918031e-16,0.08411340496120423,9.349494726783493e-16
quadratic,20260924,55,6323,5,18.999495601741152,True,True,32,1.8999495601741153e-07,1.4210854715202004e-14,19.787370586680833,6.757589197209633e-13,2.402575493051914e-15,6.733563442279115e-13,,3.5567203145068515e-14,1.2645469876746292e-16,3.544074844630105e-14,9.992007221626409e-15,1.457167719820518e-14,1.7763568394002505e-15,8.881784197001252e-16,3.552713678800501e-15,0.0,1.908526247093723e-15,1.7763568394002505e-15,1.256597011170568,0.3272024906793205,0.817850853172087,0.08197701917103455,5.70319178333793e-15,2.8048484180350474e-16,1.0424686620363594e-14,3.272323154374222e-16,1.140638356667586e-14,4.908484731561333e-16,6.9419998346367426e-15,8.414545254105142e-16,1.9166464189906157e-15,5.843434204239682e-16,2.8048484180350474e-16,2.8048484180350474e-16,0.08197701917103455,8.414545254105142e-16
quadratic,20260924,56,6699,5,18.999495601741152,True,True,32,1.8999495601741153e-07,7.993605777301127e-15,12.79987684508807,6.450733796332335e-13,2.469684509808277e-15,6.426036951234253e-13,,3.395213184365367e-14,1.2998684604984725e-16,3.382214499760382e-14,7.80328183022253e-15,2.1399548799649892e-14,1.7763568394002505e-15,3.469446951953614e-18,1.7763568394002505e-15,1.7763568394002505e-15,1.5215342213672365e-15,0.0,1.0560131754847282,0.2382170537967593,0.5545765957653694,0.09043455955833954,4.744868573842622e-15,3.272323154374222e-16,1.1266141145774108e-14,4.207272627052571e-16,1.3697009774737815e-14,7.947070517765968e-16,9.74684825267179e-15,8.882019990444316e-16,3.295696891191181e-15,9.583232094953079e-16,5.609696836070095e-16,5.609696836070095e-16,0.09043455955833954,9.583232094953079e-16
quadratic,20260924,57,6794,5,18.999495601741152,True,True,32,1.8999495601741153e-07,1.021405182655144e-14,14.696979082675249,6.495565989845479e-13,1.3119135407653901e-15,6.482446854437825e-13,,3.4188097021113615e-14,6.904991418009875e-17,3.4119047106933515e-14,1.4988010832439613e-14,2.2662427490161008e-14,8.881784197001252e-16,4.718447854656915e-16,1.7763568394002505e-15,0.0,1.4824120766899735e-15,0.0,0.9442406018594058,0.2419084201977812,0.5807527667493612,0.07066471594517491,5.913555414690558e-15,5.609696836070095e-16,9.770221989488749e-15,5.609696836070095e-16,1.0751918935801015e-14,4.674747363391746e-16,7.479595781426794e-15,5.843434204239682e-16,3.3424443648250984e-15,7.713333149596381e-16,1.0751918935801015e-15,1.0751918935801015e-15,0.07066471594517491,1.0751918935801015e-15
quadratic,20260924,58,7277,5,18.999495601741152,True,True,32,1.8999495601741153e-07,1.5987211554602254e-14,30.132740622099703,8.628953371942181e-13,3.0965970528503288e-15,8.597987401413678e-13,,4.541674975387982e-14,1.629831190132516e-16,4.5253766634866566e-14,1.3211653993039363e-14,1.9095836023552692e-14,5.329070518200751e-15,4.440892098500626e-16,0.0,3.552713678800501e-15,5.144033347429889e-15,0.0,1.0275800685302456,0.26011681337581266,1.0131205560072443,0.2787116610270904,7.806828096864215e-15,4.674747363391746e-16,1.3883999669273485e-14,8.882019990444316e-16,1.5052686510121422e-14,7.479595781426794e-16,8.975514937712152e-15,7.947070517765968e-16,3.5060605225438093e-15,8.414545254105142e-16,4.207272627052571e-16,4.207272627052571e-16,0.2787116610270904,8.882019990444316e-16
quadratic,20260924,59,7584,5,18.999495601741152,True,True,32,1.8999495601741153e-07,1.6431300764452317e-14,16.842172933474547,6.556827171158442e-13,3.194005906320423e-15,6.524887112095238e-13,,3.451053285097506e-14,1.6811003688054318e-16,3.4342422814094516e-14,1.218073261303029e-14,3.123890035539034e-14,3.552713678800501e-15,8.881784197001252e-16,3.552713678800501e-15,3.552713678800501e-15,2.4514781738984998e-15,1.7763568394002505e-15,1.1644493218774248,0.2950606472505902,0.8582891116990762,0.10732435200585025,5.492828151985301e-15,3.272323154374222e-16,1.0190949252194007e-14,5.609696836070095e-16,1.1733615882113283e-14,6.544646308748444e-16,8.437918990922102e-15,8.414545254105142e-16,3.529434259360768e-15,9.816969463122667e-16,4.908484731561333e-16,4.908484731561333e-16,0.10732435200585025,9.816969463122667e-16
quadratic,20260924,60,430,6,18.999495601741152,True,True,32,1.8999495601741153e-07,3.9968028886505635e-15,-4.715887751688072,4.637166312313584e-13,2.1835707845038345e-15,4.615330604468545e-13,,2.4406786419575395e-14,1.1492782915267116e-16,2.429185859042272e-14,5.329070518200751e-15,2.385591724163305e-14,6.661338147750939e-16,0.0,2.6645352591003757e-15,1.7763568394002505e-15,7.433207488680817e-16,1.7763568394002505e-15,0.3508159053419443,0.09595510531923168,0.1617028090451991,0.030122169932594773,4.768242310659581e-15,2.8048484180350474e-16,9.723474515854832e-15,4.674747363391746e-16,1.1172646198506273e-14,6.544646308748444e-16,8.414545254105142e-15,7.479595781426794e-16,4.1137776797847364e-15,9.349494726783493e-16,1.0751918935801015e-15,1.0751918935801015e-15,0.030122169932594773,1.0751918935801015e-15
quadratic,20260924,61,3174,6,18.999495601741152,True,True,32,1.8999495601741153e-07,1.0658141036401503e-14,-4.6607230089292875,5.364736845896233e-13,2.78084433787063e-15,5.336928402517527e-13,,2.8236206678058326e-14,1.463641138776225e-16,2.80898425641807e-14,7.993605777301127e-15,2.65299934798513e-14,3.552713678800501e-15,1.1102230246251565e-16,3.552713678800501e-15,8.881784197001252e-16,1.9413042602017025e-15,1.7763568394002505e-15,0.6278309706575618,0.2975838465437159,0.5269134660502077,0.16326261634028708,4.581252416123911e-15,3.739797890713397e-16,8.8352725168104e-15,5.609696836070095e-16,1.2762060302059465e-14,6.544646308748444e-16,9.349494726783491e-15,8.882019990444316e-16,3.4125655752759745e-15,1.121939367214019e-15,9.349494726783492e-17,9.349494726783492e-17,0.16326261634028708,1.121939367214019e-15
quadratic,20260924,62,4412,6,18.999495601741152,True,True,32,1.8999495601741153e-07,2.220446049250313e-15,-2.608976295573644,4.644672151022087e-13,2.8299122304768316e-15,4.616373028717319e-13,,2.4446291882593132e-14,1.4894670310181776e-16,2.4297345179491317e-14,3.969047313034935e-15,1.9834828224318812e-14,4.440892098500626e-16,5.551115123125783e-17,1.7763568394002505e-15,8.881784197001252e-16,2.7279765747932203e-16,1.7763568394002505e-15,0.16750236280465935,0.0702723265272677,0.059431561792212324,0.008450127718373146,6.918626097819783e-15,2.8048484180350474e-16,1.1312888619408025e-14,5.609696836070095e-16,1.234133303935421e-14,7.479595781426794e-16,9.069009884979987e-15,9.349494726783493e-16,3.0853332598385523e-15,9.349494726783493e-16,7.479595781426794e-16,7.479595781426794e-16,0.008450127718373146,9.349494726783493e-16
quadratic,20260924,63,4542,6,18.999495601741152,True,True,32,1.8999495601741153e-07,6.8833827526759706e-15,-5.114257698064969,5.133802774427378e-13,3.62150785550495e-15,5.097587695872328e-13,,2.7020731929098717e-14,1.9061073680151107e-16,2.6830121192297204e-14,5.138746571122153e-15,1.759703494030873e-14,8.881784197001252e-16,2.220446049250313e-16,8.881784197001252e-16,2.6645352591003757e-15,8.194503276995225e-16,1.7763568394002505e-15,0.5310282432909802,0.15591243002303273,0.3864803569383703,0.06203932561564872,5.8901816778736e-15,2.8048484180350474e-16,1.1453131040309777e-14,5.609696836070095e-16,1.5239676404657092e-14,7.479595781426794e-16,1.2107595671184622e-14,8.882019990444316e-16,5.095474626097003e-15,9.816969463122667e-16,9.816969463122667e-16,9.816969463122667e-16,0.06203932561564872,9.816969463122667e-16
quadratic,20260924,64,5260,6,18.999495601741152,True,True,32,1.8999495601741153e-07,5.10702591327572e-15,-3.1147928817455064,4.944875197141062e-13,2.613253528915309e-15,4.918742661851908e-13,,2.602634986103475e-14,1.375433108169369e-16,2.588880655021781e-14,6.819941436983105e-15,2.1760371282653068e-14,6.661338147750939e-16,1.3322676295501878e-15,2.6645352591003757e-15,8.881784197001252e-16,6.566176174211635e-16,1.7763568394002505e-15,0.8402614270051186,0.1969763798032909,0.6373756024967457,0.11248811861991634,4.814989784293498e-15,2.337373681695873e-16,7.479595781426794e-15,3.272323154374222e-16,8.414545254105142e-15,6.07717157240927e-16,7.573090728694628e-15,6.07717157240927e-16,3.6930504170794794e-15,7.947070517765968e-16,5.142222099730921e-16,5.142222099730921e-16,0.11248811861991634,7.947070517765968e-16
quadratic,20260924,65,5777,6,18.999495601741152,True,True,32,1.8999495601741153e-07,1.2434497875801753e-14,-6.093602561837804,5.516152514920389e-13,3.625472937735756e-15,5.479897785543031e-13,,2.903315240860856e-14,1.9081943088023401e-16,2.8842332977728326e-14,5.995204332975845e-15,1.9387269567516796e-14,2.6645352591003757e-15,8.881784197001252e-16,8.881784197001252e-16,1.7763568394002505e-15,1.840855510354665e-15,1.7763568394002505e-15,0.9450050875007932,0.220283305473849,0.8190030221869936,0.13688192942258565,6.544646308748444e-15,3.272323154374222e-16,1.322953503839864e-14,4.674747363391746e-16,1.617462587733544e-14,6.544646308748444e-16,1.1172646198506273e-14,9.349494726783493e-16,3.272323154374222e-15,9.816969463122667e-16,2.337373681695873e-16,2.337373681695873e-16,0.13688192942258565,9.816969463122667e-16
quadratic,20260924,66,6206,6,18.999495601741152,True,True,32,1.8999495601741153e-07,3.3306690738754696e-15,3.5104531957452068,7.164040524830825e-13,2.9894076632109307e-15,7.134146448198715e-13,,3.7706477450771367e-14,1.5734142241844438e-16,3.7549136028352916e-14,6.534455516365207e-15,3.6193270602780103e-14,6.661338147750939e-16,0.0,2.220446049250313e-15,1.7763568394002505e-15,4.017949993881536e-16,1.7763568394002505e-15,0.4005995619635525,0.10627871436730939,0.31424926701865324,0.03516213221652453,7.479595781426794e-15,3.739797890713397e-16,1.3556767353836063e-14,5.609696836070095e-16,1.8325009664495644e-14,9.349494726783493e-16,1.542666629919276e-14,1.6829090508210284e-15,7.292605886891124e-15,1.5894141035531936e-15,1.3089292617496888e-15,1.3089292617496888e-15,0.03516213221652453,1.6829090508210284e-15
quadratic,20260924,67,6466,6,18.999495601741152,True,True,32,1.8999495601741153e-07,7.771561172376096e-15,-0.13856615733537048,5.716338777989313e-13,2.5980540470305612e-15,5.690358237519008e-13,,3.008679229076721e-14,1.367433168484994e-16,2.995004897391872e-14,7.311611633602817e-15,2.4980018054066022e-14,4.440892098500626e-16,2.220446049250313e-16,1.7763568394002505e-15,2.220446049250313e-15,5.857748148974632e-16,1.7763568394002505e-15,0.6521893816445526,0.15945604038542782,0.7381097860621998,0.2104021178541669,6.8718786241858666e-15,3.739797890713397e-16,1.1172646198506273e-14,6.07717157240927e-16,1.3930747142907402e-14,7.947070517765968e-16,1.121939367214019e-14,1.0284444199461841e-15,4.627999889757829e-15,9.349494726783493e-16,5.609696836070095e-16,5.609696836070095e-16,0.2104021178541669,1.0284444199461841e-15
quadratic,20260924,68,7419,6,18.999495601741152,True,True,32,1.8999495601741153e-07,5.773159728050814e-15,2.9207828979105646,6.835331242814933e-13,3.259826271351767e-15,6.802732980101415e-13,,3.5976382668751105e-14,1.7157435858734218e-16,3.5804808310163764e-14,6.143234069592533e-15,3.1960545321396694e-14,1.1102230246251565e-15,5.551115123125783e-17,1.3322676295501878e-15,8.881784197001252e-16,5.22333499204598e-16,1.7763568394002505e-15,0.34833328452073353,0.09197063770101033,0.31516738666412825,0.07290301138611412,7.292605886891124e-15,5.609696836070095e-16,1.3837252195639567e-14,7.479595781426794e-16,1.598763598279977e-14,1.0284444199461841e-15,1.2247838092086374e-14,1.5894141035531936e-15,5.235717046998755e-15,1.4959191562853587e-15,1.121939367214019e-15,1.121939367214019e-15,0.07290301138611412,1.5894141035531936e-15
quadratic,20260924,69,9004,6,18.999495601741152,True,True,32,1.8999495601741153e-07,3.1086244689504383e-15,-3.2016950840905594,3.940831953092292e-13,1.8503551865326294e-15,3.9223284012269655e-13,,2.0741771443296348e-14,9.738970051199986e-17,2.064438174278435e-14,4.352074256530614e-15,1.0734468869344482e-14,1.3322676295501878e-15,5.551115123125783e-17,4.440892098500626e-16,8.881784197001252e-16,1.1482878140408745e-15,1.7763568394002505e-15,0.42456944420743453,0.14392534935894047,0.21454136217185427,0.05410815844896689,5.983676625141435e-15,2.8048484180350474e-16,9.489737147685245e-15,3.739797890713397e-16,1.0144201778560088e-14,5.142222099730921e-16,6.404403887846692e-15,5.142222099730921e-16,2.2906262080619555e-15,7.012121045087618e-16,0.0,0.0,0.05410815844896689,7.012121045087618e-16
quadratic,20260924,70,60,7,18.999495601741152,True,True,32,1.8999495601741153e-07,5.773159728050814e-15,22.096793962397896,5.139867367699394e-13,2.10691252804162e-15,5.118798242418978e-13,,2.7052651688439383e-14,1.1089307696402943e-16,2.6941758611475353e-14,4.884981308350689e-15,1.6611712005953905e-14,8.881784197001252e-16,8.881784197001252e-16,3.552713678800501e-15,7.105427357601002e-15,1.3962376228738266e-15,5.329070518200751e-15,0.6517233740181314,0.13314754306504462,0.9079291872690844,0.0996582890747888,5.656444309704012e-15,2.8048484180350474e-16,9.18587856906478e-15,4.207272627052571e-16,1.0377939146729675e-14,7.012121045087618e-16,7.619838202328546e-15,7.479595781426794e-16,3.178828207106387e-15,8.882019990444316e-16,7.245858413257206e-16,7.245858413257206e-16,0.0996582890747888,8.882019990444316e-16
quadratic,20260924,71,1722,7,18.999495601741152,True,True,32,1.8999495601741153e-07,6.661338147750939e-15,18.751686431847048,4.867576579898574e-13,2.1959947088270214e-15,4.845616632810304e-13,,2.5619504232799208e-14,1.1558173726600278e-16,2.5503922495533207e-14,5.027724268659637e-15,1.2524703496552547e-14,1.3322676295501878e-15,4.440892098500626e-16,3.552713678800501e-15,0.0,1.2487365638879143e-15,4.440892098500626e-15,0.6189850377940179,0.13266436956958103,0.6893016348682653,0.07793544160514314,6.848504887368907e-15,3.272323154374222e-16,1.1125898724872354e-14,4.207272627052571e-16,1.0798666409434933e-14,6.310908940578857e-16,6.661514992833238e-15,7.713333149596381e-16,2.3139999448789143e-15,7.245858413257206e-16,1.4024242090175237e-16,1.4024242090175237e-16,0.07793544160514314,7.713333149596381e-16
quadratic,20260924,72,2164,7,18.999495601741152,True,True,32,1.8999495601741153e-07,8.881784197001252e-15,25.289341533594857,6.106311223859285e-13,2.1948051841577813e-15,6.084363172017707e-13,,3.213933333735286e-14,1.1551912904238598e-16,3.202381420831047e-14,1.099120794378905e-14,1.4349632593280148e-14,1.3322676295501878e-15,1.7763568394002505e-15,0.0,0.0,1.830281957739185e-15,4.440892098500626e-15,0.7078423695671173,0.17163051164732637,1.3000459433456488,0.16728394213204062,6.1005453092262286e-15,4.207272627052571e-16,1.1149272461689314e-14,5.609696836070095e-16,1.0751918935801015e-14,7.479595781426794e-16,5.539575625619219e-15,6.544646308748444e-16,2.921717102119841e-15,6.310908940578857e-16,1.3556767353836063e-15,1.3556767353836063e-15,0.16728394213204062,1.3556767353836063e-15
quadratic,20260924,73,5110,7,18.999495601741152,True,True,32,1.8999495601741153e-07,6.8833827526759706e-15,25.71814996840147,5.238387765888183e-13,3.2532178009670946e-15,5.205855587878512e-13,,2.757119386584203e-14,1.7122653512280415e-16,2.7399967330719223e-14,6.375852227133042e-15,2.7783331191244542e-14,1.3322676295501878e-15,2.220446049250313e-16,0.0,7.105427357601002e-15,1.2159585507799348e-15,4.440892098500626e-15,0.6450830181102265,0.14479399568799664,1.1019856163015636,0.1375869163246912,5.983676625141435e-15,3.272323154374222e-16,9.840343199939626e-15,4.908484731561333e-16,1.2668565354791632e-14,7.947070517765968e-16,1.0985656303970602e-14,1.1686868408479364e-15,4.651373626574787e-15,1.6127878403701524e-15,4.674747363391746e-17,4.674747363391746e-17,0.1375869163246912,1.6127878403701524e-15
quadratic,20260924,74,5313,7,18.999495601741152,True,True,32,1.8999495601741153e-07,7.549516567451064e-15,15.649303656509382,4.471335339021702e-13,1.801667280973547e-15,4.4533186662119667e-13,,2.3533968652367487e-14,9.482711113701559e-17,2.343914154123047e-14,9.072108144079851e-15,1.7430501486614958e-14,1.3322676295501878e-15,4.440892098500626e-16,3.552713678800501e-15,1.7763568394002505e-15,1.1837092153027252e-15,4.440892098500626e-15,0.6380643750028475,0.14152829794836627,0.5157921886720422,0.0593250924404208,4.020282732516901e-15,2.337373681695873e-16,7.269232150074165e-15,2.8048484180350474e-16,7.853575570498133e-15,6.07717157240927e-16,6.497898835114526e-15,7.479595781426794e-16,3.5060605225438093e-15,8.882019990444316e-16,6.310908940578857e-16,6.310908940578857e-16,0.0593250924404208,8.882019990444316e-16
quadratic,20260924,75,5523,7,18.999495601741152,True,True,32,1.8999495601741153e-07,7.882583474838611e-15,23.65232288040692,5.147830574512925e-13,3.252424784520939e-15,5.115306326667716e-13,,2.7094564415916218e-14,1.7118479630705986e-16,2.6923379619609158e-14,6.597896832058073e-15,2.481348460037225e-14,8.881784197001252e-16,2.220446049250313e-16,3.552713678800501e-15,0.0,1.2254747481338672e-15,4.440892098500626e-15,0.5645947329758397,0.14079585114046594,1.0041796533119958,0.11844843096193752,5.656444309704012e-15,3.272323154374222e-16,9.349494726783491e-15,4.207272627052571e-16,1.0331191673095759e-14,7.479595781426794e-16,8.8352725168104e-15,9.816969463122667e-16,4.441009995222158e-15,1.3089292617496888e-15,5.142222099730921e-16,5.142222099730921e-16,0.11844843096193752,1.3089292617496888e-15
quadratic,20260924,76,7928,7,18.999495601741152,True,True,32,1.8999495601741153e-07,6.661338147750939e-15,22.892096739861444,4.882626049505591e-13,2.234588175873515e-15,4.860280167746856e-13,,2.5698714070378464e-14,1.1761302629890516e-16,2.558110104407956e-14,7.93809462606987e-15,2.2121193765656244e-14,8.881784197001252e-16,8.881784197001252e-16,0.0,7.105427357601002e-15,7.819142159145747e-16,4.440892098500626e-15,0.668392925840852,0.13657954467253441,0.8769459421081224,0.10167206194460383,5.492828151985301e-15,2.8048484180350474e-16,9.513110884502203e-15,3.739797890713397e-16,9.910464410390501e-15,5.375959467900508e-16,6.638141256016279e-15,6.310908940578857e-16,2.7347272075841713e-15,9.115757358613904e-16,8.180807885935555e-16,8.180807885935555e-16,0.10167206194460383,9.115757358613904e-16
quadratic,20260924,77,8612,7,18.999495601741152,True,True,32,1.8999495601741153e-07,1.0658141036401503e-14,23.14728782722979,5.464999484696063e-13,2.064287894060475e-15,5.444356605755459e-13,,2.87639187863242e-14,1.0864961561775881e-16,2.865526917070644e-14,6.693058805597372e-15,1.9109713811360507e-14,8.881784197001252e-16,8.881784197001252e-16,3.552713678800501e-15,3.552713678800501e-15,8.696747026230396e-16,5.329070518200751e-15,0.6114957629066636,0.1427388095913387,1.0840470412519816,0.10587022801059838,6.1005453092262286e-15,3.739797890713397e-16,1.1383009829858902e-14,4.441009995222158e-16,1.1453131040309777e-14,5.843434204239682e-16,7.222484676440247e-15,7.947070517765968e-16,2.7347272075841713e-15,7.479595781426794e-16,5.375959467900508e-16,5.375959467900508e-16,0.10587022801059838,7.947070517765968e-16
quadratic,20260924,78,8934,7,18.999495601741152,True,True,32,1.8999495601741153e-07,6.661338147750939e-15,19.604150843980154,5.607794651921051e-13,3.032428805415153e-15,5.577470363866899e-13,,2.951549225026343e-14,1.5960575317258712e-16,2.9355886497090845e-14,5.075305255429287e-15,1.7208456881689926e-14,1.3322676295501878e-15,4.440892098500626e-16,0.0,3.552713678800501e-15,1.055769228655446e-15,4.440892098500626e-15,0.5868156461621339,0.14671277898755336,0.7708305189675053,0.08190638376892571,6.334282677395816e-15,3.272323154374222e-16,1.047143409399751e-14,4.207272627052571e-16,1.1663494671662406e-14,5.609696836070095e-16,7.245858413257207e-15,6.07717157240927e-16,1.7296565244549458e-15,7.012121045087618e-16,2.5711110498654603e-16,2.5711110498654603e-16,0.08190638376892571,7.012121045087618e-16
quadratic,20260924,79,9879,7,18.999495601741152,True,True,32,1.8999495601741153e-07,5.773159728050814e-15,19.021961849761162,4.754214218072846e-13,2.0740684302297925e-15,4.733473533770548e-13,,2.502284438349595e-14,1.0916439434527518e-16,2.4913679989150674e-14,5.329070518200751e-15,1.997707554934891e-14,1.7763568394002505e-15,0.0,7.105427357601002e-15,3.552713678800501e-15,1.6399580106605896e-15,4.440892098500626e-15,0.5405883397088774,0.13732269492557236,0.6329376056219314,0.0847824601423956,4.277393837503448e-15,2.337373681695873e-16,7.526343255060711e-15,2.8048484180350474e-16,8.508040201372977e-15,5.142222099730921e-16,6.965373571453701e-15,6.544646308748444e-16,3.66967668026252e-15,8.180807885935555e-16,8.414545254105142e-16,8.414545254105142e-16,0.0847824601423956,8.414545254105142e-16
quadratic,20260924,80,298,8,18.999495601741152,True,True,32,1.8999495601741153e-07,4.551914400963142e-15,11.517772404867939,3.2785863970797805e-13,2.447513091667695e-15,3.254111266163104e-13,,1.7256175983847298e-14,1.2881989832632187e-16,1.7127356085520977e-14,5.0118639397364205e-15,1.687538997430238e-14,1.3322676295501878e-15,8.881784197001252e-16,1.7763568394002505e-15,3.552713678800501e-15,8.776048670846473e-16,2.220446049250313e-15,0.6412016128390224,0.1423616244638533,0.5665637622682513,0.07385501503399458,3.0035251809791967e-15,1.4024242090175237e-16,5.615540270274335e-15,2.8048484180350474e-16,7.029651347700338e-15,3.973535258882984e-16,6.246631164332221e-15,7.012121045087618e-16,2.8340655890562458e-15,8.648282622274729e-16,1.1686868408479366e-16,1.1686868408479366e-16,0.07385501503399458,8.648282622274729e-16
quadratic,20260924,81,523,8,18.999495601741152,True,True,32,1.8999495601741153e-07,6.217248937900877e-15,6.824663956682626,4.075604272058526e-13,2.9566296501029485e-15,4.046037975557497e-13,,2.1451118269081995e-14,1.5561621803433544e-16,2.129550205104766e-14,3.6478756523398005e-15,1.0658141036401503e-14,7.771561172376096e-16,2.220446049250313e-16,3.552713678800501e-15,1.7763568394002505e-15,7.026125712984928e-16,2.6645352591003757e-15,0.6215214776898056,0.19584312704055187,0.6531977011476393,0.16341266421345876,4.464383732039117e-15,2.337373681695873e-16,7.35104022893352e-15,3.739797890713397e-16,7.596464465511586e-15,4.3241413111373646e-16,5.562949362436177e-15,5.259090783815714e-16,1.9984544978499714e-15,4.791616047476539e-16,2.337373681695873e-16,2.337373681695873e-16,0.16341266421345876,5.259090783815714e-16
quadratic,20260924,82,1566,8,18.999495601741152,True,True,32,1.8999495601741153e-07,8.881784197001252e-15,15.777796997378442,4.936124260657677e-13,3.603202392539407e-15,4.900092236732284e-13,,2.598029107786062e-14,1.8964726580474076e-16,2.579064381205588e-14,9.43689570931383e-15,1.637578961322106e-14,1.1102230246251565e-15,2.7755575615628914e-17,1.7763568394002505e-15,5.329070518200751e-15,2.6589841439772502e-15,3.552713678800501e-15,0.6612845417078886,0.2792647778969462,1.0148155369514031,0.15194021494470614,3.1203938650639903e-15,2.220504997611079e-16,7.666585675962463e-15,3.506060522543809e-16,1.068179772535014e-14,5.259090783815714e-16,8.432075556717861e-15,6.895252361002825e-16,2.9509342731410394e-15,6.544646308748444e-16,1.4024242090175237e-16,1.4024242090175237e-16,0.15194021494470614,6.895252361002825e-16
quadratic,20260924,83,2304,8,18.999495601741152,True,True,32,1.8999495601741153e-07,9.325873406851315e-15,24.137298264029507,6.503804109027015e-13,3.5844343366469354e-15,6.467959765660545e-13,,3.4231456694202935e-14,1.8865944716545269e-16,3.4042797247037486e-14,6.5503158452884236e-15,1.8540724511240114e-14,1.3322676295501878e-15,4.440892098500626e-16,3.552713678800501e-15,1.0658141036401503e-14,8.464128868689879e-16,7.105427357601002e-15,0.9188381105717083,0.19719382297173713,1.504545961662528,0.16966733959189237,6.462838229889089e-15,4.441009995222158e-16,1.3591827959061501e-14,5.843434204239682e-16,1.51228077205723e-14,7.947070517765968e-16,8.543100806598415e-15,9.583232094953079e-16,3.202201943923346e-15,1.0284444199461841e-15,7.713333149596381e-16,7.713333149596381e-16,0.16966733959189237,1.0284444199461841e-15
quadratic,20260924,84,4575,8,18.999495601741152,True,True,32,1.8999495601741153e-07,4.6629367034256575e-15,11.599372090342932,4.681092814960509e-13,4.715275788872274e-15,4.633940057071786e-13,,2.4637984676453852e-14,2.4817899841720833e-16,2.4389805678036643e-14,4.758098676964957e-15,2.108035968007016e-14,4.440892098500626e-16,1.1102230246251565e-16,1.7763568394002505e-15,3.552713678800501e-15,1.2310258632569875e-15,3.552713678800501e-15,0.6269916199119365,0.14658353228318904,0.3032445460773,0.03969940698512663,4.04365646933386e-15,2.1036363135262855e-16,8.169121017527076e-15,4.207272627052571e-16,1.0354565409912717e-14,5.609696836070095e-16,7.689959412779421e-15,8.882019990444316e-16,3.587868601403165e-15,8.531413938189936e-16,2.687979733950254e-16,2.687979733950254e-16,0.03969940698512663,8.882019990444316e-16
quadratic,20260924,85,5972,8,18.999495601741152,True,True,32,1.8999495601741153e-07,2.4868995751603507e-14,18.790469390931047,5.556965601957335e-13,3.054963689426891e-15,5.526415965063066e-13,,2.924796383251397e-14,1.6079183118666202e-16,2.908717200132731e-14,1.5154544286133387e-14,1.942890293094024e-14,1.7763568394002505e-15,4.440892098500626e-16,0.0,7.105427357601002e-15,1.909054924724492e-15,3.1086244689504383e-15,0.7684245418962701,0.2766117605275956,0.7168601928945569,0.09217210323737873,3.961848390474504e-15,2.220504997611079e-16,8.82358564840192e-15,3.8566665747981904e-16,1.2668565354791632e-14,5.726565520154889e-16,9.39624220041741e-15,9.700100779037873e-16,3.704737285487959e-15,8.882019990444316e-16,3.973535258882984e-16,3.973535258882984e-16,0.09217210323737873,9.700100779037873e-16
quadratic,20260924,86,6624,8,18.999495601741152,True,True,32,1.8999495601741153e-07,6.217248937900877e-15,20.591139099495894,5.384199699843776e-13,3.207751524720544e-15,5.35212218459657e-13,,2.833864547093743e-14,1.6883350968678237e-16,2.816981196125065e-14,5.043584597582854e-15,1.7541523789077473e-14,8.881784197001252e-16,4.440892098500626e-16,3.552713678800501e-15,3.552713678800501e-15,1.8086061748774594e-15,3.552713678800501e-15,0.8055549064311294,0.24655338733277551,0.8779319064227519,0.07532251905708646,4.511131205673035e-15,1.986767629441492e-16,8.215868491160993e-15,3.8566665747981904e-16,1.1418070435084338e-14,6.07717157240927e-16,8.180807885935554e-15,8.531413938189936e-16,3.1320807334724695e-15,9.232626042698699e-16,3.506060522543809e-16,3.506060522543809e-16,0.07532251905708646,9.232626042698699e-16
quadratic,20260924,87,8070,8,18.999495601741152,True,True,32,1.8999495601741153e-07,5.995204332975845e-15,4.303423547591587,2.964437392650679e-13,1.7674188832049782e-15,2.946763203818629e-13,,1.5602716276210048e-14,9.30245160320471e-17,1.5509691760178002e-14,3.7271772969558824e-15,8.18789480661053e-15,6.661338147750939e-16,2.220446049250313e-16,1.7763568394002505e-15,1.7763568394002505e-15,5.933745558398377e-16,2.6645352591003757e-15,0.5652890497367488,0.12207463459876003,0.5514024736708768,0.0653278802740105,2.816535286443527e-15,1.8698989453566984e-16,4.286158988809807e-15,3.1554544702894285e-16,5.814217033218484e-15,2.746414075992651e-16,4.41179282420096e-15,4.353358482158563e-16,1.7238130902507062e-15,5.171439270752119e-16,2.834065589056246e-16,2.834065589056246e-16,0.0653278802740105,5.171439270752119e-16
quadratic,20260924,88,9290,8,18.999495601741152,True,True,32,1.8999495601741153e-07,1.0658141036401503e-14,24.246571640138683,8.211795000603739e-13,4.4176302827465746e-15,8.167618697776273e-13,,4.3221121090452493e-14,2.3251302957441324e-16,4.298860806087808e-14,1.1574075031717257e-14,1.947747518826759e-14,3.552713678800501e-15,1.7763568394002505e-15,7.105427357601002e-15,3.552713678800501e-15,2.6188046440384364e-15,3.552713678800501e-15,1.0024585460315707,0.2714323371669919,0.8355803427648147,0.08608488961996624,6.883565492594346e-15,3.8566665747981904e-16,1.3697009774737815e-14,7.128989729172412e-16,1.6338242035054152e-14,8.063939201850762e-16,1.1266141145774108e-14,8.648282622274729e-16,3.0619595230215935e-15,9.583232094953079e-16,3.622929206628603e-16,3.622929206628603e-16,0.08608488961996624,9.583232094953079e-16
quadratic,20260924,89,9833,8,18.999495601741152,True,True,32,1.8999495601741153e-07,6.661338147750939e-15,11.6552536400806,5.077032709587841e-13,3.1199910380120783e-15,5.04583279920772e-13,,2.6721934181887287e-14,1.6421441407771666e-16,2.655771976780957e-14,5.693858083434731e-15,3.089195566019498e-14,4.440892098500626e-16,1.1102230246251565e-16,5.329070518200751e-15,3.552713678800501e-15,5.067375090967674e-16,3.552713678800501e-15,0.5997972520383157,0.17125597703188866,0.39592938002625383,0.04823895394436134,4.943545336786771e-15,3.739797890713397e-16,1.0401312883546634e-14,5.259090783815714e-16,1.2984110801820574e-14,1.086878761988581e-15,9.442989674051326e-15,1.215434314481854e-15,4.3358281795458445e-15,1.4842322878768793e-15,5.726565520154889e-16,5.726565520154889e-16,0.04823895394436134,1.4842322878768793e-15
quadratic,20260924,90,428,9,18.999495601741152,True,True,32,1.8999495601741153e-07,7.993605777301127e-15,20.708685539098433,4.3368093507890557e-13,2.5354718324877035e-15,4.3114546324641786e-13,,2.28259183385459e-14,1.3344942863932386e-16,2.2692468909906578e-14,5.979344004052629e-15,1.714600683655476e-14,2.6645352591003757e-15,4.440892098500626e-16,0.0,7.105427357601002e-15,1.8894938523858632e-15,5.329070518200751e-15,0.5821541526400353,0.13402806643442694,0.9592896434101503,0.10318888603639147,4.908484731561333e-15,2.8048484180350474e-16,8.204181622752514e-15,3.739797890713397e-16,7.479595781426794e-15,4.207272627052571e-16,4.464383732039117e-15,5.609696836070095e-16,2.4542423657806664e-15,9.349494726783493e-16,5.609696836070095e-16,5.609696836070095e-16,0.10318888603639147,9.349494726783493e-16
quadratic,20260924,91,623,9,18.999495601741152,True,True,32,1.8999495601741153e-07,8.659739592076221e-15,20.581101553207013,4.16977695758124e-13,2.1940121677116162e-15,4.147836835904124e-13,,2.194677714075269e-14,1.154773902266412e-16,2.183129975052605e-14,5.218048215738236e-15,1.532107773982716e-14,2.6645352591003757e-15,8.881784197001252e-16,7.105427357601002e-15,3.552713678800501e-15,3.2619409818748657e-15,3.552713678800501e-15,0.5919854737137535,0.13022747188381817,1.3366028450281213,0.20243474606634018,5.773312993788806e-15,3.272323154374222e-16,8.204181622752514e-15,3.506060522543809e-16,7.783454360047257e-15,4.207272627052571e-16,6.1472927828601454e-15,4.674747363391746e-16,2.407494892146749e-15,6.07717157240927e-16,1.4024242090175237e-16,1.4024242090175237e-16,0.20243474606634018,6.07717157240927e-16
quadratic,20260924,92,995,9,18.999495601741152,True,True,32,1.8999495601741153e-07,1.3322676295501878e-14,20.166521131225174,6.28526628891161e-13,2.3317326905282174e-15,6.261948962006328e-13,,3.3081227105500714e-14,1.2272603122761494e-16,3.29585010742731e-14,8.628018934229787e-15,2.4730217873525362e-14,1.7763568394002505e-15,1.1102230246251565e-16,7.105427357601002e-15,7.105427357601002e-15,1.1266120311791483e-15,3.552713678800501e-15,0.6376599258410179,0.19383883834146728,0.9324537659781157,0.10720019462291092,5.820060467422724e-15,3.739797890713397e-16,1.0705171462167098e-14,4.674747363391746e-16,1.3813878458822608e-14,6.07717157240927e-16,1.0003959357658336e-14,9.816969463122667e-16,3.248949417557263e-15,1.4024242090175237e-15,1.1686868408479366e-16,1.1686868408479366e-16,0.10720019462291092,1.4024242090175237e-15
quadratic,20260924,93,2043,9,18.999495601741152,True,True,32,1.8999495601741153e-07,1.3766765505351941e-14,26.55159563871438,6.185287070885404e-13,3.2516317680747743e-15,6.152770753204655e-13,,3.255500672511838e-14,1.7114305749131508e-16,3.2383863667627066e-14,1.6264767310758543e-14,3.783084956410221e-14,8.881784197001252e-16,8.881784197001252e-16,3.552713678800501e-15,7.105427357601002e-15,1.0822031101941406e-15,3.552713678800501e-15,0.7477103881323158,0.19188028771791324,1.223853116715761,0.1353480728465625,6.357656414212774e-15,3.272323154374222e-16,1.012082804174313e-14,5.843434204239682e-16,1.194397951346591e-14,7.245858413257206e-16,9.255999779515657e-15,1.0751918935801015e-15,4.511131205673035e-15,1.1453131040309778e-15,8.648282622274729e-16,8.648282622274729e-16,0.1353480728465625,1.1453131040309778e-15
quadratic,20260924,94,2087,9,18.999495601741152,True,True,32,1.8999495601741153e-07,1.021405182655144e-14,25.614006591893308,6.562653198649571e-13,2.7593007244165943e-15,6.535060191405405e-13,,3.454119696760874e-14,1.452302093832284e-16,3.439596675822551e-14,1.304512053934559e-14,4.4124426334946065e-14,2.6645352591003757e-15,4.440892098500626e-16,0.0,7.105427357601002e-15,1.053654518132349e-15,3.552713678800501e-15,0.696953322451739,0.19939384340308094,1.2580267109182146,0.16747488001241725,5.679818046520971e-15,3.506060522543809e-16,8.975514937712152e-15,4.207272627052571e-16,1.1523252250760654e-14,5.375959467900508e-16,1.1242767408957148e-14,1.2388080512988126e-15,7.526343255060711e-15,1.8465252085397397e-15,1.7530302612719047e-15,1.7530302612719047e-15,0.16747488001241725,1.8465252085397397e-15
quadratic,20260924,95,4442,9,18.999495601741152,True,True,32,1.8999495601741153e-07,1.021405182655144e-14,21.397786568362896,5.612359122415745e-13,2.6348632270731846e-15,5.586010490145013e-13,,2.9539516416959075e-14,1.3868069354597606e-16,2.94008357234131e-14,4.884981308350689e-15,1.5931700403370996e-14,1.7763568394002505e-15,4.440892098500626e-16,3.552713678800501e-15,3.552713678800501e-15,1.0578839391785404e-15,3.552713678800501e-15,0.6720034452360842,0.203065103651561,0.872509531650187,0.10942738718628058,5.843434204239682e-15,3.038585786204635e-16,1.0003959357658336e-14,4.207272627052571e-16,1.2645191617974672e-14,6.544646308748444e-16,9.536484621319161e-15,9.349494726783493e-16,2.3607474185128316e-15,9.115757358613904e-16,2.1036363135262855e-16,2.1036363135262855e-16,0.10942738718628058,9.349494726783493e-16
quadratic,20260924,96,4850,9,18.999495601741152,True,True,32,1.8999495601741153e-07,8.881784197001252e-15,19.154411008083216,5.189321855823097e-13,2.860542490709793e-15,5.160716430916e-13,,2.7312945378126445e-14,1.505588648599517e-16,2.7162386513266495e-14,6.161737786669619e-15,2.145505995088115e-14,8.881784197001252e-16,0.0,3.552713678800501e-15,7.105427357601002e-15,7.480788475450455e-16,3.552713678800501e-15,0.5915272670158293,0.16718754797330007,0.8951878542367823,0.1012507214877775,5.960302888324476e-15,3.038585786204635e-16,1.0962282567153644e-14,3.973535258882984e-16,1.1897232039831993e-14,4.441009995222158e-16,7.689959412779421e-15,6.544646308748444e-16,2.1270100503432442e-15,7.012121045087618e-16,3.506060522543809e-16,3.506060522543809e-16,0.1012507214877775,7.012121045087618e-16
quadratic,20260924,97,6965,9,18.999495601741152,True,True,32,1.8999495601741153e-07,6.217248937900877e-15,18.23834271581563,5.135652485288049e-13,3.1201892921236176e-15,5.104450592366813e-13,,2.7030467507871144e-14,1.6422484878165277e-16,2.6866242659089492e-14,5.921189464667501e-15,1.866215515455849e-14,1.7763568394002505e-15,8.881784197001252e-16,3.552713678800501e-15,3.552713678800501e-15,8.263231368995832e-16,3.552713678800501e-15,0.6249185605317965,0.1385160399861703,0.8488356219502285,0.10632267429032796,6.310908940578857e-15,3.506060522543809e-16,8.484666464556019e-15,4.441009995222158e-16,8.601535148640812e-15,4.908484731561333e-16,7.54971699187767e-15,6.07717157240927e-16,4.067030206150819e-15,8.648282622274729e-16,1.2388080512988126e-15,1.2388080512988126e-15,0.10632267429032796,1.2388080512988126e-15
quadratic,20260924,98,9272,9,18.999495601741152,True,True,32,1.8999495601741153e-07,1.021405182655144e-14,19.02699406085718,5.093365544143561e-13,2.792144822228422e-15,5.065444095921277e-13,,2.680789875114787e-14,1.4695889200198262e-16,2.6660939859145892e-14,5.921189464667502e-15,1.3912482277333993e-14,1.3322676295501878e-15,4.440892098500626e-16,3.552713678800501e-15,3.552713678800501e-15,1.0573552615477683e-15,6.217248937900877e-15,0.8014763107878601,0.20752184261866832,1.0604815339800857,0.14471418608205913,4.744868573842622e-15,2.5711110498654603e-16,7.362727097342e-15,4.207272627052571e-16,8.437918990922102e-15,4.908484731561333e-16,6.030424098775352e-15,5.375959467900508e-16,3.4359393120929333e-15,7.012121045087618e-16,1.0284444199461841e-15,1.0284444199461841e-15,0.14471418608205913,1.0284444199461841e-15
quadratic,20260924,99,9528,9,18.999495601741152,True,True,32,1.8999495601741153e-07,1.5987211554602254e-14,23.565825514788003,6.242239529507558e-13,3.262800083024873e-15,6.209611528677309e-13,,3.2854764465091937e-14,1.7173087914638446e-16,3.2683033585945555e-14,8.807769328692908e-15,3.122502256758253e-14,3.552713678800501e-15,4.440892098500626e-16,1.0658141036401503e-14,7.105427357601002e-15,3.223347514828371e-15,3.552713678800501e-15,0.7132921545318289,0.17009941365420847,1.261708080564249,0.1418305778558457,6.474525098297568e-15,3.038585786204635e-16,1.1920605776648951e-14,4.441009995222158e-16,1.322953503839864e-14,7.479595781426794e-16,8.8352725168104e-15,1.379050472200565e-15,4.2540201006864885e-15,1.28555552493273e-15,4.908484731561333e-16,4.908484731561333e-16,0.1418305778558457,1.379050472200565e-15
